company_name	predicted_proba	Quoted	Branch	Woco	NACE Rev. 2, core code (4 digits)	Consolidation code	country	"Operating revenue (Turnover)
EUR Last avail. yr"	"P/L before tax
EUR Last avail. yr"	"P/L for period [=Net income]
EUR Last avail. yr"	"Total assets
EUR Last avail. yr"	"Shareholders funds
EUR Last avail. yr"	"Current ratio
Last avail. yr"	"Solvency ratio (Asset based)
Last avail. yr"	"Number of employees
Last avail. yr"	"Non-current assets
EUR Last avail. yr"	"Intangible assets
EUR Last avail. yr"	"Tangible fixed assets
EUR Last avail. yr"	"Other non-current assets
EUR Last avail. yr"	"Current assets
EUR Last avail. yr"	"Stock
EUR Last avail. yr"	"Debtors
EUR Last avail. yr"	"Other current assets
EUR Last avail. yr"	"Of which cash and cash equivalent
EUR Last avail. yr"	"Capital
EUR Last avail. yr"	"Other shareholders funds
EUR Last avail. yr"	"Non-current liabilities
EUR Last avail. yr"	"Long term debt
EUR Last avail. yr"	"Other non-current liabilities
EUR Last avail. yr"	"Of which provisions
EUR Last avail. yr"	"Current liabilities
EUR Last avail. yr"	"Loans & short-term debt
EUR Last avail. yr"	"Creditors
EUR Last avail. yr"	"Other current liabilities
EUR Last avail. yr"	"Total shareholders' funds and liabilities
EUR Last avail. yr"	"Working capital
EUR Last avail. yr"	"Net current assets
EUR Last avail. yr"	"Depreciation & Amortization
EUR Last avail. yr"	Status Updated	"Shareholders funds
EUR Δ%"	"Other current assets
EUR Δ%"	"Debtors
EUR Δ%"	"Non-current liabilities
EUR Δ%"	"P/L before tax
EUR Δ%"	"Total assets
EUR Δ%"	"Creditors
EUR Δ%"	"Intangible assets
EUR Δ%"	"P/L for period [=Net income]
EUR Δ%"	Solvency ratio (Asset based) Δ%	"Of which cash and cash equivalent
EUR Δ%"	"Other current liabilities
EUR Δ%"	"Non-current assets
EUR Δ%"	"Current assets
EUR Δ%"	"Tangible fixed assets
EUR Δ%"	Current ratio Δ%	"Other shareholders funds
EUR Δ%"	"Capital
EUR Δ%"	"Current liabilities
EUR Δ%"	Number of employees Δ%	"Working capital
EUR Δ%"	"Net current assets
EUR Δ%"	"Total shareholders' funds and liabilities
EUR Δ%"
MOON WEARABLES DA	0.3451324999332428	No	No	No	62	NF	Norway																																Inactive																							
HUAWEI TECHNOLOGIES RESEARCH & DEVELOPMENT (UK) LIMITED	0.042746979743242264	No	No	Yes	61	U2	United Kingdom	116041642.478355	18876070.5197823	13044382.531078	190347419.302191	146456605.036777	3.13	76.942	381.0	96823099.0772627	16125646.1319421	78433060.9515453	2264391.99377521	93524320.2249281	184051.455285207	33538555.2394474	59801713.5301955	46067447.7850467	114141850.847308	32314754.1894688	14008599.7218866	12048007.3639939	1960592.35789265	1960592.35789265	29882214.5435274	4918681.29749615	2294357.85225	22669175.3937812	190347419.302191	31428248.8424826	63642105.6814007	8991515.15529125	Active	0.03755483455052162	0.1667801227080613	-0.2660554137282132	1.938038162535372	0.243906807743534	0.07182352664549932	-0.2707682481644055	71.51391098053045	0.2164845963065513	-0.03196910031075841	0.3978423337868793	-0.06947349120532705	0.2074639612744922	-0.03984038782607552	-0.01915485174737088	0.01755526657997394	0.1103941579236039	0.01863731197531898	-0.0564082102604601	-0.0475	-0.269196790198052	-0.03185881996709417	0.07182352664549932
ORECON LIMITED	0.9442474842071533	No	No	No	72	U1	United Kingdom				1614205.84413572	1235347.28180886	4.585	76.53		157240.758818425	52785.4475579941	104455.31126043	0.0	1456965.08531729	0.0	0.0	1456965.08531729	1169679.72133476	3335.22910431523	1232012.05270454	61099.4278974884	0.0	61099.4278974884		317759.134429375	0.0	0.0	317759.134429375	1614205.84413572	0.0	1139205.95088792	46088.8019349139	Inactive	-0.590694896126766	-0.5532044341566917		-0.1670591349718099		-0.5114100507786207		0.4186485980498375		-0.1622698513475053	-0.6339643887285166	0.4967919219665103	2.666674081825429	-0.5532044341566917	17.40461558159667	-0.7014973958333333	-0.5912576762747069	-0.167059134971811	0.4967919219665103			-0.626321713473193	-0.5114100507786207
JOB4FIVER LIMITED	0.09434433281421661	No	No	No	78	NF	United Kingdom																																Inactive																							
ENORON LTD	0.3806627094745636	No	No	No	63	U1	United Kingdom				2132.44630385237	2132.44630385237		100.0		1185.21862862644	0.0	1184.03459403241	1.18403459403241	947.227675225927	0.0	0.0	947.227675225927		0.0	2132.44630385237	0.0				0.0				2132.44630385237				Inactive	-0.991721913753474	-0.9963044894755403				-0.991721913753474				0.0			-0.07612236888508264	-0.9963044894755403	-0.07612236888507855		-0.991721913753474						-0.991721913753474
CULL MICRO IMAGING LTD	0.9036389589309692	No	No	No	62	U1	United Kingdom				258335.137204227	-157828.188605873	0.429	-61.094		85722.9543226494	0.0	85722.9543226494	0.0	172612.182881577	32393.1770148301	0.0	140219.005866747	11933.6344258889	599.318723678632	-158427.507329552	13895.8039272128	0.0	13895.8039272128	11777.8115577325	402267.521882887	0.0	0.0	402267.521882887	258335.137204227	32393.1770148301	-229655.33900131		Inactive	0.8147292444279857	-0.1411968716605079		-0.7452644595372491		-0.1920319726442659				1.246020366898276	-0.7816426805934827	0.1423021726199441	-0.3797974637629891	-0.04905607447795586	-0.3797974637629891	-0.166990291262136	0.8098349017843146	0.05823027936565642	0.1423021726199441		0.7755431365156085	0.3458595873589204	-0.1920319726442659
AROMAPASS	0.4982261061668396	No	No	No	47	NF	Italy																																Active																							
AC IMMUNE SA	0.013071203604340553	Yes	No	No	72	LF	Switzerland								15.0										2348527.37949007														Active																		0.003782304982704925		0.0			
CARE AND SHARE ASSOCIATES UNLIMITED	0.6747853755950928	No	No	No	88	LF	United Kingdom																		1.13797702478446	-1.13797702478446													Inactive																	-0.03754651862041981	-0.03754651862041981					
VIVA LABS AS	0.6709274053573608	No	No	No	62	U1	Norway	440030.600801871	-666853.250234423	-666853.250234423	1304519.43533982	1285387.67008757	67.395	98.533	1.0	15127.4422924809	0.0	0.0	15127.4422924809	1289391.99304734	0.0	241416.181997063	1047975.81105028	997076.416983815	2812369.49208152	-1526981.82199395	0.0	0.0	0.0	0.0	19131.7652522553	0.0	7919.66096488706	11212.1042873682	1304519.43533982			492353.754142923	Inactive	-5.416203468271702	5.029111860217674	-0.3097078624939693	-1.0	-0.2414195758294002	-0.4953578573172068	-0.927888773828911	-1.0	-0.2414195758294002	-9.751487698729905	5.521097211137709	-0.9088058713324249	-0.9926618852052876	1.462788042539966	-1.0	28.96665184526456	0.6613661234278138	3.477935467892946	-0.9178094466524583	-0.6666666666666666			-0.4953578573172068
EQUIPE ZORGBEDRIJVEN NEDERLAND B.V.	0.24523819983005524	No	No	No	86	U1	Netherlands				7760791.0	1616056.0	0.173	20.823	55.0	6743060.0	393189.0	2581992.0	3767879.0	1017731.0	119146.0	898585.0	0.0		20000.0	1596056.0	249982.0	239295.0	10687.0	10687.0	5894753.0				7760791.0		-4877022.0		Active	-0.4373350101283152		0.9732077568166397	-0.389881555279491		0.3548398641248086		-0.1205517506698935		-0.5847028320702035			0.3136149336604062	0.7105038916685855	1.535229688397508	-0.2880658436213992	-0.4404017185655994	0.0	1.409636086783236	0.0784313725490196		1.63432569776637	0.3548398641248086
LAND INSIGHT LTD	0.24594746530056	No	No	No	41	NF	United Kingdom																																Active																							
BLACKFORD ANALYSIS LIMITED	0.2986224591732025	No	No	Yes	58	U1	United Kingdom	8998753.06264593	-3571306.80983265	-3180720.28514199	14010028.8628292	2928646.331119	1.24	20.904	86.0	266998.104076457	0.0	266998.104076457	0.0	13743030.7587527	0.0	455470.676019715	13287560.082733	4463584.04217435	9469.21127803512	2919177.11984096	0.0				11081382.5317102	9501756.50540478	209463.655804851	1370162.37050057	14010028.8628292	246007.020214863	2661648.22704254	185195.920572341	Active	0.2455016558903949	3.162989418337263	0.3642150216369663			2.642267840142269	0.1163060541159508			-0.6580402421069851	0.8430397365151201	0.04793044392680124	-0.167740274123108	2.897956421384432	-0.1677342254382081	-0.4741306191687871	0.245874985808666	0.140175402450005	6.411633621442538	0.5925925925925926	0.6823274765045213	0.3107900772503693	2.642267840142269
EPERI GMBH	0.46962589025497437	No	No	No	62	U1	Germany				1371177.07	109315.24	1.484	7.972		19789.12	8183.12	11556.0	50.0	1351387.95	0.0	0.0	1351387.95	665705.41	74582.0	34733.2400000002	351107.72	94525.33	256582.39	256582.39	910754.11			824622.09	1371177.07		440633.84		Active	-1.098672396799023	3.639508295623974		0.1825692518681049		3.381241868310103		-0.3033935126226684			3.919458543238748	-0.2099903726981826	-0.08751738358989114	3.639508295623974	0.1684529828109201	4.72972972972973	-1.029374149889873	0.0	-0.1896652611496664			-1.529197693543005	3.381241868310103
SUPERJAM LIMITED	0.3351908326148987	No	No	No	10	U1	United Kingdom				11.9743614888041	11.9743614888041		100.0		0.0				11.9743614888041	0.0	0.0	11.9743614888041	11.9743614888041	11.9743614888041	0.0	0.0				0.0				11.9743614888041				Active	0.03408455136207065	0.03408455136207065				0.03408455136207065				0.0	0.03408455136207065			0.03408455136207065				0.03408455136207065					0.03408455136207065
MERIDIAN MEDICAL OY	0.6415572762489319	No	No	No	32	U1	Finland	973000.0	-126000.0	-126000.0	645000.0	-870000.0	0.977		1.0	15000.0	0.0	15000.0	0.0	630000.0	330000.0	170000.0	130000.0	24000.0	3000.0	-873000.0	871000.0	0.0	871000.0		645000.0	0.0	95000.0	550000.0	645000.0			17000.0	Active	0.17092866756393	0.4444444444444444	1.428571428571429	-0.07438894792773645	-11.5	0.5176470588235295	0.2025316455696203	-1.0	-11.5		-0.6470588235294118	2.691275167785235	-0.53125	0.6030534351145038	-0.2105263157894737	-0.4332946635730858	0.1702412868632708	0.0	1.828947368421053	0.0			0.5176470588235295
CAMORKA OU	0.9950971007347107	No	No	No	na	U1	Estonia	5173.0	-67632.0	-67632.0	50415.0	41711.0	0.132	82.735	1.0	49265.0	49140.0	125.0	0.0	1150.0	0.0	0.0	1150.0	589.0	39362.0	2349.0	0.0				8704.0	1550.0	0.0	7154.0	50415.0	0.0	-7554.0	20350.0	Inactive	0.5524415661753759	-0.7140014921661278			20.59386973180077	-0.06243026110243249		-0.01228116017768487	20.59386973180077	0.6557928232633539	-0.6234015345268542	0.002241524236480807	-0.009768647866374545	-0.7140014921661278	inf	-0.1140939597315435	-1.75	0.3120666666666667	-0.6764793339280405	0.0		-0.6698859415286457	-0.06243026110243249
TWENTY SOMETHING LONDON LIMITED	0.977331817150116	No	No	No	82	U1	United Kingdom				42860.5561913807	28155.3913218449	2.562	65.691		5192.05332186674	3593.87228890123	1598.18103296551	0.0	37668.502869514	0.0	0.0	37668.502869514	13050.0028489773	577.950017014693	27577.4413048302	0.0				14705.1648695358	0.0	0.0	14705.1648695358	42860.5561913807	0.0	22963.3379999782	883.205307691468	Inactive	108.480632572238					165.6608270718519		inf		-0.34309			19.18900307685419	inf	inf		inf	1.247325662592078	inf			inf	165.6608270718519
TRENDMINER	0.3810432553291321	No	No	Yes	62	U1	Belgium	11557016.0	-3858741.0	-3866211.0	5577845.0	-17555473.0	0.225		46.0	377071.0	0.0	293829.0	83241.0	5200775.0	0.0	4899621.0	301153.0	64501.0	1228700.0	-18784173.0	0.0	0.0	0.0	0.0	23133319.0	15500000.0	2426984.0	5206334.0	5577845.0	2472637.0	-17932544.0	242038.0	Active	0.2824265471725211	0.04282048707178647	0.1712544747174728		-0.2701131466760587	0.1168737318935981	3.702464014384558	-1.0	-0.2726858006707255		0.2529088401546202	0.9519028895007409	-0.2778423617960528	0.1629606175116217	-0.1654671559382881	-0.05857740585774052	0.2591648242568254	0.0	0.2381736192745429	-0.1481481481481481	-0.3257270836264792	0.2618414727098117	0.1168737318935981
MYDECO LTD	0.8380123376846313	No	No	No	41	U1	United Kingdom				54408.0276708221	-8488.15802403569	2.884	-15.601		0.0				54408.0276708221	0.0	0.0	54408.0276708221	54408.0276708221	117.061895242528	-8605.21991927822	44028.1494196671	44028.1494196671	0.0	0.0	18868.0362751906	10822.3722151717	0.0	8045.66406001893	54408.0276708221	0.0	35539.9913956314	1404.74274291033	Active	4.379405129954535	0.0236639431135599		inf		-0.001970379335026144				4.390808569454043	0.0236639431135599	0.9265255280353449	-1.0	0.0236639431135599		2.042194092827004	4.08684217031958	0.02899392018300454	-0.663631451811922			-13.07586216341549	-0.001970379335026144
RAKUTEN SYMPHONY DEUTSCHLAND GMBH	0.08983919769525528	No	No	No	46	U1	Germany	23318425.07	356586.33	356586.33	202632797.59	4000892.57	1.141	1.974	81.0	2848024.88	156133.84	2691891.04	0.0	199784772.71	167355777.32	12680.59	32416314.8	15312401.59	118965.0	3881927.57000001	23526667.99	0.0	23526667.99	23526667.99	175105237.03			739087.88	202632797.59	167368457.91	24679535.68	243747.3	Active	0.09784752062987977	2.646124548783112	0.2490484821024014	2.751638838060599	-1.183891346268019	10.4383982974705		156132.84	-1.183891346268019	-0.9040443321018861	2.567353770404404	-0.8993400712107879	17.55581557504739	10.37619394646524	16.53866670245777	-0.4933392539964476	0.1011494507124647	0.0	21.44998333757197	9.125	19.37683854419482	1.52815926395073	10.4383982974705
APPS4PRO	0.44814348220825195	No	No	No	62	NF	France																																Inactive																							
CLOUD CYCLE LTD.	0.883652925491333	No	No	No	62	U1	United Kingdom				1718690.8814134	680018.001768442	1.236	39.566	17.0	434954.311847023	0.0	434954.311847023	0.0	1283736.56956637	308273.949348518	135652.751562066	839809.868655788	377915.638331254	32080.5118646551	647937.489903787	0.0				1038672.87964495	0.0	905483.254241135	133189.625403819	1718690.8814134	-461556.55333055	245063.689921419	96630.7023423515	Active	-0.3762988338534656	-0.280094678517166	0.9927077377288449			0.2417016893643085	3.195375331150021			-0.4977021708772374	-0.4218496971647506	0.7071642384185741	3.151584997874089	0.00341048968296399	3.151584997874089	-0.7161231051906294	-0.3915795119561922	0.2657814782995033	2.534741024173042	0.4166666666666667	3.480626206013063	-0.7513372467454904	0.2417016893643085
SMARKETS LIMITED	0.0029373865108937025	No	No	No	62	C2	United Kingdom	24199735.7844332	2303913.50350441	3072653.02668472	43039040.500933	545148.117637611	0.91	1.267	91.0	4819893.0823689	2344252.15914355	1190566.60786396	1285074.31536139	38219147.4185641	0.0	3457.599054784	38215689.8195093	34673955.8543922	17287.99527392	527860.122363691	512877.193126294	512877.193126294	0.0	0.0	41981015.1901691	552063.315747179	478301.202578454	40950650.6718435	43039040.500933	-474843.60352367	-3761867.77160499	1037279.7164352	Active	-1.17406627477035	-0.1853554909317738	inf	-0.4878038374813343	-1.114880450586103	-0.137907416800507	-0.6579818086814244	413.3816585115602	-1.176068923348431	-1.201976725649609	-0.1628229380217036	-0.173935218610599	0.5996775210968047	-0.1852817852339869	-0.462588180147851	0.009988901220865713	-1.167637761007797	0.01863731197532364	-0.1935169846175342	-0.35	-0.6604542293415587	-0.2686246840546756	-0.137907416800507
CLEENG B.V.	0.19686298072338104	No	No	No	62	U1	Netherlands				15983719.0	849336.0	1.043	5.314	15.0	2842655.0	1963085.0	40593.0	838977.0	13141064.0	0.0	12427029.0	714035.0	714035.0	18000.0	831336.0	2532289.0	2532289.0	0.0	0.0	12602094.0				15983719.0		538970.0		Active	0.5280856828776378	-0.6476046930436924	0.668044821670492	-0.2185245934523415		0.3856523681773583		0.3644900413221704		0.1029472810294729	-0.6476046930436924		0.3806883199894311	0.3867308830776601	0.9338287837644705	-0.1478758169934641	0.5457599889925383	0.0	0.6283992678072698	1.142857142857143		-0.6897735854269506	0.3856523681773583
WEBEVENTS LIMITED	0.0031323647126555443	No	No	No	73	U1	United Kingdom	24185905.3882141	7658581.90634656	6816080.26999753	32019672.3133364	26578563.9341246	5.827	83.007	232.0	316946.580021867	167117.287647893	149829.292373973	0.0	31702725.7333145	0.0	1815239.5037616	29887486.2295529	6432286.77491651	1933950.40464252	24644613.5294821	0.0				5441108.37921176	0.0	482911.334651499	4958197.04456026	32019672.3133364	1332328.1691101	26261617.3541028	274302.858346198	Active	0.2295626826204081	0.2823585015847368	0.07530413294982093		-0.2208075356191995	0.2587191122758699	1.294672224288492	0.200832603548145	-0.2081728360906865	-0.02315975286849061	1.087776290170501	0.3728626930193731	-0.2853947428744543	0.2683742945319449	-0.5077217451420393	-0.1090214067278288	0.2498721318625299	0.01863731197532309	0.4236195233379214	0.03571428571428571	-0.09835778511219552	0.2403500128610958	0.2587191122758699
THINGARAGE S.R.L. IN LIQUIDAZIONE	0.9357014298439026	No	No	No	63	U1	Italy	0.0	-14923.0	-14923.0	8423.0	7683.0	3.709	91.215	1.0	5678.0	5678.0	0.0	0.0	2745.0	0.0	0.0	2745.0	1127.0	10000.0	-2317.0	0.0	0.0	0.0	0.0	740.0	0.0	0.0	740.0	8423.0	0.0	2005.0	3078.0	Inactive	-0.6471641791044777	-0.8243424841620273			-5.579011966861001	-0.6545402345992946		-0.3514563106796116	-7.309936575052854	0.02135307027365965	-0.9231974921630094	-0.7161488300728807	-0.3514563106796116	-0.8243424841620273		-0.3812145478812145	-1.196772823779193	0.0	-0.7161488300728807	0.0		-0.8460061443932412	-0.6545402345992946
DYNMARK INTERNATIONAL LIMITED	0.5841038823127747	No	No	No	na	NF	United Kingdom																																Active																							
IMPOSSIBLE SOFTWARE GMBH	0.4279686212539673	No	No	No	62	LF	Germany								6.0																								Active																							
SMART HYDRO POWER GMBH	0.3675731420516968	No	No	No	35	U1	Germany				338011.82	72473.26	4.574	21.441	1.0	7873.0	7501.0	372.0	0.0	330138.82	0.0	0.0	330138.82	543.33	79003.0	-6529.74000000056	193358.95	188358.95	5000.0	5000.0	72179.61			964.0	338011.82		257959.21		Active	0.1776430454263453	-0.02210925454832333		-0.2809412090383235		-0.1257960118398254		0.0		0.3471349585322944	-0.755264473642723	-0.9828483209769483	-0.8132501541818872	-0.04166746856982297	-0.9892662377008974	-0.253711861641377	-0.6260613009003306	0.0	0.284233923992797	0.0		-0.1052048336569443	-0.1257960118398254
WHIPCAR LTD	0.6580085754394531	No	No	No	96	U1	United Kingdom				2087721.97938472	1907819.68354832	10.143	91.383		263058.967384262	0.0	263058.967384262	0.0	1824663.01200046	0.0	0.0	1824663.01200046	1441306.39312453	3566206.51021394	-1658386.82666562	0.0				179902.295836404	0.0	0.0	179902.295836404	2087721.97938472	0.0	1644760.71616406		Inactive	3.428009747450074	4.144929873951331				3.455659854047578				-0.006198818961861031	3.490136426603154	3.771637457180537	1.309511816437776	4.144929873951331	1.309511816437776	0.07823960880195606	1.433649789349619	2.206175882977049	3.771637457180537			4.189334413194488	3.455659854047578
USE IT BETTER SP. Z O.O.	0.39456039667129517	No	No	No	62	U1	Poland	358311.102069428	197784.048639094	179845.495390432	356241.269002274	319674.218149233	9.681	89.735	1.0	0.0				356241.269002274	0.0	56115.4742650451	300125.794737229	299205.868929605	6439.48065336584	313004.756043961					36797.0323049476	0.0	24837.9968058397	11959.035499108	356241.269002274	31277.4774592055			Active	0.9466366705521564	0.8443427429087675	1.159506292080153		4.074249757346829	0.889873020583141	0.3882540449086732		4.148579025630145	0.0300278928821497	0.838689585076095	0.8715721198028054		0.8877399810565229		0.2456253216675243	0.9778519942941412	0.07975314604007841	0.5154430119860722	0.0	2.968822374633801		0.889873020583141
CHRISTOPHER O LTD	0.03244490921497345	No	No	No	43	NF	United Kingdom																																Active																							
SARANTEL PLC	0.5841038823127747	No	No	No	na	NF	United Kingdom																																Active																							
FAIRPHONE B.V.	0.24189849197864532	No	No	No	62	U1	Netherlands	54798059.0	-20572365.0	-20572365.0	40925806.0	6825014.0	1.396	16.677	129.0	9759829.0	6172456.0	750755.0	2836617.0	31165977.0	19281965.0	6995816.0	4888196.0	4888196.0	1277.0	6823737.0	11769985.0	600000.0	11169985.0	11169985.0	22330806.0				40925806.0		8835171.0		Active	-0.25218208983614	0.3513442682410339	1.210966378268499	2.193969441515957	-58.64957181128311	0.3105674714241074		0.1010011913551035	-468.479378280728	-0.4293779511393964	0.3513442682410339		0.09604769058929992	0.3961387323735451	0.6242092646918836	0.1518151815181518	-0.252264168682731	0.8087818696883853	0.2125822067667464	0.1120689655172414		1.261329656578883	0.3105674714241074
BUTLER BARCELONA S.L.	0.23647424578666687	No	No	No	70	NF	Spain																																Active																							
FUNNEL ANALYTICS TECHNOLOGIES LIMITED	0.8634502291679382	No	No	No	na	U1	Ireland								1.0										1257.0	-1257.0													Inactive																	-0.3936324167872648	0.0		0.0			
TELEPATH LIMITED	0.9749611616134644	No	No	No	63	U1	United Kingdom				269092.464892005	-441989.882693038	0.733			3675.10050268988	0.0	3675.10050268988	0.0	265417.364389316	0.0	0.0	265417.364389316	108678.81554018	1092.37402473912	-443082.256717778	348969.215470713	0.0	348969.215470713		362113.132114331	0.0	0.0	362113.132114331	269092.464892005	0.0	-96695.7677250152		Inactive	-12.11275981089953	0.02680029923012539		inf		0.04101788557585798					19.75271921911293	0.6556273082563151	inf	0.02680029923012539		-0.3798646362098139	-12.17389947797955	8.113464852508752	0.6556273082563151			-3.431179725000412	0.04101788557585798
SMARTER GRID SOLUTIONS LIMITED	0.06913024932146072	No	No	No	62	C2	United Kingdom	9993269.03174764	-1967902.20274196	-2113273.27131493	14198491.7932787	2518192.95153768	0.741	17.736	132.0	5547485.8334855	5286645.7552816	260840.078203892	0.0	8651005.95979323	0.0	2773505.50622444	5877500.45356879	108576.52146308	2235.27544508597	2515957.67609259	0.0				11680298.841741	7845305.8254851	822570.864063556	3012422.1521924	14198491.7932787	1950934.64216089	-3029292.88194782	866835.384385817	Active	-0.45046870449711	0.5328854406076811	0.4529091085125667		-0.09610014904315525	0.7186186402848619	0.171907547210872	1.333602803647079	-0.07045881727663021	-0.6802423062361403	0.1666753260918721	0.03422772452874293	1.202810676891558	0.5063028228018237	0.03130085975044367	-0.5253042921204356	-0.4506951322098128	0.02518454079940786	2.174741053071084	0.2222222222222222	0.6163167900435698	-2.467630392526831	0.7186186402848619
AO REALISATIONS LIMITED	0.7401376366615295	No	No	No	47	NF	United Kingdom																																Inactive																							
SHINE ANALYTICS LIMITED	0.0038097749929875135	No	No	No	58	C2	Ireland	15933032.0	-5898453.0	-5776156.0	12044912.0	-9026825.0	0.867	-74.943	144.0	2007921.0	832414.0	109757.0	1065750.0	10036991.0	0.0	2601485.0	7435506.0	5347366.0	5025.0	-9031850.0	9500000.0	9500000.0	0.0	0.0	11571737.0	3000000.0	311264.0	8260473.0	12044912.0	2290221.0	-1534746.0	269635.0	Active	1.455254051778115	-0.03100608606660725	-0.2243562775923093	0.1875	-0.4668567263540013	-0.04435510040414276	-0.1012320868091348	-0.1601965696160516	-0.4653751357467131	1.569180665066849	-0.02187541956605484	0.04112589932183228	0.2736057654494204	-0.08981329956531904	-0.4218690742067338	-0.3490990990990991	1.453267759663773	0.0	0.3974690646550642	0.1162790697674419	-0.2385337237161554	-1.558718876756433	-0.04435510040414276
TRIOGEN GROUP B.V.	0.015744224190711975	No	No	No	43	U2	Netherlands				1623663.0	1387213.0	8.733	85.437		868659.0	0.0	868659.0	0.0	755004.0	0.0	755004.0	0.0				150000.0	150000.0	0.0	0.0	86450.0				1623663.0		668554.0		Active	-0.1209733835870945		0.2378636717629217	inf		-0.02882430452916614				-0.09488950568892099			-0.1819982145682193	0.2378636717629217	-0.1819982145682193	0.3420931304748734			-0.0776600625206713			0.2951553285961147	-0.02882430452916614
VOXPOPME LIMITED	0.2203415036201477	No	No	No	82	U1	United Kingdom				3943434.36570283	3043567.70343587	1.583	77.181	31.0	2519338.06007971	0.0	1945.47573482513	2517392.58434488	1424096.30562312	0.0	219759.23325698	1204337.07236614	437712.447274344	21688.3663376418	3021879.33709823	95.6602405156907	0.0	95.6602405156907	95.6602405156907	899771.002026441	334722.096762511	97454.7344251236	467594.170838806	3943434.36570283	122304.498831856	524325.303596683	4142.20366763123	Active	4.274172140253194	0.05122593152956385	-0.5231897153286005	inf		-0.03438420094350232	-0.292013618485295			4.461821527138914	-0.5501965146274379	-0.4997120768151878	0.01696525482858522	-0.1135656415258517	-0.6744680456996702	2.456331877729258	-2.573148005056368	-0.9913176468583352	-0.7434199119353708	-0.08823529411764706	-0.6216340232202034	-1.275925884306305	-0.03438420094350232
NAROM LIMITED	0.03379172459244728	No	No	No	47	U1	Ireland				158418.0	-101819.0	0.824	-64.272		49570.0	0.0	49570.0	0.0	108848.0	0.0	0.0	108848.0		0.0	-101819.0	128170.0	0.0	128170.0		132067.0	0.0	0.0	132067.0	158418.0	0.0	-23219.0		Inactive	-0.3114801766285054	2.687512704112745		0.0364039201733674		1.152359990217657						0.3501712416296069	0.1244442428091825	2.687512704112745	0.1244442428091825	1.728476821192053	-0.3114801766285054		0.3501712416296069			-0.660028991024496	1.152359990217657
HUCKLETREE LTD	0.14496178925037384	No	No	No	82	C2	United Kingdom	14564962.2503311	-6717086.91320612	-6589724.52459225	18856114.2940099	-12233366.8141354	0.428	-64.877	62.0	11575453.3630954	0.0	11575453.3630954	0.0	7280660.93091443	0.0	816688.557445987	6463972.37346844	1970480.04894387	2475.10002890619	-12235841.9141643	14073425.5922228	7090485.62446352	6982939.96775924	1134600.64695192	17016055.5159225	5319706.88764502	3987973.34271267	7708375.28556479	18856114.2940099	-3171284.78526668	-9735394.58500805	1488675.37035146	Active																							
WISE CONNECT, S.A.	0.06272044777870178	No	No	No	62	U1	Portugal	517653.39	-279723.06	-222388.38	785127.52	443644.96	1.577	56.506	11.0	249898.9	41890.75	17625.19	190382.96	535228.62	39790.14	124539.57	370898.91	344674.38	62500.0	381144.959	2133.03	1324.88	808.15		339349.53	62340.36	34283.25	242725.92	785127.52	130046.46		18475.08	Active	2.823426611696259	1.466048581366312	0.1560366130887857	-0.4991641112577307	-13.0609014532684	0.7234607758379225	1.193093561628851	0.1101733949019334	-12.29748429877514	1.218444505516077	2.894800038510198	-0.05189453974571136	0.3965874941326581	0.9349050607823054	0.7499213164429273	0.9115151515151516	4.772007970095227	0.25	0.01219627358538418	0.2222222222222222	0.1760073855816757		0.7234607758379225
BINX HEALTH LIMITED	0.042313627898693085	No	No	No	72	C2	United Kingdom	1375983.8147758	44132786.2675319	44048653.6622648	29122716.0300875	-126708972.913123	0.816		93.0	9934941.8029834	930890.546052515	9004048.95186484		19187774.2271041	7593690.83981939	0.0	11594083.3872847	10005506.7895595	0.0	-126708974.065656	132307894.180926	6069342.60213583	126238551.57879	143840.730811088	23523795.9148173	12376612.9680285	4810060.82319011	6337119.81853263	29122717.1826205	2783630.01662928	-4336021.68771319	2713969.76847255	Active	-0.2389430699819334	-0.613689242977961	-1.0	12.5833493628709	-1.795837110523222	-0.3246642373769785	0.06140936241363133	0.5436332799491544	-1.797547150476968		-0.6452581953268673	-0.2320491082910443	-9.185588460209984e-05	-0.421836603380678	-0.03522563432248756	3.915662650602409	-0.2389430682314572		-0.8823066743293747	-0.2790697674418605	-3.051864851856993	-0.9739869189133162	-0.3246642106505306
LUMEJET HOLDINGS LIMITED	0.4632764160633087	No	No	No	70	U1	United Kingdom				10504425.6677813	10308645.0352731		98.136		30431.7963697006	0.0	0.0	30431.7963697006	10473993.8714116	0.0	0.0	10473993.8714116	3183.04865712143	158872.18059143	10149772.8546816	124573.417194015	0.0	124573.417194015		71207.2153141988	0.0	0.0	71207.2153141988	10504425.6677813	0.0	10402786.6560974		Inactive	0.32821749706919	0.3261045192959197		0.07658307212929753		0.3252146999259851				0.002267295790183163	-0.9939597432035328	0.4353577173003227	0.07658307212930208	0.3261045192959197			0.3277834288921008	0.3565493359287414	0.4353577173003227			0.3254139617726737	0.3252146999259851
MELTY	0.7229245901107788	No	No	No	47	NF	France																																Inactive																							
SEVEN ENERGY (UK) LIMITED	0.020276525989174843	No	No	No	91	U2	United Kingdom	3331872.74419958	1245155.77096044	1245155.77096044	11378262.26322	22175.5257517443	1.002	0.195	19.0	4435.10515034886	0.0	4435.10515034886	0.0	11373827.1580697	0.0	0.0	11373827.1580697	175186.65343878	0.0	22175.5257517443	0.0				11356086.7374683	11107720.8490487	29936.9597648548	218428.928654681	11378262.26322	-29936.9597648548	17740.4206013954	8870.21030069772	Inactive	-1.017056584312512	-0.1074561315227709			-1.617439776176678	-0.1078179897521841	-0.9359699934928625		-1.617439776176678	-1.01912889935256	1.591634275724076	-0.3197175851863523	-0.6063340340672303	-0.1073772151771936	-0.6063340340672303	0.1047409040793826	-1.017056584312512		-0.1919986326486064	-0.1363636363636364		-1.013516428014859	-0.1078967974555893
DESKOM	0.4082212448120117	No	No	No	63	U1	France	3567609.0	-1121205.0	-1082326.0	3548703.0	1747229.0	1.307	49.236	22.0	1194728.0	1071734.0	66679.0	56315.0000000002	2353975.0	0.0	1160468.0	1193507.0	856860.0	1039258.0	707971.0	0.0	0.0	0.0	0.0	1801475.0	0.0	601628.0	1199847.0	3548000.0	558840.0	552500.0	379886.0	Inactive	-0.3825074967618583	-0.5080326036237607	0.2541220741297904		-0.1947911579673092	-0.1785548531240097	-0.1452265768741697	0.6062581681714112	-0.2220114506697528	-0.2482823903019941	-0.5532470999331065	0.5252111415627272	0.2332523364871867	-0.2975957766975372	-0.6798280994910209	-0.4185943060498222	-0.6045510884506873	0.0	0.2086210123842603	inf	1.523230298268903	-0.7030830991138173	-0.1787037037037037
MORGAN EVERETT LTD	0.9729405641555786	No	No	No	82	U1	United Kingdom				1208227.03108356	903588.607876845	3.425	74.786		164758.750178484	106262.553798811	58496.196379673	0.0	1043468.28090508	0.0	0.0	1043468.28090508	574071.107519878	480323.529542814	423265.078334031	0.0				304638.423206716	0.0	0.0	304638.423206716	1208227.03108356	0.0	738829.857698362	16170.1956874236	Inactive	-0.19826992421808	-0.1435805616722249				-0.07413448260883303		0.7548423032659494		-0.134080540953616	-0.4651001610046613	1.935099084691348	0.9033535270183912	-0.1435805616722249	1.249123340260235	-0.4998539719626168	-0.3084096087643108	-0.06738982925768215	0.7122028713605931			-0.2899185448288478	-0.07413448260883303
SATISPAY SPA	0.016470352187752724	No	No	No	62	LF	Italy	10604909.0		-23422760.0		155720174.0			246.0										1092908.0	154627266.0													Active	-0.1304925378480591								-0.4428505260850337								-0.1313789799400161	0.01623698446969908		0.3442622950819672			
UPSTEEM.COM OU	0.24793195724487305	No	No	No	62	U1	Estonia	89523.0	11389.0	11389.0	616314.0	293437.0	0.042	47.612	1.0	602766.0	602766.0	0.0	0.0	13548.0		934.0	11945.0	8537.0	278926.0	14511.0	0.0				322877.0	307070.0	0.0	15807.0	616314.0	934.0	-309329.0	32380.0	Active	0.04038334036525827	0.3301781737193764	-0.6700812433768987		-10.50667779632721	0.00467522813743997		0.002995177763800282	-10.50667779632721	0.03556125889031483	0.2571049919010455	0.2046181984453589	0.002995177763800282	0.08557692307692308		0.1052631578947369	3.649471323293816	0.0	-0.02571522545330553	0.0	-0.6700812433768987	-0.03007033133805135	0.00467522813743997
FILO S.R.L.	0.3776620924472809	No	No	No	62	U1	Italy	2194307.0	-1637647.0	-1317915.0	6469009.0	682989.0	1.843	10.558	23.0	1723490.0	1480215.0	235525.0	7750.0	4745519.0	2310477.0	554633.0	1880409.0	330749.0	19732.0	663257.0	3211710.0	2752114.0	459596.0	321320.0	2574310.0	810759.0	867692.0	895859.0	6469009.0	1997418.0	2171209.0		Active	-0.2488964208183312	-0.3388198180110611	-0.08968065218711481	0.09934348343990032	0.8431654805812513	-0.03517986733853491	0.9680196690375962	0.1853317285632263	0.9711561471731978	-0.2215012535024332	-0.8357939084444634	0.5077054866565576	0.1683173015001457	-0.09258224569841153	0.07629701730575016	0.01263736263736259	-0.256067208416755	0.1110985978940256	-0.1043049422217521	0.2105263157894737	0.02706577244430093	-0.07827928633165847	-0.03517986733853491
ONEWELCOME B.V.	0.17013110220432281	No	No	No	46	U2	Netherlands				16247943.0	2859414.0	0.374	17.599	49.0	11240549.0	6046999.0	304074.0	4889476.0	5007394.0	0.0	4428264.0	579130.0	579130.0	893000.0	1966414.0	0.0				13388529.0				16247943.0		-8381135.0		Active	-0.3410329972757883	inf	1.296773350303962	-1.0		0.3237122437620412		-0.05721065584441401		-0.5021780945915365			0.08641171195142391	1.597146216592316	1.775132106122971	0.5141700404858299	-0.4323673582379035	0.02057142857142857	0.7165247311850015	0.96		0.4273655337223939	0.3237122437620412
WHAT SALON	0.5179227590560913	No	No	No	na	NF	Ireland																																Active																							
ADVERDOSE LTD	0.9141445159912109	No	No	No	62	U1	United Kingdom				4050.34157539146	-15850.1806158383	0.204		1.0	0.0				4050.34157539146	0.0	0.0	4050.34157539146	4050.34157539146	195.493365055021	-16045.6739808933	0.0				19900.5221912297	0.0	19900.5221912297	0.0	4050.34157539146	-19900.5221912297	-15850.1806158383		Active	-48.55145965623838	-0.7944625930127477				-0.7944625930127477	0.02899392018300038				-0.7928240346911156	-1.0		-0.7944625930127477		-0.7994100294985251	-112.9398386027649	0.02899392018299779	0.02724156692178193		0.02899392018300038	-48.55145965623838	-0.7944625930127477
FISHLABS GMBH	0.24033944308757782	No	No	No	62	U1	Germany		3662472.25	2471772.25	4341510.52	2525348.01	11.141	58.167	93.0	295404.0	11170.0	284234.0	0.0	4046106.52	13399.09	0.0	4032707.43	45510.85	25000.0	2500348.01	1452980.99	0.0	1452980.99	1386880.99	363181.52	0.0	0.0	363181.52	4341510.52	13399.09	3682925.0	185612.82	Active																							
LEONDRA GMBH	0.22363944351673126	No	No	No	62	U1	Germany				1135508.96	239385.75	2.858	21.082	4.0	316910.72				818598.24			300.0				609671.11	387575.87	222095.24	222095.24	286452.1	0.0	0.0	286452.1	1135508.96		532146.14		Active	-0.3325318312602482	-0.9996772001459701		-0.0239305717750091		-0.1142397516202771				-0.2464255075779239		-0.04098375831106451	-0.002142848573891992	-0.1511561374700717		-0.1148962527098173			-0.04098375831106451	-0.2		-0.200591381893464	-0.1142397516202771
SIX3 LIMITED	0.9832655191421509	No	No	No	58	U1	United Kingdom				189611.181299722	156019.087101346	5.38	82.284		8898.56799956977	0.0	8898.56799956977	0.0	180712.613300152	0.0	0.0	180712.613300152	176600.733337017	6326.63466524968	149692.452436096	0.0				33592.0941983759	0.0	0.0	33592.0941983759	189611.181299722	0.0	147120.519101776	5368.80269307376	Inactive	151.0822283477148	19.59811749764402				17.02234872862603				7.438519126243463	52.29006578601453	2.537869927844815	4.091782619097373	19.59811749764402	4.091782619097373	4.822510822510822	-31.1739356169086	0.05675133052668929	2.537869927844815			-204.8395316499411	17.02234872862603
MARCANDI LIMITED	0.9265411496162415	No	No	Yes	47	U1	United Kingdom	7727075.97172815	-725006.351218177	-510640.349828657	1005381.68697017	-3858459.51367849	0.2		19.0	33898.5601692244	0.0	33898.5601692244	0.0	971483.126800943	57086.3262406276	451.495567725101	913945.30499259	600099.022002017	165693.187012949	-4024152.70069144	0.0				4863841.20064866	2351279.7389428	787433.290018092	1725128.17168777	1005381.68697017	-729895.468209739	-3892358.07384772	9600.8201076456	Inactive	0.06592021223900155	0.2274448901731571	inf		-0.6894534940310209	-0.1200299403658739	-0.1853264490932676		-0.7701281756900056		0.08667515172265285	-0.142492201090091	-0.2427818174933698	-0.1150240125221583	-0.2427818174933698	-0.1341991341991342	0.059867535289288	-0.0639119807761828	0.02130965344983699		0.1899101246475245	0.06214907452379389	-0.1200299403658739
MAGICTAB LTD	0.18887127935886383	No	No	No	62	U1	United Kingdom				28316.5837256627	-24839.3916095683	0.54	-87.72	1.0	931.246678755158	0.0	931.246678755158	0.0	27385.3370469076	0.0	0.0	27385.3370469076		0.0	-24839.3916095683	2466.42065907925	0.0	2466.42065907925		50689.5546761517	0.0	0.0	50689.5546761517	28316.5837256627	0.0	-23304.2176292442		Active	0.01863731197532487	0.01863731197532323		0.01863731197532194		0.01863731197532217				0.0		0.01863731197532153	0.01863731197532258	0.01863731197532323	0.01863731197532258	0.0	0.01863731197532487		0.01863731197532153	0.0		0.01863731197532383	0.01863731197532217
ENTEROME BIOSCIENCE SA	0.5805327296257019	No	No	No	72	NF	France																																Active																							
NEUWAY PHARMA GMBH	0.43171030282974243	No	No	No	72	U1	Germany				3702492.61	-7643919.02	15.872		20.0	1171965.89	14807.0	1157158.89	0.0	2530526.72	50873.08	0.0	2479653.64	2284480.44	60737.0	-7704656.02	11186975.67	11096495.87	90479.8	90479.8	159435.96			39334.0	3702492.61	50873.08	2371090.76		Inactive	0.9276572187681862	-0.4149900765509126		0.2883193938184608		-0.2360332238578966		0.4103247928374131			-0.4412531531403797	-0.6936884192744697	0.9283588727657451	-0.4029878936023217	0.9374652827775116	-0.5191468734852157	0.9136628588498489	0.0	0.2415996576013733	0.1111111111111111		-0.4231260343707282	-0.2360332238578966
FOODPANDA GMBH	0.18322475254535675	No	No	No	62	U1	Germany				688714300.0	64041900.0	2.434	9.299		277834300.0	0.0	0.0	277834300.0	410880000.0	0.0	410216600.0	663400.0	329500.0	29700.0	64012200.0	455897800.0	449820900.0	6076900.0	6076900.0	168774600.0	0.0	0.0	168774600.0	688714300.0	410216600.0	242105400.0		Active	0.08855369772624129	-0.9708192942791037	inf	61.27431428259207		0.02095425443128232				0.06627680311890831	-0.2463403476669716	-0.7226046022680487	-0.5737723151277727	17.07321128520027		64.78378378378379	0.08859842455409983	0.0	-0.7226046022680487			-1.413366481592114	0.02095425443128232
ELASTIC.IO GMBH	0.03852168098092079	No	No	No	62	U1	Germany	2500000.0			3741222.51	758351.08	0.821	20.27	6.0	3282020.87	3269930.87	0.0	12090.0	459201.64	0.0	0.0	459201.64	69549.04	48578.0	709773.08	2423731.7	2409869.2	13862.5	13862.5	559139.73			271239.18	3741222.51		-99938.09		Active	1.424264049818515	0.2601748464400655		49.74977695055956		0.07504667094571667		0.05540957709612353		1.254978306819446	-0.294507408230935	3.084150559916088	0.05407145001976962	0.253296072290034	-1.0	6.017094017094016	1.686102352101428	0.0	-0.8207586975061616	-0.5		-0.9636996017144722	0.07504667094571667
TOPPAN DIGITAL LANGUAGE (APAC) LTD	0.29459214210510254	No	No	No	74	U2	United Kingdom				130741.040525529	23263.878973605	0.994	17.794	3.0	23889.7044025209	0.0	0.0	23889.7044025209	106851.336123008	0.0	0.0	106851.336123008		168.269820666155	23095.6091529389	0.0				107477.161551924	101887.376413357	0.0	5589.78513856747	130741.040525529	0.0	-625.825428915904		Active	-0.9916878793429028	-0.9666942932558187	-1.0			-0.9730381501472884	-1.0	-1.0		-0.6917079593887523		-0.9944837328070439	-0.9580780724169488	-0.9750303626461139	-1.0	-0.5237182558696695	-0.9917475146110428	0.01863731197532589	-0.9475803640289723	-0.9117647058823529	-1.0	-1.000280774169714	-0.9730381501472884
MONACO TELEMATIQUE S.A.M. EN ABREGEMC-TEL	0.4302310049533844	No	No	No	62	LF	Monaco								28.0										152450.0														Inactive																		0.0		0.0			
AXWAY IRELAND LIMITED	0.01600397191941738	No	No	No	62	U2	Ireland	16914023.0	1443102.0	-149943.0	12999986.0	82448.0	1.0	0.634	51.0	87912.0	0.0	87912.0	0.0	12912074.0	0.0	0.0	12912074.0	87727.0	180891.0	-98443.0	0.0				12917538.0	12137340.0	22854.0	757344.0	12999986.0	-22854.0	-5464.0	50593.0	Active	-0.6452186186212031	-0.05746358714805825			-1.499688020038739	-0.06054470688276763	1.038351765965037		0.8898313629603488	-0.6223942823108993	0.2325362481735417	0.06390355325670713	-0.3652883969763261	-0.05746358714805825	-0.3652883969763261	-0.006951340615690065	-2.911514563106796	0.0	-0.05055801372984256	-0.25	1.038351765965037	-1.05819948020962	-0.06054470688276763
TICKET SURF INTERNATIONAL	0.27792394161224365	No	No	No	na	NF	France																																Active																							
VENUU OY	0.313572496175766	No	No	No	63	U1	Finland	1985000.0	-414000.0	-414000.0	1170000.0	-127000.0	0.963	-10.855	16.0	705000.0	700000.0	2000.0	3000.0	465000.0	0.0	297000.0	168000.0	84000.0	3000.0	-130000.0	815000.0	325000.0	490000.0		483000.0	107000.0	49000.0	327000.0	1169000.0			203000.0	Active	-1.442508710801394	-0.701067615658363	0.2584745762711864	0.1446629213483146	-10.40909090909091	-0.1766361717100633	1.333333333333333	0.1326860841423948	-10.40909090909091	-1.537456057830371	-0.8323353293413174	0.1720430107526882	0.1316211878009631	-0.4172932330827068	0.0	-0.4896661367249603	-1.457746478873239	0.0	0.1418439716312057	0.1428571428571428			-0.1767605633802817
QDEGA LOYALTY SOLUTIONS GMBH	0.3243243396282196	No	No	No	82	LF	Germany								2.0																								Active																				0.0			
SPLENDOR TELECOM UK LIMITED	0.6155137419700623	No	No	No	61	U1	United Kingdom				67030.2499212893	-1708.48332091803	3.356	-2.549		0.0				67030.2499212893	0.0	0.0	67030.2499212893		0.0	-1708.48332091803	48767.5815219927	0.0	48767.5815219927		19971.1517202147	0.0	0.0	19971.1517202147	67030.2499212893	0.0	47059.0982010747		Inactive	0.01507870549900362	-0.01861282409807415		-0.02754926420662523		-0.01861282409807415				0.03449675324675323		0.006839604789556645		-0.01861282409807415		-0.02526866105140871	0.01507870549900362		0.006839604789556645			-0.02902962663075244	-0.01861282409807415
DWEHO	0.9435557723045349	No	No	No	96	U1	France	2415015.0	-920461.0	-976465.0	580292.0	-679001.0	0.286			230907.0	107733.0	88917.0	34257.0	349386.0	0.0	267894.0	81492.0	703.0	158640.0	-837641.0	36454.0	36454.0	0.0	0.0	1222841.0	0.0	112065.0	1110776.0	580292.0	155829.0	-873455.0	32684.0	Inactive	-36.82551574948557	76.61142857142858	14.51120375195414	inf	-5901.391025641025	13.10050055887642	23.74387281960698	3.766103344540789	20774.85106382979			62.44391135480923	9.113305886475123	18.07024725724578	inf	-0.6533333333333333	17821.14893617021	7.349473684210526	54.08044682671952		11.22955579971747	224.1172680412371	13.10050055887642
AUTOOFFER HOLDING APS	0.6073107123374939	No	No	No	64	U1	Denmark		14334.1007058748	15405.8091698654	17683.1896558455	12860.5015678877	0.194	72.727		16745.4447498537	0.0	0.0	16745.4447498537	937.744905991808	0.0	0.0	937.744905991808	937.744905991808	16745.4447498537	-3884.94318196606	0.0				4822.68808795787	2947.19827597425	1205.67202198947	669.817789994148	17683.1896558455				Inactive	-6.039213011430522	-0.1273237883850802			1.481763578546085	13.62771554706913	-0.2519918186157837		1.667315995633636			-0.002655758154379252	inf	-0.2242878118978482		-0.4174174174174174	-0.7991459512949787	-0.002655758154377719	0.3297923224608281				13.62771554706913
OPENCLASSROOMS	0.0074929362162947655	No	No	No	85	U1	France	20886628.0	-14505565.0	-14355290.0	39244941.0	28989355.0	3.606	73.868	164.0	3468637.0	2530008.0	734697.0	203932.0	35776303.0	0.0	5724088.0	30052215.0	27012084.0	169914.0	28819441.0	335000.0	325000.0	10000.0	10000.0	9920585.0	121857.0	3084130.0	6714598.0	39244941.0	2639958.0	25855718.0	836832.0	Active	-0.3293473842693645	-0.2836556498324486	-0.1242578528338253	-0.2334096109839817	1.195789757951802	-0.2177124090413645	0.3249341319834811	1.736261953533444	1.263229654126216	-0.1427046098138434	-0.338793662014754	0.6454097548376473	1.066590007953838	-0.2621687402664989	0.360807041330029	-0.516297786720322	-0.3306485129076556	0.0005299604296212549	0.5252327341766819	0.1549295774647887	-0.3727095813007454	-0.384155302597149	-0.2177124402287652
TRUSTLY GROUP AB	0.00256483000703156	No	No	Yes	66	C2	Sweden	101647240.96932	-8246595.71109977	-6825359.32401239	75694851.7061373	52928933.9038454	2.659	69.924	386.0	15269594.3120229	12803023.6919725	1026408.44721231	1440162.17283807	60425257.3941143	0.0	515682.600311602	59909574.7938027	40350586.3255703	11175.2258718348	52917758.6779736	42898.4477015594	0.0	42898.4477015594	42898.4477015594	22723109.4773796	0.0	1787495.40275783	20935523.9518324	75694851.7061373			25076395.7512937	Active	-0.1658222719345183	-0.2499000832151171	-0.01302794671125899	-0.9867929149539236	-3.599455888174972	-0.3477977076663224	-0.2721117938631853	-0.5899235686012853	-5.123972499047419	0.2790195719773185	-0.07409355448194593	-0.5536715557138607	-0.5719098188075246	-0.2483605727562115	-0.3159069086537657	0.6322897483118476	-0.1658518231900325	0.002323418675438269	-0.5396622613021499	-0.03015075376884422			-0.3477977076663224
INVENOX GMBH	0.06879032403230667	No	No	No	27	U1	Germany				10143778.09	-14413328.33	0.609		93.0	1196160.0	40184.0	1155976.0	0.0	8947618.09	5114273.27	0.0	3833344.82	857722.83	62500.0	-14475828.33	9865504.64	9064000.0	801504.64	801504.64	14691601.78	0.0	497000.0	14194601.78	10143778.09	4617273.27	-5743983.69		Active	25.34238195686085	0.7925499422245738		1.285737385855268		0.985529023034735	inf	-0.479036481966448			-0.2909910933426506	9.593832249337579	-0.02808871235331707	1.307202389472546	0.002063452720663437	-0.789564616447823	22.74435095984101	0.0	9.96475738760664	0.5245901639344263	1.654158353512106	-3.262986546049772	0.985529023034735
STARTUPYARD BATCH 6 S.R.O.	0.16080112755298615	No	No	No	56	U1	Czech Republic		-12710.3090720497	-12710.3090720497	112220.766807021	98062.4478406872	7.543	87.384	0.0	5430.03710356553	0.0	0.0	5430.03710356553	106790.729703456	0.0	0.0	106790.729703456		8044.49941268968	90017.9484279975	0.0				14158.3189663338	0.0	12951.6440544304	1206.67491190345	112220.766807021	-12951.6440544304	92632.4107371217		Active	-0.065523561483685	inf		-1.0	0.5514836852337198	-0.01829378840986545			0.5514836852337198	-0.04810457516339866			0.05559807697863679	-0.02177560405644246					inf				-0.01829378840986545
MR. SNOW GMBH	0.5416533350944519	No	No	No	64	U1	Germany				1122303.41	-133814.69	1.444	-11.923	10.0	628419.98	41907.98	586512.0	0.0	493883.43	367400.0	0.0	126483.43	54835.61	42073.0	-175887.69	914020.6	900758.55	13262.05	13262.05	342097.5	0.0	0.0	342097.5	1122303.41	367400.0	151785.93		Active	-1.559428183347718	1.107824603352097		3.692351905729591		1.586021140791084		-0.5905219284562089		-1.216325567893171	2.46701832785799		2.804412554477074	0.8373187014516235	8.333863806356128		-1.892260003180706	0.0	inf	0.1111111111111111	0.7595785440613027	-0.4353341074710139	1.586021140791084
DSTNY A/S	0.025145847350358963	No	No	No	61	U1	Denmark		-2622604.28321481	-2188813.2442486	13776119.2554093	2680031.61531426	0.786	19.454	63.0	8319851.82591326	8178027.78378913	91239.686513152	50584.3556109681	5456267.42949606	194555.213888339	2870159.02088652	2391687.37073078	301761.845541292	321888.246978017	2358143.36833624	4155431.01663576	483704.514529284	3671726.50210648	78492.9656032263	6940656.6234593	1775819.48676701	1717855.45062924	3446981.68606305	13776119.2554093			2082009.14062438	Active	-0.01022167312416424	0.1705865056166024	0.6019264069028554	0.4007547620651404	0.2760478563194383	0.3019524733451565	0.2097452460964844	0.2958657114541496	0.2118231643722092	-0.2397811645173896	-0.03481048586718245	0.05601200044522062	0.2911839937318842	0.318765589523734	0.06683656876430381	-0.06761565836298926	-0.01125169854958199	-0.002194032743976095	0.4144448514488423	-0.07352941176470588			0.3019524733451565
BRAZECO	0.08948145061731339	No	No	No	47	U1	France	2919288.0	-102357.0	-102061.0	1131630.0	528320.0	2.622	46.687		40060.0	4150.0	35910.0	0.0	1091570.0	278751.0	210879.0	601940.0	337121.0	108300.0	420020.0	187030.0	0.0	187030.0	0.0	416280.0	0.0	296108.0	120172.0	1131630.0	193522.0	675290.0	18024.0	Active	0.07315586882115761	-0.4576286458286404	2.399574406345215	-0.5477823126619985		-0.1375487859621419	0.2396146874254305	-0.8854730102660338		0.2443230277185499	-0.6712438709476091	0.2585695883036771	-0.4599768137823191	-0.1182274883737086	0.4112237679792502	-0.1394814571709879	0.09378784130414969	0.0	0.02476490571611442		-2.74699839312474	-0.1880674324010739	-0.1375487859621419
CRUNCH ACCOUNTING LTD	0.39614349603652954	No	No	No	69	U1	United Kingdom				137996.759549812	35715.4083903246	1.349	25.881	28.0	0.0				137996.759549812	0.0	0.0	137996.759549812	1623.95794340275	524.986404117269	35190.4219862074	0.0				102281.351159487	0.0	3264.24879715582	99017.1023623314	137996.759549812	-3264.24879715582	35715.4083903246		Active	-0.362805816018006	-0.01353644304436248				-0.01353644304436248	0.4955507534706698			-0.354073075771189	-0.6991869981465479	0.2126026076677782		-0.01353644304436248		-0.1917315757938886	-0.3663832294094163	0.02518454079940823	0.2199687686424742	0.12	0.4955507534706698	-0.362805816018006	-0.01353644304436248
EASY PROPERTY LIMITED	0.9636419415473938	No	No	No	41	U1	United Kingdom				114.576476245632	114.576476245632		100.0		0.0				114.576476245632					114.576476245632	0.0	0.0				0.0				114.576476245632				Inactive	89.0356430538094					89.0356430538094				0.0				89.0356430538094				89.0356430538094					89.0356430538094
WORKANGEL LTD	0.5691260099411011	No	No	No	63	NF	United Kingdom																																Active																							
BOREAN PHARMA APS	0.4450038969516754	No	No	No	na	U1	Denmark	0.0	331883.452753968	331883.452753968	443372.363552105	420802.6572198	19.645	94.91	2.0	0.0				443372.363552105				443372.363552105	0.0	420802.6572198	0.0				22569.7063323059				443372.363552105		420802.6572198		Inactive																							
MAXWARE AS	0.46387290954589844	No	No	No	58	U2	Norway	0.0	221937.451632786	177501.922896784	8566809.65223026	8502918.56766931		99.254	18.0	8566809.65223026	7085.66539303808	0.0	8559723.98683722	0.0	0.0	0.0	0.0		2388349.62154828	6114568.94612103	0.0	0.0	0.0	0.0	64011.1805845643	0.0	0.0	64011.1805845643	8566929.74825387	0.0	-64011.1805845643		Inactive																							
MULTIBIND BIOTEC GMBH	0.18906418979167938	No	No	No	20	U1	Germany				811910.27	-192047.36	0.81	-23.654	2.0	1616.0	2.0	1614.0	0.0	810294.27	0.0	0.0	810294.27	633473.62	47700.0	-239747.36	3500.0	0.0	3500.0	3500.0	1000457.63	0.0	0.0	1000457.63	811910.27		-190163.36		Active	0.5418091317620659	743.6257271248587		-0.9443623126202172		-0.09632674434863811				0.706145412579342		0.04202578934010285	-0.7473420888055035	-0.09165901331006396		-0.1280947255113025	0.924757877243652	inf	0.04202578934010285	0.0		1.794516578188427	-0.09632674434863811
CARNET DE MODE	0.7014437317848206	No	No	No	47	LF	France	2440000.0																															Inactive																							
WAUWAA LIMITED	0.7401376366615295	No	No	No	47	NF	United Kingdom																																Inactive																							
D-LABS GMBH	0.030941404402256012	No	No	No	74	U1	Germany				3327093.44	2866429.15	12.233	86.154	29.0	75368.0	1367.0	74001.0	0.0	3251725.44	3930.0	0.0	3247795.44	2292448.59	350444.0	2515985.15	194853.0	0.0	194853.0	194853.0	265811.29			67676.82	3327093.44	3930.0	2985914.15		Active	0.2389800129019627	0.1978411345087308		0.06811485864949489		0.1196709391979621		-0.5453940804788826		0.1065529553803076	0.2093970214275825	0.009013411951019443	-0.3368645186267091	0.1378269990080403	-0.3311974115882039	1.035440931780366	0.2816417750770001	0.0	-0.4410159442272849	0.03571428571428571	-0.9731674805978012	0.2533679723382381	0.1196709391979621
SPOTT	0.6367676854133606	No	No	No	62	U1	Belgium		-561297.0	-561297.0	2415468.0	592756.0	0.861	24.54	3.0	1528135.0	1524375.0	3593.0	167.0	887334.0	0.0	543485.0	343849.0	312192.0	760330.0	-167574.0	792668.0	792668.0	0.0	0.0	1030044.0	426485.0	508691.0	94867.0	2415468.0	34794.0	-142710.0	740856.0	Inactive	-0.612146829810901	-0.718073828221724	0.5025642443427655	0.04940769023019853	1.018669102653091	-0.3076854950236101	-0.2631671193192106	-0.1980206927102021	-0.06685031620527075	-0.4397771892977811	-0.6660212288422985	0.08233884768967484	-0.198934068347743	-0.4388745797095767	-0.4632506722438004	-0.3437500000000001	-1.218203836087347	0.0	-0.1454236070377582	-0.5	-1.105863023701585	-1.379527684697623	-0.3076854950236101
INTERCLOUD	0.4562964141368866	No	No	No	61	LF	France	16660000.0																															Inactive																							
HYPERWAVE GMBH	0.6808679699897766	No	No	No	62	U1	Austria				637122.23	323797.0	4.915	50.822	15.0	49466.71	0.02	24466.69	25000.0	587655.52	9643.75	0.0	578011.77	442307.47	250000.0	73797.0	193751.48	63617.6	130133.88	130133.88	119573.75	0.0	0.0	119573.75	637122.23	9643.75	468081.77		Active	-0.422618747454096	-0.3940602614297878		-0.09068519104734189		-0.3760137537401141		-0.9999154119438335		-0.07468501929939547	-0.3613164929165448	-0.5162381231323694	-0.1668352083454743	-0.3889279929243799	-0.2832504580259566	0.263171421228476	-0.762560023598246	0.0	-0.5162381231323694	0.0	0.2411518661518662	-0.3448865042693551	-0.3760137537401141
NETVIBES	0.5912858843803406	No	No	No	62	U1	France	1719654.0	-5084420.0	-4915868.0	7489751.0	5104292.0	3.708	68.15	37.0	112060.0	109395.0	2615.0	50.0	7377691.0	0.0	493737.0	6883954.0		5292998.0	-188706.0	395796.0	0.0	395796.0	389315.0	1989662.0	0.0	741092.0	1248570.0	7489750.0	-247355.0	5388029.0	37626.0	Inactive	-1.669576306015597	6.586811379852274	0.4827738436311872	-0.948234115475187	0.1507482414289465	4.388209285293944	9.619493881294243	-0.2555580507523018	0.158136528079204			-0.03772655702682268	-0.2513611918361893	4.948119870358128	-0.02643335815338794	3.088202866593164	-0.9826201993280945	0.6363635801534033	0.4551684442484387	0.05714285714285714	-1.939812915089895	-43.43645199146235	4.38820856588294
AVECTO LTD	0.0029797758907079697	No	No	No	62	U2	United Kingdom	44647626.2243883	12994189.7181327	12917383.7652628	67331218.6536949	62107143.767152	12.802	92.241	258.0	6277113.18693685	100655.318616835	805770.409057046	5370687.45926297	61054105.4667581	0.0	0.0	61054105.4667581	591420.013254767	1141.00768807872	62106002.7594639	455092.645189725	0.0	455092.645189725	455092.645189725	4768982.24135324	42009.8285156256	283553.088350763	4443419.32448685	67331218.6536949	-283553.088350763	56285123.2254048	624732.827614593	Active	0.2885769697458823	-0.1014288466879129		-0.1169170977144492	-0.1485809173231704	-0.09400235898028333	1.046173707245721	0.5606489308291225	-0.150027385911797	0.4222650528101148	0.3274206393557648	-0.1372960483841739	-0.01480551424324314	-0.1014288466879129	-0.2211213510058521	3.823662396382818	0.288583243313522	0.0186373119753199	-0.8137380078103389	0.1072961373390558	1.046173707245721	0.3292932754867469	-0.09400235898028333
52MASTERWORKS GMBH	0.7490176558494568	No	No	No	47	LF	Germany								1.0																								Active																				-0.8			
VOLUMENTAL AB	0.08101437240839005	No	No	No	62	C2	Sweden	9071528.1415511	-2623832.60639998	-2623832.60639998	9436710.36953828	5263405.82607527	1.089	55.776	85.0	5020234.62207075	3337775.77393037	1661357.91791186	21100.9302285231	4416475.74746753	0.0	468219.431643397	3948256.31582413	1342546.68578978	10805.7183025098	5252600.10777276	117586.635386366	78873.2351687133	38628.3158215705	0.0	4055717.90807665	55730.2794342041	127541.509728049	3872531.20331048	9436710.36953828			1334633.83695408	Active																							
REGISTER SOCIETA' PER AZIONI	0.027146516367793083	No	No	No	59	U2	Italy	61765000.0	3412000.0	404000.0	496042000.0	45611000.0	0.357	9.195		478654000.0	195092000.0	4189000.0	279373000.0	17388000.0	0.0	3824000.0	13564000.0	1681000.0	5109000.0	40502000.0	401781000.0	1597000.0	400184000.0	312000.0	48650000.0	3647000.0	6324000.0	38679000.0	496042000.0	-2500000.0	-31262000.0	4565000.0	Active	0.01563161059030484	-0.1332907348242811	-0.6641194554238032	0.02072022864401397	-0.5417058428475486	0.01067228465945673	-0.5083573038948923	0.005426744108143209	-0.9409615665643724	0.004918032786885238	209.125	0.0698401283398794	0.03209572006753362	-0.3568337340484557	-0.140365278062795	-0.309477756286267	0.01763819095477387	0.0	-0.06925578725846566		0.6914749661705006	0.2388349514563107	0.01067228465945673
HELPLING GMBH & CO. KG	0.2190321683883667	No	No	No	63	U1	Germany				5731324.08	-4060406.78		-70.846	108.0	71130.54	2652.54	68478.0	0.0	5660193.54	0.0	0.0	5660193.54	1320592.59	25000.0	-4085406.78	9791730.86	9176771.16	614959.7	614959.7	0.0				5731324.08		5660193.54		Active	-2.081848634622923	-0.2493092591543297		1.543450411921843		-0.2461753807269529		0.0		-2.435146358756204	2.899096134487744		0.1288135851437642	-0.2493092591543297	0.1344742466161926		-inf	-0.9933390378523669		0.1134020618556701		-0.2493092591543297	-0.2461753807269529
HOWCLOUD LTD	0.5841038823127747	No	No	No	na	NF	United Kingdom																																Inactive																							
DEEPL GMBH	0.01713433861732483	No	No	No	62	U1	Germany				21579422.16	14379707.42	2.272	66.636	85.0	6296592.12	53407.0	6241634.0	1551.12	15282830.04	0.0	0.0	15282830.04	5439388.45	37339.0	14342368.42	471975.11	5616.80000000005	466358.31	466358.31	6727739.63	0.0	0.0	6727739.63	21579422.16		8555090.41		Active	0.009979199272901263	0.1540275595931039		0.5374510746356219		0.2716694960950946		2.347771579013352		-0.2057877047031061	-0.4993195885667793	2.395358814038034	0.6897586286564552	0.1540275595931039	0.6822118408051528	-0.5840351519589894	0.0100054391149227	0.0	1.77461059887087	0.8888888888888888		-0.2092009675480592	0.2716694960950946
THUMBAD AS	0.7533995509147644	No	No	No	73	U1	Norway	1287256.35413546	-3737.3680957894	-3737.3680957894	200750.057716688	119061.869337291	1.697	59.309	2.0	62111.4983538334	62111.4983538334	0.0	0.0	138638.559362854	0.0	25271.7271239093	113366.832238945	106159.050911351	122710.252478419	-3648.38314112775	0.0	0.0	0.0	0.0	81688.1883793969	0.0	45649.2817414277	35949.9216833076	200750.057716688			42712.7782375931	Active	-0.09199820898926177	-0.4436576574162459	0.4765246197653245		-1.061032095428144	-0.3966212503428514	-0.6080992141732402	-0.4450244916434847	-1.061032095428144	0.5048844231305979	-0.4590892550216927	-0.5775715227424087	-0.4450244916434847	-0.3720861017593693		0.549771689497717	-inf	-0.06417453676845251	-0.5947699173365285	0.0			-0.3966212503428514
SPIL GAMES B.V.	0.11572638899087906	No	No	No	63	U1	Netherlands	29498349.0	-969397.0	-969397.0	8339929.0	-9599985.0	0.371			1681259.0	1333773.0	167486.0	180000.0	6658670.0	0.0	4127844.0	2530826.0	2530826.0	18000.0	-9617985.0	0.0				17939914.0	0.0	1210739.0	16729175.0	8339929.0	2917105.0	-11281244.0		Inactive	0.1123210840327449	0.1870259601805379	-0.2039010323641504		-0.7102089915606403	-0.08115528189272166	1.488892132295352	0.1155147337405293	-0.7102089915606403		0.1870259601805379	-0.02854093531441781	-0.04440040105128182	-0.08999281415390284	-0.5635191377023291	-0.1016949152542373	0.1120873141372904	0.0	0.01314657161190359		-0.3791586572432146	0.08578278038306966	-0.08115528189272166
HEALTH IMPACT SOLUTIONS NEDERLAND B.V.	0.539648175239563	No	No	No	86	U1	Netherlands				734021.0	-709845.0	0.152	-96.706	3.0	552633.0	0.0	552633.0	0.0	181388.0	0.0	177576.0	3812.0	3812.0	18000.0	-727845.0	248663.0	248663.0	0.0	0.0	1195203.0				734021.0		-1013815.0		Inactive	1.551187639492382	-0.6513946044810243	-0.1810358345247429	0.03869256474519633		-0.0632731922583148				1.723498929818632	-0.6513946044810243		-0.005764279815845293	-0.203617763923342	-0.005764279815845293	-0.4512635379061373	1.456935400569131	0.0	0.4532350570191491	0.5		0.7048133611803362	-0.0632731922583148
OPTOMED OYJ	0.013733657076954842	Yes	No	Yes	26	C1	Finland	15149000.0	-4519000.0	-4441000.0	29079000.0	20361000.0	2.599	70.02	114.0	15951000.0	13746000.0	2181000.0	24000.0	13128000.0	2820000.0	2583000.0	7725000.0	7118000.0	80000.0	20281000.0	3666000.0	3355000.0	311000.0		5052000.0	987000.0	782000.0	3283000.0	29079000.0	4621000.0	8076000.0	2193000.0	Active	0.0009340281191623243	-0.1899119127516778	-0.2736220472440945	-0.3603210608968767	-0.1859124482075302	-0.07095846645367412	-0.1001150747986191	0.06599457153935634	-0.1884137426900585	0.07739652254192955	-0.164946034725481	-0.02610501334915455	0.04871794871794872	-0.1840894965817278	-0.05173913043478261	-0.1556205328135151	0.0009377159214292765	0.0	-0.03348000765257318	-0.04201680672268908	-0.1871591908531222	-0.2565589616128142	-0.07095846645367412
FLUENTLY LTD	0.440349280834198	No	No	No	85	NF	United Kingdom																																Inactive																							
CRITEO	0.0008873220067471266	Yes	No	No	73	C1	France	1860900812.72246	148712165.053017	107393444.320149	2181586294.69986	1040617458.60645	1.17	47.7		1003306825.11981	648351427.141566	103207284.033441	251748113.944808	1178279469.58005	0.0	770872416.889608	407407052.690437	305308634.292841	1858697.5198054	1038758761.08665	133556705.472832	285879.421741172	133270826.051091	4532680.7979097	1007412130.62058	3200501.94373535	772475074.253915	231736554.422926	2181586294.69986		170867338.95947		Active	0.03463390275195787	-0.2197468594536882	0.09828066533544681	0.05383584649975014	1.199001928748655	-0.008744149161541266	0.01796415613327771	0.01608834185354153	1.228164427257683	0.0437636761487965	-0.1915712926345306	-0.2493330610222806	0.02714351165362716	-0.03738283479257709	-0.09842284979095092	0.02094240837696337	0.03466924062373489	0.01525540342701315	-0.05700706240547915			0.09724535397440916	-0.008744149161541266
NEARBOX SP ZOO	0.2026975303888321	No	No	No	62	NF	Poland																																Active																							
KEBONY INC	0.29138875007629395	No	No	No	na	NF	Norway																																Active																							
SIMFY DEUTSCHLAND GMBH	0.3478749692440033	No	No	No	62	U1	Germany				3662032.55	490729.16	20.776	13.4	6.0	0.0				3662032.55	0.0	0.0	3662032.55	28367.22	30200.0	460529.16	2995040.82	2970040.82	25000.0	25000.0	176262.57	0.0	0.0	176262.57	3662032.55		3485769.98		Inactive	0.6507721366759454	0.03018038813065506		-0.02796721232370964		0.03018038813065506				0.6022958268563914	-0.3525452463901488	0.0		0.03018038813065506		0.03019784796945496	0.7243600894888091	0.0	0.0	0.0		0.03175496098211184	0.03018038813065506
INPROVA ENERGY LIMITED	0.3175789713859558	No	No	No	82	U1	United Kingdom		-39186.1226208854	-39186.1226208854	11978275.65879	3250143.11149696	1.372	27.134		0.0				11978275.65879	0.0	0.0	11978275.65879	1152.53301826133	57626.6509130667	3192516.4605839	0.0				8728132.54729308	8728132.54729308	0.0	0.0	11978275.65879	0.0	3250143.11149696		Active	0.00650217931689001	0.01172568648312981	-1.0		-0.6465952182942754	0.01008468498802101	-1.0		-0.7561009253016825	-0.003525523319867796	-0.9073966080022438	-1.0		0.01008468498802101		-0.001455604075691413	0.006285789647520323	0.01863731197532162	0.01142524761886815		-1.0	0.00650217931689001	0.01008468498802101
IMPATIENTS N.V.	0.007963129319250584	No	No	No	46	U1	Netherlands		-1160000.0	-1160000.0	10430000.0	1220000.0	1.105	11.697	70.0	256000.0	95000.0	104000.0	57000.0	10174000.0	0.0	4393000.0	5781000.0	5781000.0	260000.0	960000.0	0.0				9210000.0				10430000.0		964000.0	45000.0	Active	-0.3095294556432101	0.1124517235208202	0.9055360746217123	-1.0		0.3585563716879978		inf		-0.4917662394090811	0.1124517235208202		0.4607786635016462	0.3561684336134624	0.3560913275351736	-0.1486902927580894	-0.3628214267224729	-0.001033546061958973	0.5940841994928008	0.2727272727272727		-0.4409669184635173	0.3585563716879978
ENTELEC CONTROL SYSTEMS	0.13857102394104004	No	No	No	46	U1	Belgium		241171.0	119767.0	4948145.0	1175419.0	1.315	23.755	16.0	24295.0	0.0	20235.0	4060.0	4923850.0	361097.0	1877830.0	2684923.0	1568270.0	500000.0	675419.0	27122.0	27122.0	0.0	0.0	3745604.0	15552.0	2527197.0	1202855.0	4948145.0	-288270.0	1178246.0	7797.0	Active	0.1134541624078412	0.1478562475097004	1.373208873925451	-0.8519751563642715	-0.4237610088740006	0.3223906133328772	0.6325762396308482		-0.6462186959064673	-0.1579824188288672	0.01014089297055251	0.2595867889754545	-0.0036499343832021	0.3245292317227421	-0.004379059240307026	-0.1144781144781146	0.2155453693055533	0.0	0.4964811395873894	0.2307692307692308	0.699484736649727	-0.029845375807024	0.3223906133328772
BEIBAMBOO OY	0.48504501581192017	No	No	No	47	U1	Finland	19000.0	4000.0	4000.0	25000.0	-11000.0	1.333	-44.0	0.0	13000.0	13000.0	0.0	0.0	12000.0	5000.0	1000.0	6000.0	3000.0	10000.0	-21000.0	26000.0	0.0	26000.0		9000.0	0.0	0.0	9000.0	25000.0			2000.0	Active	-0.2507322389483005	3.739336492890995	10.90476190476191	8.62962962962963	-1.452847277255745	0.09870791948668366	-1.0	-0.173921331892991	-1.452847277255745	-0.318051487112723	16.44186046511628	-0.7368113229617499	-0.173921331892991	0.7101325352714836		5.599009900990099	-0.149143065515984	0.0	-0.7409102685896882				0.09861135524696783
YANADO	0.1263756901025772	No	No	No	62	U1	Bulgaria	805276.107739686	0.0	0.0	295012.262962412	0.0		0.0													0.0							0.0					Active																							
WATCHFUL SOFTWARE	0.19038176536560059	No	No	No	na	NF	Portugal																																Active																							
SHOPCADE	0.5841038823127747	No	No	No	na	NF	United Kingdom																																Active																							
CYTOGUIDE APS	0.6734637022018433	No	No	No	72	U1	Denmark	0.0	-4709.36791271618	6862.22181567215	20183.0053402122	17491.9379615172	7.143	86.667		0.0	0.0	0.0	0.0	20183.0053402122	0.0	0.0	20183.0053402122	19241.131757669	116926.877604296	-99434.9396427787	0.0				2825.62074762971	0.0	0.0	2825.62074762971	20317.5587091469	0.0	17357.3845925825	134.553368934748	Inactive	0.6528009280930597	0.5218097123467537			-1.006969429888027	0.5065916152232955			-0.989844545020303	0.09705063291139243	0.4961291734509113	0.004394410148861452	-1.0	0.5218097123467537	-1.0	0.5152736529486633	-0.06044624164555927	0.004394410148856206	0.004394410148861452			0.6611138321692748	0.5166355593247806
MIPAGAR B.V.	0.8277103304862976	No	No	No	71	U1	Netherlands				49630.0	38382.0	1.236	77.336		35729.0	35729.0	0.0	0.0	13901.0	0.0	13351.0	550.0	50.0	34616.0	3766.0	0.0				11248.0				49630.0		2653.0		Inactive																							
MIPAGAR B.V.	0.8277103304862976	No	No	No	71	U1	Netherlands				49630.0	38382.0	1.236	77.336		35729.0	35729.0	0.0	0.0	13901.0	0.0	13351.0	550.0	50.0	34616.0	3766.0	0.0				11248.0				49630.0		2653.0		Inactive																							
UAB CGTRADER	0.6557056903839111	No	No	No	47	C2	Lithuania	4609143.0	-777940.0	-804790.0	2662301.0	165581.0	1.01	6.219		139943.0	1272.0	31812.0	106859.0	2522358.0	0.0	160890.0	2361468.0	2265036.0	14084783.0	-13919202.0	0.0				2496720.0	0.0	1657676.0	839044.0	2662301.0				Active	-0.8201785822885987	-0.2304372309834112	-0.1185317079852075		-0.8114090791956292	-0.2529449497829239	-0.04560405553620418	-0.5627363355104847	-0.7936343826622009	-0.7593079959749206	-0.2204187162617039	-0.07393864475434173	-0.5523528640293777	-0.2241545884804231	-0.672796840286349	-0.1788617886178862	0.05737074098059287	0.0	-0.05531760325700362				-0.2529449497829239
FRONTIFY AG	0.22343474626541138	No	No	No	61	LF	Switzerland								4.0										336514.306145705														Active																		0.003782304982701695		0.0			
BLACKLANE GMBH	0.0013569475850090384	No	No	Yes	63	U1	Germany	239778019.56	1692925.75	1672302.37	45720877.06	26339524.32	2.609	57.609	220.0	2541770.7	750.24	373670.0	2167350.46	43179106.36	0.0	16697794.72	26481311.64	17182974.87	122738.0	26216786.32	2831085.54	33187.0	2797898.54	2797898.54	16550267.2	0.0	14113540.67	2436726.53	45720877.06	2584254.05	26628839.16	335647.8	Active	0.7346122679230528	0.188612352945396	0.01236010362470322	-0.6796222524839592	-1.256078885061625	0.1099595497373969	-0.005107384790942395	-0.9958022716880951	-1.252954412365687	0.5627441406250001	1.240162884524463	-0.1834300160277803	0.0510264937689823	0.1136353425386055	0.1758356907527274	0.1554472984942427	0.7401606664535805	0.03186266267612738	-0.03609921111643541	0.01851851851851852	0.1197261199048294	0.2326444798454674	0.1099595497373969
MYFAB FRANCE	0.9794653058052063	No	No	No	95	U1	France	405116.0	-353978.0	-387553.0	208604.0	-539114.0	0.285			2328.0	480.0	1848.0	0.0	206276.0	0.0	0.0	206276.0	70337.0	25000.0	-564114.0	24079.0	0.0	24079.0	24079.0	723639.0	0.0	69708.0	653931.0	208603.0	-69708.0	-517363.0	731.0	Active	2.557076028793687	-0.7419052933713368		-0.9725271402737131	-18.33147277712495	-0.7415151432543685	0.5447071597934717	inf	-26.26750554179163		-0.894316211448714	16.67619948641708	-0.7015384615384616	-0.7419052933713368	inf	-0.9707151664611591	2.195009090342714	0.0	7.811755680572806		0.5447071597934717	-1.721461601106673	-0.7415163823718195
DIGITAL PUBLISHING AG	0.0046378797851502895	No	No	No	85	C2	Germany	29735883.7	2376626.24	1633916.54	25161381.89	6535030.57	1.3	25.972	239.0	5917858.02	5725066.93	192791.09	0.0	19243523.87	137595.53	10351148.58	8754779.76	4826659.3	1680522.0	4854508.57	3823432.09	0.0	3823432.09	2118830.02	14802919.23	15017.46	668968.93	14118932.84	25161381.89	9819775.18	4440604.64	736221.6	Active	0.2918714447125306	0.01382037636207716	0.212340199108441	0.07400668691501804	-4.349494576629744	0.2005796180253286	0.09605523850671689	0.6162249591490153	-2.555877343634603	0.07602436093963627	0.02463512188747544	0.2039132543761996	0.5909664371448505	0.116341052571963	0.08666699433520468	-0.06943450250536863	0.4370722932054033	0.0	0.1996710631332155	0.1220657276995305	0.2286612694072474	-0.09354781902210432	0.2005796180253286
EVENTYARD LTD OOD	0.5701005458831787	No	No	No	63	U1	Bulgaria	0.0	-3579.06546762206	-3579.06546762206	12782.3766700788	-59310.2277491656	0.007			12271.0816032757	12271.0816032757	0.0	0.0	511.295066803152	0.0	0.0	511.295066803152		511.295066803152	-59821.5228159688	0.0	0.0	0.0	0.0	72092.6044192444	0.0	511.295066803152	71581.3093524413	12782.3766700788	0.0	-71581.3093524413	2045.18026721261	Inactive	0.06425497881562882	-0.6666557681295865			-0.4166475942267789	-0.1935220196683556	3.269561123793451e-05	-0.1428291180475076	-0.4166475942267789			0.007227175435778751	-0.1428291180475076	-0.6666557681295865		-0.6666666666666667	0.06367113987740758	3.269561123793451e-05	0.007175786294175191			0.02193122179250598	-0.1935220196683556
SOURCE ADVISORS LIMITED	0.006873695645481348	No	No	No	69	U1	United Kingdom	10287228.5029442	2018269.72025852	1685791.60528256	12298706.3461261	10905254.7409255	8.493	88.67	46.0	676800.811780585	642398.853718502	34401.9580620826	0.0	11621905.5343455	0.0	3720865.25694733	7901040.2773982	718892.470140507	92.2026414609067	10905162.5382841	24980.0006377961	0.0	24980.0006377961	24980.0006377961	1368471.60456278	0.0	215992.755353302	1152478.84920948	12298706.3461261	3504872.50159403	10253433.9297828	191199.465064464	Active	0.2646154580922254	0.2029416792572472	2.998846528912448	inf		0.2263736908785582	-0.2876923660601038	-0.1342247744490639		0.03117840654037141	-0.04099529766171447	0.04589314444791125	-0.1629659745565483	0.260517983103749	-0.4832802985412417	0.2942700396220664	0.2646180841622496	0.01526272408299041	-0.02609478238721651	0.1794871794871795	0.4923143270214171	0.31205228929076	0.2263736908785582
NIMBOOKS SL.	0.3452334403991699	No	No	No	62	NF	Spain																																Active																							
NINA DATA OY	0.10463942587375641	No	No	Yes	62	U1	Finland	3405000.0	-154000.0	-154000.0	2559000.0	374000.0	1.163	14.615	5.0	1259000.0	1236000.0	23000.0	0.0	1300000.0	0.0	802000.0	498000.0	167000.0	4000.0	370000.0	1066000.0	490000.0	576000.0		1118000.0	0.0	919000.0	199000.0	2558000.0			427000.0	Active	-0.2876190476190476	0.360655737704918	0.05111402359108781	0.6374807987711214	-0.7055449330783938	0.08248730964467005	0.05028571428571429	0.026578073089701	-0.8035714285714286	-0.341903818443804	-0.379182156133829	-0.3642172523961661	0.0194331983805668	0.1514614703277236	-0.2580645161290323	0.2242105263157896	-0.2898272552783109	0.0	-0.05892255892255892	-0.1666666666666667			0.08206429780033841
MOBOZ TECHNOLOGY S.R.L. IN LIQUIDAZIONE	0.4490763545036316	No	No	No	62	U1	Italy	1.0	-486.0	-486.0	98803.0	48695.0	2.213	49.285		8103.0	2143.0	5960.0	0.0	90700.0	0.0	0.0	90700.0	158.0	10000.0	38695.0	9116.0	0.0	9116.0	0.0	40992.0	0.0	0.0	40992.0	98803.0	0.0	49708.0	216.0	Inactive	-0.00986173241154941	-0.1769883399119822		0.0	-0.1831932773109244	-0.1663882420438055		-0.09156422212802034	-0.1831932773109244	0.1877620860847351	-0.9919646035701571	-0.3193863319386332	-0.02596465921384782	-0.1769883399119822	0.0	0.2092896174863388	-0.01237876467585503	0.0	-0.3193863319386332			-0.005382475938931909	-0.1663882420438055
GOLF POST AG	0.0969342514872551	No	No	No	63	U1	Germany				821300.18	-217993.99	0.259	-26.543	21.0	564428.49	559291.49	5137.0	0.0	256871.69	141884.66	0.0	114987.03	12424.48	605050.0	-823043.99	46243.89	34806.84	11437.05	11437.05	993050.28			30042.88	821300.18	141884.66	-736178.59		Active	-0.1572424770316149	0.3009744492608557		-0.6494409645020608		0.2827808658867346		0.1357129151854843		-0.3430113116011981	0.3015309997328738	-0.9277520574801857	0.1414251899379024	0.762349123819048	1.523084479371316	0.3631578947368421	-0.04709123009443217	0.0	0.2947156632845835	-0.1923076923076923	1.473152068930836	0.1850008302651511	0.2827808658867346
LOVE HOME SWAP	0.540619432926178	No	No	No	55	LF	United Kingdom	4534444.67368093							40.0																								Active																							
BUNDLE AMSTERDAM	0.4029429852962494	No	No	No	96	LF	Netherlands								1.0																								Inactive																							
ADGIBBON UG (HAFTUNGSBESCHRAENKT)	0.9483917951583862	No	No	No	62	U1	Germany				24558.83	7777.61	2.429	31.669		0.0				24558.83	0.0	0.0	24558.83	4905.71	1000.0	6777.60999999999	6671.75	0.0	6671.75	6671.75	10109.47	0.0	0.0	10109.47	24558.83		14449.36		Inactive	-1.231404105442018	30.91157629387076		inf		30.91157629387076					5.374446133655582	-0.705949953606883		30.91157629387076		109.4090909090909	-1.195825198761879	0.0	-0.705949953606883			-1.429906002616443	30.91157629387076
ZKATTER LIMITED	0.8789319396018982	No	No	No	62	U1	United Kingdom				1166.52646560102	1166.52646560102		100.0		1166.52646560102	0.0	0.0	1166.52646560102	0.0					1166.52646560102	0.0	0.0				0.0				1166.52646560102		0.0		Inactive	0.06456638617358659					0.06456638617358659				0.0			0.06456638617358659					0.06456638617358659					0.06456638617358659
BREEZE TECH LTD	0.700890839099884	No	No	No	62	NF	United Kingdom																																Active																							
TALENT.IO	0.27792394161224365	No	No	No	na	NF	France																																Active																							
MIMESIS REPUBLIC	0.2893844246864319	No	No	No	58	U1	France	3033905.0	-1991429.0	-1585289.0	11223272.0	9509827.0	2.776	84.733	49.0	8649161.0	8567460.0	38884.0	42817.0	2574106.0	0.0	96598.0	2477508.0	1850992.0	84033.0	9425794.0	786250.0	683875.0	102375.0	0.0	927194.0	23865.0	400918.0	502411.0	11223272.0	-304320.0	1646912.0	86889.0	Inactive	1.931006669625465	-0.4494779000810615	-0.6612391329506121	inf	-23.38541608120412	1.16961438131629	-0.07098995722435662	49.09566020745869	-25.34748352812889	0.3509294984216065	-0.5492636723943626	-0.6629403516775462	33.0266298959825	-0.4766743393539736	0.5488548097988448	0.0882007056056447	1.940992895409317	1.122581459964638	-0.5191835193795394	7.166666666666667	22.2376298106292	-0.4492618309695249	1.16961438131629
DIGIT GAME STUDIOS LIMITED	0.023275094106793404	No	No	No	62	U1	Ireland	24432629.0	21989264.0	18716495.0	57759800.0	56004101.0	32.576	96.96	108.0	638755.0	0.0	638755.0	0.0	57121045.0	0.0	0.0	57121045.0	31029675.0	1.0	56004100.0	2249.0	2249.0	0.0	0.0	1753450.0	0.0	277035.0	1476415.0	57759800.0	-277035.0	55367595.0	358106.0	Active	0.6704707659344008	0.6676884672459948		-0.9345135835541449	0.2510660731214848	0.6673578412306114	0.2063147169219783		0.2567101720665749	0.001859888406695522	0.8108406824005451	0.7436606344621032	0.6383122245989853	0.6676884672459948	0.6383122245989853	0.02834774922659258	0.6704707859329693	0.0	0.6217148586057386	0.1020408163265306	0.2063147169219783	0.6691870365370374	0.6673578412306114
FLATTIRE B.V.	0.6770257353782654	No	No	No	47	U1	Netherlands				33911.0	-1496.0	0.001	-4.412		33887.0	0.0	33887.0	0.0	24.0	0.0	24.0	0.0				0.0				35407.0				33911.0		-35383.0		Inactive	0.3890436397400185		-0.8781725888324873			2.139035453114876				-0.5574280268833384			2.195078257590043	-0.8781725888324873	2.195078257590043	-0.9411764705882353			1.980387205387205			2.028588547462125	2.139035453114876
PARALLEL GRAPHICS LIMITED	0.021973202005028725	No	No	No	26	U1	Ireland				4538654.0	4335442.0	20.708	95.523	4.0	330616.0	321857.0	8759.0	0.0	4208038.0	0.0	587488.0	3620550.0	3565226.0	25441.0	4310001.0	0.0				203212.0	0.0	35358.0	167854.0	4538654.0	552130.0	4004826.0	350014.0	Active	0.6556398672568061	-0.01187372682076912	-0.2200106213489113	-1.0		-0.223658746435725	1.794436102110172	-0.3792332631928144		1.132638253220513	0.003671261491166704	-0.6097407866378057	-0.7686307606822893	-0.04736379326894343	0.5602066262914143	7.15275590551181	0.6620722526935398	0.0	-0.8831292817476202	0.0	-0.2544294960346879	0.4951860756847167	-0.223658746435725
API VIDEO	0.2389654517173767	No	No	No	62	U1	France	720895.0	44823.0	217417.0	964623.0	354687.0	0.716	36.769		621763.0	561730.0	23013.0	37020.0	342859.0	0.0	70893.0	271966.0		88420.0	266267.0	130995.0	130995.0	0.0	0.0	478940.0	724.0	120133.0	358083.0	964623.0	-49240.0	-136081.0	121880.0	Inactive	1.284324080633735	0.7696787501382735	0.8026088283157038	0.1785425101214575	-1.347796736423101	0.4776496647564601	0.6200474687811851	0.2515233815394007	-7.950004794936547	0.5458902669749841		0.2316855045644352	0.352246628969117	0.7763886658135113	3.790383014154871	0.4319999999999999	2.983051608077786	0.0	0.2395312483824549		0.4138861769941997	-0.296298977655278	0.4776496647564601
MOBEYE	0.24185770750045776	No	No	No	63	U1	France	3980642.0	580198.0	583165.0	1572801.0	-102230.0	0.892	-6.5		78583.0	0.0	9770.0	68813.0	1494218.0	0.0	1358807.0	135411.0	82253.0	1419.0	-103649.0	0.0	0.0	0.0	0.0	1675030.0	6759.0	31933.0	1636338.0	1572801.0	1326874.0	-180812.0	420747.0	Active	-0.8448700750839155	-0.6923889487099104	-0.1017078569086428		-1.213420761843385	-0.3917531713663192	-0.8957987306456087	-1.0	-1.231130172303775	-0.744948008632529	-0.4802370917087412	-0.4429246813394145	-0.8758436871974418	-0.2348557857253318	-0.551917079434966	0.4817275747508307	-0.8430547458794849	0.0	-0.4837781339730466		0.1000438567038164	-0.8600449405501386	-0.3917531713663192
BOOKEEN	0.04998535290360451	No	No	No	62	U1	France	12397473.0	143184.0	80058.0	7946116.0	2683768.0	1.927	33.775	25.0	134543.0	0.0	44311.0	90232.0	7811573.0	2728774.0	1324869.0	3757930.0	3080578.0	236000.0	2447768.0	1208259.0	1198429.0	9830.0	9830.0	4054089.0	508684.0	2332916.0	1212489.0	7946116.0	1720727.0	3757484.0	56315.0	Inactive	0.03074766391034332	-0.1599885105388982	-0.2654898558277362	-0.3091012121302225	-1.250896723083851	0.03324662389058616	0.2581127736749972	-1.0	-1.22294316840065	-0.002392485822306329	0.5999395460971396	0.1252610165213017	-0.1689900743037498	0.0375957756439104	-0.3944847565558425	-0.1454545454545454	0.03381241790590909	0.0	0.2145612935542784	0.08695652173913043	0.4332595627573259	-0.1033601646340358	0.03324648953583386
MEKITEC OY	0.045190028846263885	No	No	Yes	25	C2	Finland	9109080.0	-618614.0	-661511.0	7675372.0	-695404.0	0.362	-9.06	64.0	5996077.0	5854224.0	141853.0	0.0	1679289.0	693565.0	494643.0	491081.0	349691.0	57500.0	-752904.0	3729222.0	2517635.0	1211587.0		4641551.0	869185.0	1235973.0	2536393.0	7675372.0			1256295.0	Active	32.58466145078721	0.2359151562130356	-0.6752278000795774	-0.07368705005145462	-0.560184283307146	-0.2143181856103029	0.1026002665567611	-0.09449861674256563	-0.514326933666165	41.73584905660378	2.704196856065421	0.07513595013769866	-0.08545543536170185	-0.4772974798495349	0.5557639368714288	-0.3500897666068223	8.62718972968826	0.0	-0.1947188781740939	-0.05882352941176471			-0.2143181856103029
FITSPRINT LTD	0.8224054574966431	No	No	No	62	U1	United Kingdom				45879.8400474727	-5619.1756377509	1.339	-12.248	1.0	0.0				45879.8400474727	0.0	702.116556732947	45177.7234907398	19091.7380650291	14.5806952676171	-5633.75633301852	17224.2874788305	17224.2874788305	0.0	0.0	34274.7282063932	0.0	2231.96796788908	32042.7602385041	45879.8400474727	-1529.85141115613	11605.1118410796		Inactive	-0.8052427233794283	26.00250127167651	103.5631863005791	inf		26.31253732109254	-0.8080846712344295				1002.500032254346	0.6959035315717808		26.31253732109254		23.34545454545455	-0.8048130747787384	0.3028639826589759	0.1225835136741479		-0.8683800328588163	-1.402226255727159	26.31253732109254
WAR DUCKS LIMITED	0.6406590938568115	No	No	No	62	U1	Ireland	103078.0			150766.0	-1688281.0	0.418		21.0	725.0	0.0	725.0	0.0	150041.0	0.0	9863.0	140178.0	81824.0	234207.0	-1922488.0	1480001.0	1480001.0	0.0	0.0	359046.0	269316.0	18491.0	71239.0	150766.0	-8628.0	-209005.0	5943.0	Inactive	7.905891786104268	-0.8951030426388494	-0.3925227888642523	0.1839998528001178		-0.8890809891380796	1.558953778023803				-0.9319760805605921	0.5119275011672821	-0.8912717456508699	-0.8890701890318917	-0.8912717456508699	-0.9076651203887784	3.536566487955901	0.0	0.2015782498694832	0.0	-1.957602663706992	-1.198341374349475	-0.8890809891380796
ALINA HOMECARE	0.10448741912841797	No	No	No	97	LF	United Kingdom	307931.662260622							5.0																								Active																							
TRANSMIT EHF.	0.6983180046081543	No	No	No	62	U1	Iceland	0.0	-139.533894145812	-139.533894145812	17122.802153036	119.60048069641	0.968	0.698		671.091586129856	0.0	0.0		16451.7105669062	0.0	13787.2776358362	-6.64447114980056	6.64447114980056	5780.68990032648	-5661.08941963007	0.0	0.0	0.0	0.0	17003.2016723396	0.0	15966.6641729707	1036.53749936889	17122.802153036				Active	-0.5353987589413831	0.006636022293671604	0.006151130182741101		0.05696782340835714	0.006245550601546426	0.006636022293669933		0.05696782340835714	-0.5386649041639128	0.006636022293671604	0.1632238479838009	0.006636022293671098	0.006636022293670935	-1.0	-0.008196721311475417	0.0320744777306951	0.00663602229366979	0.01496516195803589				0.006245550601546426
MEETWISE GMBH	0.20908454060554504	No	No	No	70	U1	Germany				1873766.08	1446692.12	18.258	77.208		76114.0	0.0	76114.0	0.0	1797652.08	257958.0	0.0	1539694.08	1014766.8	46000.0	1400692.12	328618.0	0.0	328618.0	328618.0	98455.96	0.0	0.0	98455.96	1873766.08	257958.0	1699196.12		Active	0.9184542311972594	1.232043250284392		3.887457798533545		1.16579361226805				-0.1142011426998005	0.9370021178111856	1.246102239031039	-0.1602603706972639	1.320977408916832	-0.1602603706972639	0.03333521987661999	0.9781200082887468	0.0	1.246102239031039		2.045189469956322	1.325469177684604	1.16579361226805
MAGINE SWEDEN AB	0.6900566220283508	No	No	No	64	U1	Sweden	0.0	-1672.60847684478	-1672.60847684478	836304.238422389	18222.6291950984	1.022	2.179		0.0	0.0	0.0	0.0	836304.238422389	0.0	0.0	836304.238422389	2200.80062742734	4401.60125485468	13821.0279402437	0.0	0.0	0.0	0.0	818081.60922729	0.0	4929.79340543724	813151.815821853	836304.238422389				Active	-0.05230506702153855	0.03947849838107085			-0.9957315318730552	0.03947849838107085	0.03925966080246419		-0.9957315318730552	-0.08828451882845201		0.04174080160958878		0.03947849838107085		-0.001953125000000002	-0.07817080934470935	0.03925966080246371	0.04172581467342151				0.03947849838107085
AMEE LTD	0.17349472641944885	No	No	No	62	U1	United Kingdom				1791214.95299594	1791214.95299594		100.0		0.0				1791214.95299594	0.0	0.0	1791214.95299594	3118.75434741517	115.253301826133	1791099.69969412	0.0				0.0				1791214.95299594				Active	0.1302036079476664	0.1302036079476664				0.1302036079476664				0.0	-0.1549869508874236			0.1302036079476664			0.1302115733331821	0.01863731197531447					0.1302036079476664
KAAK OU	0.6055898070335388	No	No	No	74	U1	Estonia	9756.0	-1893.0	-1893.0	18061.0	2831.0	0.107	15.675		17416.0	0.0	17416.0	0.0	645.0	0.0	0.0	645.0	644.0	2500.0	331.0	9222.0	9222.0	0.0	0.0	6008.0	3685.0	0.0	2323.0	18061.0	0.0	-5363.0		Active	-0.2964711729622266	-0.6532258064516129		-0.2807674309780065	-2.279918864097363	-0.06303174932558622			-2.279918864097363	-0.2491377658555279		-0.04403292181069959	0.0	-0.6532258064516129		-0.8601307189542484	-1.489644970414201	0.0	1.472427983539095			8.408771929824562	-0.06303174932558622
DANCETRIPPIN B.V.	0.10381344705820084	No	No	No	59	U1	Netherlands				21714.0	-365865.0	0.162		4.0	1760.0	0.0	1760.0	0.0	19954.0	0.0	19954.0	0.0				264339.0	264339.0	0.0	0.0	123240.0				21714.0		-103286.0		Active	0.207200340516516		-0.4309749907320273	0.07950749377220566		-0.4223463687150838							-0.3024177566389219	-0.4309749907320273	-0.3024177566389219	-0.5573770491803278			0.286577790769295			0.7009650538519812	-0.4223463687150838
SHIJI DEUTSCHLAND GMBH	0.04278169944882393	No	No	No	62	U1	Germany	9500000.0			5284128.75	925675.83	1.443	17.518	101.0	67277.65	853.0	66424.649	0.0	5216851.1	0.0	0.0	5216851.1	2520038.7	25000.0	900675.83	743962.29	0.0	743962.29	743962.29	3614490.63			1413389.46	5284128.75		1602360.47		Active	-0.08442236868066298	-0.1447537144666995		-0.1178235741987169		-0.1462448063010122		-0.2144041259900534		0.0724211815120906	-0.2507217378921279	1.72191114174509	-0.2414364907500052	-0.1448609015497908	-0.2417715483557684	0.02558635394456292	-0.08656283162046434	0.0	-0.1661927163366587	0.08602150537634409		-0.09248867294676144	-0.1462448063010122
ENCLOTHED LIMITED	0.9070573449134827	No	No	No	47	U1	United Kingdom				360512.39395522	-1019315.61162833	8.943			5672.98292233384	0.0	5672.98292233384	0.0	354839.411032886	286540.121341715	0.0	68299.2896911713	13427.4680066843	2468.44807675051	-1021784.05970508	1340150.48253365	0.0	1340150.48253365		39677.5230498943	0.0	0.0	39677.5230498943	360512.39395522	286540.121341715	315161.887982992	2794.23874633966	Inactive	7.489169624524748	-0.549942696474356		0.782952058116116		-0.5100016516297615					0.223690536044011	-0.6190991240748138	-0.02235844555260974	-0.5138782180786714	-0.02235844555260974	0.2762951334379906	7.296031449332063	-0.201905708688089	-0.6190991240748138		-0.5044122918769158	-0.496362874481274	-0.5100016516297615
BOLDMIND LTD	0.06113726645708084	No	No	No	63	U1	United Kingdom				624058.59579891	206792.084268522	0.9	33.137	3.0	263328.438946313	254019.429757816	9309.0091884968	0.0	360730.156852597	0.0	92240.6750505094	268489.481802087	205017.183420399	1275.8540512153	205516.230217306	16327.9352697083	16327.9352697083	0.0	0.0	400938.57626068	40338.6556391467	112980.506714122	247619.413907411	624058.59579891	-20739.8316636127	-40208.4194080832	40529.9761201781	Active	-0.396687866403489	-0.292219185586175	0.5727409520279545	-0.4028619688519721		-0.1450389002423681	0.3270469980904873	-0.1086928575247142		-0.2943268452659824	-0.2586287867427476	15.12408378422412	-0.0979950633262518	-0.1763954223446689	0.3412998971021653	-0.2604765817584224	-0.3982111042510015	0.01863731197532324	0.1142713911455829	-0.4	-0.2169851162325527	-1.514383312387035	-0.1450389002423681
INDEEMO LIMITED	0.017738699913024902	No	No	No	58	U1	Ireland				1483600.0	422008.0	1.725	28.445	19.0	76896.0	26076.0	50820.0	0.0	1406704.0	0.0	458472.0	948232.0	888139.0	6.0	422002.0	245885.0	156614.0	89271.0		815707.0	135581.0	92812.0	587314.0	1483600.0	365660.0	590997.0	17038.0	Active	-0.465233214723802	-0.2065289700872688	-0.04564132240350709	-0.107981135497914		-0.1383025559354087	1.205136734063532	2.246918192005977		-0.3794043852950802	-0.2101801450088618	0.1284257366390507	0.6616461741253754	-0.1603977699005814	0.3287664069445171	-0.3235294117647058	-0.4652367520002839	0.0	0.2417068032222905	0.05555555555555555	-0.1657483647381185	-0.4197475348963248	-0.1383025559354087
VIRTUAL VIEW APP LIMITED	0.37204140424728394	No	No	No	82	U1	United Kingdom				2186405.84709455	1081677.59336466	0.038	49.473	5.0	2148346.90176553	2142840.09900428	5506.80276125265	0.0	38058.9453290258	0.0	0.0	38058.9453290258	5395.0070584813	6759.60615210272	1074917.98721256	99246.92326852	0.0	99246.92326852		1005481.33046137	0.0	128220.450814592	877260.879646779	2186405.84709455	-128220.450814592	-967422.385132345	1834.83256507204	Active	0.07093562973674648	-0.5891409495908307		inf		0.1542193464115245	0.3644502991339088	0.1932356748462564		-0.07214928732183049	-0.8907569360026466	0.11007782513791	0.1924397516745021	-0.5891409495908307	-0.05328747780235583	-0.6380952380952382	0.06947858820579476	0.3671184976510906	0.1371110949123056	-0.1666666666666667	0.3644502991339088	0.2220957172852795	0.1542193464115245
POLYGON DIGITAL SOLUTIONS LTD	0.10875163972377777	No	No	No	62	U1	United Kingdom				676573.762775987	-1417262.93735785	0.139		17.0	387486.210871534	377446.495749459	10039.7151220745	0.0	289087.551904454	87973.9978169059	1393.41241907795	199720.14166847	17978.3625518586	203.998344232256	-1417466.93570209	18440.5282921813	0.0	18440.5282921813	18440.5282921813	2075396.17184166	1761589.09176154	212030.346836519	101776.733243604	676573.762775987	-122662.936600536	-1786308.6199372	92133.489479811	Active	1.412446513411576	-0.2320947038635931	-0.7274164430769894	0.01863731197531796		-0.007901153038239135	2.169034525768387	0.7181176181513271			-0.8212468677777178	-0.8451303135542388	0.6656612104479018	-0.3566252787176301	-0.2244931284201158	-0.6128133704735376	1.411971539636443	0.01863731197532235	0.658541048573079	0.0625	-2.002650153304681	1.227293985985348	-0.007901153038239135
EFFICITY	0.015289811417460442	No	No	No	68	U1	France	57806768.0	4739269.0	3508083.0	55951663.0	43669761.0	3.957	78.049	49.0	7700634.0	4735996.0	80160.0	2884478.0	48251029.0	0.0	1460749.0	46790280.0	238700.0	132373.0	43537388.0	86790.0	0.0	86790.0	86790.0	12195113.0	26099.0	10757454.0	1411560.0	55951663.0	-9296705.0	36055916.0	1741491.0	Active	0.08734904172452759	-0.310232973868438	-0.1658773212123981	-0.2479137600845761	-0.4650608265475502	-0.2468590987000649	-0.1692290227017877	0.04647192167186404	-0.4928320122411379	0.4437476877543471	2.363061273370247	-0.9329910889294591	0.6367083022313511	-0.306600046698952	-0.2113418797532492	0.934017595307918	0.08763789647704091	0.0	-0.6414680265060129		-0.1697532132114968	0.01360025543595567	-0.2468590987000649
I-MOB HOLDINGS LIMITED	0.27906835079193115	No	No	No	70	C1	United Kingdom	577954.642690317	84934.869715928	83002.2438180119	500920.010518323	-772247.341985359	0.366		7.0	77495.8402905756	72394.457090625	5101.38319995058	0.0	423424.170227747	12052.281190154	15887.0979324757	395484.791105118	24161.9207503855	2178.44748396237	-774425.789469322	115100.690060748	115100.690060748	0.0	0.0	1158066.66244293	350145.926006337	337853.676125043	470067.060311554	500920.010518323	-309914.297002413	-734642.492215187	49784.7240692745	Inactive	1.016730750958129	-0.182672285500293	-0.9054213859837177	-0.3311641328200136	-1.102262307911589	-0.3853192612998955	-0.1692418258194324	-0.2844496463225811	-1.099935409838847		-0.8120792842860276	0.5315621951310613	-0.3660136039509038	-0.3887260351126531	-0.7578000842389017	-0.4577777777777778	1.011430235331628	0.04127067960071615	0.1289879481157961	-0.4615384615384616	0.5662898063515833	1.205702256162174	-0.3853192612998955
ISOTERA LTD	0.21527475118637085	No	No	No	27	U1	United Kingdom				2454165.07034488	1704673.73020988	7.372	69.46		21140.2497228359	0.0	21140.2497228359	0.0	2433024.82062204	883276.139858665	0.0	1549748.68076338	1192926.14753352	10012.7278965412	1694661.00231334	419440.195196217	416720.588026928	2719.60716928892	2719.60716928892	330051.144938774	0.0	0.0	330051.144938774	2454165.07034488	883276.139858665	2102973.67568327	58011.4804544167	Inactive	0.23169486471165	-0.1792928179865442		-0.6170528564385537		-0.1491084332788024				0.4475356882359069	-0.03364822619512273	-0.1849098819444765	-0.6977302916449897	-0.1354745415587205	-0.6977302916449897	0.06071942446043161	0.2316620812501969	0.2372687458043884	-0.1849098819444765		-0.04611796928358227	-0.1271662671813228	-0.1491084332788024
AMBITIOUS MINDS LTD	0.2573142349720001	No	No	No	85	U1	United Kingdom				26.5082594200107	26.5082594200107		100.0		0.0				26.5082594200107	0.0	0.0	26.5082594200107		0.0	26.5082594200107	0.0				0.0				26.5082594200107				Active	0.0186373119753234	0.0186373119753234				0.0186373119753234				0.0				0.0186373119753234			0.0186373119753234						0.0186373119753234
ZOE MAJESTE	0.8419178128242493	No	No	No	62	U1	France	35101.0	-490705.0	-490706.0	309932.0	209293.0	3.041	67.529	3.0	3856.0	0.0	3856.0	0.0	306076.0	0.0	18299.0	287777.0	270721.0	333333.0	-124040.0	0.0	0.0	0.0	0.0	100639.0	4966.0	46032.0	49641.0	309932.0	-27733.0	205437.0	1114.0	Inactive																							
E-BLINK	0.8379353284835815	No	No	No	71	U1	France	1534532.0	-5218269.0	-5380327.0	5528384.0	506378.0	1.985	9.16	29.0	1096116.0	576749.0	501367.0	18000.0	4432269.0	378606.0	217038.0	3836625.0	1041355.0	705564.0	-199186.0	2789636.0	1080018.0	1709618.0	1709618.0	2232370.0	590895.0	571360.0	1070115.0	5528384.0	24284.0	2199899.0	511350.0	Inactive	-0.859332762750675	-0.254368695427747	0.1396061958519297	-0.1265543646826427	0.210890350689926	-0.1862435250282653	0.1429302991750482	-0.07118585655574022	0.3031982610869273	-0.8271306710953424	-0.6904456716703636	-3.140623874792962	0.02042305837579991	-0.2250573478707855	0.1520381433823529		-1.06748601989148	0.08830597519103398	inf	0.1153846153846154	-0.6722807017543859	-0.615367306118738	-0.1862435250282653
EXACASTER, UAB	0.026172051206231117	No	No	No	62	U1	Lithuania	7030144.0	815754.0	725994.0	3384510.0	2639480.0	2.539	77.987	77.0	1597682.0	1285151.0	35977.0	276554.0	1786828.0			497138.0	497138.0	2900.0	2636580.0	41174.0				703856.0				3384510.0				Active	0.3278024162716012	1.148550239213771		-0.8727925456320518	0.07444345221631275	0.04018619723556237		0.1715611200449243	-0.01008197570726546	0.2765083314237076	1.148550239213771		0.1526846376004381	-0.04330082813041274	-0.3636669142877357	0.2810292633703331	0.328281332180663	0.0	-0.2529828426846327	-0.09411764705882353			0.04018619723556237
UBIQUIGENT LTD	0.06486481428146362	No	No	No	72	U1	United Kingdom				876258.175920891	624206.120025247	2.861	71.235	12.0	155249.655158856	0.0	155249.655158856	0.0	721008.520762035	197221.450084879	200645.625682134	323141.444995022	214940.492707629	5.76266509130667	624200.357360156	0.0				252052.055895644	0.0	53074.1454909344	198977.91040471	876258.175920891	344792.930276079	468956.464866391	56431.4741731297	Active	-0.5913264380315761	-0.7177830625183854	-0.2707490972382198			-0.5100756192009959	-0.3302648741224506			-0.1658469753390009	-0.7918529822252206	0.09378923068917891	-0.09987337911143379	-0.5538541815503972	-0.09987337911143379	-0.5376535229476406	-0.5913286972486179	0.01863731197532167	-0.0348845937339988	0.0	-0.1200341985017566	-0.6538862465309228	-0.5100756192009959
LOTTO24 AG	0.00035643726005218923	Yes	No	No	32	U2	Germany	156085000.0	32829000.0	22039000.0	77705000.0	32888000.0	1.734	42.324	140.0	7561000.0	16000.0	1000000.0	6545000.0	70144000.0	0.0	1265000.0	68879000.0	41329000.0	1610000.0	31278000.0	4376000.0	0.0	4376000.0	3429000.0	40441000.0	0.0	42000.0	40399000.0	77705000.0		29703000.0	345000.0	Active	-0.1395981582251988	0.2017202575152224	0.6053299492385786	-0.4759281437125749	0.3067828994506807	0.08260421310744538	-0.5714285714285714	0.3333333333333333	0.3072542855448129	-0.2052577222795982	0.009526368499474828	0.6092654557042703	-0.4469314607563455	0.2071938731606574	-0.06367041198501873	-0.2480485689505638	-0.1457366034850057	0.0	0.6046742322037933	0.0		-0.09725556940096648	0.08260421310744538
LEON-NANODRUGS GMBH	0.7919798493385315	No	No	No	96	U1	Germany				2372704.4	932171.0	5.974	39.287	9.0	963628.0	299875.0	663752.0	1.0	1409076.4	15102.05	0.0	1393974.35	1034889.04	212246.0	719925.000000002	1204656.6	751577.6	453079.0	453079.0	235876.8				2372704.4	15102.05	1173199.6		Active	-0.7689936867321286	-0.6635380162972294	-1.0	1.770663078727662		-0.5642695005128644		-0.1535267484136124		-0.4698468389447406	-0.6964498909343378		-0.2371798322414355	-0.6630700125148716	-0.269782910276255	0.3931902985074627	-0.8116866374305344	0.0	-0.7581486096678461	0.125	-1.02185117216204	-0.6341534646472334	-0.5642695005128644
SIDESTAGE UG (HAFTUNGSBESCHRAENKT) C/O YND CONSULT	0.2500341236591339	No	No	No	63	NF	Germany																																Inactive																							
BETTER BILL GMBH	0.35057127475738525	No	No	No	63	LF	Germany								3.0																								Active																				-0.25			
ARIESO LIMITED	0.8473454117774963	No	No	No	61	U2	United Kingdom				78508954.2993364	78508954.2993364		100.0		0.0				78508954.2993364	0.0	0.0	78508954.2993364		8934.35720150824	78500019.9421349	0.0				0.0				78508954.2993364				Inactive	0.1764164967570513	0.1764164967570513				0.1764164967570513				0.0				0.1764164967570513			0.1764164967570517	0.1764164967570497					0.1764164967570513
LUNAR WAY A/S	0.012615454383194447	No	No	No	62	U1	Denmark		-5615668.52887492	-5585344.75071026	9623505.9349747	3872319.63642583	0.736	40.238	282.0	5426748.70738887	2143595.92902076	2826820.16979277	456332.608575338	4196623.05157626	52731.1717642187	0.0	4143891.87981204	1086825.67758313	67088.0047890823	3805231.63163675	46424.899314045	0.0	46424.899314045	46424.899314045	5704761.39923483	139811.401980448	471360.321648092	5093723.85161586	9623505.9349747			2222893.95068145	Active	-0.5787125813411232	-0.519322422512321		-0.002194032743975007	-0.4123689877500611	-0.3688262346033079	0.1406743777970754	-0.2891755938249234	-0.4142398144245926	-0.3325371153686655	-0.2142496271851263	0.03341175651181238	-0.1731629580054513	-0.5167410886222036	0.2004897560476238	-0.4906574394463668	-0.5829608095118803	-0.002194032743975395	-0.05060498355545655	-0.08441558441558442			-0.3688262346033079
BILETO S.R.O.	0.15473876893520355	No	No	No	46	U1	Czech Republic				251076.909915359	172494.043297198		68.702	0.0	197326.714477615				53750.1954377436			0.0				78582.8666181608				0.0				251076.909915359				Active	0.2131015270108573			3.69206121420528		0.5796898717230519				-0.2320624168650727			0.6340395632370218	0.4077890558921949									0.5796898717230519
ZOOVU (GERMANY) GMBH	0.4113386571407318	No	No	No	62	U1	Germany				5270959.48	1003413.57	1.331	19.037	30.0	21904.73	0.69	21904.04	0.0	5249054.75	13079.94	0.0	5235974.81	1665379.71	30086.0	973327.57	323971.25	0.0	323971.25	323971.25	3943574.66			2160855.46	5270959.48	13079.94	1305480.09		Active	-14.60447325409474	7.85804080510978		-0.4305260151330751		7.81031321698215		-0.9997503617945007		-2.544208306294614	3.811753412864509	380.7266753110017	2.053775268367489	7.880168994501966	3.968029031526423	-0.7677543186180423	-10.37314539423538	0.0	37.23810617183445	1.727272727272727		1.675347994204356	7.81031321698215
THE FILTER LIMITED	0.9870827198028564	No	No	No	62	U1	United Kingdom				2.37224000993587	2.37224000993587		100.0		0.0				2.37224000993587	0.0	0.0	2.37224000993587		2.37224000993587	0.0	0.0				0.0				2.37224000993587				Inactive	0.08456491343593431	0.08456491343593431				0.08456491343593431				0.0				0.08456491343593431				0.08456491343593431					0.08456491343593431
SLURP SMOOTHIE AND JUICE BARS LIMITED	0.5246223211288452	No	No	No	56	NF	United Kingdom																																Inactive																							
VIDEOPATH UG (HAFTUNGSBESCHRAENKT)	0.8535305857658386	No	No	No	62	U1	Germany				5758.42	2890.42		50.195		0.0				5758.42							2868.0	0.0	2868.0	2868.0	0.0				5758.42		5758.42		Inactive																							
MOVVO, S.A.	0.17609240114688873	No	No	No	62	U1	Portugal	-1077535.33	-4010518.5	-4020319.59	2076961.37	1260217.65	1.679	60.676	40.0	924250.23	551678.93	69432.25	303139.05	1152711.14	98492.8	13837.76	1040380.58	647172.46	95282.0	1164935.65	130000.0	130000.0	0.0	0.0	686743.72	242744.74	108336.79	335662.19	2076961.37	3993.77		296668.67	Inactive	5.434731839038168	1.379064980740053	-0.9542237206750341	-0.8147012916403258	3.452092283337994	0.1546445099476643	-0.3568351910506611	-0.1468604199979285	3.801475304410534	4.572740631888318	4.735548077007441	-0.01292690614396759	-0.07414078407879571	0.4399414075552932	0.3088620074725059	0.8907657657657658	7.736175709991659	0.524512	-0.2381132909880576	0.3793103448275862	-0.9794956416718948		0.1546445099476643
SIGFOX, S.A.S.	0.27792394161224365	No	No	No	na	NF	France																																Active																							
GIZLO OY	0.9151933193206787	No	No	No	62	U1	Finland	5500.0	-40572.0	-40572.0	76454.0	-21492.0	0.91	-28.111	3.0	10062.0	10062.0	0.0	0.0	66391.0	0.0	0.0	66391.0	3522.0	2500.0	-23992.0	25000.0	0.0	25000.0		72946.0	35000.0	32684.0	5262.0	76454.0	-32684.0	-6555.0	2515.0	Inactive																							
AD. IQ LIMITED	0.7952945828437805	No	No	No	62	C2	United Kingdom	3187212.74321319	-974954.812760142	-897604.398633264	695821.540851644	-2543798.96676596	0.421			19873.8215092493	0.0	19873.8215092493	0.0	675947.719342395	0.0	516170.893387142	159776.825955253	99869.7768110598	66756.3002800163	-2610555.26704597	1633804.49747195	1633804.49747195	0.0	0.0	1605816.01014565	0.0	493201.047856099	1112614.96228955	695821.540851644	22969.8455310425	-929868.290803252	9166.19076463753	Inactive	0.5928377839561221	-0.1108240397917564	-0.4683931901367843	3.616495064099977	1.26241940543592	-0.4060684460924195	0.1950105911178995		1.082924852817914		1.23828119240295	-0.3198518119373541	-0.04897094535748939	-0.4125537368088257	-0.04897094535748939	-0.1174004192872117	0.570334390048732	0.02078948313360232	-0.3349747277140563		-0.9588535992302815	-0.2643532011809627	-0.4060684460924195
AD. IQ LIMITED	0.7952945828437805	No	No	No	62	C2	United Kingdom	3187212.74321319	-974954.812760142	-897604.398633264	695821.540851644	-2543798.96676596	0.421			19873.8215092493	0.0	19873.8215092493	0.0	675947.719342395	0.0	516170.893387142	159776.825955253	99869.7768110598	66756.3002800163	-2610555.26704597	1633804.49747195	1633804.49747195	0.0	0.0	1605816.01014565	0.0	493201.0478561	1112614.96228955	695821.540851644	22969.8455310425	-929868.290803252	9166.19076463753	Inactive	0.5928377839561221	-0.1108240397917564	-0.4683931901367843	3.616495064099977	1.26241940543592	-0.4060684460924195	0.195010591117902		1.082924852817914		1.23828119240295	-0.3198518119373541	-0.04897094535748939	-0.4125537368088257	-0.04897094535748939	-0.1174004192872117	0.570334390048732	0.02078948313360232	-0.3349747277140563		-0.9588535992302815	-0.2643532011809627	-0.4060684460924195
ALOQA GMBH	0.9064812064170837	No	No	No	62	U1	Germany				334636.46	255473.87	12.512	76.344		39827.08	20994.0	18826.0	7.08	294809.38	0.0	0.0	294809.38	244479.8	44700.0	210773.87	55600.0	47850.0	7750.0	7750.0	23562.59	0.0	0.0	23562.59	334636.46		271246.79		Inactive	38.0855748003066	2.102620104570125		-0.716687898089172		0.4836169299932803		inf		25.34368530020704	2.443725232534045	0.03488942042900143	1.942525304765423	0.3904824504577387	0.3909124492057628	0.3436426116838489	-11.33522901401558	0.6598588934274043	0.03488942042900143			0.4332627199806902	0.4836169299932803
BLUEID GMBH	0.45513826608657837	No	No	No	62	U1	Germany				2467506.79	2018913.52	1.833	81.82	9.0	2347189.01	2339324.51	7864.5	0.0	120317.78	23001.01	0.0	97316.77	36916.66	680579.0	1338334.52	382960.091	351830.551	31129.54	31129.54	65633.179				2467506.79	23001.01	54684.601		Active	-0.384179188265026	-0.8682630958683693		16.04663970375817		-0.292490953177679		-0.1339192045234349		-0.1295929873832472	-0.2522117655637885		-0.1376936664155562	-0.8428467055654109	-0.624485216000382	-0.5529268292682926	-0.5031768741931403	0.1641271513754092	-0.6484967685280439	-0.25	-0.1445339421008804	-0.9055348220957067	-0.292490953177679
SABIEDRIBA AR IEROBEZOTU ATBILDIBU CONELUM	0.7464771866798401	No	No	No	72	U1	Latvia		-5498.0	-5548.0	749000.0	248235.0	0.005	33.142		748705.0	748705.0	0.0	0.0	295.0	0.0	0.0	295.0		4263.0	243972.0	436810.0	436810.0	0.0	0.0	63955.0	0.0	13865.0	50090.0	749000.0				Active	-0.02186119637643183	inf		0.01039049958595293	-0.6880036318238566	-0.0006751113400026151	0.0695826583352619	0.0	-0.6860570393843368	-0.02120496160661537		-0.006978311724356687	-0.001068703919648408	inf	-1.0		-0.02223469060596345	0.0	0.008674394763819888				-0.0006751113400026151
ENIGMA SOFTWARE PRODUCTIONS S.L.	0.8410229086875916	No	No	No	62	U1	Spain	215002.84	-3748.44	-3748.44	1321249.89	1043512.26	5.275	78.979	15.0	911182.04	873331.06	37850.98	0.0	410067.85	0.0	170227.16	239840.69	225149.32	142493.4	901018.86	200000.0	200000.0	0.0	0.0	77737.63	43798.29	1805.93	32133.41	1321249.89	168421.23		16505.72	Inactive	11.71466494784124	4.571081737015734	0.1784097716811147	8.913116490518847	-0.9082604373319549	4.871018044167211	inf	inf	-0.9282631873165524	1.165647536263676	4.229826785244454	-0.7383257671929536	23.27220676321399	1.186958667293776	0.09269131129377664	2.454485920104781	42.59582340432223	1.320588235294118	-0.3669537503026279	-0.2105263157894737	0.1659080912267614		4.871018044167211
BAYES HOLDING GMBH	0.11872899532318115	No	No	No	58	U1	Germany				13388812.89	7557643.42	57.538	56.447	3.0	4512000.0	0.0	0.0	4512000.0	8876812.89	0.0	0.0	8876812.89	26875.65	67978.0	7489665.42	5676891.47	5616334.59	60556.88	60556.88	154278.0	0.0	0.0	154278.0	13388812.89		8722534.89		Active	0.00912639395430908	0.02707743265036136		0.02182954022038542		0.01779006346720889				-0.008518934869669068	-0.9830087795795848	0.4040559066853148	0.0	0.02707743265036136		-0.2684855573637104	0.009209990189366978	0.0	0.4040559066853148	0.5		0.02222299327626767	0.01779006346720889
FANTASY SHOPPER LIMITED	0.3181549310684204	No	No	No	63	U1	United Kingdom				2193941.63405718	-308017.460759738	0.861	-14.039		40823.1941820937	0.0	40823.1941820937	0.0	2153118.43987509	0.0	0.0	2153118.43987509	2142298.3396378	119.863744735726	-308137.324504474	0.0				2501959.09481692	0.0	0.0	2501959.09481692	2193941.63405718	0.0	-348840.654941832		Inactive																							
CHARGEPOINT TECHNOLOGY LIMITED	0.006961656268686056	No	No	No	28	U1	United Kingdom	27253662.4546372	9076826.80183598	7643231.31907634	52446898.988807	38799161.9650702	3.393	73.978	115.0	8798696.38133613	3238950.86335663	5559745.51797951	0.0	43648202.6074709	3258278.84207287	3469844.71810303	36920079.047295	5600842.54034467	88734.6696089584	38710427.2954612	783336.35385659	136863.295918533	646473.057938056	646473.057938056	12864400.6698803	5922922.50242987	1614811.70681992	5326666.46063048	52446898.988807	5113311.85335598	30783801.9375906	2146809.42271917	Active	0.2685313271512335	0.4689007731628506	-0.3412229528209345	0.1377647545015596	0.2695418373647012	0.4012308815601238	0.3722335361420079	0.0899237964828304	0.05937339231881861	-0.0947048961660365	0.06154090956494045	0.1295052822732881	0.8800798094644824	0.3328019407875085	2.254669349734591	-0.3623379064085698	0.2692450788168363	0.0186373119753225	1.090146567493947	0.06481481481481481	-0.2057525367047404	0.1575286088293165	0.4012308815601238
SLIDESLIVE S.R.O.	0.12401478737592697	No	No	No	62	U1	Czech Republic	1493478.90664376	147661.372116781	133222.832033053	1184122.06322517	267699.430852088	1.094	22.607		181189.522619331	2831.08629092705	143455.186770261	34903.2495581435	1002932.54060584	0.0	118784.291949325	884148.248656518	857738.257971155	224505.142870515	43194.2879815727	0.0				916422.632373086	0.0	195911.171332152	720511.461040934	1184122.06322517	-77126.8793828269	86509.9082327566	73446.4672046218	Active	0.9421061583609871	1.608882363400441	-0.6586849174313153		-2.377918463282398	0.4709880466696376	-0.1835156853949661	inf	-2.243183625870232	0.3202709805524732	1.732507378762084	0.6865921106983883	0.5346532483386119	0.460045470064133	0.7433031356433237	0.06213592233009714	-1.468078104739706	-0.02439900641330981	0.3736495938408498		-1.713644455224328	3.374864832876162	0.4709880466696376
TRADE WAVE LTD	0.33534690737724304	No	No	No	46	NF	United Kingdom																																Active																							
MEDIHOME LIMITED	0.4029196798801422	No	No	No	86	U1	United Kingdom				447224.970740291	447224.970740291		100.0		0.0				447224.970740291	0.0	0.0	447224.970740291		0.0	447224.970740291	0.0				0.0				447224.970740291				Inactive	-0.03754651862042035	-0.03754651862042035				-0.03754651862042035				0.0				-0.03754651862042035			-0.03754651862042035						-0.03754651862042035
INFINIT	0.30364885926246643	No	No	No	68	NF	France																																Active																							
SPINELAB AG IN LIQUIDATION	0.22193516790866852	No	No	No	32	LF	Switzerland								160.0										6034407.40603823														Inactive																		0.008528779080827798		0.0			
OFFERTI B.V.	0.38312745094299316	No	No	No	63	U1	Netherlands				11487.0	10369.0	10.275	90.267		0.0				11487.0	0.0	11487.0	0.0				0.0				1118.0				11487.0		10369.0		Active	-0.4256356284274082		-0.4438365449791808			-0.4438365449791808				0.03272049149381628				-0.4438365449791808		0.2939176426142804			-0.570165321030373			-0.4256356284274082	-0.4438365449791808
ANTESY A/S	0.5604621767997742	No	No	No	92	LF	Denmark								0.0																								Inactive																							
HENABLE SOCIETA' COOPERATIVA SOCIALE	0.9275097846984863	No	No	No	62	U1	Italy	38192.0	-64292.0	-64292.0	157147.0	61701.0	0.21	39.263	2.0	137878.0	137878.0	0.0	0.0	19269.0	0.0	9886.0	9383.0	150.0	150350.0	-88649.0	3779.0	0.0	3779.0	0.0	91667.0	13565.0	53894.0	24208.0	157147.0	-44008.0	-72398.0	30861.0	Active	-0.4678333318958454	0.4344901391224583	inf	6.972573839662447	1.639569733546824	-0.1034516202647193	inf	-0.1828919218437943	1.639569733546824	-0.4064281070948041	0.5	-0.5887399554898664	-0.1828919218437943	1.945879834887632		0.8918918918918918	1.580231102832028	0.000332667997338656	0.5572940556886329	0.0	-inf	0.3837009288635755	-0.1034516202647193
A-GAS (UK) LIMITED	0.004375972785055637	No	No	No	39	U1	United Kingdom	31214051.7335717	6750385.88795663	5673920.04890055	57829496.7242807	32644345.209234	2.227	56.449	77.0	10523778.9897442	3449531.32365617	7074247.66608807	0.0	47305717.7345364	5963205.83648414	4221728.44589127	37120783.452161	840196.570312512	57626.6509130667	32586718.558321	3940510.3894355	3159093.00305432	781417.386381184	781417.386381184	21244641.1256112	17407858.7078192	1161753.28240742	2675029.13538456	57829496.7242807	9023180.99996798	26061076.6089253	1868256.02260162	Active	0.2329337731032437	0.2153461953732591	0.05522298466222027	-0.01645835367308038	2.047067791746399	0.14985704759671	0.6043537663611254	8.587363128119925	1.461831854125929	0.0722372070052805	-0.4821571824058504	1.364257201094716	-0.03354350627113277	0.2005389212090695	-0.3281328367822344	0.1196581196581195	0.2333926323836349	0.01863731197532162	0.07245496753719165	-0.1046511627906977	0.1090128654505346	0.3300281151626049	0.14985704759671
HIGZ GMBH	0.46978116035461426	No	No	No	62	LF	Germany								2.0																								Active																							
FITONIC AG IN LIQUIDATION	0.5939854979515076	No	No	No	63	LF	Switzerland								4.0										102711.092473696														Inactive																		0.008528779080828138		0.0			
FISHBRAIN AB	0.21927355229854584	No	No	No	na	NF	Sweden																																Active																							
FEATURESPACE LIMITED	0.07730092853307724	No	No	No	62	C2	United Kingdom	58088227.7090172	-12694906.8591487	-9390782.55867545	60395400.5758972	33366455.5515615	2.25	55.247	378.0	971095.507861543	0.0	971095.507861543	0.0	59424305.0680357	0.0	11200304.3461335	48224000.7219022	33125833.165608	5601.31046875008	33360854.2410928	615452.631751552	0.0	615452.631751552	615452.631751552	26413492.3925841	0.0	1057109.04701439	25356383.3455698	60395400.5758972	10143195.2991191	33010812.6754515	907285.517305505	Active	-0.1612918062700377	0.0759412020955408	-0.07149258821024018	0.3564895875182584	-0.5585686592623406	0.03655948358362357	0.3220311380547002		-0.6026646738441801	-0.190863955242461	0.1400270274342822	0.4717456060920424	-0.2974588756785888	0.04467615758941924	-0.2974588756785888	-0.2868462757527733	-0.1613229058083992	0.07644647449446912	0.4651053488625643	-0.06666666666666667	-0.09943034603281696	-0.1504014359372459	0.03655948358362357
YATEDO FRANCE	0.24940386414527893	No	No	No	58	U1	France				1033636.0	-352213.0	0.422	-34.075	12.0	449029.0	396153.0	52876.0	0.0	584607.0	0.0	161825.0	422782.0	189560.0	58310.0	-410523.0	0.0	0.0	0.0	0.0	1385849.0	40874.0	148120.0	1196855.0	1033636.0	13705.0	-801242.0		Inactive	-1.288983900531507	-0.7510125117417205	43.95138888888889	-1.0		-0.4951872054730428	1.341410979908632	0.3060003362641058		-1.572458168133862	-0.8695057450928694	0.6746350896045311	0.2979292284034478	-0.6564378924603536	0.2404926686217009	-0.8003784295175024	-1.353750318831388	0.0	0.7219237450082379	0.3333333333333333	-1.22971455389618	-1.893466506240668	-0.4951864658422708
SCIENCE FANTASY SOCIEDAD LIMITADA.	0.4581347107887268	No	No	No	85	U1	Spain	337362.4	2703.43	1385.35	52325.42	-179703.65	0.094		9.0	41269.17	2739.81	16671.419	21857.94	11056.25	1378.87	201.47	9475.91	9475.91	16753.0	-196456.649	114882.72	114882.72	0.0	0.0	117146.35	19767.66	0.0	97378.69	52325.42	1580.34		7432.01	Active	-0.007650105749106825	-0.161587124630603	2.091927562922038	-0.215765846114211	-0.8555714997018932	-0.1532225268025373		-0.502178574024275	-0.9259888279378485		-0.161587124630603	0.1359476267205819	-0.15664435383803	-0.1402009936924095	-0.1769175891613173	-0.293233082706767	-0.00700230490493581	0.0	0.2153086772734659	0.125	0.01504903944351301		-0.1532225268025373
4SCOTTY GMBH	0.9228577613830566	No	No	No	63	U1	Germany				9553.85999999999	-408937.2	0.028		5.0	4.0	1.0	3.0	0.0	9549.86	0.0	0.0	9549.86	1546.76	48580.0	-457517.2	72526.54	55526.54	17000.0	17000.0	345964.52	0.0	0.0	345964.52	9553.85999999999		-336414.66		Inactive	-1.578516153201418	-0.6660815723977233		-0.0318229469041754		-0.9909206226234074		-0.9999990230072033			2.597116279069767	0.2790931852095044	-0.9999960924525721	-0.6660815723977233	-0.972972972972973	-0.7358490566037736	-1.695005869502674	0.0	0.2790931852095044	-0.6666666666666666		0.39085002783646	-0.9909206226234074
ODYSSEY AIRLINES LTD	0.18201053142547607	No	No	No	51	U1	United Kingdom		-1028145.0401878	-1028145.0401878	1401923.69355476	-12092189.174774	0.104		3.0	0.0				1401923.69355476	0.0	0.0	1401923.69355476		2750.92875757449	-12094940.1035316	0.0				13494112.8683288	0.0	984659.833016536	12509453.0353122	1401923.69355476	-984659.833016536	-12092189.174774		Active	0.1204515505906342	0.0251845407994096			-0.242207537153323	0.0251845407994096	0.07111867033334644		-0.242207537153323			0.1128962190558234		0.0251845407994096		-0.0714285714285715	0.1204278695921676	0.02518454079940894	0.1097378153972137	0.0	0.07111867033334644	0.1204515505906342	0.0251845407994096
LIGHTSPEED NETHERLANDS B.V.	0.10389474779367447	No	No	No	62	U1	Netherlands		-2381296.0	-2468787.0	7722367.0	-4231867.0	0.575	-54.8	117.0	1129278.0	10521.0	1118757.0	0.0	6593089.0	3286.0	5971389.0	618414.0	618414.0	37143.0	-4269010.0	478207.0	478207.0	0.0	0.0	11476027.0				7722367.0		-4882938.0	189836.0	Active	1.129238043917418	-0.5694152493456778	0.4664179984145742	10.20605052256643		0.242043307004296		-0.2754631223744921		0.7143214665582179	-0.5694152493456778		0.5991520491437651	0.1962862825211561	0.6175142990983905	-0.1481481481481483	1.108521687248042	0.0	0.4059797368363987	0.21875		0.8419216583012763	0.242043307004296
STUFFLE GMBH	0.9034739136695862	No	No	No	47	U1	Germany				2138.95000000007	-1038793.37				0.0				2138.95	0.0	0.0	2138.95		838584.0	-1877377.37	1040932.32	1040932.32	0.0	0.0	0.0				2138.95000000007		2138.95		Inactive	0.01531445671088579	-0.8473864950658095		-0.004315792107669025		-0.904166631196885							-1.0	-0.8473864950658095			0.008416247084884426	0.0				-0.8473864950658095	-0.904166631196885
BRAINLAB AG	0.016433432698249817	No	No	No	32	C2	Germany	458028000.0	4097000.0	-10722000.0	716250000.0	210018000.0	1.777	29.322	2266.0	352087000.0	256593000.0	91073000.0	4421000.0	364163000.0	67199000.0	73519000.0	223445000.0	86336000.0	18864000.0	191154000.0	301336000.0	224421000.0	76915000.0	3389000.0	204896000.0	10028000.0	32688000.0	162180000.0	716250000.0	108030000.0	159267000.0	63203000.0	Active	-0.08902104181035043	0.1817484662576687	0.1922515568240789	0.4623417967233481	-0.01158021712907117	0.07256290497204972	-0.0172273834220258	0.02304097857376382		-0.1506531877299193	0.2936170212765957	0.02071899702935401	-0.0104050434386673	0.1671741387930924	-0.0741697079364434	0.3162962962962961	-0.09695432191499313	0.0	-0.1137256258975379	0.06285178236397748	0.2048448077802438	0.9707359928726985	0.07256290497204972
CLINICAL RESEARCH SERVICES TURKU - CRST OY	0.9456969499588013	No	No	No	72	U1	Finland	3481000.0	-784000.0	-784000.0	799000.0	-76000.0	0.754	-9.512	25.0	149000.0	3000.0	77000.0	69000.0	650000.0	68000.0	466000.0	116000.0	7000.0	60000.0	-136000.0	14000.0	0.0	14000.0	12000.0	862000.0	80000.0	374000.0	408000.0	799000.0			29000.0	Active	-1.152304609218437	-0.7404921700223713	-0.5210688591983555	6.0	0.7818181818181819	-0.5563575791227096	0.01907356948228883	-0.4	0.7818181818181819	-1.343306745587758	-0.9780564263322884	-0.5565217391304348	-0.4356060606060606	-0.5770982433311646	0.375	-0.3620981387478849	-1.309794988610478	0.0	-0.3369230769230769	-0.03846153846153846			-0.5563575791227096
STAROFSERVICE	0.48182693123817444	No	No	No	70	U1	France				529401.0	-643741.0	0.368			97319.0	3411.0	14905.0	79003.0	432081.0	0.0	0.0	432081.0	278181.0	32808.0	-676549.0	0.0	0.0	0.0	0.0	1173142.0	740627.0	142781.0	289734.0	529401.0	-142781.0	-741061.0		Active	0.02930708077235486	-0.6425735833635958	-1.0	-1.0		-0.6017529157589399	0.4595702486097481	-0.4999266969652544			-0.589712011846363	-0.65467240039475	2.196866171736417	-0.6673446840944348	0.4033518501082761	-0.6557530402245089	0.0278463127829601	0.0	-0.03478865417446572		17.29118626697412	-9.879235561945842	-0.6017529157589399
LENDABLE LTD	0.005744971334934235	No	No	No	64	U1	United Kingdom	64925624.0771874	12118822.4502349	11166120.2168118	10390926.5087293	4621657.40322795	1.801	44.478	2.0	0.0				10390926.5087293	0.0	0.0	10390926.5087293	7106465.57408055	4.61013207304534	4621652.79309588	0.0				5769269.10550131	2570255.81629347	0.0	3199013.28920783	10390926.5087293	0.0	4621657.40322795		Active	0.01863731197532218	-0.2031832750256555			-0.1888845702008333	-0.2031832750256555			-0.2526491384752554	0.2783973327201655	-0.2987104192467596	-0.009060846096955628		-0.2031832750256555		0.1740547588005215	0.01863731197532246	0.01863731197532337	-0.3215378026821381	0.0		0.01863731197532218	-0.2031832750256555
INTELLECTUAL INVESTMENTS LTD	0.032128073275089264	No	No	No	82	U1	United Kingdom				1.16663645359393	1.16663645359393		100.0		0.0	0.0	0.0	1.16663645359393	0.0					1.16663645359393	0.0	0.0				0.0				1.16663645359393		0.0		Active	0.02518454079940515					0.02518454079940515				0.0								0.02518454079940515					0.02518454079940515
SHARELOOK SP. Z O.O.	0.19410505890846252	No	No	No	58	LF	Poland								5.0																								Inactive																				0.0			
SPORTLYZER OU	0.5524998307228088	No	No	No	62	U1	Estonia	173817.0	-52851.0	-52851.0	435413.0	326400.0	0.949	74.963	2.0	393901.0	393901.0	0.0	0.0	41512.0	0.0	7044.0	34468.0	34468.0	12540.0	313860.0	65254.0	65254.0	0.0	0.0	43759.0	0.0	0.0	43759.0	435413.0	7044.0	-2247.0		Active	-0.1393562574653725	-0.2441228070175439	-0.5907030796048809	0.0	0.3087761874102323	-0.1000088880253495		-0.06433927888509622	0.3087761874102323	-0.04372950976515175	-0.2441228070175439	0.1136872645831212	-0.06433927888509622	-0.3390861327814043		-0.4065040650406505	-0.1441216652895604	0.0	0.1136872645831212	0.0	-0.5907030796048809	-1.0955438387618	-0.1000088880253495
CISCO OPTICAL GMBH	0.015835311263799667	No	No	No	72	U1	Germany	25299005.15	2418686.61	1736141.28	21278747.76	9727987.22	33.708	45.717	83.0	5474307.12	92354.61	5381952.51	0.0	15804440.64	0.0	0.0	15804440.64		25000.0	9702987.22	11081899.579	598010.419	10483889.16	10483889.16	468860.96	0.0	0.0	468860.96	21278747.76		15335579.68	2465259.49	Active	0.2172390825641967	0.2761131000393618		0.2198266524101593	-4.092109382041325	0.2055345614137135	-1.0	-0.1384770078593841	-3.394658833643085	0.009717958345296679		0.2132761211388749	0.03954632413912715	0.2761131000393618	0.0432455881487496	0.5628709198813054	0.2179207798262006	0.0	-0.1834827640175108	-0.03488372093023256		0.2984582158211328	0.2055345614137135
TRIMCO GROUP (DENMARK) A/S	0.0031400390435010195	No	No	No	46	U2	Denmark		4992018.43635562	4347168.53432296	64541478.3032983	53741517.1163423	2.134	83.267	104.0	43850598.3942783	857116.349185316	4156101.89668365	38837380.1484093	20690879.90902	1520348.36453018	941110.531181247	18229421.0133086	1057977.83552383	147593.610535981	53593923.5058063	1105610.31892408	0.0	1105610.31892408	1105610.31892408	9694350.86803197	6450914.188499	814045.850110725	2429390.82942225	64541478.3032983			245810.449547198	Active	-0.1066731100487384	-0.1653033703176627	-0.2779726550775034	-0.3226296613783449	-0.6696533008377119	-0.1162383967131647	0.0837251706663637	0.4969432876541778	-0.6763000347138483	0.01082852807283758	-0.7952133045676938	-0.006801822807169732	-0.08322731906064083	-0.1788985458760491	-0.01894871013981089	-0.04817127564674402	-0.1069306356608852	-0.002194032743976122	-0.1374640599624891	0.06122448979591837			-0.1162383967131647
MIRRIAD LIMITED	0.40442705154418945	No	No	No	73	NF	United Kingdom																																Active																							
TERAJOULE ENERGY GMBH	0.8246298432350159	No	No	No	35	U1	Germany				235226.56	192096.72		81.665	1.0	15804.7	0.0	0.0	15804.7	219421.86	0.0	0.0	219421.86	31653.65	75244.0	116852.72	43129.84	43129.84	0.0	0.0	0.0				235226.56		219421.86		Inactive	-0.7809210598570037	-0.1465415954760476		-0.2716804217075502		-0.7487046611090231				-0.1281999274078186	-0.5888148451251275		-0.9767221547095437	-0.1465415954760476			-0.8542245412019162	0.0		0.0		-0.1465415954760476	-0.7487046611090231
ENTROPYSOFT	0.06295360624790192	No	No	No	62	U1	France	424060.0	-418219.0	-955522.0	14347260.0	13442974.0	15.838	93.697		25429.0	0.0	0.0	25429.0	14321832.0	0.0	68471.0	14253361.0	3253212.0	173500.0	13269474.0	0.0	0.0	0.0	0.0	904287.0	497143.0	36235.0	370909.0	14347260.0	32236.0	13417545.0	123.0	Inactive	-0.06616799213920745	-0.2625918322305171	0.7171841300095301	-1.0	-1.727396848090192	-0.2646446940517102	-0.8373324953424166		-1.088011246758603	0.2698995703617365	0.8913847313048251	-0.9229263984706175	-0.8206421306549676	-0.2605748027040501	-1.0	3.116974265661554	-0.06717197440139698	0.01759530791788856	-0.8204053301238988		-1.176267627582964	-0.06391726584248873	-0.2646446940517102
BULLITT GROUP LIMITED	0.5841038823127747	No	No	No	na	NF	United Kingdom																																Active																							
WIN LOCAL GMBH	0.04080754891037941	No	No	No	63	U1	Germany				3691519.49	2411623.5	3.333	65.329	44.0	38236.0	14340.0	23896.0	0.0	3653283.49	0.0	0.0	3653283.49	2478389.43	105108.0	2306515.5	183796.55	5000.0	178796.55	178796.55	1096099.44			143285.5	3691519.49		2557184.05		Active	-0.2866481264428663	-0.2028077194057455		-0.3948836551451625		-0.2043547423339769		-0.2110909390988612		-0.103424140533864	0.2500159720180836	-0.05802663234109322	-0.3288043955272351	-0.2028077194057455	-0.3839649394173756	-0.3051907442151344	-0.2958461822605756	0.0	0.1474781049162767	-0.02222222222222222		-0.2950489494686215	-0.2043547423339769
B2X CARE SOLUTIONS GMBH	0.042524561285972595	No	No	No	74	C2	Germany	65457906.0	-598185.8	-1435632.47	25455395.67	-282980.9	1.734	-1.112	467.0	954785.56	347392.18	607393.38	0.0	24500610.11	2522707.08	9606790.47	12371112.56	2542034.89	70368.0	-353348.899999999	11608182.99	6999948.71	4608234.28	4608234.28	14130193.58	1000.0	5048419.98	9080773.6	25455395.67	7081077.57	10370416.53	616004.59	Active	-1.761514506471521	-0.01483216133497512	-0.0436374123358769	0.3361880654134307	-5.763475333180439	-0.00705566190574135	-0.3153091759605216	-0.3310762457189794	7.048361226231704	-1.766896551724138	0.4038888878395765	-0.01317391871332323	-0.02881963345463031	-0.006187758204472408	0.3096339330583475	0.1661062542030934	-2.168559986668394	0.01654074512806437	-0.147609531127118	-0.4681093394077449	0.4994314589182918	0.2840997653734399	-0.00705566190574135
BMEYE B.V.	0.3068312704563141	No	No	No	72	U1	Netherlands				2054857.0	-10168177.0	0.65		10.0	1749090.0	0.0	169758.0	1579332.0	305767.0	0.0	305767.0	0.0		250458.0	-10418635.0	11752604.0	11752604.0	0.0	0.0	470430.0				2054857.0		-164663.0		Inactive	-0.286165298717914		0.05005288606829858	-0.1838972141091031		2.902973494021672							6.433667809922097	0.05005288606829858	-0.2785250729940967	-0.1740787801778907	-0.2812206362237752	0.0	0.271294995135661	-0.1666666666666667		1.088359882305195	2.902973494021672
FENIX BIOTECH S.L	0.2644903063774109	No	No	No	na	NF	Spain																																Active																							
CHEMIST DIRECT LIMITED	0.8954395055770874	No	No	No	47	U1	United Kingdom				116.714973661594	116.714973661594		100.0		116.714973661594	0.0	0.0	116.714973661594	0.0					116.714973661594	0.0	0.0				0.0				116.714973661594		0.0		Active	-0.02293600231502189					-0.02293600231502189				0.0			-0.02293600231502189					-0.02293600231502189					-0.02293600231502189
TAPTAP DIGITAL SL	0.0024783634580671787	No	No	No	73	C2	Spain	25300647.0	4194950.0	3043144.0	29722038.0	17618283.0	1.756	59.277	124.0	10439757.0	9150686.0	615285.0	673786.0	19282281.0	0.0	8235316.0	11046965.0	10944844.0	135459.0	17482824.0	1123393.0	224187.0	899206.0	895690.0	10980362.0	1371362.0	4109845.0	5499155.0	29722038.0	4125471.0		2306508.0	Active	0.3180309391908087	0.1576423130661627	0.09333510703054543	-0.2587677944014648	0.1978418601463697	0.2110189463390784	0.1798538246648127	0.3106913457313052	0.01672930019725553	0.0883702996474736	0.1588542331182073	0.1586498601505423	0.3979190071865957	0.1292743806270363	3.511118605793552	-0.006787330316742088	0.3212867768342079	0.0	0.136648019559639	0.1272727272727273	0.01890199355979271		0.2110189463390784
FLASHPOINT	0.5179227590560913	No	No	No	na	NF	Ireland																																Active																							
DIVITEL B.V.	0.06820383667945862	No	No	No	71	U1	Netherlands				6929610.0	4053549.0	1.142	58.496	32.0	4066990.0	3565398.0	501592.0	0.0	2862620.0	985849.0	1876147.0	624.0	624.0	18152.0	4035397.0	370316.0	370316.0	0.0	0.0	2505745.0				6929610.0		356875.0		Active	0.09849924622209985	-0.9990336922402699	-0.1257257864589449	-0.2853898152668721		-0.07845269217337554		0.2805595761874832		0.1920200517596234	-0.9990336922402699		0.2549277712773573	-0.3309637784366453	0.09861881962301179	-0.1160990712074304	0.09898617265539321	0.0	-0.2432635752277386	0.103448275862069		-0.6311255129358017	-0.07845269217337554
SELLBOX SP. Z O.O.	0.15812356770038605	No	No	No	63	NF	Poland																																Inactive																							
XERCISE4LESS (LEEDS) LTD	0.17265693843364716	No	No	No	93	U1	United Kingdom				580336.835252011	279571.288257391	1.858	48.174		21649.965791428	0.0	21649.965791428	0.0	558686.869460583	0.0	0.0	558686.869460583		1.10877628758722	279570.179481103	0.0				300765.54699462	300765.54699462	0.0	0.0	580336.835252011	0.0	257921.322465963	19196.2438669975	Inactive	-0.1891090594975487	0.01917944285208437				-0.1076924548094612				-0.09124521325762583		-1.0	-0.7881698877068682	0.01917944285208437	-0.7881698877068682	0.03567447045707919	-0.1891096257116585	-0.0158350851680711	-0.01584234138931376			0.06330310098870853	-0.1076924548094612
UAB WEBROBOTS	0.05031660944223404	No	No	No	62	U1	Lithuania				1063747.0	1016987.0	22.588	95.604	8.0	7509.0	7272.0	0.0	237.0	1056238.0			1013578.0	264921.0	2900.0	1014087.0	0.0				46760.0				1063747.0				Active	-0.1355348999307229	-0.1670921962503544				-0.1407487764470397		inf		0.006061371385275849	-0.2637790789769869		0.825674690007294	-0.1439702402178494	-1.0	0.1269207742965476	-0.1358698291912896	0.0	-0.240391175801683	0.0			-0.1407487764470397
DECALOG	0.07417318224906921	No	No	No	58	U1	France	5463364.0	343142.0	337990.0	5268324.0	2616340.0	1.153	49.662		3057280.0	2819562.0	164255.0	73463.0	2211044.0	13611.0	876574.0	1320859.0	848476.0	361080.0	2255260.0	734798.0	681798.0	53000.0	53000.0	1917186.0	263386.0	354048.0	1299752.0	5268324.0	536137.0	293858.0	14805.0	Inactive	-0.05834412473735318	-0.2019046364562475	-0.2248572982389431	0.07773563430810886	-0.5646063602070246	-0.08086735802079716	0.6191491015855449	-0.0004477413522639653	-0.3896640705554763	0.02450798366134428	-0.4397678982217327	-0.2736989746025537	0.04055335895735007	-0.2085646562246529	2.727646151053014	-0.06260162601626013	-0.06705893935796234	0.0	-0.1560191741588194		-0.4172658273525956	-0.4371776332800245	-0.08086735802079716
CICERO NETWORKS LIMITED	0.2190486043691635	No	No	No	62	U1	Ireland				208584.0	186986.0	9.61	89.645	4.0	1038.0	0.0	1038.0	0.0	207546.0	0.0	57504.0	150042.0	133545.0	2843.0	184143.0	0.0				21598.0	152.0	15975.0	5471.0	208584.0	41529.0	185948.0		Inactive	-0.5265386115148354	-0.6046751207379439	0.7258621207119061			-0.497766744599856	0.2887221684414327			-0.05729128327006201	-0.6020519452655669	-0.2134847613571018	-0.5768446799836935	-0.4972969045196919	-0.5768446799836935	-0.5256429241324844	-0.5303564733697025	0.0	0.05981647774670003	-0.2	0.9848492090044448	-0.5262241993879958	-0.497766744599856
CROWDCANDO LTD	0.736315131187439	No	No	No	96	U1	United Kingdom				14593.0891742154	4558.28530243582	1.213	31.236		2423.45384767493	0.0	2423.45384767493	0.0	12169.6353265405	0.0	0.0	12169.6353265405	12169.6353265405	26.7919520848485	4531.49335035097	0.0				10034.8038717796	0.0	0.0	10034.8038717796	14593.0891742154	0.0	2134.83145476088	606.472369920662	Inactive																							
TIEMPO	0.19685250520706177	No	No	No	62	U1	France	2882711.0	-2259093.0	-2167043.0	7321963.0	667207.0	0.583	9.112		4781105.0	4615872.0	106048.0	59185.0	2540858.0	0.0	511933.0	2028925.0	1706340.0	69200.0	598007.0	2296563.0	2176563.0	120000.0	0.0	4358193.0	3240647.0	120107.0	997439.0	7321963.0	391826.0	-1817335.0	1530250.0	Active	-0.7011562159034107	0.6563234464556715	0.189360797533612	-0.3656032998220478	0.7312025883440223	0.1374651084465522	-0.3953473152166252	-0.009430840431965369	1.375630483327615	-0.7372852035520701	2.69666521515894	1.585726951273889	-0.0001252691509135655	0.5349054962473964	0.02111597900919551	-0.7942110836569007	-0.7235835904869494	0.0	6.457729993531673		0.690442600813671	-2.69686124530578	0.1374651084465522
SPORT STYLIST LTD	0.3015405237674713	No	No	No	46	U1	United Kingdom				93921.8908235202	70899.1090388288	4.016	75.487		1456.63316465457	0.0	1456.63316465457	0.0	92465.2576588656	0.0	0.0	92465.2576588656	91043.0114905438	13.7547985330932	70885.3542402957	0.0				23022.7817846914	0.0	0.0	23022.7817846914	93921.8908235202	0.0	69442.4758741742	1456.63316465457	Inactive																							
SCOTTISH & NEWCASTLE LIMITED	0.008728818967938423	No	No	No	70	U2	United Kingdom		20202751.2771029	13520364.8372237	1673819092.28886	1392537646.51709	0.391	83.195		1617170941.9083	422979.61770191	0.0	1616747962.2906	56648150.3805628	0.0	0.0	56648150.3805628	4702334.71450624	3441463.59252834	1389096182.92456	136409197.909338	0.0	136409197.909338	64541.8490226347	144872247.862431	144777740.154934	94507.7074974294	0.0	1673819092.28886	-94507.7074974294	-88224097.4818686	104880.504661781	Active	-0.01090518306784402	0.3994980439105254		0.6074911692820103	-0.9761030021097393	0.02804140735026588	12.92137659699608	-0.1837556910590753	-0.983755299323843	-0.03788553387841023	0.08286613675333784	-1.0	0.01857125324009235	0.3994980439105254		0.3076923076923078	-0.01097624633577096	0.01863731197532065	0.06984919601933437		12.92137659699608	-0.0707015033657868	0.02804140735026588
STREAMCORE SYSTEM	0.6705187559127808	No	No	No	62	LF	France	1505297.0		-2386207.0	1866059.0	-2349186.0			13.0										1962678.0	-4311864.0													Inactive																							
BUZZSUMO LIMITED	0.0034905902575701475	No	No	No	63	U1	United Kingdom				18248275.4119382	15870294.3740152	7.461	86.969		529732.988518366	529732.988518366	0.0	0.0	17718542.4234198	0.0	110006.971527008	17608535.4518928	529514.007244896	1152.53301826133	15869141.840997	3167.16073418215	0.0	3167.16073418215	3167.16073418215	2374813.87718879	1725838.67006809	62786.5412358227	586188.665884879	18248275.4119382	47220.4302911851	15343728.546231	149843.122770193	Active	0.1177304529089043	0.1107280855532892	inf	0.01863731197532261		0.142540199514038	29.84619502194533	3.471996241586509		-0.02171003048403252	5.242715240404206	-0.1670662815569405	3.469434814104055	0.1176672107982887		-0.1670202076588144	0.1177383499445929	0.0186373119753145	0.3417910741321337		-24.19877115560919	0.08950093166442676	0.142540199514038
DEZIDE APS	0.02192322164773941	No	No	No	62	U1	Denmark		355298.07336298	277073.45977891	1330623.48698666	676783.792312262	1.935	50.862	13.0	65477.8926741443	60781.7323389086	0.0	4696.16033523576	1265145.59431251	0.0	165439.019809877	1099706.57450264	577091.017195686	25895.9698485858	651021.998473255	0.0				653839.694674396	0.0	55280.5159462038	598559.178728192	1330623.48698666			16503.6491781143	Active	0.6894707280427635	0.720601242926656	-0.6383613293278426		-1.729081181372504	0.1289494326614976	0.1645780694319595	-0.215267182001772	-1.728853669042693	0.496513372760173	8.170007404205476	-0.07401447473910504	-0.2030616824534537	0.1538278716282821		0.3733144073811214	0.7377439171307391	-0.002194032743975147	-0.159642502862322	0.08333333333333333			0.1289494326614976
ADWINGS	0.5691260099411011	No	No	No	63	NF	United Kingdom																																Active																							
INTELICLINIC SP. Z O.O.	0.25334611535072327	No	No	No	26	U1	Poland		-54275.6226497978	-54275.6226497978	313234.737495867	-38176.9210163832	1.128	-12.188		3679.70323049476	0.0	459.962903811845	3219.74032668292	309325.052813466	51975.8081307385	256659.30032701	689.944355717768	689.944355717768	1141627.927261	-1179804.84827738	77043.7863884841	77043.7863884841	0.0	0.0	274137.89067186	225611.80431971	48526.0863521497	0.0	313234.737495867	260339.003557505		229.981451905923	Active	-1.470443627933473	-0.5950925702349699	-0.1007429022531872	0.07975314604007801	9.617572602727446	-0.1092527044781432	0.287163354883935		9.617572602727446	-1.528144906183646	-0.5950925702349699		0.01623825509654163	-0.1112191056157263	-0.2801645693066162	-0.3546910755148742	0.2088899256188518	0.07975314604007354	0.3765409091762275		-0.1570478887466403		-0.1092527044781432
NIOX HEALTHCARE LIMITED	0.018351705744862556	No	No	No	46	U1	United Kingdom	5079213.0114777	-4619352.33719143	-4619352.33719143	174916478.582468	164835272.271736	6.809	94.237	29.0	162163700.735406	677689.414737664	108338.103716565	161377673.216952	12752777.8470617	0.0	288133.254565333	12464644.5924963	8185289.49569199	161381130.816007	3454141.45572922	8208340.15605722	8208340.15605722	0.0	0.0	1872866.15467467	201693.278195733	541690.518582827	1129482.35789611	174916478.582468	-253557.264017493	10879911.692387	636198.226080256	Active	0.002204852328346767	-0.1827475868684669	0.6753903157488803	-0.06739491761302965	-1.90485335691425	-0.0001776648586612166	2.256867596111576	-0.1783830734684647	-1.90485335691425	0.002382649208088132	0.05672833620343722	-0.05377766280965437	0.01654933342944805	-0.1731791478134572	-0.6043309614641326	-0.2612563740913529	-0.4285181535024254	0.01863731197532033	0.1191924489248792	-0.1212121212121212	-45.82004172691406	-0.2087602875794407	-0.0001776648586612166
FILAO	0.2755265235900879	No	No	No	81	U1	France	2160770.0	328583.0	199788.0	2122043.0	216901.0	1.685	10.221		1165176.0	1043505.0	96308.0	25363.0	956868.0	0.0	141377.0	815491.0	312870.0	15000.0	201901.0	1337318.0	1010199.0	327119.0	235743.0	567824.0	342101.0	97568.0	128155.0	2122043.0	43809.0	389044.0	132965.0	Active	2.041535203960007	0.5641460397226511	0.6596076866188503	1.272769451181066	0.9781525050269105	0.4291218419539107	0.7504440338003912	0.2574409782807786	2.645167764418253	1.128044971892567	0.3198481333052099	-0.7880975490382501	0.3266173748101459	0.5775531199303605	2.400346008544293	1.292517006802721	2.585335535311562	0.0	-0.3118410926696843		0.4876731866340668	-2.779845642158814	0.4291218419539107
ITALIAONLINE S.P.A.	0.035962462425231934	No	No	No	58	U2	Italy	288242000.0	6277000.0	3918000.0	484313000.0	149581000.0	0.939	30.885	761.0	290119000.0	276941000.0	11960000.0	1218000.0	194194000.0	249000.0	120241000.0	73704000.0	38960000.0	20000000.0	129581000.0	127952000.0	83303000.0	44649000.0	39283000.0	206780000.0	19231000.0	137482000.0	50067000.0	484313000.0	-16992000.0	-12586000.0	31850000.0	Active	0.1081715809749593	0.009519374323713515	0.04543755162370126	1.488612272683069	-0.1302480254953582	0.004800839835767294	-0.02553088939922316	-0.009137909443818315	0.06641262928688078	0.1028781602628196	0.009954375777685608	-0.02776860788007068	-0.01157010714954943	0.03029434859192292	-0.07150065988665476	0.4717868338557993	0.1269873021395025	0.0	-0.3004830787134139	-0.08862275449101796	-0.3364832676012339	-0.8825056011949216	0.004800839835767294
TAME GMBH	0.5182549357414246	No	No	No	62	LF	Germany								1.0																								Active																							
TAPCROWD	0.1328313648700714	No	No	No	63	U1	Belgium		19021.0	18661.0	1095016.0	796934.0	3.672	72.778	2.0	478.0	0.0	478.0	0.0	1094538.0	0.0	1060984.0	33554.0	25310.0	1197750.0	-400816.0	0.0	0.0	0.0	0.0	298082.0	0.0	278358.0	19723.0	1095016.0	782626.0	796456.0	1307.0	Active	0.02397744750235457	-0.2579339628900635	0.3606109376302442		-0.4583997722095672	0.3244233399896225	9.534685690496916		-0.4607114990029766	-0.2268516551225938	-0.1556860259532308	-0.1071929745145082	-0.7322128851540616	0.326709511007246	-0.7322128851540616	-0.7840635107321375	-0.04448634847679372	0.0	5.144247021478336	0.0	0.03884453954407045	0.02571578697932228	0.3244233399896225
MICROPELT ABWICKLUNGSGESELLSCHAFT GMBH	0.6335316300392151	No	No	No	27	U1	Germany	1958104.22	-3569613.49	-3569330.49	7297962.95	523859.07	0.533	7.178	27.0	5783839.0	488694.0	5295145.0	0.0	1514123.95	260219.92	92148.49	1161755.54	240319.1	29625.0	494234.070000003	3934175.72	3696617.72	237558.0	237558.0	2839928.16	0.0	790025.18	2049902.98	7297962.95	-437656.77	-1325804.21	777544.72	Inactive	-1.371317337031175	-0.1845960180161904	0.05212217605038404	-0.4126302840823206	0.5250108068540827	0.1268346212983595	0.06654286343699534	-0.09151512672841045	0.5241890814770513	-1.329507895703268	-0.6383119937061957	3.569153827554024	0.1998771120694035	-0.08576060275252775	0.236479233691293	-0.6170977011494252	-1.343113904762716	0.0	1.387750128407874	0.2272727272727273	-0.1407346158731829	-3.840301766000968	0.1268346212983595
SIMSCALE GMBH	0.004378129728138447	No	No	No	72	U1	Germany	4230647.1	-11922930.75	-11905368.4	27995554.44	25622166.01	14.706	91.522	74.0	37504.01	6.0	37498.0	0.01	27958050.43	0.0	623450.18	27334600.25	26002729.99	161124.0	25461042.01	472245.16	0.0	472245.16	472245.16	1901143.27	0.0	297139.57	1604003.7	27995554.44	326310.61	26056907.16	19155.31	Active	-0.3172435542908345	-0.2954118421327615	0.6189319606809335	0.3193664841494057	0.3341281339035675	-0.2860191635751232	-0.154191095361975	0.0	0.3321629773725308	-0.04373720065198304	-0.3074154491429165	0.6472665871763097	0.2391052171985275	-0.2864248257838694	0.2391527048015598	-0.5026548073996415	-0.318611508822209	0.0	0.434776684367302	0.1384615384615385	8.656582775797004	-0.311669025686874	-0.2860191635751232
SWEETMOUNTFORD LIMITED	0.9800288677215576	No	No	No	na	U1	Ireland				3333.0	-142928.0	0.023			0.0				3333.0	0.0	0.0	3333.0	3333.0	1857187.0	-2000115.0	0.0				146261.0	0.0	146261.0	0.0	3333.0	-146261.0	-142928.0		Inactive	-0.136240572423129						-0.1160981918391027										-0.01114572451411731	0.0	-0.1160981918391027				inf
BUILDABRAND LTD	0.9252195954322815	No	No	No	96	U1	United Kingdom				126115.800907983	98462.8512129023	3.958	78.073		16669.0210733163	0.0	16669.0210733163	0.0	109446.779834667	0.0	0.0	109446.779834667	49924.5618783037	142.502317387181	98320.3488955152	0.0				27652.9496950809	0.0	0.0	27652.9496950809	126115.800907983	0.0	81793.830139586		Inactive	-0.7474351349760564	-0.7370761707893205				-0.706516683784691				-0.139425938581601	-0.8772669205305276	-0.30640082723118	0.2391021549248398	-0.7370761707893205	0.2391021549248398	-0.620917536634422	-0.7477160298585879	0.08959219112475961	-0.30640082723118			-0.7826939534214252	-0.706516683784691
CALCIVIS LIMITED	0.1868017166852951	No	No	No	72	U1	United Kingdom	5186.398582176	-2575874.4147575	-2669375.96092998	1208093.17747266	-1456378.75546462	0.447		7.0	18208.8691555108	0.0	18208.8691555108	0.0	1189884.30831715	340178.188070961	0.0	849706.120246187	539199.894730364	43.7962546939307	-1456422.55171932	0.0				2664471.93293728	2391796.45121287	88190.674024339	184484.807700073	1208093.17747266	251987.514046622	-1474587.62462014	2152.93167811217	Active	-2.413113315559389	-0.2523826203432754	-1.0		0.484222251692671	-0.03717962650727887	-0.1055494018447883		0.6239908209432983		-0.4076136131559304	0.4696542091700284	17.37151928298871	-0.05094196543823346	17.37151928298871	-0.9200929567393636	-2.413214766762337	0.01863731197532102	10.88822440073415	0.0	12.54536094244376	-2.432158553745309	-0.03717962650727887
COMMUNITY LINK LONDON LIMITED	0.5841038823127747	No	No	No	na	NF	United Kingdom																																Inactive																							
ZWIPE AS	0.014388732612133026	Yes	No	No	26	C1	Norway	263484.450753153	-8811913.10527945	-8901876.89444238	8475016.06693043	5436357.83514433	2.675	64.146	15.0	346596.398407136	0.0	346596.398407136	0.0	8128419.6685233	2123003.0483177	5873.00700766906	5999543.61319793	3755432.04158572	519761.120178712	4916596.71496562	0.0				3038658.23178611	935587.813312613	724871.44067382	1378198.97779967	8475016.06693043	1404004.61465155	5089761.43673719	228424.378616462	Active	0.04646163607286256	0.2172085882783639	-0.9727789860849353		-0.1080226368215011	0.317637493068543	1.287198986943944		-0.1065269355720822	-0.2057993264659271	-0.217400982349287	0.4979397245277113	0.07682132327529241	0.3303232712556992	0.07682132327529241	-0.4585020242914981	0.01625874121876056	0.4557008071199605	1.456496880500479	-0.6511627906976745	0.6245411111087352	0.04445637663013552	0.317637493068543
PLOT LEARNING LIMITED	0.24914954602718353	No	No	No	62	U1	United Kingdom				6665097.96435191	-994187.169034112	1.595	-14.916	21.0	87859.515598919	0.0	87859.515598919	0.0	6577238.44875299	0.0	174380.739941416	6402857.70881158	5261189.91716668	567.268785161417	-994754.437819274	3535033.83850223	0.0	3535033.83850223	16734.4291622618	4124251.2948838	0.0	498600.319871929	3625650.97501187	6665097.96435191	-324219.579930512	2452987.1538692	34818.7264949281	Inactive	-1.322453243120848	0.6027677888046028	348.3810482600567	226.188123237491		0.6346970903919805	1.913321557679491			-1.19725201338288	0.6059171246924606	3.49072065368065	0.07285325435735003	0.6462132215034968	0.07285325435735003	-0.6093558657849621	-1.322693174861867	0.06125347420538565	3.214827810110427	-0.3823529411764706	0.8999558105604132	-0.1869084211293955	0.6346970903919805
MAEGLIN SOFTWARE	0.4228033423423767	No	No	No	62	U1	France	1309359.0	-701965.0	-581555.0	1803484.0	431898.0	1.109	23.948		915394.0	840569.0	5923.0	68902.0	888089.0	0.0	198850.0	689239.0	54948.0	509687.0	-77789.0	571091.0	571091.0	0.0	0.0	800493.0	261315.0	159469.0	379709.0	1803484.0	39381.0	87596.0	422991.0	Active	-0.5330837480175697	0.1942898432193405	-0.2484144322571379	0.4421344228846174	-0.2152799980325127	0.04664412217204812	0.2627307208070378	-0.0332186632714207	-0.2332494360334728	-0.5538914347453523	-0.855084618366814	0.7597369494290375	0.03853990814863222	0.05513101085202796	0.2004458856911228	-0.4701385570950788	-1.187301656096351	0.0	0.9907511949585432		-0.715218570343855	-0.8007279676054415	0.04664412217204812
LOPHIUS BIOSCIENCES GMBH	0.7266641855239868	No	No	No	72	U1	Germany	381599.46	-2455413.58	-2455328.71	1851858.06	1038023.25	3.243	56.053	28.0	366002.63	126433.63	239569.0	0.0	1485855.43	266351.52	11298.21	1208205.699	1054407.399	840117.0	197906.250000001	355679.741	55682.0009999999	299997.74	299997.74	458155.069	0.0	263890.099	194264.97	1851858.06	13759.631	1027700.361	103401.15	Inactive	0.7265671127303145	0.5832644124497508	-0.3194504938951965	-0.02756127868020335	0.1986241760700347	0.2894581349856152	0.1348919294200613	-0.1189516948107863	0.1981873525383771	0.3389947924131669	0.5253022475714823	-0.1791414383908507	-0.1725178840548078	0.495060021180602	-0.1982434842662366	0.5311614730878187	-2.820655126279509	0.1834183914231019	-0.02350899476483845	0.03703703703703703	-8.68007553021013	0.9587998064034798	0.2894581349856152
YK RENNES	0.42325475811958313	No	No	No	58	LF	France	90000.0																															Inactive																							
MEDICHANICAL ENGINEERING APS	0.7634797096252441	No	No	No	32	U1	Denmark		-509312.367677229	-459024.81162695	1925007.64560469	214292.038848924	0.832	11.132	2.0	1747459.04770984	1746252.14636463	0.0	1206.9013452067	177548.597894853	19042.2212243724	0.0	158372.276521013	49214.75485454	10325.7115089907	203832.227190466	1497228.16880365	1242706.0851145	254522.083689147	254522.083689147	213487.437952119	0.0	105939.118079255	107682.420022331	1925007.64560469			284828.717468782	Active	-0.5032499632653028	-0.352184237043131		-0.09235534463840758	-0.06781173680136328	-0.1590646865510886	0.7352686908986932	-0.1426728877783557	-0.06912475381124536	-0.4092862828336429	-0.7780572815590897	-0.2686977348229499	-0.1425898098392904	-0.2928050354766371		-0.3095435684647304	-0.4987466436376612	-0.5826807725891817	0.02491332193368328	1.0			-0.1590646865510886
MATCH CAPITAL LIMITED	0.48058775067329407	No	No	No	64	U1	United Kingdom				147.642987692056	147.642987692056		100.0		0.0				147.642987692056	0.0	0.0	147.642987692056	147.642987692056	147.642987692056	0.0	0.0				0.0				147.642987692056				Inactive																							
YOUHELP GMBH	0.6276785731315613	No	No	No	63	U1	Austria				153334.34	134801.07		87.913		77462.95	73835.71	3627.24	0.0	75871.39	0.0	0.0	75871.39	59710.75	20163.04	114638.03	18533.27	15633.27	2900.0	2900.0	0.0				153334.34		75871.39		Inactive																							
PROXLY LTD	0.9899117350578308	No	No	No	62	U1	United Kingdom				482.832554504795	-9490.20453996747	0.048			0.0				482.832554504795	0.0	0.0	482.832554504795	482.832554504795	38996.6384263716	-48486.8429663391	0.0				9973.03709447227	0.0	0.0	9973.03709447227	482.832554504795	0.0	-9490.20453996747		Inactive	-0.7456497504186018	399.0057136177016				-0.3855518992047604					399.0057136177016	-0.738222347176088	-1.0	inf			-0.01765095645516471	2.237175769016162	-0.738222347176088			-0.7508959962990115	-0.3855518992047604
BRAINSONIC	0.03592093288898468	No	No	No	62	U1	France	19820597.0	2434127.0	1474623.0	13413718.0	4028536.0	1.44	30.033	121.0	1821446.0	1191632.0	475187.0	154627.0	11592271.0	0.0	4490912.0	7101359.0	6618127.0	181073.0	3847463.0	1332367.0	1209713.0	122654.0	122654.0	8052814.0	654254.0	1478574.0	5919986.0	13413718.0	3012338.0	3539457.0	166954.0	Active	0.5773975072760896	0.6107610455513169	0.2008710831208393	-0.3182825452165776	0.5080584605471847	0.263224916961981	0.4254984174240503	0.0	0.1652833784946695	0.248721466882874	0.7616900720101621	0.3741961107836813	-0.03993139377736922	0.3291716663274637	-0.147634405516133	0.009110021023125367	0.6214590954299489	0.0	0.3179104949045782	0.01680672268907563	-0.08034085850867076	0.355523802666732	0.263224916961981
HOUSEKEEP LIMITED	0.4631446897983551	No	No	No	63	U1	United Kingdom				1937181.0388386	769493.860863293	1.629	39.722	48.0	35344.4274338464	0.0	35344.4274338464	0.0	1901836.61140475	0.0	249890.296800299	1651946.31460445	1605631.93834246	2.29352892079078	769491.567334372	0.0				1167687.17797531	32491.2774563826	587402.57249049	547793.328028433	1937181.0388386	-337512.27569019	734149.433429447	15563.8872564863	Active	0.0435584882104413	-0.05186661063029742	0.1623258326968903	-1.0		-0.02925431094473274	0.09342564108013565			0.07499120456821198	-0.06705945864420826	-0.01150087519429407	-0.07605712667193427	-0.02833958896005059	-0.07605712667193427	-0.05290697674418603	0.04355867179669296	-0.0146028295912944	0.02615011749039914	-0.04	0.04745427262055565	-0.1040136443623459	-0.02925431094473274
ASOKO INSIGHT LIMITED	0.007171647623181343	No	No	No	62	U1	United Kingdom				591124.964802092	-909358.924205357	0.8		2.0	1572.05503690846	0.0	1572.05503690846	0.0	589552.909765184	199686.71821094	371509.798172395	18356.3933818483	18356.3933818483	271.997792309675	-909630.921997666	763241.940683203	0.0	763241.940683203		737241.948324246	12487.6952528616	219930.960676701	504823.292394683	591124.964802092	351265.555706635	-147689.038559062	1168.66848051699	Active	0.02703180188654819	-0.6389327116410883	0.5601594059496132	0.1498226225924353		0.2121015713876485	1.136776774729628				-0.6389327116410883	-0.1673393768455789	-0.4157185477147448	0.2155844892934179	-0.4157185477147448	0.1695906432748538	0.02702927108718287	0.01863731197532117	0.03936544404585936		0.06048944328384892	-0.341625814859788	0.2121015713876485
SOCIALEXPRESS	0.8982834219932556	No	No	No	73	U1	Belgium		22470.0	-131856.0	21282.0	-18053.0	0.083	-84.828	1.0	18000.0	0.0	0.0	18000.0	3282.0	0.0	3273.0	9.0	9.0	385700.0	-403753.0	0.0	0.0	0.0	0.0	39334.0	0.0	4578.0	34757.0	21282.0	-1305.0	-36052.0		Inactive	-1.158632385504903	-0.9993895822029301	-0.8799119427627958		-1.133456871514352	-0.9000882595958837	-0.844227432032393		-0.2278692268503066	-2.587736537705654		-0.3324690788968273	-0.8947423819798958	-0.9218552822686255	-1.0	-0.8037825059101654	0.4849538058669491	0.0	-0.6035078877072728	-0.5	-0.3884723523898782	-0.369786386043422	-0.9000882595958837
GREEN APPLE MEDIA LIMITED	0.6125887036323547	No	No	No	na	U1	Ireland				17467.0	1526.0	1.334	8.736		0.0				17467.0	0.0	15972.0	1495.0	1495.0	1.0	1525.0	2850.0	0.0	2850.0		13091.0	0.0	13091.0	0.0	17467.0	2881.0	4376.0		Inactive	-0.5707454289732771	3.776357827476038	-0.489598312721695	-0.8575		-0.4473517686515219	0.6260091914047944			-0.2233285917496443	3.776357827476038			-0.4473517686515219		-0.6602139582272033	-0.5709060213843556	0.0	0.6260091914047944		-0.8760433697616384	-0.8142220335385268	-0.4473517686515219
CCURE A/S	0.6290936470031738	No	No	No	46	U1	Denmark		-1051805.73908323	-1051805.73908323	1878.4641340943	-1707255.54587257	0.003			0.0	0.0	0.0	0.0	1878.4641340943	0.0	0.0	1878.4641340943		492023.42712313	-2199144.79698612	1030203.40154115	420239.261998812	609964.139542336		678930.608465513	669001.583756729	268.352019156329	9526.49668004969	1878.4641340943			984583.558284572	Active	1.599525619853744	3.656427847194775		0.06656748107918366	31.05656138245882	-0.9980970871078076	-0.3347960218293168		31.05656138245882			0.5073239079825066	-1.0	3.656427847194775	-1.0	2.0	0.912529505710008	-0.002194032743973705	0.001368146433060248				-0.9980970871078076
HANSEN TECHNOLOGIES CDE LIMITED	0.017239416018128395	No	No	No	82	U2	United Kingdom	23241005.9274525	8737813.41069968	6990443.005903	10771126.5292004	7293052.85977286	3.089	67.709	102.0	207887.656375713	102632.105634302	75743.5391460947	29512.011595316	10563238.8728247	0.0	2642861.39427651	7920377.47854816	3776167.56632508	116.39064361617	7292936.46912924	58329.1710482434	0.0	58329.1710482434		3419744.49837928	2182934.45477573	46956.6412605075	1189853.40234305	10771126.5292004	2595904.753016	7143494.37444539	177138.412238757	Active	-0.4680338528639937	-0.4215561989088748	3.687042879728538	inf	1.152573633455211	-0.2696592021779796	0.897089808851176	inf	0.6981198420509869	-0.2716251250551318	-0.386872877775763	0.2171952502365609	-0.5771681038260635	-0.2590542685651603	-0.5515046972244816	-0.7749854312354312	-0.4680378190811838	-0.001610875928806384	2.293078233346873	1.04	3.815136009537714	-0.4595616219306984	-0.2696592021779796
JOBLEADS GMBH	0.2571161091327667	No	No	No	78	U1	Germany	7364700.02			2525373.5	-349354.68	0.19	-13.834	44.0	2021156.25	1890708.25	130448.0	0.0	504217.25	0.0	0.0	504217.25	158021.78	77300.0	-426654.68	214500.81	38122.4700000002	176378.34	176378.34	2660227.37			668210.96	2525373.5		-2156010.12		Active	-3.562675445738908	-0.5506753656456854		-0.1007527488564091		-0.2663565730337276		-0.113015757893343		-4.493434343434344	-0.7315648112237464	-0.3892829507038691	-0.128837731838993	-0.5506753656456854	-0.2327084718047656	-0.4808743169398907	-8.22847035622678	0.0	-0.1327356162534183	0.0		0.1083684307739437	-0.2663565730337276
CONCURRENT TOOLS LIMITED	0.6643113493919373	No	No	No	62	U1	United Kingdom				1.15552202359878	1.15552202359878		100.0		0.0				1.15552202359878	0.0	0.0	1.15552202359878		1.15552202359878	0.0	0.0				0.0				1.15552202359878				Inactive	0.03546110915966243					0.03546110915966243				0.0				0.03546110915966243				0.03546110915966243					0.03546110915966243
KOMPAN.PL SP. Z O.O.	0.37231364846229553	No	No	No	73	U1	Poland	3310123.03728195	2069.8330671533	2069.8330671533	1412316.09615427	916936.048748914	2.369	64.924	21.0	238950.728530254	104181.597713383	51285.8637750208	83483.2670418499	1173365.36762402	0.0	849551.483340479	323813.884283539	317144.422178267	17938.553248662	898997.495500252	0.0				495380.047405358		355321.343194651	139828.722758801	1412316.09615427	494230.140145828		44386.4202178431	Active	0.08192404957571958	-0.1161090525439361	0.2164099181067544		-0.9444698382036533	0.1029215019680823	0.2266313313470018	-0.239302993536304	-0.9444698382036533	-0.01903783391756302	-0.06058070133169446	0.05206716793648257	0.1074664548229438	0.1020005103213608	33.39785022384816	-0.03620829943043123	0.08196745651644742	0.07975314604007752	0.1434553965439166	-0.16	0.209165977509185		0.1029215019680823
DOVIDEQ MEDICAL B.V.	0.3898167908191681	No	No	No	72	U1	Netherlands				548214.0	-258346.0	0.392	-47.125		237772.0	0.0	237772.0	0.0	310442.0	0.0	310442.0	0.0				13631.0			13631.0	792929.0				548214.0		-482487.0		Inactive	6.488506913243862		-0.09698531636143624	2.090929705215419		-0.05743936783684248				6.944200944032366			-0.0002774998107955836	-0.09698531636143624	-0.0002774998107955836	-0.302491103202847			0.2962477379023755			0.8008151474095556	-0.05743936783684248
BAASBOX SOCIETA' A RESPONSABILITA' LIMITATA	0.07007016241550446	No	No	No	62	U1	Italy	1105577.0	8861.0	2997.0	650673.0	152588.0	2.231	23.451		96630.0	91238.0	5292.0	100.0	554043.0	0.0	473777.0	80266.0	27181.0	28031.0	124557.0	249729.0	69336.0	180393.0	0.0	248356.0	1642.0	62827.0	183887.0	650673.0	410950.0	305687.0	119157.0	Active	0.02003462775166955	-0.3232893805011297	0.5694476190476191	0.1003410352667477	-1.046040735737296	0.02263018762357098	0.5773392583665988	-0.5597259084109444	-1.015572066922997	-0.002509570395576395	-0.552406672485056	0.5688143054583923	-0.5521973056764309	0.3176221857037198	-0.3742461865909897	0.378011117974058	0.02465449160908193	0.0	-0.04378058499886419		0.5682480804750347	0.9015115700422991	0.02263018762357098
VC4AFRICA B.V.	0.05727168917655945	No	No	No	64	U1	Netherlands				776476.0	166667.0	5.946	21.465	8.0	4678.0	0.0	4678.0	0.0	771798.0	0.0	245947.0	525851.0	525851.0	18000.0	148667.0	480000.0	480000.0	0.0	0.0	129809.0				776476.0		641989.0		Active	-0.4290055466290268	-0.4324285234750829	1.001000715959386	0.0		-0.2828568393928339		-1.0		-0.2037614066325395	-0.4324285234750829		-0.8596459645964597	-0.2645375236443508	0.002571795970852979	0.761255924170616	-0.4571998145234018	0.0	-0.5824009316510427	0.3333333333333333		-0.1307546181144634	-0.2828568393928339
FRIENDZ SRL	0.09720153361558914	No	No	No	58	NF	Italy																																Active																							
BEATLY AB	0.21680496633052826	No	No	No	63	U1	Sweden	2481801.37144022	-320296.393133072	-257120.317841489	1345623.36687391	96431.3845392196	0.6	7.166	14.0	707103.404761418	596793.110671694	0.0	110310.294089724	638519.962112496	0.0	615538.650843804	22981.3112686925	13788.7867612155	5497.49014662841	90933.8943925912	184571.472463852	184571.472463852	0.0	0.0	1064620.50987084	34517.0282976833	118060.853968577	912042.627604582	1345623.36687391			196467.680649999	Active	-0.726615840432648	-0.9453628747836176	1.400374806996235	-0.1471714327181965	1.496326159756508	0.05206966356716509	-0.2594226291794557	0.05926997741282727	1.486633663896548	-0.7401551961708608	-0.9644186814252107	0.7680866301194819	0.1746422020802853	-0.05691083382264368		-0.3710691823899371	-0.7381293812937542	0.002323418675441172	0.4997399043461644	0.1666666666666667			0.05206966356716509
LAYA TECHNOLOGIES GMBH	0.5200536847114563	No	No	No	62	U1	Germany				6684618.52	6397138.04	19.666	95.699	2.0	4681619.92	0.0	19990.0	4661629.92	2002998.6	3941.8	0.0	1999056.8	53396.91	342894.0	6054244.04	185630.69	12977.93	172652.76	172652.76	101849.79			1562.0	6684618.52	3941.8	1901148.81		Active	0.2692821293206413	-0.1006549228073653		0.089180894184677		-0.0906882464414061				0.3958634169109818	-0.9634323022070254	-0.8861335110097669	-0.08643493169463688	-0.1004767418219097	-0.3748827318781662	17.90961538461539	0.2889401711503037	0.0	-0.9524265954516788	-0.75	0.0	21.14864937599501	-0.0906882464414061
CALLRESTO	0.9457226395606995	No	No	No	70	U1	France	3963.0	-166102.0	-166297.0	76085.0	53703.0	1.378	70.583	1.0	52758.0	51112.0	1646.0	0.0	23326.0	0.0	0.0	23326.0	9502.0	220000.0	-166297.0	5455.0	5455.0	0.0	0.0	16924.0	0.0	7885.0	9039.0	76082.0	-7885.0	6402.0	32635.0	Inactive																							
BLINQ AG	0.37273988127708435	No	No	No	62	LF	Switzerland								4.0										131878.817196493														Active																		0.003782304982701986		0.0			
OPPEX OY	0.9389528036117554	No	No	No	62	U1	Finland	649348.0	-695781.0	-695781.0	457.0	457.0		100.0	2.0	0.0				457.0	0.0	0.0	457.0	457.0	2500.0	-2043.0	0.0	0.0	0.0	0.0	0.0	0.0	0.0	0.0	457.0			1023645.0	Inactive	-0.9993480741797433	-0.9990635245901639	-1.0	-1.0	0.165462311557789	-0.9996726361031518	-1.0		0.165462311557789	0.9914368216668324	-0.9986519174041298	-1.0	-1.0	-0.9990841683366734			-1.002926934097421	-0.1666666666666667	-1.0				-0.9996726361031518
CUREVAC AG	0.33625638484954834	No	No	No	na	NF	Germany																																Active																							
FIRST V1SION	0.06068482622504234	No	No	No	26	NF	Spain																																Active																							
MORELE.NET SP. Z O.O.	0.095280222594738	No	No	Yes	47	U1	Poland	295038973.273782	1461709.47748807	1794032.13038993	71245060.3549135	16382370.4440286	0.81	22.994	267.0	35681202.6346683	10243561.6896915	6722982.35005222	18714658.5949246	35563625.8132997	22565705.3319017	12458968.7400554	538951.741342579	101807.149074609	213122.482914729	16169247.9611139	10967575.1735433	4843144.6498272	6124430.52371608		43895114.7373416	0.0	39896111.3691353	3999003.36820629	71245060.3549135	-4871437.29717823			Active	0.2159490316745349	0.3051894346928832	-0.1986356528953734	0.1308529319185968	7.761012599035745	0.247168091823138	0.4522552130597401	0.2486083077892516	2.894220208180773	-0.02505829976680098	0.2952181196665689	0.07574121011743322	0.3558233787390396	0.1543457887815393	-0.04283891009886004	-0.1069459757442116	0.2179231979975825	0.08279054650941314	0.2927795416299049	-0.1682242990654206	-2.666185497031478		0.247168091823138
IHS (HOLDINGS) LIMITED	0.7440432906150818	No	No	No	86	NF	United Kingdom																																Inactive																							
MADS AMSTERDAM B.V.	0.39599910378456116	No	No	No	56	U1	Netherlands				76469.0	-235050.0	0.101			44982.0	0.0	44982.0	0.0	31487.0	0.0	31487.0	0.0				0.0				311519.0				76469.0		-280032.0		Active	3.991717635066259		0.09269156024430872			-0.159718254142675							-0.2766771724448447	0.09269156024430872	-0.2766771724448447	-0.5167464114832535			1.255880137879095			1.562612101467843	-0.159718254142675
APPYOURSELF GMBH	0.13293658196926117	No	No	No	62	U1	Germany				267867.68	-1378534.16	0.109		2.0	90661.82	76019.0	2222.0	12420.82	177205.86	0.0	0.0	177205.86	43581.93	55315.0	-1433849.16	15050.0	0.0	15050.0	15050.0	1631351.84			1548591.84	267867.68		-1454145.98		Active	0.1354490798218385	0.3059800484980141		-0.3082686032081629		0.329421909620662		0.4640717986248868			0.6320919173834059	0.1464961328465381	0.3777592243125095	0.3059800484980141	0.5219178082191781	0.1237113402061855	0.1295468007589746	0.0	0.1704161769520617	-0.6		0.1557957988242572	0.329421909620662
WAKATI	0.3986765742301941	No	No	No	71	U1	Belgium		8002.0	8002.0	42569.0	42370.0		99.533		6138.0	6138.0	0.0	0.0	36431.0	0.0	0.0	36432.0	36404.0	392800.0	-350430.0	0.0				199.0	0.0	0.0	199.0	42569.0		36232.0	2600.0	Inactive	0.2327969972940732	0.6213618157543391			-1.022325015623605	0.2385870988390701		-0.2975509269855802	-1.022325015623605	-0.004669999999999988	0.8276935435284667	inf	-0.4841583326329943	0.6213894699363568	-1.0		-0.02232228797174352	0.0	inf				0.2385870988390701
ASYNC TECHNOLOGIES LIMITED	0.02483345940709114	No	No	No	58	C2	Ireland	17283027.0	948388.0	678069.0	15481550.0	7768312.0	1.318	50.178	112.0	6069975.0	2867476.0	3194751.0	7748.0	9411575.0	4511749.0	2299750.0	2600076.0	1687498.0	211896.0	7556416.0	571172.0	571172.0	0.0	0.0	7142066.0	250258.0	1173355.0	5718453.0	15481550.0	5638144.0	2269509.0	1026444.0	Active																							
ENGINEERING RESEAUX COMMUNICATIONS	0.04764335975050926	No	No	No	61	U1	France	17741000.0	-1554000.0	-509000.0	65085000.0	33952000.0	2.174	52.166	65.0	1117000.0	490000.0	545000.0	82000.0	63968000.0	169000.0	22467000.0	41332000.0	2227000.0	3459000.0	30493000.0	1710000.0	0.0	1710000.0	1710000.0	29423000.0	16490000.0	2567000.0	10366000.0	65085000.0	20069000.0	34545000.0	558000.0	Active	-0.01739356929933725	-0.02910431984214606	0.2982202704264417	0.1891515994436718	0.04435483870967742	0.0629940550075129	-0.3018765297797117	0.1583924349881797	-0.2851123595505618	-0.07561178742934105	0.5118805159538357	0.2770728101515338	-0.05258693808312129	0.0652633682492631	-0.2089985486211901	-0.08617065994115178	-0.01932848781115328	0.0	0.1658675753853469	-0.02985074626865672	0.454169987682052	-0.007669769045156843	0.0629940550075129
ZONG SA	0.05224644020199776	No	No	No	66	LF	Switzerland								4.0										179734.35822048														Active																		0.003782304982703978		0.0			
SELLPLEX LTD	0.5691260099411011	No	No	No	63	NF	United Kingdom																																Inactive																							
VISUP S.R.L.	0.30444416403770447	No	No	No	62	U1	Italy	736059.0	-35506.0	-35506.0	374082.0	25606.0	1.454	6.845	10.0	62018.0	52415.0	9603.0	0.0	312064.0	0.0	246958.0	65106.0	714.0	14063.0	11543.0	133780.0	65642.0	68138.0	0.0	214696.0	71320.0	65857.0	77519.0	374082.0	181101.0	97368.0	52506.0	Active	-0.5809988218353188	-0.4740014219234747	0.4872508280638362	-0.1609751202593965	-0.7337742187031372	-0.06654056913571621	0.7996174340756934	-0.4831020778477954	-0.7337742187031372	-0.5511181061053183	2.290322580645161	-0.1345814633710675	-0.4408863886334541	0.07672879589822859	0.00882445635045698	-0.09577114427860704	-0.7546600352823652	0.0	0.1915044758559069	0.0	0.3989494418910046	-0.1119056522889171	-0.06654056913571621
SPORTSFIX LIMITED	0.45508480072021484	No	No	No	63	U1	United Kingdom				565.954186719695	565.954186719695		100.0	1.0	0.0				565.954186719695	0.0	0.0	565.954186719695		0.0	565.954186719695	0.0				0.0				565.954186719695				Active	3.894148325168235	3.894148325168235				3.894148325168235				0.0				3.894148325168235			inf	-1.0					3.894148325168235
TRAXAIR	0.7561208009719849	No	No	No	63	LF	France	250000.0																															Inactive																							
ROCK CONTROL LIMITED	0.9400009512901306	No	No	No	62	U1	United Kingdom				529.544201327423	529.544201327423		100.0		0.0				529.544201327423	0.0	0.0	529.544201327423	529.544201327423	529.544201327423	0.0	0.0				0.0				529.544201327423				Inactive																							
ROUGE REEL LIMITED	0.8307597041130066	No	No	No	na	U1	Ireland								3.0										1000.0	-1000.0													Inactive																	-0.2947813822284908	0.0		0.0			
TECSPORT GAMES LIMITED	0.2646102011203766	No	No	No	93	U1	United Kingdom				1403884.90505358	-113462.610015224	0.481	-8.082		674056.950888333	671762.027120855	2294.92376747804	0.0	729827.954165247	721424.12300249	0.0	8403.83116275766	1969.60539237291	5703.28029996025	-119165.890315184	0.0				1517347.5150688	0.0	0.0	1517347.5150688	1403884.90505358	721424.12300249	-787519.560903557	1283.5783586784	Inactive	2.952495729702083	-0.4728150587585564				0.275767981535155		0.2243326195470059		2.097738597163664	-0.7440530992868737	0.3438200978172816	0.2233615527886103	0.3283224122459483	-0.007144743883609158	-0.01232032854209447	3.089994871564986	12.28267702066251	0.3438200978172816		0.3522605906127898	0.3585088519533929	0.275767981535155
FLASHBACKR LTD.	0.9015690684318542	No	No	No	62	U1	United Kingdom				2561.1285101182	-9228.93333019948	0.049			1989.08248854207	0.0	1989.08248854207	0.0	572.046021576135	0.0	0.0	572.046021576135		0.0	-9228.93333019948	0.0				11790.0618403177	0.0	0.0	11790.0618403177	2561.1285101182	0.0	-11218.0158187415		Inactive	-4.187727350399189	-0.9550198439367997				-0.8353070141178103						-0.06840505948993515	-0.297933985582137	-0.9550198439367997	-0.297933985582137	-0.9512437810945273	-4.36419587068258	-1.0	-0.06840505948993515			-182.0504357181114	-0.8353070141178103
HORIZON ENERGY INFRASTRUCTURE LIMITED	0.014473852701485157	No	No	No	77	U1	United Kingdom	50160542.0207698	6117645.26093116	4119153.00726601	258922305.2175	9477279.00916295	0.897	3.66	21.0	241274719.641882	66846.9150591574	241207872.726823	0.0	17647585.5756175	0.0	8866436.50948444	8781149.0661331	5909036.78462586	115253.301826133	9362025.70733682	229771287.586616	221220645.124135	8550642.46248084	8550642.46248084	19673738.621721	46101.3207304534	5309719.61512997	14317917.6858606	258922305.2175	3556716.89435448	-2026153.04610343	18803576.1929337	Active	0.8017325481551022	-0.1768139923695392	0.2111865287521096	0.1338148165374573	0.874151421824961	0.1714279551469163	0.004250395093155483	inf	0.6654207470264425	0.5378151260504203	0.3188266410347173	1.543624387270245	0.240652490972532	-0.3354901788954463	0.2403087591808015	-0.5568181818181818	0.8189472159102115	0.01863731197531448	0.4997532271363414	0.2352941176470588	-0.6645486346434901	-1.150763124638207	0.1714279551469163
HOME24 SE	0.0028241444379091263	Yes	No	No	46	C2	Germany	552200000.0	-50200000.0	-39600000.0	447700000.0	161600000.0	1.241	36.096	2731.0	274400000.0	82600000.0	161300000.0	30500000.0	173300000.0	63300000.0	29200000.0	80800000.0	50600000.0	33700000.0	127900000.0	146400000.0	110400000.0	36000000.0	6600000.0	139700000.0	0.0	58000000.0	81700000.0	447700000.0	34500000.0	33600000.0	62000000.0	Active	-0.2521980564553448	-0.3409461663947798	0.03546099290780142	-0.1089470480827754	0.006012024048096192	-0.1565561416729465	-0.1278195488721804	-0.04065040650406504	-0.0198019801980198	-0.1133818038907449	-0.4985133795837463	0.1070460704607046	-0.07640525075732077	-0.2584510055626872	-0.1132490379329302	-0.2014157014157014	-0.2991780821917808	0.002976190476190476	-0.0711436170212766	-0.0956953642384106	-0.226457399103139	-0.5966386554621849	-0.1565561416729465
OMEICOS THERAPEUTICS GMBH	0.6634243130683899	No	No	No	72	U1	Germany				2837231.82	609727.91	42.588	21.49	6.0	123129.85	26273.0	96336.0	520.85	2714101.97	0.0	0.0	2714101.97	2661223.15	406035.0	203692.909999997	2163774.47	2078661.06	85113.41	85113.41	63729.44	0.0	0.0	63729.44	2837231.82		2650372.53		Active	-1.202791085137243	1.425256514185033		-0.492806919648534		1.186138076756965		-0.2338446284847778			1.501807430153015	0.6625098771902321	-0.3110820914416127	1.425256514185033	-0.3306118478423252	0.4587929026512298	-1.062518310146452	0.6147614654089051	0.6625098771902321	-0.3333333333333333		1.452310087276459	1.186138076756965
FOOTBALL SCOUT	0.09703989326953888	No	No	No	63	U1	Bulgaria				536850.738493124	0.0		0.0													0.0							0.0					Active																							
THREE IRELAND SERVICES (HUTCHISON) LIMITED	0.1529184877872467	No	No	No	96	U2	Ireland		73000.0	55000.0	326411000.0	326246000.0		99.949		0.0				326411000.0	0.0	0.0	326411000.0		97135000.0	229111000.0	165000.0	0.0	165000.0		0.0				326411000.0				Active	0.000168612867920942	0.0002236944517647347		0.1224489795918367	-0.7474048442906575	0.0002236944517647347			-0.7465437788018433	-6.002701215547224e-05				0.0002236944517647347			0.0002401159541771444	0.0					0.0002236944517647347
FREE TO PERFORM IT SERVICES LTD	0.029650870710611343	No	No	No	62	U1	United Kingdom				8954273.64538211	1881162.80241418	2.171	21.009	61.0	15783.4696406035	10720.5572875385	5062.91235306495	0.0	8938490.1757415	152800.160955462	0.0	8785690.01478604	233686.156768908	2819.95468520782	1878342.84772897	2955927.34298514	0.0	2955927.34298514		4117183.49998279	0.0	0.0	4117183.49998279	8954273.64538211	152800.160955462	4821306.67575872	37733.0037186739	Active	0.0537603380843435	0.1318687637496899		-0.2252197449467219		0.1165947972569891		-0.3221693502309431		-0.05624185795786348	-0.2091380758809258	0.7020914823483776	-0.1871528860336077	0.1173320640613133	0.4057665475161604	-0.3435137586936801	0.05383345195458333	0.007214331569259561	0.7020914823483776	0.03389830508474576	-0.3572830482744668	-0.1361143060371958	0.1165947972569891
KAPPA PRIME LIMITED	0.700890839099884	No	No	No	62	NF	United Kingdom																																Inactive																							
AITO B.V.	0.4958564043045044	No	No	No	72	U1	Netherlands				2812784.0	965750.0	1.469	34.334	3.0	926973.0	534881.0	0.0	392092.0	1885811.0	0.0	1080321.0	805490.0	805490.0	4543412.0	-3577662.0	563425.0	253115.0	310310.0	310310.0	1283609.0				2812784.0		602202.0		Active	-2.256883086121382	29.74624017100542	0.6773582005431162	0.5967380830924446		-0.1064740339775601		-0.1528073657217707		-2.406669944280564	29.74624017100542		-0.6258737434420053	1.81355565535114		6.813829787234043	-0.05979239369039544	0.4961113851556269	-0.6397866797774865	0.0		-1.208143204261011	-0.1064740339775601
AQUARELLE	0.29692643880844116	No	No	No	41	LF	France	2140000.0																															Inactive																							
ABLIVA AB	0.007632149383425713	Yes	No	Yes	46	C1	Sweden	12346.8221325917	-8608348.58730577	-8607537.48220217	7885653.93999736	6373303.41293882	3.8	80.821	8.0	2283441.11221515	1031545.44620178	70385.8984347014	1181509.76757866	5602212.82778221	0.0	0.0	5602212.82778221	5196840.52156034	4759835.11629802	1613468.29664079	38212.0626585319	0.0	38212.0626585319		1474138.46440001	0.0	842467.834273481	631670.630126533	7885653.93999736		4128074.3633822	939620.201127013	Active	-0.5685458525513899	-0.5841136570746593		-0.2041476975311107	0.1228646123222078	-0.5229111081517374	0.9279257855510339	-0.4264563390411907	0.1227851492373227	-0.09565849837753168	-0.1294436435940973	-0.5034081542732599	-0.2533262243037849	-0.5841136570746593	-0.1378693942890756	-0.517888860695255	-0.8390214927107577	0.002323418675440313	-0.1374228358355248	0.0		-0.6490193779294335	-0.5229111081517374
QUANTONE LIMITED	0.8826268911361694	No	No	No	62	U1	United Kingdom				285.887950816496	285.887950816496		100.0		285.887950816496	0.0	0.0	285.887950816496	0.0					285.887950816496	0.0	0.0				0.0				285.887950816496		0.0		Active	-0.04388861173333044					-0.04388861173333044				0.0			-0.04388861173333044					-0.04388861173333044					-0.04388861173333044
EXIE AS	0.8977793455123901	No	No	No	62	U1	Norway	2334176.78659666	324395.328159406	267109.072641323	3902405.04038741	2943914.81741977	4.073	75.438	14.0	0.0	0.0	0.0	0.0	3902405.04038741	0.0	544.287463354708	3901860.75292406	1572038.26603423	899979.320657009	2043935.49676277	408.215597516031	0.0	408.215597516031	408.215597516031	958082.007370124	0.0	42726.5658733445	915491.513362618	3902405.04038741	-42182.2784099898	2944323.03301729	453255.385108633	Inactive	-0.2148688830907193	-0.6185421241208158	-0.9984271146669189	inf	-1.102750956889974	-0.7015331573930967	-0.09273819350441206	-1.0	-0.7232698428183423	1.630518167236209	3.897114317401079	-0.9013283162938391	-1.0	-0.6309732069007661	-1.0	2.591710758377426	-0.2942735666505364	0.05461961583086059	-0.8972594020745059	-0.44	-1.141101459174608	1.356206427191349	-0.7015331573930967
CHATSIM S.R.L.	0.21552759408950806	No	No	No	61	U1	Italy	10301.0	-44706.0	-43784.0	1287846.0	1009418.0	30.663	78.38	1.0	185294.0	180299.0	4995.0	0.0	1102552.0	0.0	6682.0	1095870.0	93287.0	661726.0	347692.0	242471.0	8984.0	233487.0	233479.0	35957.0	7144.0	3449.0	25364.0	1287846.0	3233.0	1066595.0	68851.0	Active	-0.0415731819981523	0.6545554741935727	-0.9098877980364657	-0.02514815499786914	-0.1664615728828728	-0.05028767630405637	0.009660421545667448	-0.275165329956381	0.1068584574158809	0.009167224597002486	1.625066831752821	-0.2490525817148271	-0.6928210977235201	0.4645509055213289	14.609375	1.203910012218788	-0.1118456512132258	0.0	-0.3354709937348685	0.0	-0.962871088142406	0.5265050084655161	-0.05028767630405637
ASGOODASNEW ELECTRONICS GMBH	0.003964519593864679	No	No	No	47	U1	Germany	137371961.44	-3200419.81	-3200732.46	31084575.52	12827838.48	2.087	41.268	157.0	4344252.05	4145894.05	198358.0	0.0	26740323.47	16269638.84	5547710.71	4922973.92	3895970.7	796031.0	12031807.48	5446069.82	1028165.58	4417904.24	4417904.24	12810667.22	8433622.38	1450034.52	2927010.32	31084575.52	20367315.03	13929656.25	1149064.47	Active	-0.1996891969958739	-0.4236250438481357	0.2692258210791575	0.125351389617678	5.114856699839298	0.2303640271967954	0.04707452680976285	0.3209298556628685	5.113585589511702	-0.3495263464842457	-0.4598346862923992	0.3851921250207629	0.3194379901749303	0.2170163236593239	0.2890099035637233	-0.6245727648857708	-0.2101246720906349	0.0	2.241182587988717	0.01290322580645161	0.6908060702729775	-0.2269705141458806	0.2523762187069722
ECOZY GMBH	0.8802645802497864	No	No	No	27	U1	Germany	57127.1	-142432.24	-142432.24	46176.3	-427951.42	0.102		2.0	3.0	1.0	2.0	0.0	46173.3	600.0	0.0	45573.3	12757.81	25000.0	-452951.42	19248.4	14948.4	4300.0	4300.0	454879.32	0.0	0.0	454879.32	46176.3	600.0	-408706.02	309.0	Active	0.4988534920841395	8.357717350460872		0.220842432272497	-143.2245920955405	6.986036287665619		0.0	-143.2245920955405		2.476962531750444	0.6508959557271201	-0.9903846153846154	7.440987691334576	-0.9935691318327974	4.1	0.458690635470569	0.0	0.6508959557271201	1.0	0.0	0.5133634093372221	6.986036287665619
HARDIDE PLC	0.1352638155221939	Yes	No	No	25	C1	United Kingdom	5663872.98420435	-1608156.74794639	-1580615.71652214	9282525.02612096	4381418.86875343	1.365	47.201	38.0	6602662.92492659	10776.9253399237	6591885.99958667	0.0	2679862.10119436	199971.836863029	1169895.11745616	1309995.14687517	838205.304216288	5801578.1413256	-1420159.27257217	2938508.30935253	2818764.69446449	119743.614888041	59871.8074440206	1962597.848015	281397.494986897	643023.211948781	1038177.14107932	9282525.02612096	726843.74237041	717264.253179367	985489.950528579	Active	-0.1184260546519534	0.05236139459544469	0.3615911141249874	-0.07249872476516163	0.1641035645257853	-0.04557406332196982	-0.3957525526861442	0.03408455136207379	0.2209227261162143	-0.07631944580340891	-0.3266426177177227	3.50528294487899	-0.1014903535754084	0.1272680106908507	-0.1016829011759187	-0.0881763527054109	-6.35556453238173	0.2331133771472399	0.2362250763548087		9.63880207926741	-0.09176444829049774	-0.04557406332196982
LINKED P2P LIMITED	0.021114913746714592	No	No	No	64	C2	Ireland	4319610.0	402552.0	402552.0	12502392.0	778871.0	1.227	6.23	25.0	289834.0	273956.0	15878.0	0.0	12212558.0	0.0	283738.0	11928820.0	4933227.0	239.0	778632.0	1767001.0	1500001.0	267000.0		9956520.0	7543000.0	165454.0	2248066.0	12502392.0	118284.0	2256038.0	125859.0	Active	-1.316340580181047	0.1115422296444185	0.2587249408873333	-0.8180483570970419	-3.226726112112932	-0.3050285019987169	-0.4805211930926216	0.1632457220500191	-3.226726112112932	-1.455209703346485	0.8047046738346691	-0.1086326080215952	-0.958787077325598	0.114570148498826	-0.3079672245467224	0.2029411764705883	-1.31621641049425	0.1327014218009479	-0.07299650241114461	0.0	-2.270736869245727	9.413332164007219	-0.3050285019987169
W&W INTERACTION SOLUTIONS GMBH	0.11326776444911957	No	No	No	66	LF	Germany								18.0																								Active																				0.0			
SHUROPODY LIMITED	0.8565980195999146	No	No	No	47	C2	United Kingdom	18961943.7465663	-1770723.07494113	-1770882.97136063	3208275.31045345	-5580300.45761656	0.278		462.0	976628.791582844	0.0	976628.791582844	0.0	2231646.5188706	703050.65249937	171028.918038886	1357566.94833235	602509.406056167	11798.733621416	-5592099.19123798	772446.857231518	772446.857231518	0.0	0.0	8016128.91083849	4074103.99401163	1404940.31795281	2537084.59887405	3208275.31045345	-530860.747414558	-5784482.39196789	531032.230531122	Inactive	0.2957575979192727	-0.2745062989623654	-0.1075855902343591	-0.7684849709091793	-0.3442359933027947	-0.2163272715150536	0.459778379179555		-0.3384399548616395		-0.5314705779363577	-0.1892421349682198	-0.3578210820353835	-0.1326985220520603	-0.3578210820353835	-0.452755905511811	0.2944879309351575	-0.1154451827543854	0.582962952963719	-0.07784431137724551	1.037275664001653	1.32223583956743	-0.2163272715150536
LOTERITY SP. Z O.O. W LIKWIDACJI	0.8547446727752686	No	No	No	62	U1	Poland	50548.4669769464	-40997.8349674773	-40997.8349674773	99699.2804890924	0.0	1.0	0.0		0.0				99699.2804890924	0.0	0.0	99699.2804890924	99699.2804890924			0.0				99699.2804890924	0.0	0.0	99699.2804890924	99699.2804890924			232.942244133394	Inactive	-1.0	-0.3238960523522683	-1.0		-2.75711201646618	-0.5160841507209905	-1.0		-4.194749120847602	-1.0	-0.2450570761247946	41.72976949133659	-1.0	-0.5071537544251841		-0.987312542820168			37.84524499212421				-0.5160841507209905
NO WIRES NEEDED (NWN) BV	0.5808484554290771	No	No	No	46	LF	Netherlands								1.0										18500.0														Inactive																				-0.5			
TOYWHEEL GMBH	0.5182549357414246	No	No	No	62	LF	Germany								1.0																								Inactive																				0.0			
GINMON GMBH	0.1966439187526703	No	No	No	64	U1	Germany		-1312266.0	-1386266.0	6154554.77	5931420.73	36.521	96.374	42.0	2092723.0	1989245.0	23478.0	80000.0	4061831.77	0.0	0.0	4061831.77	3282888.86	56211.0	5875209.73	111915.08	105115.08	6800.0	6800.0	111218.96	82.79		73626.47	6154554.77		3950612.81	528132.77	Active	86.25021752167812	0.02239253456814064		-0.9747139534836852	0.2464292457737493	0.2144917158332292		1.005032626904244	0.3123347318082967	70.86726323639076	-0.0218820584488487	-0.3380043294776359	0.9116374113021682	0.02239253456814064	0.03875763206795859	4.273029165463471	245.2705275924025	0.2739036827195467	-0.8061216992202627	0.0		0.1622130427386913	0.2144917158332292
ECOLOGICLIVING LIMITED	0.8619149327278137	No	No	No	47	U1	United Kingdom				776015.084438459	-597565.124422251	0.748	-77.004		165544.162220299	0.0	165544.162220299	0.0	610470.92221816	158756.994630765	0.0	451713.927587395	292646.049317547	52070.2583637322	-649635.382785983	557159.880480743	0.0	557159.880480743		816420.328379967	0.0	0.0	816420.328379967	776015.084438459	158756.994630765	-205949.406161808	36751.6733866228	Inactive	0.3280592004109166	0.3283589677487215		0.6875460621192947		0.2457412175191423				0.06607966108734492	417.7296868382803	0.1613871278211727	0.1914974155320653	0.2613126532473029	0.1914974155320653	0.1472392638036809	0.3138553867449004	0.1702232078978217	0.09921802303929866		0.1029203033828197	-0.2040042317729849	0.2457412175191423
RINGPAY LIMITED	0.619455873966217	No	No	No	62	U1	United Kingdom				71.1908047201515	-1246.42261378888	0.054			0.0				71.1908047201515	0.0	0.0	71.1908047201515		0.0	-1246.42261378888	0.0				1317.61341850903	0.0	0.0	1317.61341850903	71.1908047201515	0.0	-1246.42261378888		Inactive	-0.959596585888317	0.341061212500201				0.341061212500201						-0.9573622708578298		0.341061212500201		26.0	-0.9597227632536977	-1.0	-0.9573622708578298			-0.959596585888317	0.341061212500201
NEWLISI S.P.A. IN LIQUIDAZIONE	0.5384636521339417	No	No	No	28	U1	Italy	1030418.0	-925712.0	-925712.0	1161709.0	872713.0	4.183	75.123	6.0	8379.0	0.0	510.0	7869.0	1153330.0	0.0	9760.0	1143570.0	1118220.0	96500.0	776213.0	13291.0	0.0	13291.0	0.0	275705.0	0.0	93259.0	182446.0	1161709.0	-83499.0	877625.0	65054.0	Inactive	-0.5147345675991869	-0.3423915012395176	-0.9824017944399768	-0.9455418566821957	-0.02114291212817501	-0.5462114988810648	-0.3362018036485804	-1.0	-0.02114291212817501	0.06936654804270469	-0.1975405653857829	-0.5161186801645419	-0.9592322288716976	-0.5101578131682702	-0.9669389342668222	-0.08045724335018697	-0.5439202925630051	0.0	-0.4672778915639371	-0.1428571428571428	-1.175781077308812	-0.522238729025729	-0.5462114988810648
HARIMATA SP. Z O.O. W UPADLOSCI	0.7104349136352539	No	No	No	62	U1	Poland		-7129.4250090836	-7129.4250090836	220322.230925874	-769057.975173406	0.232			0.0				220322.230925874	0.0	0.0	220322.230925874	216872.509147285	-741920.163848507	-27137.8113248989	38636.883920195	0.0	38636.883920195	38636.883920195	950743.322179085	534936.857133176	14258.8500181672	401547.615027741	220322.230925874	-14258.8500181672			Inactive	0.08985648063930575	0.04590850748876863		0.0797531460400768	-0.09534195872317848	0.04590850748876863	0.07975314604007562		-0.09534195872317848		0.03792784578572139	0.07975314604007651		0.04590850748876863		-0.0292887029288702	0.4815217585201047	0.07975314604007824	0.07975314604007797		0.07975314604007562		0.04590850748876863
CAMBRIDGE NUTRITIONAL SCIENCES PLC	0.01208692416548729	Yes	No	No	64	C1	United Kingdom	11500702.159529	-755980.421928868	-269493.020780198	16209246.8862341	11295374.1436965	4.668	69.685	94.0	7021984.81418188	4782042.82328153	599651.137147281	1640290.85375307	9187262.07205222	708148.327331517	1705622.49515433	6773491.24956637	3433411.08292694	11963856.8316058	-668482.687909323	2945757.04532468	29165.9113398483	2916591.13398483		1968115.69721296	25666.0019790665	711648.236692299	1230801.4585416	16209246.8862341	1702122.58579355	7219146.37483925	773479.968732777	Active	-0.002528718317761457	0.06081294669067386	-0.2140431050609659	-0.09930724929766509	-0.8433208531985809	-0.01118264422998889	-0.2668668582794371	-0.07133007011341844	-0.9386482826620043	0.008757961783439547	-0.4101430882555895	0.5562153820768053	0.009915834872610796	-0.02672353721574968	-0.1038352823624214	-0.1108571428571428	1.004883078082121	0.02628538323876907	0.09461159514468571	0.03296703296703297	-0.1830998115639858	-0.05527298012408857	-0.01118264422998889
WAKOOPA B.V.	0.02848738245666027	No	No	No	62	U1	Netherlands				2143231.0	851357.0	0.325	39.723	4.0	1723255.0	1722223.0	1032.0	0.0	419976.0	0.0	419976.0	0.0		33334.0	818023.0	0.0				1291874.0				2143231.0		-871898.0		Inactive	0.1382706343699152		0.05144093193033054			0.08353602154098312		0.1013754538908309		0.05051172877052856			0.09165712215121553	0.05144093193033054	-0.9305798466298937	0.0	0.1447205099320604	0.0	0.05025454084278953			0.04968403462917861	0.08353602154098312
DIVERSE SCHOOL TRAVEL	0.21509213745594025	No	No	No	79	LF	United Kingdom	943116.189119788							7.0																								Active																							
GRIZZLY GMBH	0.45732060074806213	No	No	No	69	U1	Germany	14247773.83	-4485353.08	-4638545.91	9557328.83	5362043.42	2.78	56.104	77.0	95867.0	3.0	82874.0	12990.0	9461461.83	0.0	2810237.64	6651224.19	925689.11	51153.0	5310890.42	792273.32	0.0	792273.32	792273.32	3403012.09	0.0	1498585.58	1904426.51	9557328.83	1311652.06	6058449.74	60787.51	Active	-0.4638272562683063	-0.3398746395414965	-0.3374664762220676	0.6874297732527472	1.38602603759665	-0.3386615658314091	-0.4815445879819482	-0.6666666666666666	1.927942942206425	-0.1892602708053351	-0.6579035254345218	0.7457239022263755	-0.2853346254915481	-0.339161197958187	-0.315902215141547	-0.2269187986651836	-0.4662119296159162	0.0	-0.1452704465464561	-0.04938271604938271	-0.02924891049060656	-0.4138475031709362	-0.3386615658314091
SOTHIC BIOSCIENCE LIMITED	0.9340468049049377	No	No	No	na	U1	Ireland				16058.0	-17001.0	0.603			1085.0	0.0	1085.0	0.0	14973.0	0.0	14973.0	0.0		0.0	-17001.0	8241.0	0.0	8241.0		24818.0	0.0	24818.0	0.0	16058.0	-9845.0	-9845.0		Inactive	-0.8523654868178818	-1.0	inf	inf		0.6322423256759504	-0.7597855124085331					-1.0	1.241735537190083	0.6007055805003207	1.241735537190083	7.040000000000001	-0.8524935795099604	-1.0	-0.8014464694305327		-0.9047098222927716	-0.9148650985818056	0.6322423256759504
MANIFATTO LTD	0.08880657702684402	No	No	No	46	U1	United Kingdom				136.116474939385	136.116474939385		100.0		136.116474939385	0.0	0.0	136.116474939385	0.0					136.116474939385	0.0	0.0				0.0				136.116474939385		0.0		Inactive	0.05881005367571755					0.05881005367571755				0.0			0.05881005367571755				-1.0	inf					0.05881005367571755
EZICONEX LTD	0.6323321461677551	No	No	No	64	U1	United Kingdom				6254.65641054147	-6672.3536722702	0.484			0.0				6254.65641054147	0.0	0.0	6254.65641054147	13.2030743649887	120.027948772625	-6792.38162104283	0.0				12927.0100828117	0.0	0.0	12927.0100828117	6254.65641054147	0.0	-6672.3536722702		Inactive	0.2410819619255694	5.403056098885687				5.403056098885687					-0.9864836658822218	1.034768137129639		5.403056098885687		2.142857142857143	0.2350036476103803	-0.02928145881410016	1.034768137129639			0.2410819619255694	5.403056098885687
TEEZ.MOBI LTD	0.5841038823127747	No	No	No	na	NF	United Kingdom																																Inactive																							
CAMBIO HEALTHCARE SYSTEMS AB	0.008917205967009068	No	No	No	58	U2	Sweden	78174850.6217917	889962.544228779	889962.544228779	90252025.3688307	21891726.7461886	1.032	24.256	456.0	19690207.2494372	0.0	1854456.63519955	17835750.6142376	70561818.1193935	24333.1531080274	11647739.656077	58889745.3102085	691692.407793001	239996.987876581	21651729.7583121	0.0	0.0	0.0	0.0	68360298.6226421	5331393.8459688	4078326.58369468	58950578.1929786	90252025.3688307			948632.480055912	Active	-0.05209774492146875	0.0459517623056864	-0.3000044006642589		-0.793848670997022	-0.0009766184176416507	1.896433056533824		-0.8016960759838122	-0.0511657017681114		-0.0665699770449153	0.1336568385474401	-0.03302221826707309	-0.02219651135047096	-0.04884792626728105	-0.05266787690251384	0.00232341867543972	0.01658056017544223	0.2737430167597765			-0.0009766184176416507
STARTUPHIGHWAY	0.27350062131881714	No	No	No	na	NF	Lithuania																																Active																							
COCHES.COM	0.3890713155269623	No	No	No	82	NF	Spain																																Active																							
MUBI	0.5841038823127747	No	No	No	na	NF	United Kingdom																																Active																							
Z SIGNAGE LIMITED	0.9815341234207153	No	No	No	62	U1	United Kingdom				15025.9458406477	11989.0613180106	4.948	79.789	1.0	0.0				15025.9458406477	0.0	0.0	15025.9458406477		353.344507658982	11635.7168103516	0.0				3036.88452263716	689.080485035954	0.0	2347.80403760121	15025.9458406477	0.0	11989.0613180106	3741.22573391752	Inactive	-0.5759638838230494	-0.391122852214932				-0.4685535800386818				-0.20211			-1.0	-0.391122852214932			-0.583458222756559	0.04051396333208133	inf	-0.5			-0.4685535800386818
GABRIEL MR	0.30364885926246643	No	No	No	68	NF	France																																Active																							
STUPEFLIX	0.57938152551651	No	No	No	61	U1	France	1582131.0	-899873.0	-276891.0	1429569.0	563133.0	2.808	39.392		174272.0	51822.0	44345.0	78105.0	1255297.0	0.0	112011.0	1143286.0	279204.0	57697.0	505436.0	419400.0	419400.0	0.0	0.0	447034.0	73650.0	52853.0	320531.0	1429567.0	59158.0	808263.0	72225.0	Inactive	-0.2338576699536342	0.6533898305084745	-0.6808739775437117	2.245552262368154	0.3060186932164524	0.1546586349274042	0.01944256919664384	-0.3002511545005266	0.2906565362295196	-0.3364775636706643	0.627252593542371	0.09772018205666497	-0.109111729101914	0.2041530092386086	0.01771739379891217	0.006812477590534128	-0.2537784556056381	0.0	0.1957832453282403		-0.8022450425876155	0.2088326745245135	0.154657019533345
EFTY B.V.	0.17189659178256989	No	No	No	62	U1	Netherlands				20429.0	10866.0	2.136	53.189		0.0				20429.0	0.0	20429.0	0.0				0.0				9563.0				20429.0		10866.0		Active	1.246898263027295		0.3765244929586955			0.3765244929586955				0.632315482584011				0.3765244929586955		0.4403236682400539			-0.04417791104447776			1.246898263027295	0.3765244929586955
FORWARD TALENT LIMITED	0.9411035180091858	No	No	No	74	U1	United Kingdom				14003.4518539496	-229903.241902286	0.009			13781.7206518591	13310.9864955494	470.734156309738	0.0	221.731202090481	0.0	0.0	221.731202090481	221.731202090481	23714.5670685006	-253617.808970787	219543.533278412	0.0	219543.533278412		24363.1604778241	0.0	0.0	24363.1604778241	14003.4518539496	0.0	-24141.4292757336	2722.43229946387	Inactive	-0.1394662050967478	-0.9120869113454954		-0.1641204725790964		-0.371106758053078		inf			-0.7198754988750734	-0.09026872980998632	-0.3020024608654978	-0.9120869113454954	-0.9761589070776564	-0.9042553191489362	-0.1418329731199347	-0.1641204725790985	-0.09026872980998632			-0.004823859523444017	-0.371106758053078
DATA CONTACT	0.2848224341869354	No	No	No	na	NF	Poland																																Active																							
METEO PROTECT SAS	0.4322814345359802	No	No	No	74	U1	France	449947.0	0.0	0.0	958082.0	0.0	0.163	0.0		81029.0	0.0	8219.0	72810.0	877053.0	0.0	36948.0	840105.0	485699.0	93006.0	-93006.0	110951.0	0.0	110951.0	110951.0	5389214.0	0.0	933284.0	4455930.0	958082.0	-896336.0	-4512161.0	211.0	Inactive	-1.0	2.618646623018608	-0.8434386877799294	-0.2603266666666667	-1.0	0.8856429826823042	0.07019267926579373		-1.0		17.4284033996054	1.726413339566166	1.028971354166667	0.8734163966361712	-0.08044305213694339	-0.1283422459893048	-0.9585042876136597	0.0	1.150157973880747		0.409169373374796	1.213720949628852	0.8856429826823042
TESSELLA SUPPORT SERVICES LIMITED	0.9487624168395996	No	No	No	64	U1	United Kingdom				2.30985693913653	2.30985693913653		100.0		0.0				2.30985693913653	0.0	0.0	2.30985693913653		2.30985693913653	0.0	0.0				0.0				2.30985693913653				Inactive	-0.00952131642892141	-0.00952131642892141				-0.00952131642892141				0.0				-0.00952131642892141				-0.00952131642892141					-0.00952131642892141
CIRCLE LIMITED	0.5841038823127747	No	No	No	na	NF	United Kingdom																																Active																							
ELECTROCHAEA GMBH	0.1176384761929512	No	No	No	20	U1	Germany				25064633.98	21890135.56		87.335	31.0	1828514.8	1520181.0	296819.0	11514.8	23236119.18	121100.0	0.0	23115019.18	21149572.17	422093.0	21468042.56	2960152.21	1118784.61	1841367.6	1841367.6	214346.21	0.0	0.0	214346.21	25064633.98	121100.0	23021772.97		Active	0.4862545071619435	0.3488501144303033		0.9077483352013695		0.4360492136055608	-1.0	1316.314558058926		0.03495881969544336	0.306376905073545	-0.7385529256603479	4.767288557331621	0.3559167643684025	-0.02484226157720353		0.4943327483704164	0.1657354805389925	-0.8173982792676014	0.24	-1.342090395480226	0.4421970170419559	0.4360492136055608
AZULLO LIMITED	0.24110820889472961	No	No	No	58	U1	United Kingdom				47492.6033893554	-2462.76955353679	0.951	-5.186	3.0	0.0				47492.6033893554	0.0	0.0	47492.6033893554		0.0	-2462.76955353679	0.0				49955.3729428922	0.0	0.0	49955.3729428922	47492.6033893554	0.0	-2462.76955353679		Active	0.02518454079940913	0.02518454079940918				0.02518454079940918				0.0		0.02518454079941142		0.02518454079940918		0.0	0.02518454079940913		0.02518454079941142	0.0		0.02518454079940913	0.02518454079940918
SOLOSTOCKS	0.2644903063774109	No	No	No	na	NF	Spain																																Active																							
FINDTHERIPPLE LIMITED	0.23018918931484222	No	No	No	62	U1	United Kingdom				435.657480902784	-1466.02199922842	0.229			0.0				435.657480902784	0.0	0.0	435.657480902784		148.676759355712	-1614.69875858413	0.0				1901.6794801312	0.0	0.0	1901.6794801312	435.657480902784	0.0	-1466.02199922842		Active	0.01863731197532404	0.0186373119753216				0.0186373119753216						0.01863731197532359		0.0186373119753216		0.0	0.0186373119753244	0.0186373119753206	0.01863731197532359			0.01863731197532404	0.0186373119753216
EMOOV LIMITED	0.45628538727760315	No	No	Yes	68	U1	United Kingdom				1791502.35846614	-691267.812826377	0.453	-38.586		768005.094865617	704984.853598242	63020.2412673749	0.0	1023497.26360052	0.0	52667.0427771556	970830.220823369	841042.268798506	498.478564087644	-691766.291390465	222400.769900889	222400.769900889	0.0	0.0	2260369.40139163	534172.470959345	974675.965184786	751520.965247498	1791502.35846614	-922008.922407631	-1236872.1377911	141924.306613695	Inactive	0.1058948305380253	0.07232714230882555	-0.2858372384345846	-0.7894661162440949		0.1137029803051569	0.3604404435432135	0.2972502744454307		-0.006999845591641322	0.7300145713903247	0.6371533507912447	0.2200156538006327	0.04534980497598773	-0.2677069500587366	-0.4555288461538461	0.1059309618688081	0.1584158744656466	0.9199447120007573		0.4345981039553447	5.240079710545944	0.1137029803051569
TETCO-TECHNOLOGIES	0.031339533627033234	No	No	No	62	U2	France	9102813.0	-55916.0	402294.0	22370674.0	10857284.0	2.56	48.534	26.0	11476908.0	4618710.0	1216274.0	5641924.0	10893766.0	76934.0	2481806.0	8335026.0	4531242.0	1361407.0	9495877.0	7257812.0	7257812.0	0.0	0.0	4255579.0	626784.0	461087.0	3167708.0	22370674.0	2097653.0	6638187.0	2043423.0	Inactive	0.03847865947265373	0.3656779254868131	0.2040500384481968	3.064714530134719	-1.621903882728476	0.5811170973119628	-0.2703927110002753	0.1068926668489635	0.2730863072351495	-0.3431943053563213	0.2956893393995769	3.480403499789254	0.9911899072910371	0.2992268039085456	0.2780323576171327	-0.4173873463814292	0.04423932788648875	0.0	1.2302751014624	0.0	0.2715930762487982	0.02493179022500772	0.5811170973119628
ALX ONCOLOGY LIMITED	0.858869194984436	No	No	No	70	U1	Ireland		-508005.0	-508005.0	1078997.0	684863.0	6.593	63.472	1.0	0.0				1078997.0	0.0	0.0	1078997.0	199953.0	474684.0	210179.0	230476.0	230476.0	0.0	0.0	163658.0	84345.0	22715.0	56596.0	1078997.0	-22715.0	915339.0		Active	-0.3434871925635291	-0.8664533958186306		inf	-0.9967450302531403	-0.8664533958186306	4.363636363636363		-0.9967450302531403	3.916118038881574	-0.9739023727144688	0.409824631327222		-0.8664533958186306		4.743031358885018	-0.6194160657958113	-0.03309032467016616	-0.9767411387573027	0.0	4.363636363636363	-0.1225510026054897	-0.866453412347586
ADOCIA	0.025132600218057632	Yes	No	Yes	21	C1	France	6049000.0	-21160000.0	-21162000.0	24956000.0	-6914000.0	1.02	-27.705	78.0	4744000.0	9000.0	3168000.0	1567000.0	20212000.0	132000.0	111000.0	19969000.0	12961000.0	1409000.0	-8323000.0	12062000.0	11272000.0	790000.0	790000.0	19808000.0	1208000.0	3974000.0	14626000.0	24956000.0	-3731000.0	404000.0	499000.0	Active	-0.4669236700077101	-0.2216635484876832	-0.7623126338329764	-0.3482113909002486	2.293385214007782	-0.1847907751608794	-0.3804178359837855	-0.71875	2.066512099695696	-0.3460866691842901	-0.2560555619331879	3.138653084323713	0.08982311049850678	-0.2303122619954303	0.1107994389901823	-0.02578796561604576	-0.398757494762696	0.6139747995418099	-0.2101128524145632	-0.25	-0.3578313253012048	-0.6584953508030431	-0.1847907751608794
ZENTICKET	0.36290478706359863	No	No	No	79	NF	France																																Inactive																							
ASTLEY CLARKE LTD	0.11179842799901962	No	No	No	47	U1	United Kingdom	5552614.79619552	-849398.393930311	-1310411.60123484	3071790.93198706	1898052.45872273	2.492	61.79	30.0	146752.029215216	89813.440514051	56938.5887011647	0.0	2925038.90277184	935936.335606463	336982.214011322	1652120.35315406	484784.200806174	54287.7627591636	1843764.69596357	0.0				1173738.47326432	291974.647115198	318107.180771256	563656.64537787	3071790.93198706	954811.368846529	1751300.42950752	141438.852001031	Active	-0.3973979391974127	-0.1593212500345705	-0.3448584347767148		-0.1733831169171637	-0.2777241503202961	0.04280638168603948	-0.3643397117939971	-0.1510280503274077	-0.1656877438867961	0.5155880488481631	-0.2937722725693061	-0.4048952102141872	-0.2698964940297537	-0.4593089389670834	-0.3138766519823789	-0.4045584847367259	0.01863731197532214	0.06396668332804038	-0.09090909090909091	-0.4500135517261026	-0.3967611106004751	-0.2777241503202961
DESIGN TALENT LIMITED	0.5775538682937622	No	No	No	78	U1	United Kingdom				197962.04151832	-39490.5090521068	0.813	-19.949	7.0	5742.06831597994	0.0	5742.06831597994	0.0	192219.97320234	0.0	99483.6934063499	92736.2797959897	53075.1804789993	1496.64525724492	-40987.1543093517	1133.85662725926	0.0	1133.85662725926	1133.85662725926	236318.693943167	19889.6876169881	107352.453691211	109076.552634968	197962.04151832	-7868.76028486139	-44098.7207408275	2590.69748936468	Inactive	-2.155682300345864	-0.2495632412642265	inf	0.04862893838892458		0.5348087348019707	inf			-1.7529913562073	-0.137094993399643	0.1637368988810707	0.06233050327288281	0.5554746639780476	0.06233050327288281	-0.3831562974203339	-2.258359276867822	-0.06391198077618439	1.521282323226649		-inf	-2.47750026594304	0.5348087348019707
VIBRANT ENERGY LIMITED	0.7923341393470764	No	No	No	82	U1	United Kingdom				1341.09011493554	1341.09011493554		100.0		0.0				1341.09011493554					1341.09011493554	0.0	0.0				0.0				1341.09011493554				Inactive																							
COMTICA SP. Z O.O.	0.19547846913337708	No	No	No	62	LF	Poland								35.0																								Inactive																				0.0			
LINKDEX LIMITED	0.42982742190361023	No	No	No	62	U2	United Kingdom				921038.161008642	-2853765.41467732	0.222		28.0	81178.3413511958	0.0	81178.3413511958	0.0	839859.819657447	0.0	168122.705199587	671737.114457859	106162.185606336	57.4574340283254	-2853822.87211135	0.0				3774803.57568596	3347188.45240186	68243.6589967016	359371.464287399	921038.161008642	99879.0462028855	-2934943.75602852	31354.8597341632	Inactive	1.645859006433635	-0.8193242540508303	-0.4974575172819266			-0.7790762937530346	-0.7117199191204023				-0.2153089859253839	-0.564468405025898	-0.3036277049297428	-0.7927530644277264	-0.3036277049297428	-0.7124352331606219	1.645766274104577	-0.03465626166973158	-0.2806624296789358	-0.3170731707317073	0.02107717923917728	1.455709104619262	-0.7790762937530346
SIX DEGREES GROUP	0.04309401661157608	No	No	No	61	LF	United Kingdom	44746697.0394798							400.0																								Active																							
MORE2 LIMITED	0.08804821968078613	No	No	No	73	U1	United Kingdom	22046498.3821539	2729951.46750242	2657151.01952525	17952482.9072887	15297158.8404498	6.756	85.209	118.0	310877.115698536	0.0	310877.115698536	0.0	17641605.7915902	0.0	3554993.26757469	14086612.5240155	629.983684940723	12074.6872946972	15285084.1531551	44035.8595773566	0.0	44035.8595773566	44035.8595773566	2611288.20726157	0.0	1091500.39943667	1519787.8078249	17952482.9072887	2463492.86813802	15030317.5843286	96921.8232916767	Active	0.2406962862333942	0.3104481628138776	0.01895953061896985	3.266440537708341	0.404995598085148	0.2453375610832785	1.70736132538223		0.3740910099823718	-0.003729772706014435	-0.9996343337736622	-0.09145960672355022	0.7519319203788859	0.2390240130616933	0.7519319203788859	-0.01501676629246242	0.2409023561346905	0.02518454079941259	0.2578824372019808	-0.04838709677419355	-0.2016385511618603	0.2358051537290156	0.2453375610832785
YOUR.MD AS	0.26387467980384827	No	No	No	62	U1	Norway	0.0	-17815410.8179454	-17815410.8179454	35010329.5470352	34479267.3376144	0.138	98.483	0.0	34936916.9594393	0.0	0.0	34936916.9594393	73412.5875958632	0.0	0.0	73412.5875958632	72077.8132759384	60606584.8005955	-26127317.4629811	0.0	0.0	0.0	0.0	530973.22446608	0.0	33191.3880887963	41111.0490536834	35010240.5620805			-1195601.85083396	Inactive	0.02186886098717272	-0.8592679534877826	-1.0	-1.0	6.29448349298024	-0.3216162423527587	-0.1229575432528496	-1.0	6.29448349298024	0.5063169164882229	-0.8607351414261345	-0.9357957582398316	-0.3160066011402072	-0.8616387083931858		3.451612903225807	1.941636619847659	0.4219127351651308	-0.9692664519871287				-0.3216167166828467
HOMUORK SL.	0.2355630099773407	No	No	No	85	U1	Spain	355950.93	-43445.12	-43445.12	508818.11	419054.37	5.146	82.358	10.0	54241.2	43843.44	10337.76	60.0	454576.91	0.0	223053.51	231523.4	224376.41	42106.0	376948.37	1431.57	0.0	1431.57		88332.17	2223.15	27692.53	58416.49	508818.11	195360.98		25119.13	Active	-0.09393549817752231	0.0565723865813444	-0.1664654892434259	0.0	-1.200898563684438	-0.09717566214165729	21.05609493847318	-0.3521076350872982	-1.266590495242098	0.003582569701696373	0.05847974817232654	-0.3926026367745158	-0.2942706557881277	-0.06605264213280529	0.1325961463666354	0.05364455364455355	-0.103343940934956	0.0	-0.1136094385983151	-0.09090909090909091	-0.2665089658842025		-0.09717566214165729
VOVERC S.R.L. IN LIQUIDAZIONE	0.9874051213264465	No	No	No	62	U1	Italy	173497.0	-48379.0	-48379.0	16940.0	-206874.0	0.046		2.0	6564.0	0.0	6564.0	0.0	10376.0	0.0	0.0	10376.0	106.0	13881.0	-220755.0	0.0	0.0	0.0	0.0	223814.0	61.0	1265.0	222488.0	16940.0	-1265.0	-213438.0	109774.0	Inactive	0.07978015439299752	-0.9226156737567495	-1.0	-1.0	-0.8138338399969215	-0.9664525225960282	-0.9898762744690046	-1.0	-0.8138338399969215		-0.9991706893449228	-0.6046176046176046	-0.981400567843724	-0.931755699083148	-0.2475065917688868	-0.7918552036199095	0.07439042195941013	0.0	-0.6750597065847833	-0.75	-0.9881771281169389	-0.6023460017177681	-0.9664525225960282
OMELETT.ES LIMITED	0.3742716908454895	No	No	No	63	U1	United Kingdom				5957.3867316382	1113.87154216071	2.993	18.697		0.0				5957.3867316382	0.0	0.0	5957.3867316382		0.0	1113.87154216071	2853.15456496082	0.0	2853.15456496082		1990.36062451667	0.0	0.0	1990.36062451667	5957.3867316382	0.0	3967.02610712153		Inactive	-0.8230699876670876	-0.4784139079952293		-0.2912163949698841		-0.4784139079952293				-0.6607884758431756		0.8082649339209452		-0.4784139079952293		-0.7115736725450515	-0.8230699876670876		0.8082649339209452			-0.6156344819271558	-0.4784139079952293
LANTHIO PHARMA B.V.	0.3675634562969208	No	No	No	72	U2	Netherlands				2671515.0	2671385.0		99.995		0.0				2671515.0	0.0	2671515.0	0.0				0.0				130.0				2671515.0		2671385.0		Inactive	-0.8830021704765264		-0.8829968714813582			-0.8829968714813582				-4.999999999995453e-05				-0.8829968714813582					0.6883116883116883			-0.8830021704765264	-0.8829968714813582
SEMANTICLABS GMBH IN LIQU.	0.9702488780021667	No	No	No	62	U1	Austria				50810.42	46896.96		92.298		0.0				50810.42	0.0	0.0	50810.42	45636.06	35000.0	11896.96	3913.46	344.85	3568.61	3568.61	0.0				50810.42		50810.42		Inactive	-0.6311580155423885	-0.6752370107862479		-0.8852165904564693		-0.6848786020509203				0.1704774586265931	-0.549755254476346		-1.0	-0.6752370107862479			-0.8708907817205822	0.0				-0.6752370107862479	-0.6848786020509203
IIYUMA	0.7314866185188293	No	No	No	61	LF	France	250000.0																															Inactive																							
COMPEON GMBH	0.428623765707016	No	No	No	62	U1	Germany				4227240.67	516232.84	2.782	12.212	102.0	744507.0	627647.0	91860.0	25000.0	3482733.67	0.0	0.0	3482733.67	1355205.19	80333.0	435899.840000002	2459140.02	1704684.07	754455.95	754455.95	1251867.81	0.0	0.0	1251867.81	4227240.67		2230865.86		Active	-0.2811100681232299	0.8507817188088874		4.972012357646102		0.4352205652579739		-0.3253131587405499		-0.4991181657848325	1.627526578060497	-0.3104499141650834	-0.300009590107522	0.8507817188088874	-0.1519336761542509	1.682738669238187	-0.3226185398177115	0.07699423515216516	-0.3104499141650834	-0.04672897196261682		32.65889613908789	0.4352205652579739
KARO INTERNET GMBH	0.5254396200180054	No	No	No	62	U1	Germany				164119.07	58885.77	1.808	35.88	15.0	10241.0	0.0	10241.0	0.0	153878.07	0.0	0.0	153878.07	177.48	84050.0	-25164.2300000001	20145.61	17145.61	3000.0	3000.0	85087.69	0.0	0.0	85087.69	164119.07		68790.38		Inactive	-33.11046159718624	2.796452290741628		2.2232976		1.805368348558223				-12.44497607655502	0.3856964397251715	0.5732029795709176	-0.4300968518151647	2.796452290741628	-0.4300968518151647	1.413885180240321	-0.7069969499504262	0.0	0.5732029795709176	0.0		-6.075443591614609	1.805368348558223
HY2CARE B.V.	0.4721611738204956	No	No	No	72	U1	Netherlands				8425608.0	3728884.0	2.497	44.257		5752080.0	0.0	5752080.0	0.0	2673528.0	0.0	2673528.0	0.0				3625983.0	3625983.0	0.0	0.0	1070741.0				8425608.0		1602787.0		Active	0.2359645380832441		0.1124464119349874	0.05982454063581002		0.1116624969687118				0.111817313972768			0.1112985145476265	0.1124464119349874	0.1112985145476265	0.1856600189933524			-0.06157504219989868			0.269746468518699	0.1116624969687118
MELLANOX TECHNOLOGIES BELFAST LIMITED	0.07596627622842789	No	No	No	61	U1	United Kingdom	6303376.85403363	461059.98060222	401857.097702264	8329341.32137911	7046476.40008158	6.434	84.598	24.0	75248.5568808493	0.0	75248.5568808493	0.0	8254092.76449826	0.0	0.0	8254092.76449826	3727860.6369963	7412.35920675686	7039064.04087482	0.0				1282864.92129753	0.0	12817.1069101044	1270047.81438742	8329341.32137911	-12817.1069101044	6971227.84320073	47963.7703377209	Active	0.7095639151440785	0.5530330121820545			-0.7107315617549145	0.5379826080952607	-0.7222411510259926		-0.6981950041233482	0.1115666101672645	1.621329112535902	0.01857660926412094	-0.2544969491881304	0.5530330121820545	-0.2544969491881304	0.5665936206476747	0.7107554025337798	0.028993920183001	-0.008574694316250745	0.0	-0.7222411510259926	0.7337649617666014	0.5379826080952607
MONYQ B.V.	0.5203112363815308	No	No	No	70	U1	Netherlands				0.0	-90.0															0.0				90.0				0.0				Inactive	-0.7398843930635838					-1.0													-0.8339483394833949				-1.0
RIGHTEOUS LONDON LIMITED	0.7020931839942932	No	No	No	14	U1	United Kingdom				11608.7694188745	-10124.2660811035	0.534	-87.212		0.0				11608.7694188745	10612.0981527924	404.97064324414	591.70062283798	577.695874368442	116.70623724615	-10240.9723183497	0.0				21733.0354999781	3151.06840564605	11579.592859563	7002.374234769	11608.7694188745	-562.524063526443	-10124.2660811035		Inactive	-0.09503063728958819	-0.8659569243476924	inf			-0.3396395101021948	inf			0.3704175112745329	-0.8540533367120868	-0.756581870465083	-1.0	-0.3173332484567238		-0.09644670050761411	-0.0956024556705433	-0.1426002084015084	-0.2445112653001276		-1.044677481032483	-0.1392265719110197	-0.3396395101021948
SOURCELAIR P.C.	0.3132356107234955	No	No	No	62	U1	Greece	79775.0	26542.0	25542.0	53002.0	49653.0	14.503	93.681	0.0	4432.0	0.0	4432.0	0.0	48570.0	0.0	10963.0	37607.0	35478.0	200000.0	-150347.0	0.0	0.0	0.0	0.0	3349.0	0.0	0.0	3349.0	53002.0	10963.0	45221.0	3988.0	Active	1.059265096217651	1.440745067497404	1.280632411067194		-4.255888125613346	1.030727969348659	-1.0		-3.790865384615385	0.0140502040418692	1.636397413985286	0.9170005724098454	-0.2468988954970263	1.402671283700223	-0.2468988954970263	0.4270392600610056	-0.1452117256435914	0.0	0.6837606837606838		1.401533406352683	1.481125864150115	1.030650166660281
WOPPA, S. R. O.	0.39922451972961426	No	No	No	85	U1	Slovakia	1858380.0	-826.0	-826.0	36211.0	26019.0	3.553	71.854		0.0	0.0	0.0	0.0	36211.0	0.0	34825.0	1386.0	1386.0	7500.0	18519.0	0.0	0.0	0.0	0.0	10192.0	0.0	4999.0	5193.0	36211.0	29826.0	26019.0		Active	-0.03080533412798927	-0.7947274881516587	0.01179581045352857		-1.079806763285024	-0.1204731485754536	-0.5863124793114862		-1.102316363185928	0.1019538079317854	-0.7896813353566009	1.317269076305221		-0.1204731485754536		0.2362560890744606	-0.04274785485371653	0.0	-0.2885165794066318		0.335392881128274	-0.03080533412798927	-0.1204731485754536
NABOOMBOO S.R.L.	0.730933666229248	No	No	No	85	U1	Italy	33000.0	-48702.0	-48702.0	77116.0	52231.0	2.984	67.73	2.0	2865.0	917.0	1948.0	0.0	74251.0	2085.0	0.0	72166.0	63185.0	12592.0	39639.0	0.0	0.0	0.0	0.0	24885.0	202.0	0.0	24683.0	77116.0	2085.0	49366.0	155.0	Inactive	-0.482523233003745	-0.3175985551237317			-0.4421114127633252	-0.2930455987238958	-1.0	0.0	-0.4421114127633252	-0.2680211823192478	-0.3178628492464481	2.980487018222867	0.0	-0.3009499420996639	0.0	-0.7710954280454126	-0.5513006271082838	0.0	2.054123711340206	-0.3333333333333333	-3.012548262548262	-0.4966197269269596	-0.2930455987238958
WUNDERFLATS GMBH	0.18607871234416962	No	No	No	63	U1	Germany	7391000.0			5409154.68	3338412.81	4.417	61.718	1.0	660933.37	1.0	525932.37	135000.0	4748221.31	0.0	0.0	4748221.31	2293137.91	119826.0	3218586.81	995783.33	450141.16	545642.17	545642.17	1074958.54	0.0	0.0	1074958.54	5409154.68		3673262.77		Active	-0.6863097137105649	-0.6079027113964047		1.038388359072357		-0.5578343128476916		-0.996551724137931		-0.2905569285591126	-0.5253899050162382	-0.02491078043073748	4.350960602353834	-0.6079027113964047	3.268004184480369	-0.5979062357760583	-0.6941250889859583	0.0	-0.02491078043073748	-0.9902912621359223		-0.6662910091141199	-0.5578343128476916
DEEPOMATIC	0.06099948287010193	No	No	No	62	U1	France				12832464.0	6926032.0	2.061	53.973		5901202.0	5504344.0	266912.0	129946.0	6931262.0	0.0	1715646.0	5215616.0	2153582.0	28970.0	6897062.0	2543235.0	2543235.0	0.0	0.0	3363197.0	0.0	483289.0	2879908.0	12832464.0	1232357.0	3568065.0		Active	-0.2619400571498294	-0.4056981065943425	1.536639530654428	0.2205086982603479		-0.09961559635048778	0.4312676765433195	0.2216409581025977		-0.1802773263672676	-0.6749095751674488	0.5738397615993783	0.2294626759075649	-0.2667181104787956	0.5881568926123382	-0.3929307805596466	-0.2627512056212978	0.0	0.207892611240465		2.638695409544675	-0.4648999187616498	-0.09961559635048778
MAG+ AB	0.9429498314857483	No	No	No	na	U1	Sweden	2403850.96428373	-925494.161076681	-925494.161076681	767713.247648963	600910.28730982	1.906	78.273	5.0	449738.547782332	447850.212382266	1993.24292229165		317974.699866631		34094.9447234098	283774.847620995	127043.009415536	10490.7522225876	590419.535087232	0.0				166802.960339143	0.0	22974.7473674669	143828.212971676	767713.247648963		151171.739527488	376932.727357574	Inactive	-0.7897157574781115	-0.8806467779650338	30.33154447980193		1.864542688818434	-0.7627727976956539	-0.7296716934471925	-0.4741223008737164	1.864542688818434	-0.1135761364408508		-0.5101152137559622	-0.4755238922885157	-0.8663238006970833	-0.660798093950862	-0.6966417316568518	-0.7925971155818331	-0.03595247754455898	-0.5594034030744022	-0.75		-0.9244182546323015	-0.7627727976956539
TVP SOLAR SA	0.16827961802482605	No	No	No	27	LF	Switzerland								35.0										4417419.75397867														Active																		0.003782304982702089		0.0			
VITEC LTD	0.005106354597955942	No	No	No	26	C2	United Kingdom	21057792.4726906	2497643.93107697	2550447.23130862	11890924.028803	6281571.18465149	3.282	52.827	113.0	240508.285184739	1535.1739803241	238973.111204415	0.0	11650415.7436183	2534723.22334048	6189841.08172807	2925851.43854972	1842843.82208198	69413.6060908254	6212157.57856066	2060014.46617994	0.0	2060014.46617994	26850.5617264343	3549338.37797157	212750.679972933	896984.177188285	2439603.52081035	11890924.028803	7827580.12788026	8101077.36564669	138475.689611081	Active	-0.03233498965378954	-0.3781163600092198	0.6715897009156317	0.6906442237027837	0.8581948627035325	0.1159525227844321	0.6354885319900366	-0.7994938821411066	0.7141097668873683	-0.1328748235448606	-0.522986359946916	0.04967533629717275	-0.01351774183967762	0.1189842725854228	0.01196557995350122	-0.0715700141442716	-0.0328757428361755	0.01863731197532235	0.205023629454487	0.008928571428571428	0.5174647403927697	0.08504110194747543	0.1159525227844321
ANACAIL LIMITED	0.8643874526023865	No	No	No	72	U1	United Kingdom				1034688.96482692	236130.542086011	1.17	22.821	9.0	100638.079742854	0.0	100638.079742854	0.0	934050.885084071	375101.23564333	8498.770244356	550450.879196385	426815.670472685	99.7898658828494	236030.752220128	0.0				798558.422740914	0.0	55671.6573997541	742886.76534116	1034688.96482692	327928.348487932	135492.462343158	29831.626017534	Inactive	-0.8513005054347579	-0.6554901296045537	inf			-0.3720293065017206	1.504811454466293			-0.763211139587246	-0.7167250432111156	18.82431597399078	1.017155823654599	-0.4154069663166803	1.017155823654599	-0.9562845613510687	-0.8513539606157116	-0.004777052417148395	12.37632229289662	0.2857142857142857	-15.75434218957552	-0.9119080701275019	-0.3720293065017206
BIONIC ROBOTICS GMBH	0.6247560977935791	No	No	No	62	LF	Germany								20.0																								Inactive																				0.0			
NIMBLE APPS LIMITED	0.9796087145805359	No	No	No	na	U1	Ireland				64316.0	-1313547.0	0.093			17870.0	6198.0	0.0	11672.0	46446.0	0.0	0.0	46446.0	27925.0	15000.0	-1328547.0	877456.0	877456.0	0.0	0.0	500407.0	11933.0	262110.0	226364.0	64316.0	-262110.0	-453961.0	41203.0	Inactive	-5.299282878436276	-0.858957501404473		0.6328712060591399		-0.9453955165844266	42.97818791946309	-0.869243264910023			-0.9003369094270398	-0.2860576164914118	-0.9789404711819145	-0.858957501404473		-0.9053916581892167	-5.572886513129589	0.0	0.4939529190488274		42.97818791946309	79.3470796460177	-0.9453955165844266
WINKO GAMES SL.	0.8437942862510681	No	No	No	58	U1	Spain	132251.919	-83199.7	-60912.649	1180365.33	322018.58	0.806	27.281	12.0	857248.98	789616.59	12797.08	54835.31	323116.35	0.0	20521.26	302595.09	302595.09	522990.0	-200971.419	457446.9	457446.9	0.0	0.0	400899.85	1681.43	0.0	399218.42	1180365.33	20521.26		5714.47	Inactive	-0.1590694235098035	0.02256809946011525	-0.2479625323636604	0.524823	-0.5555095273564037	0.65010466883318		1.28405454205336	-0.6171494442528843	-0.4903795860419936	0.03337620240787402	12.66515279824908	1.186172615804742	-0.0002723044949022634	-0.07713187909976747	-0.919214192643079	0.4349077819261158	0.0	11.3748576998869	0.7142857142857143	-0.2479625323636604		0.65010466883318
CELL GUIDANCE SYSTEMS LIMITED	0.08529557287693024	No	No	No	72	U1	United Kingdom				3761437.87678918	3075041.07509855	1.183	81.752	17.0	3387516.97954259	3274255.25477201	113261.724770578	0.0	373920.897246598	34924.0555193549	142876.060674803	196120.78105244	156855.133653295	71661.045476435	3003380.02962212	370442.552597485	370442.552597485	0.0	0.0	315954.249093144	187914.745962419	102326.491493314	25713.0116374104	3761437.87678918	75473.6247008435	57966.6481534538	242518.302768586	Active	0.06402255137643084	-0.44845272043007	0.3269591296369955	-0.2185782641367775		0.08390947084441625	0.1556774574015636	0.1481772078320215		-0.01834774255523542	-0.5126845859822627	0.458371201319994	0.142661823053932	-0.2605391608955451	0.003332891546031581	-0.7516271257610749	0.06515490134382401	0.01863731197532287	1.975822569162119	0.0	0.2263837397908511	-0.8548995315371535	0.08390947084441625
CLOUDCITIES AG IN LIQUIDATION	0.9222713112831116	No	No	No	62	LF	Switzerland								4.0										133375.071730535														Inactive																		0.03742394270643424		0.0			
ZLIO	0.8800896406173706	No	No	No	62	U1	France	168439.0	-537135.0	-627837.0	313663.0	104749.0	1.496	33.395		1093.0	0.0	1093.0	0.0	312569.0	0.0	30536.0	282033.0	268534.0	109146.0	-4397.0	0.0	0.0	0.0	0.0	208914.0	14348.0	44388.0	150178.0	313663.0	-13852.0	103655.0	3012.0	Inactive	-0.8570147395664127	-0.7312870985260631	-0.3583391119796592	-1.0	-0.5672548212373724	-0.7196062761251936	-0.3131131812695367	-1.0	-0.5085605461090669	-0.4900592474957244	-0.7218353846886919	-0.2985319326828311	-0.9491462336574699	-0.7151105719408035	-0.7599912165129556	-0.62001524003048	-1.00705280379828	0.0	-0.2504332413629791		-0.1867551224094405	-0.8733514489654784	-0.7196062761251936
HCS CONTROL SYSTEMS LIMITED	0.015975747257471085	No	No	No	28	U1	United Kingdom	20734360.589375	1797265.75134182	1731437.6754708	9128593.9748842	4133407.53563586	1.753	45.28	46.0	421741.797240297	117288.675136383	204151.631123685	100301.490980229	8706852.1776439	445254.623345846	5369991.32931994	2891606.22497812	1122983.22420613	184.405282921813	4133223.13035294	29087.6283148795	29087.6283148795	0.0	0.0	4966098.81093346	1906690.6936946	1594100.68848176	1465307.42875709	9128593.9748842	4221145.26418403	3740753.36671045	323217.512174227	Active	0.7529125619874847	0.3705297446913388	0.06784659041053956	-0.4142278417874333	-19.97086081164766	0.1374467473796802	2.305963540545465	-0.5592630846950051	-151.2639069884226	0.5410795725273977	7405.869178608825	-0.3216287792387588	-0.3605462958934147	0.1820360162514565	-0.3078402389794316	0.3371472158657513	0.7529689384781254	0.01863731197531803	-0.1160117841567629	0.1219512195121951	-0.1157949145277223	1.139841552937354	0.1374467473796802
MILIBRIS	0.39898398518562317	No	No	No	58	U1	France	3737949.0	839184.0	805510.0	5153451.0	3471182.0	3.213	67.356	18.0	202113.0	0.0	22571.0	179542.0	4951338.0	0.0	2039143.0	2912195.0	2681495.0	55000.0	3416182.0	141182.0	0.0	141182.0	141182.0	1541087.0	0.0	602777.0	938310.0	5153451.0	1436366.0	3410251.0	10432.0	Active																							
DRONAMICS	0.04552614688873291	No	No	No	71	U1	Bulgaria	6814936.660357	1899940.32784805	1899940.32784805	2625967.0408578	813967.976839098		30.997	133.0												0.0				0.0	0.0	0.0	0.0	813967.976839098				Active	0.6565844501038061				5.553699905766607	-0.1710897486910454	-1.0		5.805765286757644	0.9985170857511283		-1.0							-1.0	0.08130081300813008			-0.7430636448434866
COPA90 LIMITED	0.39100292325019836	No	No	No	59	C2	United Kingdom			-187862.881976597	3457.599054784	-187862.881976597			65.0	1152.53301826133	1152.53301826133	0.0	0.0	2305.06603652267	0.0	2305.06603652267	0.0		0.0	-187862.881976597	191320.481031381	0.0	191320.481031381		0.0				3457.599054784				Active	-1.127232093373163	-1.0	-0.9995720011294222	-0.8872708041413977		-0.9997006355862141		-0.9751551875127971	-1.05832029569792				-0.9892775019792073	-0.9997985489346435	-1.0		-1.127232093373163		-1.0	0.1016949152542373			-0.9997006355862141
SAM LABS	0.1668819636106491	No	No	No	85	LF	United Kingdom	951569.215142628							15.0																								Active																							
BOOZT FASHION AB	0.007896955125033855	No	No	No	47	U1	Sweden	679545928.620998	24787281.8432546	19692280.0735908	472055780.227009	140399860.118007	1.16	29.742	447.0	122211819.520439	17742653.7729021	68547303.4104167	35921862.3371201	349843960.706571	203531414.751681	2415470.99852352	143897074.956366	126142975.589225	25955.3633152292	140373904.754692	30159681.5583499	29422296.8963874	737384.661962519	737384.661962519	301496238.550652	8687836.88745867	89330069.2344043	203478332.428789	472055780.227009			13634496.5459528	Active	0.1899706611377013	-0.1410657588407966	0.4029805863452691	-0.1880288392677018	0.225317380043444	0.05735434563380933	-0.2160128105172911	0.2076907112958335	0.2163384146178609	0.1253973058876949	-0.1878013458218758	0.2539692466280885	0.2618585662759755	0.0006998646649380184	-0.09829303237120017	-0.03333333333333337	0.1900118544134003	0.002323418675440287	0.03493088434390923	-0.0951417004048583			0.05735434563380933
SWOGO LIMITED	0.5841038823127747	No	No	No	na	NF	United Kingdom																																Active																							
AITO TECHNOLOGIES OY	0.9267292022705078	No	No	No	62	U1	Finland	0.0	-7000.0	-7000.0	46000.0	-591000.0	0.264			0.0				46000.0	0.0	43000.0	3000.0		3000.0	-594000.0	464000.0	0.0	464000.0		174000.0	0.0	62000.0	112000.0	46000.0	-19000.0	-128000.0		Inactive	0.0111880861169522	-0.7606319317003112	0.00319622984858736	-2.80164564354878e-05	-0.9858325693040351	-0.1696301243749662	-0.03608463798759348		-1.005056287312692			0.004277144624875586		-0.169615134666763		-0.1619047619047619	0.01199227887372415	0.2	-0.01048656763949865		-0.1145493522229472	0.06269925611052073	-0.1696301243749662
STRUCTURE VISION LIMITED	0.6650100350379944	No	No	No	62	U1	United Kingdom				133042.231327114	132185.543420438		99.356		1384.2395876265	0.0	1384.2395876265	0.0	131657.991739487	0.0	0.0	131657.991739487		0.0	132185.543420438	0.0				856.687906676097	0.0	0.0	856.687906676097	133042.231327114	0.0	130801.303832811		Active	0.1285926736408484	0.0824993137705059				0.08149529075093398				0.04354584602457726		-0.854618898378113	-0.006176757071717142	0.0824993137705059	-0.006176757071717142		0.1285926736408484		-0.854618898378113			0.1302146419553137	0.08149529075093398
THE DOVETAIL	0.14326030015945435	No	No	No	56	LF	United Kingdom	251175.630392978							5.0																								Active																							
WE ARE ERA GMBH	0.055091965943574905	No	No	No	73	LF	Germany								250.0																								Active																				0.0			
THE RUSHMORE GROUP LIMITED	0.05576591566205025	No	No	No	68	U1	United Kingdom				2470718.45470435	1440713.52668042	5.115	58.312		0.0				2470718.45470435	0.0	0.0	2470718.45470435		193210.63518133	1247502.89149909	546939.153947989	0.0	546939.153947989		483065.774075946	10.372797164352	205.150877250517	482850.250401531	2470718.45470435	-205.150877250517	1987652.68062841		Active	0.01863812685909449	0.0186373119753198		0.01863731197532227		0.0186373119753198	0.01294660073523255			1.714942292187871e-05		0.01863731197532166		0.0186373119753198		0.0	0.01863825306670483	0.01863731197532288	0.0186348816430611		0.01294660073523255	0.01863790262872807	0.0186373119753198
VIUING SL.	0.9909652471542358	No	No	No	73	U1	Spain	33325.21	-285336.68	-80179.91	681154.85	380587.72	1.436	55.874	4.0	469842.61	241696.67	22189.17	205956.77	211312.24	68442.89	4833.26	138036.09	135666.48	5003.35	375584.37	153449.37	153449.37	0.0	0.0	147117.76	66061.95	3672.5	77383.31	681154.85	69603.65		5779.68	Inactive	-9.987832972052983	50.93915301111885	-0.4496483199406066	inf	5.47856377374941	46.87980402562849	inf	160.1311133333333	0.820483298216297		5159.383415747433	0.3971924818443163	167.6096563158291	17.47170487544341	16.24676465330297	6.108910891089108	-9.281033505406379	0.6622425249169437	1.600580649631826		6.925600053745504		46.87980402562849
L.E.S.S. SA	0.29136812686920166	No	No	No	72	LF	Switzerland								4.0										230174.836096828														Active																		0.003782304982699272		0.0			
INVINCIBLES STUDIO LTD	0.022938180714845657	No	No	No	62	U1	United Kingdom				4423467.30424832	2352098.76884102	0.988	53.173	55.0	2377457.17135374	2343890.22883351	33452.266074194	114.676446039539	2046010.13289458	0.0	632885.544518692	1413124.58837589	293282.717217201	710.993965445143	2351387.77487557	0.0				2071368.5354073	1541145.93244105	281631.590299583	248591.012666671	4423467.30424832	351253.954219109	-25358.4025127233	29116.349649439	Active	-2.548168022271183	-0.1607732422396406	-0.004898622188007221	-1.0		0.0885507490194484	-0.5144252395023624	0.3859535211943054		-2.42223232674459	-0.6839672603198198	-0.2818199157036446	0.3633869258267897	-0.1180391189150091	-0.362765282804042	-0.3190902825637492	-2.547191616079072	0.4241171227351956	0.2956339791903667	0.2222222222222222	5.271863379939075	-1.035165664682046	0.0885507490194484
WINDELN.DE SE	0.0026304051280021667	Yes	No	Yes	66	U2	Germany		-16756000.0	-16761000.0	8486000.0	0.0	0.734	0.0		3855000.0	0.0	0.0	3855000.0	4631000.0	0.0	0.0	4631000.0	4629000.0	5522000.0	-5522000.0	2180000.0	0.0	2180000.0	2180000.0	6306000.0	345000.0	0.0	5961000.0	8486000.0		-1675000.0	1121000.0	Inactive	-1.0	-0.0732439463678207	-1.0	-0.4897003745318352	18.64361078546307	-0.6393386884270474		-1.0	18.64947245017585	-1.0	0.04942189979596463	0.007606490872210953	-0.7361215688958861	-0.4808295964125561	-1.0	-0.4849122807017544	-1.738827936847739	0.0	0.007187350263536177			-1.629936066190297	-0.6393386884270474
GYLD B.V.	0.7728861570358276	No	No	No	63	U1	Netherlands				21316.0	-309956.0	0.004			19841.0	0.0	19841.0	0.0	1475.0	0.0	1475.0	0.0				0.0				331272.0				21316.0		-329797.0		Inactive	0.141209780451615		-0.9526058736585052			-0.5741484367196085							0.04795859082026092	-0.9526058736585052	0.04795859082026092	-0.9587628865979381			0.02988568639459801			0.1351290885498233	-0.5741484367196085
INTERTWINE S.R.L. IN LIQUIDAZIONE	0.8406738042831421	No	No	No	58	U1	Italy	0.0	-1265.0	-1265.0	29599.0	-387251.0	0.072			0.0	0.0	0.0	0.0	29599.0	0.0	0.0	29599.0	9.0	14444.0	-401695.0	6105.0	0.0	6105.0	0.0	410745.0	0.0	0.0	410745.0	29599.0	0.0	-381146.0		Inactive	-0.03324046474238952	-0.001079950052310081		0.0	-0.6078735275883447	-0.001079950052310081			-0.6078735275883447		0.0	-0.03147194476670157		-0.001079950052310081		0.0285714285714284	-0.03208356425146382	0.0	-0.03147194476670157			-0.03375492127231843	-0.001079950052310081
ATLAS CLOUD LIMITED	0.1543634980916977	No	No	No	62	U1	United Kingdom				1037997.3657106	-75208.1421854603	0.737	-7.246	23.0	241148.610601906	198180.676698124	42967.9339037813	0.0	796848.75510869	0.0	137988.091445586	658860.663663104	382151.21971715	38607.9403939196	-113816.08257938	32526.5292649747	32526.5292649747	0.0	0.0	1080678.97863108	11639.064361617	394301.239004242	674738.675265222	1037997.3657106	-256313.147558656	-283830.223522391	136654.254669745	Active	-1.20396243425538	0.04969283666136928	-0.4329656373673773	-0.2857074201558204		-0.05845083284963021	0.411413369824875	0.2000318572779345		-1.216641253326158	0.6220556528524726	0.6989962062725535	0.0420604124166844	-0.08515494639628333	-0.3516134876711028	-0.4178515007898894	-1.344829266246857	-0.001610875928808847	0.5703807260638757	-0.08	6.116697615223317	-2.552199650602799	-0.05845083284963021
EQUAFY LTD OOD	0.6132012009620667	No	No	No	62	U1	Bulgaria	0.0	-511.276204036642	-511.276204036642	511.276204036642	-1533.82861210993				0.0	0.0	0.0	0.0	511.276204036642	0.0	0.0	511.276204036642		1022.55240807328	-2556.38102018321	2045.10481614657	0.0	2045.10481614657	0.0	0.0	0.0	0.0	0.0	511.276204036642	0.0	511.276204036642		Inactive	0.4999446617978598	-3.689213476656742e-05		inf	-0.5000184460673813	-3.689213476656742e-05			-0.5000184460673813			-1.0		-3.689213476656742e-05			0.2499538848315404	-3.689213476656757e-05	-1.0			-1.499981553932619	-3.689213476656742e-05
FLOW STUDIO, A.S.	0.7332420349121094	No	No	No	58	U1	Czech Republic	3926.35808203697	-23597.0233247173	-23597.0233247173	2215.86545223869	1982.6164572662	9.5	89.474	0.0	0.0	0.0	0.0	0.0	2215.86545223869	0.0	1671.61779730287	544.247654935818	544.247654935818	874683.731146851	-872701.114689585	0.0				233.248994972494	0.0	77.7496649908312	155.499329981662	2215.86545223869	1593.86813231204	1982.6164572662	24374.5199746256	Inactive	-0.9230627697087257	-0.8455891578555079	0.01627544064487068		-0.5601947702631065	-0.9254538283266284	-0.9797420177944544	-1.0	-0.5601947702631065	0.03207871454442696	-0.8438542045729857	0.3235215040956442	-1.0	-0.5713595128781142		6.268553940321347	0.02022711675132269	-0.007358871928264256	-0.9410312201145502		-1.726755111623951	0.633054759085768	-0.9254538283266284
EDUPAD	0.1288628727197647	No	No	No	47	U1	France	481363.0	-23987.0	10562.0	682628.0	197745.0	1.545	28.968	6.0	62350.0	58173.0	3107.0	1070.0	620278.0	0.0	14987.0	605291.0	464527.0	244745.0	-47000.0	83449.0	17.0	83432.0	83432.0	401434.0	0.0	15543.0	385891.0	682628.0	-556.0	218844.0	71321.0	Active	0.05642606433276526	0.1646370676800231	-0.2122056349873843	0.0002037587496404257	-0.5221617960517142	0.01620411377565527	-0.2146827000808408	-0.5431427830962908	-1.079038546445061	0.03958370715951916	0.1099331450499142	0.01194750022945704	-0.531178332694202	0.151330211285775	-0.3232411239381399	0.150409530900968	-0.1834891073972412	0.0	0.0007653436442822348	0.5	-0.2760416666666667	0.5901818023281161	0.01620411377565527
NSGENE A/S	0.791808009147644	No	No	No	72	C2	Denmark	3980327.21394284	1604395.83952218	1559074.68294893	1970730.64814401	1244919.7222512	2.695	63.17		14524.2875665043	0.0	14524.2875665043	0.0	1956206.36057751	0.0	0.0	1956206.36057751	1185612.21468798	1930788.85733613	-685869.135084924	0.0	0.0	0.0	0.0	725810.92589281	0.0	165953.433861725	559857.492031086	1970730.64814401	-165953.433861725	1230395.4346847	2824.16702682027	Inactive	-5.616884966844009	-0.3034440208241964		-1.0	0.3799169393383012	-0.3010183815170681	1.093998529148212		0.375152581538016	-7.604976997072356	-0.5776511355737495	3.115586771975944	0.3163955650489825	-0.3034440208241964	0.3163955650489825	0.09419407226958983	-0.688443483881338	-0.0005144783887412329	-0.3634383573122513		1.093998529148212	-0.2624380515227142	-0.3010183815170681
ARIANE SYSTEMS	0.21499945223331451	No	No	No	62	U1	France	6807390.0	144603.0	59995.0	9662179.0	4186929.0	0.581	43.333		7178890.0	933599.0	111532.0	6133759.0	2483289.0	661590.0	972993.0	848706.0	278303.0	1287060.0	2899869.0	1199524.0	1164666.0	34858.0	0.0	4275726.0	479374.0	1437006.0	2359346.0	9662179.0	197577.0	-1792437.0	353441.0	Active	0.007094520321910101	0.6188121927912154	0.03458824580207217	-0.2928181355651417	-1.068799502141733	0.1203963082106529	0.4090283334117758	0.04284190361297745	-1.026049796599263	-0.1011242947228676	60.61235333185743	0.4622045497082837	0.08133955003896738	0.2510227923629488	-0.3921233063364545	-0.1896792189679219	0.01027566442561144	0.0	0.5434401934549755		-0.5518515494222839	1.282632282712512	0.1203963082106529
ELIXENT LIMITED	0.19034093618392944	No	No	No	82	U1	United Kingdom				10589511.6088695	-16450763.7069504	0.392			0.0				10589511.6088695	0.0	0.0	10589511.6088695	8820022.5489712	0.0	-16450763.7069504	0.0				27040275.3158199	0.0	0.0	27040275.3158199	10589511.6088695	0.0	-16450763.7069504		Inactive	-0.2436321922450909	7.709501855754246		-1.0		1.174112989464582					7.992134806206593	0.03166741377731434	-1.0	4.471353729896912		4.297297297297297	-0.2436321922450909		0.03166741377731434		-1.0	-0.3223115445038829	1.174112989464582
ACCURIS NETWORKS LIMITED	0.7849436402320862	No	No	No	na	U1	Ireland	616000.0	314000.0	314000.0	607000.0	0.0	1.0	0.0	2.0	0.0				607000.0	0.0	0.0	607000.0		6454000.0	-6454000.0	0.0				607000.0	250000.0	36000.0	321000.0	607000.0	-36000.0	0.0		Inactive	-1.0	2.353591160220994				2.353591160220994	5.0					0.3430962343096234		2.353591160220994		1.73224043715847	-0.04639479905437352	0.0	0.2262626262626263		5.0	-1.0	2.353591160220994
CO-ACHIEVE	0.5905148386955261	No	No	No	85	LF	Netherlands								1.0																								Active																							
VISSCORE LIMITED	0.4559991657733917	No	No	No	62	U1	United Kingdom				768627.727477538	514954.057625201	0.91	66.997	4.0	537718.889801898	534336.205393301	3382.68440859702	0.0	230908.83767564	8643.99763696	0.0	222264.84003868	20250.0051308516	190167.94801312	324786.10961208	0.0				253673.669852338	0.0	51616.1912228338	202057.478629504	768627.727477538	-42972.1935858738	-22764.8321766979	281939.542125197	Active	-2.039333161907717	6.281606752803359	-1.0			0.1214322868476557	2.495492453974005	-0.1044155125148171		-1.926793841386656	-0.3222970361843937	2.211412163251733	-0.1081026017518297	1.798724174670101	-0.459562452883663	12.0	-1.655516680077344	inf	-0.7851796187871536	0.0	-2.154719898361248	-0.979273778931147	0.1214322868476557
UAVONIC S. R. O.	0.2990882098674774	No	No	No	69	U1	Slovakia	310449.0	-29043.0	-29043.0	322362.0	122301.0	0.618	37.939		202688.0	0.0	45457.0	157231.0	119674.0	3015.0	47251.0	69408.0	67041.0	8000.0	114301.0	6264.0	0.0	6264.0		193797.0	0.0	78964.0	114833.0	322362.0	-28698.0	-74123.0	33531.0	Active	-0.1919005708848716	1.330613478392264	-0.8736083842009812	-0.9572991581171819	-1.90929868503444	-0.4971006556870674	-0.6304982592745105		-1.90929868503444	0.6069038542990258	1.973125194021908	-0.1116397450179478	-0.146145420844216	-0.7035034821753748	-0.4328438283696615	-0.4749362786745965	-0.2026105034043978	0.0	-0.4349414522637681		-1.179203456931973	-2.221962116091594	-0.4971006556870674
YOUPIC AB	0.015552305616438389	No	No	No	62	U1	Sweden	692773.881264468	15951.7337041513	11715.9626075687	1065341.49218515	938448.604866256	3.766	88.089	5.0	881040.388089169	874191.056103206	0.0	6849.33198596326	184301.104095985	0.0	12076.4537647247	172224.65033126	146629.778173187	12797.4360790366	925651.168787219	77956.2127349766	70025.4072775455	7930.80545743115	0.0	48936.6745839217	22620.8201115366	3604.91157155961	22801.0656901145	1065341.49218515			63176.0752915822	Active	0.01509373260721339	-0.5601744998648077	0.1781696324781531	-0.2001755007802061	-1.452579706901921	-0.1303878802082671	-0.284054700946114	0.07088194307212035	-1.332403174560732	0.1672983144280717	-0.6012762341846108	-0.3127701221547807	0.0701959087998152	-0.5414426417916606		0.903943377148635	0.01527256737825024	0.002323418675439101	-0.759176275955414	0.0			-0.1303878802082671
3POWER ENERGY LIMITED	0.40557020902633667	No	No	No	70	C2	United Kingdom	3714608.4443245	-169949.73909099	-160964.179846186	1751226.93719884	186295.460187897	1.119	10.638		399.836431793227	0.0	399.836431793227	0.0	1750827.10076705	92100.5664078496	321299.72167638	1337426.81268282	8904.00620489111	1132.68110989583	185162.779078001	224.270859759374	0.0	224.270859759374	224.270859759374	1564707.20615119	465960.089626726	309368.058864738	789379.057659722	1751226.93719884	104032.229219492	186119.894615863	399.836431793227	Inactive																							
EREMEEV GROUP LIMITED	0.971834123134613	No	No	No	62	U1	United Kingdom				114.288819931206	114.288819931206		100.0		0.0				114.288819931206	0.0	0.0	114.288819931206	114.288819931206	114.288819931206	0.0	0.0				0.0				114.288819931206				Inactive	-0.8725499855936119					-0.8725499855936119				0.0			-1.0	inf			-1.0	inf					-0.8725499855936119
RODENBURG PRODUCTIE B.V.	0.3832470178604126	No	No	No	20	U1	Netherlands				7293776.0	1883375.0	0.597	25.822	19.0	4111526.0	1163857.0	2692949.0	254720.0	3182250.0	1930943.0	1251307.0	0.0		150200.0	1733175.0	83693.0	46662.0	37031.0	37031.0	5326708.0				7293776.0		-2144458.0		Active	-0.09167964812608816		0.3172734182385501	0.1363920269389529		0.1739637930335164		0.2834600777228356		-0.2262607497078476			-0.05439771851749635	0.7063935936442637	-0.1677720499000102	0.3006535947712417	-0.09883947651655774	0.0	0.3101157697198358	0.0		-0.02565912985953223	0.1739637930335164
INNOGIV B.V.	0.6449109315872192	No	No	No	63	LF	Netherlands								1.0										10.0														Inactive																							
GATEME LTD.	0.5841038823127747	No	No	No	na	NF	United Kingdom																																Inactive																							
DISARMCO LIMITED	0.34624218940734863	No	No	No	74	U1	United Kingdom				1297.87050711692	-1.16714973661594	0.999	-0.09	2.0	0.0				1297.87050711692	0.0	0.0	1297.87050711692		0.0	-1.16714973661594	0.0				1299.03765685354	0.0	0.0	1299.03765685354	1297.87050711692	0.0	-1.16714973661594		Active	-0.02293600231502182	-0.02293600231503073				-0.02293600231503073				0.0		-0.02293600231502649		-0.02293600231503073		0.0	-0.02293600231502182		-0.02293600231502649	1.0		-0.02293600231502182	-0.02293600231503073
ASCOTS LIMITED	0.8153148889541626	No	No	No	47	U1	United Kingdom				110.038879981686	110.038879981686		100.0		0.0				110.038879981686					110.038879981686	0.0	0.0				0.0				110.038879981686				Inactive																							
AZIMO LTD	0.020759541541337967	No	No	No	64	U2	United Kingdom	564235.216953037	1973099.64620682	1973099.64620682	51458513.1806055	24971509.9270506	1.161	48.527	2.0	20708020.5997757	0.0	12989.0471158052	20695031.5526599	30750492.5808298	0.0	0.0	30750492.5808298	18386808.7282002	100.270372588736	24971409.656678	0.0				26487003.2535549	10506600.4851071	85.2874433513387	15980317.4810045	51458513.1806055	-85.2874433513387	4263489.32727495	16349.8333970553	Active	0.1067892818939417	0.7234329078711648		-1.0	-0.8766951060195953	0.4848188192690607	-0.9981391996572078		-0.8819559944604833	-0.2546004731037449	3.727466561268888	18.63589058831327	0.2316053727523144	0.7234329078711648	-0.5148731192544858	-0.7889474640974368	0.1067896664920173	0.01863731197532134	7.165595220567393	-0.7142857142857143	-0.9981391996572078	-0.7079571732481149	0.4848188192690607
LEVEL HEADED MARKETING LTD	0.9715959429740906	No	No	No	64	U1	United Kingdom				2.56318489409368	2.56318489409368		100.0		0.0				2.56318489409368	0.0	0.0	2.56318489409368	2.56318489409368	2.56318489409368	0.0	0.0				0.0				2.56318489409368				Inactive	-0.06825792906860294	-0.06825792906860294				-0.06825792906860294				0.0	-0.06825792906860294			-0.06825792906860294				-0.06825792906860294					-0.06825792906860294
ESHA NESS APS	0.3512594997882843	No	No	No	70	U1	Denmark		-134.176009578165	0.0	278281.043865113	276939.283769332	26.2	99.518	0.0	242992.753346056	0.0	0.0	242992.753346056	35154.1145094791	0.0	0.0	35154.1145094791	1207.58408620348	21199.80951335	255739.474255982	0.0				1341.76009578165	0.0	536.704038312659	805.056057468988	278281.043865113				Active	-0.002194032743975507	-0.01719863375534402			-0.9678127107336765	-0.002194032743977403	-0.002194032743974002		-1.0	0.0	-0.3585533067639833	-0.002194032743975269	1.472423943754987e-05	-0.01719863375534402		-0.1135471647042902	-0.002194032743974078	-0.002194032743977529	0.1086732969511382				-0.002194032743977403
KIWIGRID GMBH	0.07949183136224747	No	No	No	62	U1	Germany				10537024.9	7798780.07	5.327	74.013	150.0	864485.92	74214.0	290271.92	500000.0	9672538.98	1329736.95	0.0	8342802.03	6461806.37	343870.0	7454910.07000001	922352.18	0.0	922352.18	922352.18	1815892.65			13481.0	10537024.9	1329736.95	7856646.33		Active	1.595926428871036	1.038603566670809		0.111189943614427		1.238948853883048		0.4919486158856523		0.1594423122111695	1.35434359514806	-0.4444032311242994	2.148096443077411	1.182613549473566	0.2908838860582259	0.0482093663911846	1.725377667779814	0.2789452151597426	1.082585056006901	0.1194029850746269	2.91996879559247	1.207115405834822	1.238948853883048
DOMZA AND KIDS LTD	0.7774307131767273	No	No	No	47	U1	United Kingdom				2943147.53028342	-2490741.57222436	0.454	-84.628		477804.307376436	422715.604872678	55088.7025037573	0.0	2465343.22290699	1069469.93270378	451012.939259471	944860.350943736	51755.0408064542	1092.96642916372	-2491834.53865352	0.0				5433889.10250778	2847659.00082443	1623534.31839398	962695.783289369	2943147.53028342	-103051.446430733	-2968545.87960079	160493.791672867	Inactive	0.02542225364275233	0.07949216345313975	0.1538036253885973	-1.0		0.0828461755186482	0.1011420488055083	0.06214704446058001		-0.05303911914779334	0.3372744011934853	0.5182678944346466	0.02960989251133565	0.09380713165575444	-0.1663489731400789	-0.3372262773722628	0.02540362972947571	-0.01535050814159278	0.6518976119141212		0.07590213514307484	1.866574273832258	0.0828461755186482
INSTANT OPINION LIMITED	0.7983352541923523	No	No	No	na	U1	Ireland				11101.0	10950.0	49.629	98.64		3607.0	0.0	3607.0	0.0	7494.0	0.0	1027.0	6467.0	6467.0	210.0	10740.0	0.0				151.0	0.0	151.0	0.0	11101.0	876.0	7343.0		Inactive	0.0	0.0	0.0			0.0	0.0			0.0	0.0		0.0	0.0	0.0	0.0	0.0	0.0	0.0		0.0	0.0	0.0
MICRODATA TELECOM INNOVATION AB	0.21927355229854584	No	No	No	na	NF	Sweden																																Active																							
CRAFTUNIQUE KORLATOLT FELELOSSEGU TARSASAG	0.20661970973014832	No	No	No	26	U1	Hungary	1672091.5297128	-764912.442075087	-816391.432639198	4652784.38073549	1635423.81821189	0.482	35.149	24.0	3198089.51371701	1279778.10205356	95949.3988131316	1822362.01285032	1454694.86701847	635725.174690495	576673.362608884	242296.329719094	141456.857818429	46458.3065500952	1588965.51166179	0.0				3017360.5625236	0.0	0.0	3017360.5625236	4652784.38073549			465484.280893686	Active	-0.3018133595169011	7.783079780390634	-0.6507528733732431		1.635157964078208	-0.03045493331964264		-0.02762135545256547	1.303086686459126	-0.2798959250988506	4.401350988619784	0.2282929797840916	0.5197143290007836	-0.460131165368829	-0.1949803422238771	-0.5606198723792161	-0.3085450400432784	0.04671622977130867	0.2282929797840916	-0.2			-0.03045493331964264
CSG SOLAR AKTIENGESELLSCHAFT	0.4481005072593689	No	No	No	26	U1	Germany	2421949.27	-6846088.97	8896255.61	20519969.4	19073535.34	8.464	92.951	73.0	16637762.83	5558.0	16632204.25	0.58	3882206.57	1569261.68	706.86	2312238.03	1894573.96	9337286.0	9736249.33999999	987756.75	303796.0	683960.75	683960.75	458677.31	0.0	305320.25	153357.06	20519969.4	1264648.29	3423529.26	1726517.17	Inactive	5.247438976479614	-0.4357996357812505	-0.9988468583856909	-0.9533400916731335	-0.571349783981006	-0.2308338144711772	-0.8556101399412874	-0.6361136571952337	-1.268384085259544	7.122247465921006	0.05096139465525693	-0.550729634509969	-0.1767395111089584	-0.3998384804246464	-0.1763920680009223	2.21336370539104	8.028038788453832	3.728766906836979	-0.8132346533202687	-0.5548780487804879	3.944061020034294	-0.1468267999889232	-0.2308338144711772
FRONT UP LTD	0.9617928266525269	No	No	No	47	U1	United Kingdom				206241.065444535	124042.691403886	3.295	60.145		3957.96717944756	0.0	3957.96717944756	0.0	202283.098265088	13766.8423632959	0.0	188516.255901792	187429.822591955	110899.945894393	13142.7455094931	20808.5822321217	0.0	20808.5822321217		61389.791808527	0.0	0.0	61389.791808527	206241.065444535	13766.8423632959	140893.306456561		Inactive	-5.653743685963939	981.2641327522122		-0.199975025551116		6.32602456459019				-1.635238326591396		1.131863011635683	-0.09729136151215964	7.510985796895317	-0.09729136151215964	2.993939393939394	-1.493058074479539	93609.77251471316	1.131863011635683		-0.4160498717861467	-29.01606662744062	6.32602456459019
KRONOMAV SISTEMAS SL	0.9124988913536072	No	No	No	26	U1	Spain	342054.11	-1134722.72	-1762165.04	1021420.31	-1363726.86	0.827		11.0	282016.31	48038.05	95105.78	138872.479	739404.0	441526.47	175560.43	122317.099	2971.31	490720.0	-1854446.86	1491163.44	1491163.44	0.0	0.0	893983.73	46205.23	73391.07	774387.429	1021420.31	543695.829		159588.39	Inactive	-4.484033645133342	1.100739277852029	-0.5657888075240929	0.02900749538410287	1.481633111526825	-0.5893344708014272	-0.3222096621810695	-0.9155329826672763	5.317160515163871		-0.2044770604866347	1.119870345814665	-0.8072847508657454	-0.2778187235178027	-0.4282964745228384	-0.4775742261528743	17.67554120514964	0.0	0.3824163735756601	-0.1538461538461539	-0.3658359505281482		-0.5893344708014272
GOGAMINGO LTD	0.9725703597068787	No	No	No	62	U1	United Kingdom				34091.1007185461	-2246.99065886716	0.859	-6.591		2862.20814609338	0.0	2862.20814609338	0.0	31228.8925724527	0.0	0.0	31228.8925724527	6435.25040319457	44.0339714783597	-2291.02463034551	0.0				36338.0913774132	0.0	0.0	36338.0913774132	34091.1007185461	0.0	-5109.19880496054	954.908124345	Inactive	-3.417662721192141	0.5156869678975036				0.4113361119853872				-2.712837837837838	-0.6183748487042924	0.5645578171331986	-0.194063942650444	0.5156869678975036	-0.194063942650444	-0.03156708004509585	-3.541873786987503	0.5674423064093308	0.5645578171331986			0.9485866958147808	0.4113361119853872
PRIME FITNESS LIMITED	0.015564560890197754	No	No	No	85	U1	Ireland				2463844.0	869916.0	1.027	35.307	112.0	827250.0	0.0	827250.0	0.0	1636594.0	15539.0	37865.0	1583190.0	516245.0	100.0	869816.0	0.0				1593928.0	16143.0	443855.0	1133930.0	2463844.0	-390451.0	42666.0	176127.0	Active	0.3006728267695344	0.09725061855884452	0.701491866630718			0.1748960694758506	0.9123438173201206			0.1070454331671527	0.6014648310263744	-0.05202005761799902	0.3736012845185297	0.09483986419815028	0.3736012845185297	-0.01910219675262657	0.3007177892092355	0.0	0.1159975746610897	0.1428571428571428	1.167426239973355	-0.3590902945727119	0.1748960694758506
CUREFAB GMBH	0.7657135725021362	No	No	No	72	U1	Germany	200000.0			343745.35	-375374.66	4.578		13.0	122804.66	1.0	122803.66	0.0	220940.69	36461.0	0.0	184479.69	138728.4	78416.0	-453790.66	670855.59	607459.99	63395.6	63395.6	48264.42	0.0	6601.8	41662.62	343745.35	29859.2	172676.27		Inactive	-0.246996443372667	0.6400534476251946		-0.09561079586759666		0.4129945712322499		inf			3.00712411511812		0.6077881549786126	0.3238444528969538	0.6077750627380171		-0.1513730806223201	1.164274674321042	inf	0.3	-0.4512113648239115	0.03465107394403751	0.4129945712322499
MY STAR AUTOGRAPH SL.	0.9792516827583313	No	No	No	47	U1	Spain	73034.41	-330808.57	-248106.43	555526.14	215948.84	0.406	38.873	4.0	458193.33	292928.46	18501.15	146763.72	97332.81	7500.0	71061.78	18771.03	18771.03	4145.5	211803.34	100000.0	100000.0	0.0	0.0	239577.3	0.0	214.29	239363.01	555526.14	78347.49		19004.47	Inactive	-0.3123858739896325	-0.8980815405012158	0.2157945307383346	inf	0.3136270945167934	0.07541175781883383	inf	0.6876840989973402	0.3136270903654594	-0.3605993815382592	-0.8980815405012158	0.1819498441031909	0.7196553538319337	-0.6108645418317137	-0.1926176675694239	-0.671255060728745	-0.317147292713867	0.06815253800566864	0.1830079860111358	0.3333333333333333	0.188004064969149		0.07541175781883383
FYNDIQ AB	0.03188696503639221	No	No	No	47	U1	Sweden	12635124.9355272	-222873.657911673	-216024.32592571	16194794.8668637	5470633.55542029	1.048	33.78	43.0	4955852.18300158	2217651.47603418	47765.0783231649	2690435.62864423	11238942.6838621	0.0	0.0	11238942.6838621	8250831.48219635	49477.4113196557	5421156.14410063	0.0	0.0	0.0	0.0	10724161.3114434	0.0	1521272.68319816	9202888.62824524	16194794.8668637			889151.439125178	Active	0.1694286953262985	0.3741040231818263			0.1792320715434685	0.1810245520908562	1.044865761087924	-0.2002278814700039	0.1429920240556803	-0.009819727392642558	0.1910713666803634	0.1100510373411705	-0.1006026990688682	0.3702177779176324	-0.2035511065997238	0.1541850220264317	0.1702560238268609	0.08535612791482675	0.1870288836999183	-0.04444444444444445			0.1810245520908562
NEUROTEC PHARMA SL	0.49433767795562744	No	No	No	72	U1	Spain	404568.78	-2701545.55	-2878020.159	1223275.18	-2188557.39	0.833		16.0	165302.72	156826.95	415.99	8059.78	1057972.46	0.0	106667.11	951305.35	949686.89	8825.0	-2197382.39	2142322.04	2117097.339	25224.7	25224.7	1269510.53	0.0	22077.32	1247433.21	1223275.18	84589.79		213597.07	Inactive	-3.119716789243166	8.811115179142345	0.4421299106685354	0.3910830332640811	121.0490315754473	-0.5739290932990222	0.3797385053143255	-0.9233170712129626	-71.41832446667301		22.72314628667808	3.467699329332878	-0.9387797887535263	5.189616525138395	-0.7018227953351348	0.4537521815008727	-3.146612178451546	0.0	3.25232782452378	1.285714285714286	0.4593532283633827		-0.5739290932990222
WIND ENERGY DIRECT LIMITED	0.018222959712147713	No	No	No	82	U1	Ireland				3513329.0	2463689.0	12.653	70.124	2.0	2236247.0	0.0	777.0	2235470.0	1277082.0	117862.0	156229.0	1002991.0	604778.0	384.0	2463305.0	948710.0	948710.0	0.0	0.0	100930.0	2592.0	31440.0	66898.0	3513329.0	242651.0	1176152.0	934.0	Active	0.2494131226237742	1.090487882147949	0.0816261536011742	-0.01064842672128361		0.1792583418085638	1.446883025916414			0.05948298004139782	17.45129206455746	0.9930286599535244	-0.0004174896890327604	0.7209283522596346	-0.5458796025715955	-0.1735467015022861	0.2494617023747992	0.0	1.082233041756065	0.0	-0.02726376216666934	0.6956793158183839	0.1792583418085638
HASSELBLAD AKTIEBOLAG	0.5414828658103943	No	No	No	26	U2	Sweden	0.0	-58869.5194254181	-58869.5194254181	8724079.88766371	7650835.90100064		87.698		8721973.98615581	0.0	0.0	8721973.98615581	2105.90150790114	0.0	0.0	2105.90150790114		9572.2795813688	7641263.62141927	1073243.98666307	0.0	1073243.98666307	0.0	0.0	0.0	0.0	0.0	8724079.88766371				Inactive	-0.02587214781182484	inf		inf	0.1654407901222434	-0.01813968955749503			0.1654407901222434	-0.007873837590786843		-1.0	-0.01837670035232199	inf			-0.02588146564014784	-0.01837670035232146	-1.0				-0.01813968955749503
CARMA TECHNOLOGY LIMITED	0.16584962606430054	No	No	No	70	U1	Ireland				8412970.0	6133005.0		72.899	4.0	522144.0	514479.0	6224.0	1441.0	7890826.0	0.0	0.0	7890826.0	23342.0	990077.0	5142928.0	2213422.0	0.0	2213422.0		66543.0	0.0	21059.0	45484.0	8412970.0	-21059.0	7824283.0	44636.0	Active	-0.0825019059051344	-0.0184000251780783		0.2181826287144597		-0.01820716964560689	-0.03844573307154924	-0.01566768962324076		-0.06549328274023171	-0.03301710924230498	-0.002784416039990353	-0.01528341455319021	-0.0184000251780783	0.02250698209298505		-0.09684636391718125	0.0	-0.01435300391041593	0.0	-0.03844573307154924	-0.0184343012688009	-0.01820716964560689
NOVALED GMBH	0.2610677182674408	No	No	No	26	U1	Germany	83425623.89	47980539.68	32886611.87	435470686.17	430270832.39		98.806	140.0	36837997.44	2778327.0	34059670.439	0.0	398632688.73	12583322.16	1017493.87	385031872.7	56703387.72	6181999.0	424088833.39	4748531.18	2670756.83	2077774.35	2077774.35	451322.6	0.0	0.0	451322.6	435470686.17	13600816.03	398181366.13	4178004.66	Active	0.08275771953643754	0.103751833435416	-0.9627485507770888	1.636034973784183	-0.5090810633255819	0.03379128970953064	-1.0	-0.04933155823113536	-0.5071293536564663	0.0473616146197715	-0.03010624725389792	-0.6917581331277561	0.03305892145997181	0.03385902092065159	0.04041416618322639		0.0840655038773053	0.0	-0.9795327343272351	0.5909090909090909	-0.614944462464387	0.09532978123263255	0.03379128970953064
DATAMAID LTD OOD	0.9005938172340393	No	No	No	62	U1	Bulgaria	6135.34020293974	4601.5051522048	4601.5051522048	1022.55670048996	1022.55670048996		100.0		0.0	0.0	0.0	0.0	1022.55670048996	0.0	0.0	1022.55670048996	1022.55670048996	511.278350244978	511.278350244978	0.0	0.0	0.0	0.0	0.0	0.0	0.0	0.0	1022.55670048996	0.0	1022.55670048996		Inactive	-1.284691721781347	-0.003578973765281995			-3.241947309028095	-0.003578973765281995	-1.0		-3.241947309028095		-0.003578973765281995	-1.0		-0.003578973765281995			-1.124552628279339	-0.003578973765289845	-1.0		-1.0	-1.284691721781347	-0.003578973765281995
BIGCHAINDB GMBH	0.2422727346420288	No	No	No	62	U1	Germany				9643953.62	8140608.43	65.664	84.412	4.0	24139.0	18480.0	5139.0	520.0	9619814.62	0.0	0.0	9619814.62	2806683.93	44141.0	8096467.43	1356843.9	0.0	1356843.9	1356843.9	146501.29	0.0	0.0	146501.29	9643953.62		9473313.33		Inactive	-0.2232496419546283	-0.2157109082352928		-0.181368810354751		-0.2155824182797415		-0.08803789972364785		-0.009771834125168612	0.2301809340157622	-0.06459295881582722	-0.1607912668613545	-0.2157109082352928	-0.356015037593985	-0.1615506409929006	-0.2241938996999363	0.0	-0.06459295881582722	-0.4285714285714285		-0.2176654613109473	-0.2155824182797415
SPINOMIX SA EN LIQUIDATION	0.931481122970581	No	No	No	72	LF	Switzerland								15.0										263784.078110166														Inactive																		0.04604287502692511		0.0			
APPINSTITUTE	0.5841038823127747	No	No	No	na	NF	United Kingdom																																Active																							
FUTUREFLY OY	0.9668381810188293	No	No	No	61	U1	Finland	531000.0	-555000.0	-555000.0	271000.0	-992000.0	0.467			50000.0	0.0	25000.0	25000.0	221000.0	0.0	0.0	221000.0	11000.0	2000.0	-994000.0	790000.0	0.0	790000.0	0.0	473000.0	0.0	0.0	473000.0	271000.0				Inactive	10.27272727272727	-0.6081560283687943	-1.0	1.372372372372372	-0.65527950310559	-0.522887323943662	-1.0		-0.65527950310559		-0.9774127310061602	3.504761904761905	inf	-0.6109154929577465		-0.7345082433200681	9.923076923076923	-0.3333333333333333	0.4643962848297213				-0.5220458553791887
ZEDDIT LIMITED	0.9186781048774719	No	No	No	58	U1	United Kingdom				295673.056995897	-595269.816016003	0.323		3.0	10343.0325437459	0.0	10343.0325437459	0.0	285330.024452151	0.0	75987.7458027778	209342.278649373	163405.913470313	2850.31342406894	-598120.129440072	8518.27192350689	5932.80546925525	2585.46645425165	2585.46645425165	882424.601088392	3235.33324803241	182869.248935036	696320.018905323	295673.056995897	-106881.503132259	-597094.576636242	2062.77287505276	Active	13.78269956920238	0.4015335706364285	0.8999849478447158	-0.1053767381669978		0.5485299433086351	1.356049069416105				14.65296626458527	3.94383072385431	5.556797076315765	0.5068089769884179	5.556797076315765	-0.6217798594847774	12.95119883916916	0.09446185998434316	2.980546654964686		1.840852172497511	17.47227393604638	0.5485299433086351
MM TECHNOLOGY LIMITED	0.5101886987686157	No	No	No	62	U1	Ireland				610.0	-689473.0	0.001			0.0				610.0	0.0	0.0	610.0		142.0	-689615.0	0.0				690083.0	665545.0	15978.0	8560.0	610.0	-15978.0	-689473.0		Active	0.003113483566189896	-0.6082209377007065				-0.6082209377007065	0.0					0.0		-0.6082209377007065		-0.5	0.00311284046692607	0.0	0.001731771400368709		0.0	0.003113483566189896	-0.6082209377007065
LOVETHYCHEF LTD.	0.5246223211288452	No	No	No	56	NF	United Kingdom																																Inactive																							
DASSIET OY	0.38978999853134155	No	No	Yes	32	U1	Finland	1298000.0	-1735000.0	-1735000.0	4173000.0	2310000.0	3.65	55.356	9.0	527000.0	451000.0	76000.0	0.0	3646000.0	1116000.0	142000.0	2388000.0	216000.0	30000.0	2280000.0	863000.0	863000.0	0.0	0.0	999000.0	426000.0	413000.0	160000.0	4173000.0			64000.0	Active	0.4990266060999351	-0.09201520912547528	-0.3106796116504854	-0.3268330733229329	-0.5649448345035105	-0.03290845886442642	-0.5927021696252466	0.4227129337539432	-0.5649448345035105	0.5500238008568309	-0.8145922746781116	-0.2888888888888889	0.2607655502392344	-0.06440851937387734	-0.2475247524752475	0.39739663093415	0.5089344804765056	0.0	-0.3304289544235925				-0.03290845886442642
DIGITAL EDITING SUITE LIMITED(THE)	0.9143291711807251	No	No	No	90	NF	United Kingdom																																Inactive																							
HALON SECURITY AB	0.131995290517807	No	No	No	46	C2	Sweden	4178362.87980546	1123380.56848726	815791.48864394	5651780.36189116	2576610.54577223	1.885	45.589	16.0	0.0	0.0	0.0	0.0	5651780.36189116	0.0	959807.705927747	4691972.65596341	4228471.15065014	14780.1374433944	2561830.40832884	76604.3708956418	0.0	76604.3708956418	76604.3708956418	2998565.44522329	0.0	57227.9711985088	2941337.47402478	5651780.36189116				Active	0.5071224644962072	0.6319415131061012	1.129412409513952	inf	1.98042972657188	0.6993621409601288	0.9889855339340737		1.171101121285018	-0.1131234923352269	0.4896424605902163	0.8528931982617056		0.6993621409601288		-0.08406219630709419	0.511514350093802	0.00232341867544206	0.8553159825407178	-0.05882352941176471			0.6993621409601288
FENNEL TECHNOLOGIES AG	0.2596464157104492	No	No	No	22	C2	Germany	63778039.2	-14973847.34	-5128533.63	24478706.391	-16834335.379	0.747	-68.771	309.0	10049332.98	1807689.28	8125395.73	116247.97	14429373.41	8827166.98	2594193.21	3008013.22	546249.01	6975608.0	-23809943.38	21989364.11	17150000.0	4839364.11	4839364.11	19323677.66	2893619.15	7313271.38	9116787.13	24478706.391	4108088.81	-4894304.25	2382487.82	Inactive	0.4068706577893956	1.462904421477798	-0.4694667412242837	0.4078687466821811	-0.06506805151758825	0.007463199473232514	-0.03903491001958912	0.2198677928638572	-0.545979500885352	0.3964505452108758	0.5110082649328274	-0.03146124347939443	0.01393191740473726	0.003006606365714613	-0.02317028815366381	0.0717360114777619	0.2570312185976548	0.0	-0.06396894995453102	-0.034375	-0.2603971061375892	-0.2179311277988687	0.007463199473232514
MARVEL LONDON LTD	0.06519820541143417	No	No	No	41	U1	United Kingdom				117.061895242528	117.061895242528		100.0		117.061895242528	0.0	0.0	117.061895242528	0.0					117.061895242528	0.0	0.0				0.0				117.061895242528		0.0		Active	0.02899392018300454					0.02899392018300454				0.0			0.02899392018300454					0.02899392018300454					0.02899392018300454
VIVA DEVELOPMENTS SL	0.7618736028671265	No	No	No	72	U1	Spain	210.24	-328870.51	-601922.5	322.24	-428703.67	4.961			0.0				322.24		322.24			188475.6	-617179.27	428960.96	428960.96	0.0	0.0	64.95	0.0	0.0	64.95	322.24	322.24			Inactive	-3.451332965931967		-0.9811496910149824	-0.4334556775416976	651.2232116296135	-0.999666144430246	-1.0		1192.745909604744			-0.9979683100155591	-1.0	-0.9811739192413481		8.614341085271318	44.41535770578513	0.0	-0.9980418144224966		-0.9797265500154769		-0.999666144430246
SSH COMMUNICATIONS SECURITY OYJ	0.01151746604591608	Yes	No	No	58	C1	Finland	22500000.0	-600000.0	-1100000.0	30100000.0	9000000.0	0.568	29.9	134.0	20900000.0	19400000.0	1500000.0	0.0	9200000.0	400000.0	5900000.0	2900000.0	2900000.0	1200000.0	7800000.0	4900000.0	1300000.0	3600000.0		16200000.0	500000.0	4900000.0	10800000.0	30100000.0	1400000.0	-7000000.0	3700000.0	Active	-0.02375528799219004	-0.3941926049717986	0.6563728242560359	-0.04296875	-0.7517583781547372	-0.03996427774056709	9.16597510373444	-0.08235182820112577	-0.5936461026967123	0.01686845327166367	-0.2078667030865884	-0.3263473053892216	-0.07616142863457544	0.05383734249713631	0.01971447994561523	0.1072124756335281	-0.02487810976372046	-0.01639344262295082	-0.04784295286234865	-0.1518987341772152	-0.5954926321872291	-0.1549975857073877	-0.03996427774056709
MENTEGRAM, A.S.	0.8864756226539612	No	No	No	62	U1	Slovakia	3610.0	-369.0	-369.0	3901.0	2139.0	2.214	54.832		0.0	0.0	0.0	0.0	3901.0	0.0	0.0	3901.0	3901.0	36668.0	-34529.0	0.0	0.0	0.0	0.0	1762.0	0.0	737.0	1025.0	3901.0	-737.0	2139.0		Active	-0.1471291866028708	-0.1021864211737629			-0.9989589358010411	-0.1021864211737629	-0.1001221001221001		-0.9989589358010411	-0.05006756522643014	-0.1021864211737629	0.0068762278978389		-0.1021864211737629		-0.06384778012685	0.01080210772833724	0.0	-0.04082743603701688		-0.1001221001221001	-0.1471291866028708	-0.1021864211737629
SEDIMAP	0.14005358517169952	No	No	No	46	U1	France	9801021.0	575007.0	277041.0	9890234.0	2953715.0	1.984	29.865	46.0	2676579.0	340265.0	59789.0	2276525.0	7213653.0	691572.0	2125289.0	4396792.0	518585.0	558360.0	2395355.0	3300850.0	1995037.0	1305813.0	854558.0	3635669.0	1997229.0	855123.0	783317.0	9890234.0	1961738.0	3577984.0	231208.0	Inactive	-0.03089015782856453	0.2430474961599974	-0.3236464026859521	0.6678894706471463	-0.0750860159533656	0.04400740731592257	-0.1793752441127443	-0.3441306861989206	0.2051338936159106	-0.07173717091971539	-0.6765367599223316	-0.003082448497529078	0.1062186541024767	0.02266762369748564	-0.1080395637839209	0.2509457755359394	-0.03781837667262234	0.0	-0.182336822437137		-0.2072552700116988	0.3722699740387451	0.04400740731592257
FOCUS TELECOM POLSKA SP. Z O.O.	0.14448775351047516	No	No	No	61	U1	Poland	6961998.51209609	1756828.31110934	1510748.15757001	4679432.60192981	3551373.58033126	3.629	75.893	40.0	653837.267768538	456053.219129445	149027.980835038	48756.0678040556	4025595.33416127	0.0	309325.052813466	3716270.28134781	527347.469220281	46226.2718330905	3505377.28995007	18398.5161524738	0.0	18398.5161524738	18398.5161524738	1109430.52399417	17248.6088929442	311394.885880619	780787.029220608	4679432.60192981	-2069.8330671533		510098.860327337	Active	0.1589315410544842	0.2348005015471776	0.2455128485625267	-0.4634766976198373	0.3061336947901998	0.1398047866395563	0.01667994418516277	-0.2993617511133918	0.2863435648054584	0.01677362307578938	-0.4156540089993156	0.1771875179210232	-0.2279330497505185	0.2352940567506884	0.06172995240360014	0.1210997837503861	0.1600477515995514	0.07975314604007828	0.10191012830491	-0.1111111111111111	-0.9638744300581388		0.1398047866395563
NOVAPOST SAS	0.27792394161224365	No	No	No	na	NF	France																																Active																							
INZMO GMBH	0.26602670550346375	No	No	No	46	U1	Germany				3817331.23	-1931629.31		-50.602	2.0	3205008.51	2479338.0	2100.0	723570.51	612322.72	0.0	0.0	612322.72	53218.1	31932.0	-1963561.31	5748960.54	5724970.54	23990.0	23990.0	0.0				3817331.23		612322.72		Active																							
XTOURMAKER	0.04472571983933449	No	No	No	58	NF	Portugal																																Active																							
HYLIOSOFT	0.6837266683578491	No	No	No	62	U1	France	165849.0	-11179.0	3068.0	52871.0	40402.0	4.044	76.416		2445.0	0.0	1831.0	614.0	50426.0	0.0	24777.0	25649.0	21204.0	12000.0	28402.0	0.0	0.0	0.0	0.0	12470.0	0.0	3329.0	9141.0	52872.0	21448.0	37956.0	16546.0	Inactive	0.122496040896841	-0.06236519831840614	0.07074330164217804		0.00143330645883723	-0.2281380478262139	0.827113062568606	-1.0	-0.2769267028046194	0.4542686408099569	0.06461816538635337	-0.1602204869085898	-0.8641893017830362	-0.001366471927913655	-0.2468120115178939	0.01761449421238032	0.1837619305630809	0.0	-0.01865113716848981		0.006098133033117553	0.004445855827246745	-0.228134717295143
AIRBORNE TECHNOLOGY B.V.	0.40072181820869446	No	No	No	77	U1	Netherlands				25565997.0	25555471.0		99.959		18125000.0	18125000.0	0.0	0.0	7440997.0	0.0	7440997.0	0.0		1000.0	25554471.0	0.0				10526.0				25565997.0		7430471.0		Active	0.01287743604325008		0.612702622804721			0.01295634152108769		-0.1212121212121212		-8.002640871483156e-05			-0.1212121212121212	0.612702622804721			0.0128779464537757	0.0	0.2492285782103014			0.6133676078032537	0.01295634152108769
GNAMMO S.R.L. IN LIQUIDAZIONE	0.5023652911186218	No	No	No	63	U1	Italy	281950.0	-150382.0	-150382.0	488599.0	71776.0	0.949	14.69	4.0	390389.0	388670.0	1090.0	629.0	98210.0	0.0	56368.0	41842.0	15724.0	21977.0	49799.0	313303.0	308343.0	4960.0	0.0	103520.0	2681.0	43768.0	57071.0	488599.0	12600.0	-5310.0	196841.0	Inactive	-0.6769131740165739	2.565876938810295	1.235938119793733	1.911846165284955	-0.06230436355020141	0.08872721600784349	-0.1696294750422129	-0.05183475719534151	-0.06230436355020141	-0.7032443133610764	1.407963246554365	0.0993373656431791	-0.05207655474509271	1.658347769597228	-0.4316996871741397	2.061290322580645	-0.7512288939954042	0.0	-0.1302813647323716	0.0	-1.458198479944725	-0.9353093819670334	0.08872721600784349
GAMIGO AG	0.041821546852588654	No	No	No	61	U2	Germany	7404986.95	-10629213.11	-6931958.35	236463367.45	10129255.9	0.495	4.284	54.0	127881826.21	4227206.49	207790.35	123446829.37	108581541.24	0.0	148300.34	108433240.9	12673519.45	2310716.0	7818539.90000001	6760933.78	0.0	6760933.78	6760933.78	219573177.77	31999820.59	218579.31	187354777.87	236463367.45	-70278.97	-110991636.53	1126896.7	Active	-0.406299238051008	-0.1682036775480368	0.1220566320280078	2.324819567759502	1.366187370656332	-0.08476833283241343	2.899560053735529	0.04460797110670989	-31.07207950286545	-0.3513022410660206	-0.6087122632501877	-0.09625774480095743	7.684989721641174e-05	-0.1679096896273025	-0.4509844968312698	-0.09174311926605512	-0.4699474033021217	0.0	-0.0823197431493759	-0.3076923076923077	-1.923313778098224	0.02035650070038242	-0.08476833283241343
AZENDOO	0.6509327292442322	No	No	No	62	LF	France	320000.0																															Inactive																							
EDISON FACILITY SOLUTIONS S.P.A.	0.0041874246671795845	No	No	No	43	U1	Italy	169111722.0	-5958387.0	-5313048.0	188639361.0	38609084.0	1.18	20.467	686.0	78329347.0	75479925.0	500624.0	2348798.0	110310014.0	3375488.0	77634886.0	29299640.0	979785.0	1263704.0	37345380.0	56546520.0	2163117.0	54383403.0	26357880.0	93483757.0	2962928.0	51655008.0	38865821.0	188639361.0	29355366.0	16826257.0	16781370.0	Inactive	-0.1209651662628763	-0.3754211029810878	0.5045603643353457	0.195765094312551	-0.8217580248027433	0.2054843858952634	0.3562022792386323	0.4329649121448111	-0.7861733353515147	-0.2708066125124698	-0.9162160223105834	0.5537265823590416	0.4051788258792577	0.09498679156840226	0.03888255960422256	-0.2352559948152949	-0.1245486120585597	0.0	0.4321928008240446	0.2967863894139887	0.8647869408226089	-0.5255904730909502	0.2054843858952634
CO FILM CO LIMITED	0.6514645218849182	No	No	No	59	U1	United Kingdom				23873.5086565367	-84279.1427871141	0.053		1.0	18090.688621297	0.0	18090.688621297	0.0	5782.82003523977	0.0	0.0	5782.82003523977		0.0	-84279.1427871141	0.0				108152.651443651	0.0	0.0	108152.651443651	23873.5086565367	0.0	-102369.831408411		Inactive	-0.02722393376574303	-0.04140603509180204				-0.05394136968661317						-0.03325049761587332	-0.0578795197730401	-0.04140603509180204	-0.0578795197730401	-0.01851851851851853	-0.02722393376574303		-0.03325049761587332	0.0		-0.03278565245267572	-0.05394136968661317
AIRTAME APS	0.0053437757305800915	No	No	No	62	C2	Denmark		-4904401.50210107	-4660335.34067839	10155513.8129521	-6564963.79664044	0.473	-64.644	50.0	5478272.29506688	5073463.27416956	35019.938499901	369789.082397422	4677241.51788524	2670505.11863421	1312509.72569361	694226.673557424	250372.433872855	21468.1615325063	-6586431.95817295	6840024.61627568	5565486.70129269	1274537.91498299	335305.847935833	9880587.16932647	4302756.27515258	2190020.8283348	3387810.06583908	10155513.8129521			1232138.29595629	Active	2.290688215550195	-0.8354796662019544	0.2456020892928149	-0.1963257189095357	-0.1448981591685685	-0.302807916604286	-0.4476824024976155	-0.01905675123798031	-0.1173391742893362	3.719918224299066	-0.7705882288196464	0.2939039015585947	-0.09225891628573556	-0.451743037536998	-0.3784549941436208	-0.5537735849056604	2.266442102078284	-0.00219403274397772	0.2273650088993165	-0.3055555555555556			-0.302807916604286
SERVER DENSITY LIMITED	0.5774133205413818	No	No	No	62	U1	United Kingdom	598104.202345869	-182627.419426531	-182627.419426531	193774.203345689	-2678345.47163073	0.067			0.0				193774.203345689	0.0	68915.1972954184	124859.00605027	121060.727802435	265.93910495048	-2678611.41073568	0.0				2872119.67497642	2768422.50487837	31287.7953250259	72409.3747730189	193774.203345689	37627.4019703925	-2678345.47163073	21598.3099989154	Inactive	0.1114693935317332	0.7979583998083555	0.4071094224529858		0.5401171417369474	0.3913014200905948	-0.5266092911650974		0.5401171417369474		0.8396217718085596	0.0755193431233482	-1.0	0.6363119216197128		0.4565217391304349	0.1114613186289339	0.03568201312756093	0.1267591550913723		-3.198307358102968	0.1019331028706753	0.3913014200905948
CREOPTIX AG	0.21192649006843567	No	No	No	27	LF	Switzerland								4.0										752456.088824419														Active																		0.003782304982701649		0.0			
SILENT EDGE LIMITED	0.35050809383392334	No	No	No	70	U1	United Kingdom				1114565.20858471	-1953931.03381398	0.089		7.0	842707.676960061	839318.147848907	3389.52911115412	0.0	271857.531624647	0.0	172956.904324442	98900.6273002044	5541.6638853609	997.898658828494	-1954928.93247281	0.0				3068496.24239869	1819061.70374445	131841.262028133	1117593.27662611	1114565.20858471	41115.6422963091	-2796638.71077404	170432.220717606	Inactive	0.1884514773130076	-0.3135479925152046	6.659477169072362			0.03571681759935067	-0.5806129046864207	-0.06829289662826664			-0.7622822228721262	0.4104785777848633	-0.07341145319869447	0.6312510510180472	-0.6074383944883603	0.4590163934426229	0.1883255665580584	-0.01583508516807299	0.1280292380240135	-0.3	-1.140910385113874	0.09518705919155716	0.03571681759935067
CUBE BIOTECH GMBH	0.37203869223594666	No	No	No	72	U1	Germany	2300000.0			4680271.03	491538.61	3.396	10.502	32.0	522499.17	96357.73	418265.0	7876.44	4157771.86	717160.94	0.0	3440610.92	195759.03	200000.0	291538.61	2964369.95	2849329.95	115040.0	115040.0	1224362.47	0.0	0.0	1224362.47	4680271.03	717160.94	2933409.39		Active	0.0	0.7473215941992397		0.88028139555159		0.600538944806152		0.3387158778138739		-0.3752156582783033	1.106499599272406	0.4301808719125955	0.1263933966553543	0.6899346036648537	0.08918922437925601	0.1816283924843423	0.0	0.0	0.4301808719125955	0.03225806451612903	0.459904813988897	0.8285512192705469	0.600538944806152
LIFELINE SPAC I PLC	0.0426018089056015	Yes	No	No	66	C1	Finland	0.0	1419000.0	1419000.0	103992000.0	3797000.0	1.038	3.651		0.0	0.0	0.0	0.0	103992000.0	0.0	0.0	103992000.0	418000.0	80000.0	3717000.0	0.0	0.0	0.0	0.0	100195000.0	0.0	266000.0	99929000.0	103992000.0		3797000.0		Active	0.5967199327165685	0.02257709251101321			-1.91430412371134	0.02257709251101321	15.625		-1.91430412371134	0.561591103507271	-0.7356103731815307	0.006314072224124388		0.02257709251101321		0.01367187500000001	0.6174934725848564	0.0	0.008830222114823094			0.5967199327165685	0.02257709251101321
VIOLET	0.245046466588974	No	No	No	71	LF	France	3180000.0							18.0		0.0	0.0			0.0	0.0			1211000.0							0.0	0.0						Inactive																							
TICKEY	0.030591020360589027	No	No	No	58	NF	Bulgaria																																Active																							
WORLDREMIT LTD.	0.00947221927344799	No	No	No	64	U2	United Kingdom	254018277.224798	-4610132.07304534	-7145704.71322027	2030878431.4783	230967616.859571	1.125	11.373	113.0	6223678.2986112	0.0	0.0	6223678.2986112	2024654753.17969	0.0	0.0	2024654753.17969	60853743.3641984	294356932.863945	-63389316.0043734	115253.301826133	0.0	115253.301826133	115253.301826133	1799795561.3169	1640054484.98588	12677863.2008747	147063213.130146	2030878431.4783	-12677863.2008747	224859191.862786	7145704.71322027	Active	2.587608388749633	3.2524718772506		-0.9995167754687024	-0.8197102102698542	3.089635013514962	7.619238793637336	-1.0	-0.7102958103556419	-0.1227244677568652	2.126979655366096	0.6452926709879861	-0.696097155543274	3.2524718772506	-1.0	-0.5423108218063467	-0.7177579236340416	0.01863731197532187	8.291495481195481	-0.0423728813559322	7.619238793637336	-0.2037814921218552	3.089635013514962
IMMUPHARMA PLC	0.013629782013595104	Yes	No	Yes	20	C1	United Kingdom	137151.429173099	-3940510.3894355	-3367701.47935962	3136042.34268909	1217074.86728397	0.807	38.809	5.0	1588190.49916412	515182.259162816	117558.367862656	955449.872138646	1547851.84352497	0.0	0.0	1547851.84352497	239726.867798357	34360466.8734251	-33143392.0061412	0.0				1918967.47540512	0.0	894365.622170795	1024601.85323433	3136042.34268909		-371115.631880149	43796.2546939307	Active	-0.5736500192445732	-0.3704418269752145	-1.0		-0.218419890115883	-0.3027139305950053	-0.2626282144656237	-0.0393863323777037	-0.2181617479401377	-0.3885650365515503	-0.6828195196244511	1.383075185121221	-0.1420035355122299	-0.41512188542845	-0.7335871645603006	-0.4990689013035381	0.1070655019075713	0.04780851471276933	0.1680655126989755	-0.6153846153846154		-1.36978716398653	-0.3027139305950053
VISUU SP. Z O.O.	0.640300452709198	No	No	No	62	U1	Poland	7359.40646098953	6439.48065336584	5749.53629764807	5749.53629764807	5749.53629764807		100.0		229.981451905923				5519.55484574215		5519.55484574215			1149.90725952961	4599.62903811845	0.0				0.0				5749.53629764807	5519.55484574215			Active	4.398765730200411		0.4396708613867725		0.8895680055701366	0.4207278237369446			0.9281306179287077	2.799969600243198			inf	0.3638987107874675			inf	0.07975314604007838			0.4396708613867725		0.4207278237369446
GO OUTDOORS LIMITED	0.5841038823127747	No	No	No	na	NF	United Kingdom																																Active																							
UAB YGLE	0.2543109655380249	No	No	No	43	U1	Lithuania	48999.0	-274990.0	-274990.0	166487.0	-2447414.0	0.064			0.0				166487.0	0.0	0.0	166487.0	166487.0	1239284.0	-3686698.0	0.0				2613901.0				166487.0				Inactive	0.1265821036777351	6.274304190151614			-3.491280202208713	-0.6228863564806321			-3.491280202208713		6.274304190151614			-0.6228863564806321		-0.6213017751479291	0.08060185689982848	0.0	0.0				-0.6228863564806321
DEONTICS LIMITED	0.7325125932693481	No	No	No	74	U1	United Kingdom				430662.40280164	342006.105437923	3.969	79.414	11.0	78803.2925906005	74747.5288993388	4055.76369126163	0.0	351859.110211039	0.0	112026.209375002	239832.900836038	212335.768086359	13888.0228700491	328118.082567874	0.0				88656.2973637166	0.0	35268.6628918151	53387.6344719015	430662.40280164	76757.5464831866	263202.812847323	53378.4142077554	Active	-0.1209555702875734	-0.2859371350489995	2.536126668714342			-0.1310607939535867	0.261230847006142	-0.3957236284892154		0.0116304250901262	0.1893279583661015	-0.3206738138280011	-0.3846724719804873	-0.04269396662602263	-0.07183202981844887	0.1507683386488838	-0.1274606836576062	0.0669836238962693	-0.1679589063958412	-0.08333333333333333	19.65151486765431	0.008445507347903397	-0.1310607939535867
WAMI SRL IN LIQUIDAZIONE	0.8139905333518982	No	No	No	62	U1	Italy	28107.0	-1806.0	-1866.0	25434.0	12610.0	1.853	49.579	1.0	1668.0	378.0	1290.0	0.0	23766.0	0.0	0.0	23766.0	20152.0	10000.0	2610.0	0.0	0.0	0.0	0.0	12824.0	0.0	0.0	12824.0	25434.0	0.0	10942.0	1126.0	Inactive	-0.1289030118817353	0.4745005583819332	-1.0		-1.253580454928391	-0.1764401126833533	-1.0	-0.4993377483443708	-1.39168765743073	0.05770789776848569	0.4187552802027598	1.575100401606426	-0.4030064423765211	-0.1539036633557621	-0.3673369298675822	0.08235981308411217	-0.4168900804289544	0.0	-0.2183823977570549	0.0	-1.0	-0.06334531758260571	-0.1764401126833533
BRODLIST	0.7070131897926331	No	No	No	62	LF	France	200000.0																															Inactive																							
LEARNLODE LIMITED	0.9026824235916138	No	No	No	na	U1	Ireland	67940.0	-23291.0	-23291.0	19932.0	-17759.0	0.703	-89.098		1750.0	0.0	1750.0	0.0	18182.0	0.0	0.0	18182.0		5532.0	-23291.0	0.0				25868.0	24450.0	1418.0	0.0	8109.0	-1418.0	-7686.0	250.0	Inactive	-0.07108484151061827	1.27275			-0.05513184584178499	1.044307692307692	inf		-0.05513184584178499			-1.0	0.0	1.27275	0.0	1.537906137184115	-0.05513184584178499	0.0	-0.1039212969377858		-inf	-0.6316848763657275	-0.1683076923076923
NEXI B.V.	0.7288352251052856	No	No	No	74	U1	Netherlands				23010.0	23010.0		100.0		0.0				23010.0	0.0	23010.0	0.0		19565.0	3445.0	0.0				0.0				23010.0				Inactive	0.05526255445998624	-1.0	-0.01586758479106967			-0.03001433268695726				0.08791435938162952				-0.03001433268695726			0.5379464285714286	0.0	-1.0				-0.03001433268695726
TEMPBUDDY LIMITED	0.7948904037475586	No	No	No	na	U1	Ireland				2481994.0	-1052106.0	0.781	-42.39	4.0	3000.0	0.0	0.0	3000.0	2478994.0	0.0	0.0	2478994.0		292.0	-1052398.0	358395.0	358395.0	0.0	0.0	3175705.0	3098874.0	0.0	76831.0	2481994.0	0.0	-696711.0		Active	0.04144060674631103	3.908947613342706	-1.0	0.0		3.71817127649463	-1.0					-0.5625056942419825	0.0	3.739497180001912		0.759009009009009	0.04142863221685981	0.0	1.69608267622948	0.0	-1.0	0.06393106165419045	3.71817127649463
KLEVU OY	0.03841862827539444	No	No	No	62	C2	Finland	13425491.0	-360984.0	-366290.0	6902438.0	3930961.0	1.707	56.95	100.0	3390999.0	3349496.0	41503.0	0.0	3511439.0	0.0	876798.0	2634641.0	2218038.0	80000.0	3850961.0	914190.0	914190.0	0.0	0.0	2057287.0	32838.0	64479.0	1959970.0	6902438.0			1406987.0	Active	-0.08064147585285908	-0.0599830381420593	-0.02317622195162438	-0.03467479314233581	-0.8491941976044627	0.00836074058826855	0.2427530645285637	0.0874072602336362	-0.8201154965669752	-0.08827484631147535	-0.04367254494726708	0.2479688359583529	0.07827256296337752	-0.05105476223934968	-0.3573894867229233	-0.2516440157825515	-0.08217905435599944	0.0	0.2680422728628733	-0.07407407407407407			0.00836074058826855
SEADEV-FERMENSYS	0.6986594200134277	No	No	No	72	U1	France	545383.0	-235402.0	-65426.0	839251.0	91835.0	0.369	10.942	9.0	563746.0	496750.0	55482.0	11514.0	275502.0	25880.0	117760.0	131862.0	21269.0	2393990.0	-2302155.0	0.0	0.0	0.0	0.0	747417.0	48128.0	166273.0	533016.0	839251.0	-22633.0	-471915.0	31651.0	Inactive	-0.8126997464863994	-0.5876954633430993	0.4938854214238595		-0.522498564870879	-0.1723738370843137	0.2007524878316507	-0.0004265919728268962	-0.848123421482692	-0.7737011912640636	-0.7557056384457232	0.3848780018862875	-0.03222395226233741	-0.3615648615266252	-0.2506584189840764	-0.5521844660194175	0.2093176325235163	0.0	0.4270900359914843	0.0	-0.154349125691227	4.11793987506507	-0.1723738370843137
BRAIN-IN-HAND LIMITED	0.014752373099327087	No	No	No	62	U1	United Kingdom				4244545.92975565	-2636437.07925521	2.698	-62.114	123.0	36678.6666763559	0.0	36678.6666763559	0.0	4207867.2630793	0.0	1678636.64223335	2529230.62084595	2324042.7521184	2897.7954802906	-2639334.8747355	5321093.71478969	0.0	5321093.71478969		1559889.29422117	0.0	342768.492489316	1217120.80173186	4244545.92975565	1335868.14974403	2647977.96885812	46527.5790008973	Active	0.9103325236722534	0.0944934844019892	0.1011766786569313	0.230310699427049		0.0867026534030577	2.915252777584462			0.7579102281089034	0.2031541956748358	0.3934781771709401	-0.4806433308830837	0.09714984906656916	-0.4806433308830837	-0.3239789526434478	0.9085569065513144	0.03408455136207125	0.6232143921117506		-0.0702836989922276	-0.07873455728464837	0.0867026534030577
LEARNUPON LIMITED	0.005493787582963705	No	No	No	58	C2	Ireland	31052474.0	-2864632.0	-3082027.0	20020011.0	-7744958.0	0.784	-38.686	259.0	305104.0	0.0	305104.0	0.0	19714907.0	389166.0	4777500.0	14548241.0	12978833.0	180.0	-7745138.0	2625000.0	2625000.0	0.0	0.0	25139969.0	3500000.0	704569.0	20935400.0	20020011.0	4462097.0	-5425062.0	171735.0	Active	0.5588252934813981	-0.123413797206937	0.1964023037036258	-0.5472948409202694	-0.7185020854157683	-0.03924356741048785	-0.08067239390602247		-0.7036213841548649	0.6224626740479784	-0.130832692281549	0.1969005242306981	0.2299505768719111	-0.04248678355975807	0.2299505768719111	-0.238095238095238	0.5588053625169237	0.00558659217877095	0.2565121169851209	-0.1068965517241379	0.3828130181174938	-10.32211713600341	-0.03924356741048785
STICHTING AKVO	0.08381481468677521	No	No	No	94	NF	Netherlands																																Active																							
WORLDDESK LIMITED	0.8873238563537598	No	No	No	62	U1	United Kingdom				30317.3580013932	-106654.334180135	0.196			3494.70669770291	0.0	3494.70669770291	0.0	26822.6513036903	0.0	0.0	26822.6513036903	4.78399274155087	1195.99818538772	-107850.332365523	0.0				136971.692181528	0.0	0.0	136971.692181528	30317.3580013932	0.0	-110149.040877838		Inactive	0.03159690594030831	35.55917812550652				5.586704270964635					-0.9911227783943666	0.2683689509756988	-0.09677285895775009	35.55917812550652	-0.09677285895775009	27.0	0.03124625331294634	0.0009067360351821952	0.2683689509756988			0.02696614983531696	5.586704270964635
ENERGIACHIARA.IT S.R.L.	0.20787084102630615	No	No	No	63	U1	Italy	395329.0	86209.0	53719.0	407776.0	248327.0	2.605	60.898	2.0	18628.0	0.0	16735.0	1893.0	389148.0	0.0	0.0	389148.0	200226.0	30000.0	218327.0	10046.0	0.0	10046.0	0.0	149403.0	0.0	0.0	149403.0	407776.0	0.0	239745.0	2724.0	Active	0.2760238425569087	0.1043732440332605		0.5286062081558125	0.4014077638337993	0.1496687248019397			0.3970767990429377	0.1099001239338048	0.016674960140549	-0.02674127732756599	7.029310344827586	0.1043732440332605	34.38054968287526	0.1350762527233116	0.326328898608833	0.0	-0.02674127732756599	0.0		0.205584777383311	0.1496687248019397
ANDIAST AG	0.07510282099246979	No	No	No	58	NF	Switzerland																																Active																							
SUGARTRENDS GMBH	0.4380589425563812	No	No	No	47	U1	Germany				610051.32	77862.17	0.555	12.763	13.0	318573.0				291478.32			696.99				6994.02000000002	2594.02000000002	4400.0	4400.0	525195.13	0.0	0.0	525195.13	610051.32		-233716.81		Inactive																							
LOCAMAP GMBH	0.9283544421195984	No	No	No	62	U1	Germany				2249.49	1307.94	1.81	58.144		545.0	0.0	545.0	0.0	1704.49	0.0	0.0	1704.49	887.15	35530.0	-34222.06	0.0				941.55	0.0	0.0	941.55	2249.49		762.94		Inactive	0.5313304922025008	-0.7418503283495287		-1.0		-0.7386963451012462				4.860108849022374	-0.7326548877912951	-0.8665338927791795	-0.7283150548354935	-0.7418503283495287	-0.7283150548354935	0.9337606837606837	-0.01308748328809535	0.0	-0.8665338927791795			-2.688368593431885	-0.7386963451012462
SBVL LIMITED	0.9380794167518616	No	No	No	58	U1	United Kingdom				1063367.49511684	952354.015166184	0.329	89.56		1037818.51301964	1033313.63772838	4504.87529125761	0.0	25548.9820971998	0.0	0.0	25548.9820971998	490.051304138802	2147.90835369094	950206.106812493	33304.3811764606	0.0	33304.3811764606		77709.0987741937	0.0	0.0	77709.0987741937	1063367.49511684	0.0	-52160.116676994	2200.7349851004	Inactive	-0.01456458470419961	-0.7879128782043152		-0.4676401301642122		-0.01756434048642145		0.08495657459667305		0.0030463220141565	-0.9916355705851283	0.4555209264837199	0.07890964691276035	-0.7879128782043152	-0.5264647936830096	-0.8541666666666666	-0.01455446468661596	-0.01902125298154268	0.4555209264837199			-1.777634530984344	-0.01756434048642145
FOODZAI	0.14799721539020538	No	No	No	63	NF	Portugal																																Active																							
FENZAR LIMITED	0.015552209690213203	No	No	No	41	U1	Ireland				2624100.0	2211553.0	6.315	84.279	3.0	18992.0	5000.0	13992.0	0.0	2605108.0	0.0	0.0	2605108.0	2533995.0	7457.0	2204096.0	0.0				412547.0	0.0	0.0	412547.0	2624100.0	0.0	2192561.0	3946.0	Inactive	0.3125270778262722	0.1102735037926734		-1.0		0.1075399748027375	-1.0	0.0		0.1850919624275831	0.7954519850270062	-0.1908590234928156	-0.1720650420680936	0.1102735037926734	-0.2200234126762919	0.4421100707924186	0.3139163553404737	0.0	-0.2301029958178361	0.0	-1.0	0.2110124224048464	0.1075399748027375
FIRALIS	0.27867549657821655	No	No	No	72	U1	France				12619727.0	6205734.0	1.98	49.175		5961383.0	1603898.0	1130412.0	3227073.0	6658344.0	1289188.0	2604279.0	2764877.0	794117.0	148897.0	6056837.0	3051708.0	2169347.0	882361.0	66671.0	3362286.0	1357652.0	1008542.0	996092.0	12619727.0	2884925.0	3296058.0		Active	0.07007811939590242	-0.02490018448369077	0.05616115195208689	-0.07131673533554936		0.01876842924952277	-0.3354287706174885	0.8065352527677001		0.05036631992652235	0.996949693837778	-0.2457454050374404	0.04775512542726541	-0.00585600886292257	0.1093335531564738	-0.02366863905325446	0.07192477883545521	0.0	0.01830336983710046		0.2305070460622538	-0.0293475834537302	0.01876842924952277
VITELCOM MOBILE TECHNOLOGY S.A.	0.06022327393293381	No	No	No	26	U1	Spain	328781126.64	5250961.05	5288861.4	177999623.25	15996476.17	0.876	8.987	331.0	44960087.8	13255783.54	28696246.73	3008057.529	133039535.45	61985720.8	61592501.58	9461313.07	9391968.09	4900000.0	11096476.17	10188014.95	10188014.95	0.0	0.0	151815132.13	49826231.08	89132291.07	12856609.98	177999623.25	34445931.31		7292715.87	Inactive	0.4939345982840211	-0.2166557187555741	0.3295243971160312	-0.2086872087473875	-0.4495078657643143	0.2956417592048002	0.02018097777470372	5.197801214725192	-0.1075570766881772	0.1530664613805492	-0.2174668072696067	-0.1522458457096421	0.5276615382198334	0.2323872498112728	0.1816499502815053	-0.07692307692307687	0.910677035143638	0.0	0.3340413131534918	3.940298507462686	3.049840545475769		0.2956417592048002
CASS ART	0.051774848252534866	No	No	No	46	LF	United Kingdom								5.0																								Active																							
ERGOLAND	0.8981037735939026	No	No	No	47	U1	France	81468.0	-177505.0	-181746.0	185682.0	-165010.0	0.202	-88.867	1.0	127978.0	119269.0	5877.0	2832.0	57704.0	9068.0	3405.0	45231.0	2742.0	20000.0	-185010.0	65000.0	0.0	65000.0	65000.0	285692.0	0.0	176298.0	109394.0	185682.0	-163825.0	-227988.0	7741.0	Inactive	-10.85958413001912	3.911608209360408	0.1926444833625219	inf	52.11340514661879	6.306575374808169	22.47822612864563	inf	53.38240574506283	-2.349413872691934	3.284375	92.57912745936699	inf	1.270648880494235	inf	-0.9310109289617486	55.68198529411764	0.0	31.92141046324038		-19.84128809660725	-14.6234239617568	6.306575374808169
BIOSYSTEMS INTERNATIONAL SAS	0.763327956199646	No	No	No	72	U1	France	732846.0	-2739525.0	-2022322.0	2649246.0	772956.0	1.376	29.176	18.0	690504.0	186876.0	468421.0	35207.0	1958739.0	24517.0	564588.0	1369634.0	476985.0	104200.0	668756.0	428200.0	403200.0	25000.0	25000.0	1423088.0	1490.0	717364.0	704234.0	2649246.0	-128259.0	535651.0	441745.0	Inactive	-0.7302061998165438	-0.6544533315437474	290.3250773993808	11.07489707292313	0.04447290342898145	-0.4322802599310656	-0.3292980743699349	-0.04972184649180795	-0.04781496086163263	-0.524782148383419	-0.8487523100085361	0.01118539322616032	0.002818914173430754	-0.5075949583473901	-0.00415201520492204	-0.38898756660746	-0.7579652689158172	0.02227018542136761	-0.1941817061680075		-0.878467000776051	-0.757830647691608	-0.4322801382716303
BIW TECHNOLOGIES LTD	0.9640020728111267	No	No	No	62	U1	United Kingdom				1.33409948514893	1.33409948514893		100.0		0.0				1.33409948514893	0.0	0.0	1.33409948514893		1.33409948514893	0.0	0.0				0.0				1.33409948514893				Inactive																							
UNDER.ME LTD	0.9211794137954712	No	No	No	47	U1	United Kingdom				15307.7625815504	-1898.61916054841	0.89	-12.403		0.0				15307.7625815504	1829.89613571874	0.0	13477.8664458317	1989.47332896729	116.479703101129	-2015.09886364954	0.0				17206.3817420988	0.0	0.0	17206.3817420988	15307.7625815504	1829.89613571874	-1898.61916054841		Inactive																							
MEMKITE AS	0.9414242506027222	No	No	No	62	U1	Norway	0.0	-355.93981864661	-355.93981864661	444.924773308262	0.0		0.0	0.0	355.93981864661	0.0	0.0	355.93981864661	0.0	0.0	0.0	88.9849546616524	88.9849546616524	34704.1323180444	-34793.1172727061	0.0	0.0	0.0	0.0	444.924773308262	0.0	0.0	444.924773308262	444.924773308262		-444.924773308262		Active	-1.0	inf			-inf	0.1697818290394316			-inf			-0.9220145447307047	-0.06417453676845374				-0.05205244527581866	0.10597554745546	-0.9220145447307047			-0.9220145447307047	0.1697818290394316
CAMBRIDGE POSITIONING SYSTEMS LIMITED	0.7178042531013489	No	No	No	85	LF	United Kingdom																		4037192.95573352	-4037196.42963558													Active																	-0.0704034812316353	-0.07040428112515497					
CYTENA GMBH	0.07043793797492981	No	No	No	32	U1	Germany				24720592.88	4338445.3	0.691	17.55	71.0	12357306.88	7077380.0	2071174.97	3208751.91	12363286.0	5265973.03	0.0	7097312.97	1069275.28	78461.0	4259984.3	2482376.31	1744964.35	737411.96	737411.96	17899771.27			42771.27	24720592.88	5265973.03	-5536485.27		Active	0.01447973715502921	1.053043327654066		0.08760976073706367		2.61415510719112		35.95373851294904		-0.7193032963869296	-0.3688728781135737	-0.8477890747330962	5.715251966440725	1.47277996857988	1.767219132948904	-0.9611645028943967	0.01475036079629687	0.0	62.70025362989324	1.028571428571428	2.41330150965408	-2.173294454040108	2.61415510719112
CRYPTO NEXT PLC	0.5841038823127747	No	No	No	na	NF	United Kingdom																																Inactive																							
TRITON-HOLDING B.V.	0.08451033383607864	No	No	No	64	U1	Netherlands				21124298.0	20130518.0	67.745	95.296		30.0	0.0	0.0	30.0	21124268.0	0.0	21123655.0	613.0	613.0	26609.0	20103909.0	681958.0	681958.0	0.0	0.0	311822.0				21124298.0		20812446.0		Active	9.69178134940299	-0.9960655695617571	8.882157418171696	inf		8.21095287367298				0.1607732316649818	-0.9960655695617571		0.0	8.211060283191598		11.12764052989617	9.82838780497395	0.01522319725295689	-0.2405440029616207			10.05414513592451	8.21095287367298
TRUSTPILOT A/S	0.0018556867726147175	No	No	No	63	U2	Denmark	134598798.184345	10489612.0768018	18924721.0949427	134127572.038707	80641123.5165727	0.836	60.123	300.0	98118622.1722053	6656471.83517275	989548.070638964	90472602.2663936	36008949.8665016	0.0	7388804.49545037	28620145.3710513	6317006.53093999	637201.869486704	80003921.647086	10406288.7748537	2753694.24457267	7652594.53028104		43080159.7472805	3537147.96449958	2545184.72568821	36997827.0570927	134127572.038707			905822.240662189	Active	0.03816414271118163	0.639424495148101	0.1298099889964799	0.03862402397664268	6.576386451839722	0.1075261010650007	0.7414096414462754	0.006284640501940309	7.90950524472394	-0.06262862488306833	-0.5054094509595236	0.1830296179505603	0.01040445068667007	0.5005417845109285	-0.1514276973578007	0.1643454038997214	0.0384986897156814	-0.002194032743974382	0.2894545325407989	-0.1304347826086956			0.1075261010650007
CAMBRIDGE QUANTUM COMPUTING LIMITED	0.5841038823127747	No	No	No	na	NF	United Kingdom																																Active																							
FLIO GERMANY GMBH	0.5182549357414246	No	No	No	62	LF	Germany								1.0																								Active																				0.0			
GOCARDLESS LTD	0.005100195296108723	No	No	No	62	C2	United Kingdom	156119586.704246	-40815873.8364481	-41356978.4875017	177674809.557528	75758849.4873988	1.545	42.639	606.0	34000279.8673319	13069869.5397374	4890258.46684255	16040151.8607519	143674529.690196	0.0	10389678.1995821	133284851.490614	110757766.746465	380968648.182499	-305209798.6951	8937774.98034076	8110166.44030002	827608.540040739	827608.540040739	92978185.0897883	38092536.8985047	2213137.5543708	52672510.6369128	177674809.557528	8176540.64521129	50696344.6004077	1635629.95053454	Active	-0.2790924198056043	-0.2979302336835659	0.08038591621323617	0.05825831189882609	-0.5480535085627215	-0.2943675088989475	-0.3507888916823243	-0.03521667031754686	-0.5444880521109977	0.02163599769982763	-0.3428593836193735	-0.03568551577386157	-0.3503074798133093	-0.2796905461520823	-0.09763118906540133	0.07068607068607059	0.1305982171443608	0.01580150913407173	-0.3275179283501192	-0.2068062827225131	0.3171670541701609	-0.1716421539746484	-0.2943675088989475
GOCARDLESS LTD	0.005100195296108723	No	No	No	62	C2	United Kingdom	156119586.704246	-40815873.8364481	-41356978.4875017	177674809.557528	75758849.4873988	1.545	42.639	606.0	34000279.8673319	13069869.5397374	4890258.46684255	16040151.8607519	143674529.690196	0.0	10389678.1995821	133284851.490614	110757766.746465	380968648.182499	-305209798.6951	8937774.98034076	8110166.44030002	827608.540040739	827608.540040739	92978185.0897883	38092536.8985047	2213137.5543708	52672510.6369128	177674809.557528	8176540.64521129	50696344.6004077	1635629.95053454	Active	-0.2790924198056043	-0.2979302336835659	0.08038591621323617	0.05825831189882609	-0.5480535085627215	-0.2943675088989475	-0.3507888916823243	-0.03521667031754686	-0.5444880521109977	0.02163599769982763	-0.3428593836193735	-0.03568551577386157	-0.3503074798133093	-0.2796905461520823	-0.09763118906540133	0.07068607068607059	0.1305982171443608	0.01580150913407173	-0.3275179283501192	-0.2068062827225131	0.3171670541701609	-0.1716421539746484	-0.2943675088989475
ACTIONS S.R.L. IN LIQUIDAZIONE	0.8186799883842468	No	No	No	62	U1	Italy	2856.0	-1086.0	-1086.0	22775.0	-5701.0	0.663	-25.032		3901.0	0.0	3901.0	0.0	18874.0	0.0	0.0	18874.0	6173.0	14187.0	-19888.0	0.0	0.0	0.0	0.0	28476.0	0.0	0.0	28476.0	22775.0	0.0	-9602.0		Inactive	0.3388914983560357	0.03851656212171234			-0.8374981295825228	-0.05666238661309696			-0.8374981295825228	0.4192889947269944	0.2839018302828619	0.002640752086194148	-0.3464566929133858	0.03851656212171234	-0.3464566929133858	0.03593750000000003	0.07823258335592301	0.0	0.002640752086194148			-0.06111274078419869	-0.05666238661309696
STANTUM	0.6708244681358337	No	No	No	62	U1	France	846420.0	-903553.0	-749865.0	1834078.0	856864.0	7.191	46.719	9.0	187902.0	124249.0	52842.0	10811.0	1646171.0	238343.0	116994.0	1290834.0	921066.0	86881.0	769983.0	748282.0	748282.0	0.0	0.0	228932.0	0.0	93589.0	135343.0	1834078.0	261748.0	1417239.0	136316.0	Inactive	3.550719095872369	2.946587337499541	45.26097271648873	0.6344315719577829	3.597462003836506	1.390600153283872	0.3528918571201411	-0.6310096903426218	2.260963157528528	0.9035570223689037	3.396874194441527	1.607312797395442	-0.4888925761008821	3.119918210849826	1.478634082274028	1.179090909090909	4.416579319465646	0.8830273738052407	0.8906562278050312	0.8	78.05406221685291	4.089231465322216	1.390600153283872
NTQ DATA LIMITED	0.984697699546814	No	No	No	82	U1	United Kingdom				48762.2000461864	-189746.835826653	0.001			48547.4605696535	48547.4605696535	0.0	0.0	214.739476532916	0.0	0.0	214.739476532916	63.021368112921	350.11871173845	-190096.954538391	94672.0996540769	0.0	94672.0996540769		143836.936218762	90632.8967829876	0.0	53204.0394357748	48762.2000461864	0.0	-143622.19674223	10662.2818348083	Inactive	-0.1017498107684074	-0.7784247729576939		-0.1426002084015074		-0.3036605743387613		-0.2969977425215051			-0.9211250617609568	-0.6885908546301142	-0.2969977425215051	-0.7784247729576939		-0.8333333333333334	-0.1018286263866114	-0.1426002084015106	-0.1581064547819111			-0.1545676010297252	-0.3036605743387613
BIOECON B.V.	0.4012024998664856	No	No	No	77	U1	Netherlands				1909858.0	1904934.0		99.742		0.0				1909858.0	0.0	953958.0	955900.0	955900.0	18000.0	1886934.0	0.0				4924.0				1909858.0		1904934.0		Inactive	0.1312671700237663	2.593946799511232	-0.5446920641678357			-0.3858464051657052				0.8419915418567288	2.593946799511232		-1.0	-0.1911384535111436			0.1326855130038286	0.0	-0.9965466116256594			1.036661171233008	-0.3858464051657052
AUTOMATA TECHNOLOGIES LIMITED	0.04727194458246231	No	No	No	71	C2	United Kingdom	4789004.14300012	-43428304.4782362	-41377775.2486684	30064118.7451077	13444181.9947514	3.131	44.718	151.0	2405632.36658557	0.0	2405632.36658557	0.0	27658486.3785221	3769941.36760356	225266.999460906	23663278.0114577	18300881.3846078	99.1640985554842	13444082.8306528	7785324.37886002	5362355.79457404	2422968.58428598	2422968.58428598	8834612.3714963	497977.603580116	2111036.8292334	6225597.93868278	30064118.7451077	1884171.53783107	18823874.0070258	569738.578477133	Active																							
LEADDESK OYJ	0.0019080769270658493	Yes	No	Yes	58	C1	Finland	29418000.0	-1535000.0	-1684000.0	31940000.0	15995000.0	0.777	50.078	184.0	23817000.0	22772000.0	116000.0	929000.0	8123000.0	0.0	4132000.0	3991000.0	2236000.0	80000.0	15915000.0	5485000.0	5445000.0	40000.0		10460000.0	2133000.0	1131000.0	7196000.0	31940000.0		-2337000.0	4955000.0	Active	-0.07915947035118019	-0.09026669705949396	0.4287690179806362	-0.09577975601714474	-0.09386068476977567	-0.02506028509508257	0.2148227712137487	-0.07018904903842228	-0.05499438832772166	-0.05548849490758204	-0.1343399148277197	0.1420409458816061	-0.06534024016953144	0.1159499931309246	-0.008547008547008548	-0.00512163892445583	-0.07952573742047427	0.0	0.12171581769437	0.08235294117647059		0.1422287390029326	-0.02506028509508257
BFINANCE UK LIMITED	0.053500521928071976	No	No	No	74	U1	United Kingdom	17065048.8407705	4258245.16205302	3734327.36770441	59414310.76129	24327577.245772	1.679	40.946	62.0	506217.699705118	300825.364478796	8834.11564340174	196558.21958292	58908093.0615849	0.0	3402112.04497396	55505981.016611	3538509.97116462	5348492.01648695	18979085.2292851	0.0				35086733.515518	27824340.5297824	1069542.50044499	6192850.48529057	59414310.76129	2332569.54452896	23821359.5460669	179554.566878591	Active	0.1398179691986544	16.29429052242537	-0.9285791469756247		-0.2157619792765679	0.1620186156036874	0.4676382238736511	0.1230040001066992	-0.1600077076949249	-0.01909302158445737	0.2343665117864578	-0.1051513874305943	0.7697202702373168	0.1585997534782595	-0.5137624381133885	-0.01640304628002345	0.202254597708843	-0.03754651862041979	0.1779261958378793	0.08771929824561403	-0.9502713666098946	0.1312613481179771	0.1620186156036874
MANTA TOOLS, S.R.O.	0.029891636222600937	No	No	No	62	U1	Czech Republic	3891350.92410716	-7323540.01632901	-7337344.71929198	3248955.49733804	-476407.346697911	0.773	-14.663	50.0	369286.168150452	26946.1168946782	248567.564462293	93772.4867934803	2879669.32918758	0.0	920728.086508929	1958941.24267865	1269037.73904599	82911.1289067023	-559318.475604614	1616.76701368069				3723746.07702227	0.0	368622.879119198	3355123.19790307	3248955.49733804	552105.20738973	-844076.747834682	40626.4531642841	Inactive	-1.365305511976463	-0.4075034211644006	-0.1126880626341914	inf	5.713953965705436	-0.2725828306527527	2.774544725437396	0.03065616209648869	5.719919181387477	-1.50217473201137	-0.388959862995352	0.09478810330422402	2.014144810228345	-0.337078811042246	29.74534501457986	-0.4374090247452693	-1.457075664431709	0.03065616209649214	0.1775462956031233	0.2195121951219512	-0.4126538824646526	-1.714340814802285	-0.2725828306527527
LEAP	0.2736268639564514	No	No	No	62	LF	Bulgaria								1.0																								Active																				0.0			
WEEKENDESK FRANCE SARL	0.27792394161224365	No	No	No	na	NF	France																																Active																							
DIGITAL EPISODE LTD.	0.9557689428329468	No	No	No	62	U1	United Kingdom				82580.7980928878	-1034820.83528933	0.175		6.0	27454.3903752018	0.0	8912.34246965826	18542.0479055435	55126.407717686	0.0	0.0	55126.407717686	8190.37364168982	8.06025804749455	-1034828.89554738	802315.783116737	0.0	802315.783116737		315085.85026548	0.0	0.0	315085.85026548	82580.7980928878	0.0	-259959.442547794	1827.37564591055	Inactive	3.959965481454807	-0.8760194297567928		0.4026699127973204		-0.8242151435937858					-0.9692555633660073	1.960605169074954	0.0918050940525424	-0.8760194297567928	0.1882192033059415	-0.9581139301101006	3.959821767464559	0.05082176313038377	1.960605169074954	0.0		-1.768630243095311	-0.8242151435937858
MEDIALIVE	0.3191157579421997	No	No	No	70	U1	France	419225.0	-1646665.0	-41205.9999999999	2846218.0	197653.0	3.626	6.944	9.0	905944.0	875103.0	8150.0	22690.9999999999	1940274.0	0.0	62631.0	1877643.0	907788.0	126000.0	71653.0	2113504.0	1888990.0	224514.0	224514.0	535060.0	0.0	103336.0	431724.0	2846000.0	-40705.0	1405214.0	484746.0	Inactive	-1.192958323977624	1.997949893742546	-0.5224767074825782	7.995203418468754	0.0288344689053211	0.4196132024888711	-0.4956464019366678	-0.2761438476160226	-0.9760216239492803	-1.135914348906853	1.990118446883358	1.349096488793849	-0.2737679344715414	1.561529413162554	-0.5347907985615618	12.38007380073801	-1.033590167423449	-0.8863660959719487	-0.8085171332896969	inf	-0.4479180794791808	-1.689902446448648	0.4201596806387226
SUGESTER SP. Z O.O.	0.14071746170520782	No	No	No	63	U1	Poland	302425.609256288	48756.0678040556	48756.0678040556	70374.3242832124	46916.2161888082	3.01	66.667	7.0					70604.3057351183	0.0	15868.7201815087	54735.5855536096	54505.6041017037	17248.6088929442	29667.607295864	0.0				23458.1080944041	0.0	7819.36936480137	15638.7387296027	70374.3242832124	8049.3508167073			Active	-28.53370522402203	5.118601160893769	0.773880168494416		-4.815127782674942	2.933386460574569	-0.03390507985887836		-4.815127782674942	-7.999895002099959	5.092892752654723	0.3596891468652776		2.946240664694093		2.296823658269441	-2.678170552279151	0.07975314604007483	0.1971176184357366	0.4	8.447840027850686		2.933386460574569
CARBON ANALYTICS LIMITED	0.17819397151470184	No	No	No	63	U1	United Kingdom				16402.6075300608	-70178.6113208143	0.189			0.0				16402.6075300608	0.0	0.0	16402.6075300608	2392.36054762482	130.850310688095	-70309.4616315024	0.0				86581.2188508751	13367.5751025077	0.0	73213.6437483674	16402.6075300608	0.0	-70178.6113208143		Active	-0.1886165191014742	37.94610666368484	-1.0			4.429915660363426					4.680385200647567	-0.004957658757050436		4.429915660363426		4.558823529411764	-0.1883075012872472	0.02004981095849493	-0.03275599394604312		-1.0	-0.1886165191014742	4.429915660363426
AVUXI LTD	0.418892502784729	No	No	No	62	U1	United Kingdom				43058.6335622434	5463.00650655872	2.209	12.687		17432.0619012027	0.0	0.0	17432.0619012027	25626.5716610408	0.0	1068.39810792826	24558.1735531125	22567.7490305752	1402.63268322404	4060.37382333468	25996.5347599026	0.0	25996.5347599026		11599.0922957821	0.0	0.0	11599.0922957821	43058.6335622434	1068.39810792826	14027.4793652587		Active	-4.157842288268824	-0.5632508231166841	0.4010041367969232	0.02094571023840629		-0.4189524554873886				-6.435732647814909	-0.5887859559676567	-0.769731223995515	0.01863731197532485	-0.5503484022201005		0.9531388152077808	-2.306867898794269	0.0186373119753189	-0.769731223995515		0.4010041367969232	1.118925777482762	-0.4189524554873886
RESQU AB	0.9940611720085144	No	No	No	na	U1	Sweden	0.0	-706308.169167354	-706308.169167354	163534.419849828	-173790.157154657	0.355		2.0	43921.3097619851	43921.3097619851	0.0	0.0	119613.110087843	557.377027436359	0.0	119167.208465894	82045.8984386321	16944.2616340653	-190734.418788722	0.0	0.0	0.0	0.0	337324.577004485	0.0	23632.7859633016	313691.791041183	163534.419849828	-23075.4089358653	-217711.466916642		Inactive	3.688690364123629	4.708906978815517			14.08561312793075	5.350606766148561	23.2284089630403	7.829072448610706	14.08561312793075		119.1624595471541	4.072521190851397	7.829072448610706	4.757171321051995		0.07250755287009053	3.073782206737612	0.7371312086708142	4.369972864332599	1.0	22.65698422334602	4.178619566696343	5.350606766148561
MICROINVENTION SPOL. S R.O. V LIKVIDACII	0.9844430088996887	No	No	No	73	U1	Slovakia	24.0	-1316.0	-1796.0	2928.0	-230.0	0.539	-7.855		2454.0	0.0	2454.0	0.0	474.0	0.0	0.0	474.0	460.0	6639.0	-6869.0	2278.0	1893.0	385.0	0.0	880.0	0.0	0.0	880.0	2928.0	0.0	-406.0	608.0	Inactive	-1.146871008939975	-0.6006739679865206	-1.0	-0.313855421686747	-1.045448266335129	-0.4796516794028789	-1.0		-1.062025141594143	-1.282249371182178	-0.583710407239819	2.478260869565217	-0.4393420150788211	-0.6208	-0.4393420150788211	-0.6804979253112033	0.3540311452789277	0.0	0.1875843454790823		-1.0	-1.797642436149312	-0.4796516794028789
FASHINATING LIMITED	0.2273225635290146	No	No	No	46	LF	Cyprus	0.0	0.0	0.0	0.0	0.0				0.0	0.0	0.0	0.0	0.0	0.0	0.0	0.0		35013.0	0.0	0.0	0.0	0.0	0.0	0.0	0.0	0.0	0.0	0.0	0.0	0.0		Inactive																							
ATTRACTION WORLD LIMITED	0.10547491163015366	No	No	No	79	U1	United Kingdom				10857452.381342	1541004.88041242	1.138	14.193	3.0	258585.064939017	152175.643894468	106409.421044549	0.0	10598867.316403	0.0	236583.242001871	10362284.0744011	1464537.4794288	356.643747182967	1540648.23666524	0.0				9316447.50092957	0.0	3135504.02937337	6180943.4715562	10857452.381342	-2898920.7873715	1282419.8154734	100632.021693077	Active	-0.7324274557614285	-0.2937356999776492	-0.9098564507643121	-1.0		-0.3813550067330918	0.1622630022149464	0.09575735964499353		-0.567484382142313	0.6969750924944017	-0.3161181938761153	0.01846822120754964	-0.3872240355670464	-0.07485289637781944	-0.2279511533242877	-0.7324725692575261	-0.01460282959129034	-0.2061505684262913	-0.8636363636363636	38.58049284562475	-0.7693777235231302	-0.3813550067330918
TIRENDO DEUTSCHLAND GMBH	0.3365466296672821	No	No	No	45	U1	Germany	27340144.59	-438513.26	-438513.26	10334463.44	-4015874.33	0.72	-38.859	12.0	0.0				10334463.44	0.0	1595251.3	8739212.14	95757.79	25000.0	-4040874.33	0.0				14350337.77	0.0	5366.87	14344970.9	10334463.44	1589884.43	-4015874.33		Inactive	0.1225800950531393	-0.6198540664365038	0.01892014200014652		5.216829362622009	-0.5791253039289491	-0.9936884621175601		5.216829362622009	1.667238657423296	-0.7029192272222116	-0.4741919133091642		-0.5791253039289491		-0.1752577319587629	0.1217294023222387	0.0	-0.4898943327616413	0.0	1.222674100947551	0.1225800950531393	-0.5791253039289491
SERSTECH AB	0.004510250873863697	Yes	No	No	26	C1	Sweden	5875825.61606359	67772.3375453207	64437.7943416281	5381231.74844561	4323370.44777144	2.563	80.342	21.0	2854999.84188592	2813543.35881299	34156.5371405273	7299.94593240821	2526231.90655969	314618.657407865	325433.392122544	1886179.85702928	1664748.16374623	540736.735733942	3782633.7120375	72278.4770097702	0.0	72278.4770097702	72278.4770097702	985582.823664398	162221.020720183	282444.821631696	540916.98131252	5381231.74844561	357607.227898713	1540649.08289529	1076516.71805699	Active	0.8065621821723106	3.573278140278686	-0.6846672011816489	-0.8093303174151558	-1.025562884448346	0.138999549512048	-0.3662938079223644	-0.08906480720710958	-1.024239371046233	0.586093891894026	8.922249833747458	-0.6244024999132165	-0.08261286316250767	0.5667276946908637	0.9785446649895405	2.102905569007264	1.447752285369499	-0.3621868159876288	-0.4951683826908026	0.1052631578947368	-0.525900664524479	-5.532994402713412	0.138999549512048
GENOMED SA	0.0216399934142828	Yes	No	No	72	C2	Poland	5419957.01994887	283988.567710481	260049.035556374	3014738.14234804	2591571.70632986	5.88	85.963	48.0	570558.849672875	18306.7010590227	500852.564871212	51399.5837426408	2444179.29267516	501321.967462469	217098.698456359	1725758.62675634	1230538.89298021	30980.5710229616	2560591.1353069	7510.44146011189	0.0	7510.44146011189		415655.994558068	0.0	0.0	415655.994558068	3014738.14234804		2028523.2981171	174617.763947601	Active	0.1200290046377685	0.009674854837362972	-0.2133470740893827	-0.6246353233306284	0.1737951376243101	0.08147960318912789	-1.0	-0.1252662445472697	0.2211006132633922	0.0356364074453346	0.016837817017316	0.7581184121834512	0.6842435298188689	-0.00190424954618832	0.8163431802825899	0.08949416342412445	0.1213518800806592	0.02052271469485705	-0.08396060429569721	0.09090909090909091		0.01675825050232296	0.08147960318912789
KALEIDOSCOPE	0.009422247298061848	No	No	No	47	LF	United Kingdom	181435750.554251							1000.0																								Active																							
MEET ON VC LIMITED	0.8519247174263	No	No	No	61	U1	United Kingdom				56559.5895455269	-535412.972620478	0.364		3.0	1199.15148499189	0.0	1199.15148499189	0.0	55360.438060535	0.0	4985.5772829332	50374.8607776018	674.231087865089	118552.688446202	-653965.66106668	439766.643815118	0.0	439766.643815118		152205.918350887	18807.3145841675	3871.57955125299	129527.024215466	56559.5895455269	1113.99773168021	-96845.4802903516	641.569374266088	Inactive	0.002777062219234753	-0.1675696789670908	-0.928989774036919	0.0221053090834771		-0.5696487454603574	-0.9184840561118786				-0.9503924033377907	0.0703400120773089	0.7084947280289717	-0.5765112457763588	0.7084947280289717	-0.3453237410071943	0.0132457099733923	0.06338209559892569	-0.352593701293535	0.5	-0.9509566110548799	-0.07215140365376788	-0.5696487454603574
FIBRENETIX APS	0.015164973214268684	No	No	No	26	U1	Denmark		38633.2227799513	29511.4896235739	781115.47308214	-439855.338525904	2.173	-56.311	4.0	100070.778450846	8451.01748311434	5634.01165540956	85985.7493123221	681178.837765947	289212.598311024	132935.846440735	259030.393014187	45608.6657818869	5365.72538610434	-445221.063912008	907612.44905955	907612.44905955	0.0	0.0	313492.505683146	110802.229223055	86656.4649855852	115899.668339854	781115.47308214			4158.43717423087	Active	-0.06365668716718481	0.3187898217729924	6.616719131859165	-0.1047070550594773	-1.062258719714297	0.06715764988825672	-0.4445256250370971	-0.2415969060104046	-1.060806781691146	-0.1225809467418741	0.117488268190604	2.819820387426761	0.01411948544753163	0.07563384595459192	-0.20820809055174	-0.3550014841199169	-0.06294662592799224	-0.0008340190295780663	0.667893498234195	0.0			0.06715764988825672
SILECS OY	0.21699772775173187	No	No	No	71	U2	Finland	1170000.0	-1149000.0	-1149000.0	5526000.0	-10542000.0	2.073		18.0	3075000.0	3025000.0	42000.0	8000.0	2450000.0	193000.0	458000.0	1799000.0	12000.0	771000.0	-11313000.0	14885000.0	9425000.0	5460000.0		1182000.0	364000.0	484000.0	334000.0	5526000.0	167000.0	1268000.0	942000.0	Inactive	0.1222056631892697	-0.1822727272727273	1.160377358490566	0.09690493736182756	-0.5749167591564928	-0.1303116147308782	inf	-0.1855142703284868	-0.5749167591564928		-0.25	-0.8003586371787209	-0.1845664280031822	-0.05112316034082107	-0.1428571428571428	0.746419545071609	0.1129365469749139	0.0	-0.4568014705882353	-0.1428571428571428	-0.56282722513089	2.123152709359606	-0.1303116147308782
GAMEWHEEL	0.2500341236591339	No	No	No	63	NF	Germany																																Active																							
DAILYPLACES GMBH	0.4279686212539673	No	No	No	62	LF	Germany								5.0																								Inactive																							
NEIGHBOURLY LIMITED	0.020020825788378716	No	No	No	62	U1	United Kingdom				2764057.70091317	-722874.4717186	1.152	-26.153	90.0	85202.1559079874	29683.4878853207	54484.8459052863	1033.82211738042	2678855.54500518	0.0	550498.17590838	2128357.3690968	1154228.3943312	651.181155317654	-723525.652873918	1162293.82039299	1162293.82039299	0.0	0.0	2324638.35223878	149123.942166797	104799.827350503	2070714.58272148	2764057.70091317	445698.348557877	354217.192766402	37496.5092161142	Active	-1.401462605500308	-0.2205670744550944	-0.2498123343969408	8.361829155195451		-0.2288658826896798	-0.07344732983968694	0.2128428630171707		-1.520623482103754	-0.3400306602559543	0.3919811584316994	-0.2896472759380082	-0.2267615649196437	-0.4231614345022058	-0.4480114997604218	-1.401965193231297	0.03141591624741349	0.4006788212100732	0.0975609756097561	-0.2819501560554564	-0.8037372625750188	-0.2288658826896798
KANO COMPUTING LIMITED	0.43343961238861084	No	No	No	26	U1	United Kingdom	12403300.8189928	-11798960.798988	-10970627.3608739	11259584.5167036	973212.903568471	0.893	8.643	43.0	2529492.37475703	2110134.66097282	419357.713784215	0.0	8730092.14194661	3222589.95250132	889581.775945078	4617920.41350021	4194572.60675409	682.037072923151	972530.866495548	513853.304591607	513853.304591607	0.0	0.0	9772518.30854356	2064088.35428536	4224152.58982383	3484277.36443437	11259584.5167036	-111980.861377427	-1042426.16659695	4184074.40099996	Inactive	-1.998170278838234	-0.2123145395880172	-0.669111460529411	-0.812514369089094	-0.3761813393311071	-0.3016896812510337	0.3620981751695685	-0.4300960271312894	-0.3984238667703434	-2.429303787001819	-0.2005140155678952	-0.4996757280630086	-0.3851500097596914	-0.2731006289292939	0.01938066360512358	0.06818181818181825	-1.997110771110618	0.9376237586408264	-0.3193808636083255	-0.3384615384615385	-1.036760994864984	-0.5560810028044239	-0.3016896812510337
TWEET ROCKET LIMITED	0.700890839099884	No	No	No	62	NF	United Kingdom																																Inactive																							
GOHELLO A/S	0.8944599032402039	No	No	No	61	U1	Denmark	376750.941245901	-5582331.34091455	-5582331.34091455	1679811.57672072	1026377.78977456	3.149	61.101	15.0	177838.408931663	0.0	149694.25705945	28144.1518722128	1501973.16778906		0.0		1415229.35670465	347926.978941993	678450.810832569	176342.825981932				476954.998877886		230047.850085913		1679811.57672072		1025018.16891117	47858.6543913956	Inactive																							
MACAT LIMITED	0.3189534544944763	No	No	No	85	U1	United Kingdom				1.19411207575181	1.19411207575181		100.0		0.0				1.19411207575181	0.0	0.0	1.19411207575181	1.19411207575181	1.19411207575181	0.0	0.0				0.0				1.19411207575181				Inactive	-0.001577017138448684	-0.001577017138448684				-0.001577017138448684				0.0	-0.001577017138448684			-0.001577017138448684				-0.001577017138448684					-0.001577017138448684
ROCKYOURPAPER OU	0.30637359619140625	No	No	No	na	NF	Estonia																																Inactive																							
ROCKET INTERNET SE	0.013697785325348377	No	No	Yes	66	U2	Germany	51087000.0	-133165000.0	-241771000.0	2340248000.0	2049012000.0	2.581	87.555	28.0	1691276000.0	51000.0	1648000.0	1689577000.0	648972000.0	0.0	900000.0	648072000.0	460928000.0	81486000.0	1967526000.0	39775000.0	0.0	39775000.0	20606000.0	251461000.0	0.0	572000.0	250889000.0	2340248000.0	328000.0	397511000.0	379000.0	Active	-0.2138095519469706	-0.06268738745905136	1.542372881355932	0.1117477709142745	-2.113438351811903	-0.1964148793084681	0.4123456790123457	-0.3376623376623377	12.61553190291153	-0.02165532499748571	-0.1590316954088	-0.07017192752285757	-0.2382315623343334	-0.06226320763168618	-0.1689359556227938	0.007809449433814923	-0.2207101801036769	0.0	-0.06944876178634339	0.07692307692307693	0.3553719008264463	-0.05766012222817506	-0.1964148793084681
EVERSPORT GMBH	0.06768142431974411	No	No	No	62	U1	Austria				3280491.37	-1688819.17	2.919	-51.481		433153.36	281434.18	51718.18	100001.0	2847338.01	0.0	0.0	2847338.01	1706467.99	37397.39	-1726216.56	3993811.85	3824592.5	169219.35	169219.35	975498.69	0.0	0.0	975498.69	3280491.37		1871839.32		Active	-0.2624037587701405	0.1228461702865821		-0.1618160079357475		0.02002752909339629		-0.2821916256933477		-0.2768811540460438	0.1026281500864726	0.3166976805289765	-0.3632524965997521	0.1228461702865821	0.3544474291175066	-0.147239263803681	-0.2581866899547915	0.0	0.3166976805289765			0.04283393590018632	0.02002752909339629
HUAWEI TECHNOLOGIES RESEARCH & DEVELOPMENT BELGIUM	0.02799549512565136	No	No	Yes	26	U1	Belgium	36816946.0	3629176.0	2727780.0	18069123.0	7803951.0	1.699	43.189	52.0	623589.0	0.0	520413.0	103176.0	17445534.0	0.0	11311842.0	6133693.0	4008558.0	4326806.0	3477145.0	0.0	0.0	0.0	0.0	10265172.0	0.0	2690813.0	7574359.0	18069123.0	8621029.0	7180362.0	423611.0	Active	-0.02872558388221967	-0.03602635014142865	0.001016782486067691		0.1739697370519423	-0.0226604495406795	-0.08681184573208435		0.2078267107092569	-0.006212752249246487	-0.07055322904172491	0.009012745009360302	-0.2439448443427624	-0.01232749662888168	-0.2767692237137056	0.005325443786982319	-0.06224547917068956	0.0	-0.01799859317382224	-0.05454545454545454	0.03199657446762156	-0.004105292663857682	-0.0226604495406795
CLUEY LIMITED	0.9932892918586731	No	No	No	na	U1	Ireland				87682.0	-352714.0	0.592		8.0	4598.0	0.0	4598.0	0.0	83084.0	0.0	0.0	83084.0	46.0	153.0	-352867.0	300000.0	300000.0	0.0	0.0	140396.0	5153.0	125077.0	10166.0	87682.0	-125077.0	-57312.0		Inactive	2.6890910992574	-0.6200345739085895	-1.0	0.0		-0.6220277610138805	6.469067239937895				-0.9996442547136251	0.1703891319364495	-0.1787819253438114	-0.6329904011379047	-0.1787819253438114	-0.927848872638635	2.6847947537149	0.0	4.088655309894889	-0.1111111111111111	12.85587681400244	-1.288302790367773	-0.6220277610138805
QTAIL LIMITED	0.44708091020584106	No	No	No	82	U1	United Kingdom				347796.884800451	-483820.627569818	0.418			0.0				347796.884800451	0.0	0.0	347796.884800451		0.0	-483820.627569818	0.0				831617.512370269	0.0	0.0	831617.512370269	347796.884800451	0.0	-483820.627569818		Inactive	0.05342881287230886											0.8106913986291672					0.05342881287230886		0.8106913986291672				inf
AUDIOTEKA S.A.	0.010722318664193153	No	No	No	47	C2	Poland	21180809.3412416	1843041.17162358	1498416.11491643	12400964.1851691	7889741.25497291	2.919	63.622	95.0	3822824.79467237	3155939.10088369	153995.003707829	512890.690080848	8578139.39049671	0.0	1762955.2499166	6815184.1405801	6595373.84483117	450909.298546991	7438831.95642592	444093.475422993	0.0	444093.475422993	58999.4689171075	2938471.74433363	0.0	0.0	2938471.74433363	12400964.1851691	1762955.2499166			Inactive	0.1647569202480552	0.1214002398142664	0.3803333861736903	0.8615318439110828	-0.01108965552340805	0.1924481508130207		0.1572675682366982	0.03024110935224504	-0.02322867889767414	0.151925130829469	-0.4247459355585657	0.2555327434598857	0.166366512281489	1.734069633052854	1.027083333333333	0.178271727799254	-0.02057533200457868	-0.4247459355585657	0.01063829787234043	0.3803333861736903		0.1924481508130207
YOUBOOX	0.12827089428901672	No	No	No	58	U1	France				7742741.0	333081.0	0.981	4.302	10.0	587469.0	583326.0	4142.0	1.0	7155272.0	0.0	6509900.0	645372.0	327607.0	716476.0	-383395.0	112652.0	112652.0	0.0	0.0	7297008.0	311163.0	5506451.0	1479394.0	7742741.0	1003449.0	-141736.0		Active	-0.4871471529731303	-0.4408388993388374	0.06332378232856131	-0.6672230083214926		-0.01210092448143771	0.05995941454069749	0.05034328651144198		-0.4808736575358997	-0.6115823295077303	-0.1059069967865947	0.04683473928430146	-0.01664628799115826	4.057387057387057	-0.07627118644067803	7.619491906474821	0.0324650153397882	0.06531962838678783		0.08217273799843408	-1.332088415705643	-0.01210092448143771
GETYOURHERO SL.	0.7498558759689331	No	No	No	62	U1	Spain	57748.95	-688159.91	-699057.11	1110891.79	947456.36	25.938	85.288	10.0	33913.72	26711.9	5201.82	2000.0	1076978.07	0.0	35440.01	1041538.06	1005339.27	7775.0	939681.36	121914.0	100000.0	21914.0	21914.0	41521.43	0.0	0.0	41521.43	1110891.79	35440.01		5253.36	Inactive	7.131732408278631	12.52396023179078	2.384069858487864	inf	7.909401053214181	7.893368215384256		0.198925307912479	9.53708532457676	-0.08563832068270509	12.58304465030262	3.943668880842872	-0.09383388331485214	11.31016662155514	1.313534332845586	1.490207373271889	7.430775771736107	0.5380811078140455	3.943668880842872	2.333333333333333	2.384069858487864		7.893368215384256
UAB SAVY	0.27350062131881714	No	No	No	na	NF	Lithuania																																Active																							
MOLPORT SIA	0.1393948793411255	No	No	No	47	U1	Latvia	5789858.0	-168408.0	-168898.0	2485198.0	1596420.0	1.382	64.237	28.0	1256667.0	1237542.0	19125.0	0.0	1228531.0	0.0	528930.0	329832.0	208015.0	1065640.0	530780.0	0.0	0.0	0.0	0.0	888778.0	0.0	532046.0	356732.0	2485198.0				Active	-0.0619055817799008	-0.4880928731065309	-0.07254889927319592		-2.01016717352576	-0.1701351252979428	-0.4121116626077886	-0.02599769867792037	-2.022750255841978	0.1304156548058986	-0.5814915932150193	-0.08040039080121984	-0.03253678027299393	-0.275532913622822	-0.3255395683453237	0.05335365853658524	-0.2413938983360917	0.0634163963153047	-0.3125877365648491	-0.1515151515151515			-0.1701351252979428
ADFLYER LTD	0.9985465407371521	No	No	No	62	U1	United Kingdom				36638.1540448049	13355.4734440763	1.574	36.452		0.0				36638.1540448049	0.0	0.0	36638.1540448049	36638.1540448049	219.169109895879	13136.3043341804	0.0				23282.6806007286	0.0	0.0	23282.6806007286	36638.1540448049	0.0	13355.4734440763		Inactive	-2.165869283901817	-0.0694278900911153				-0.3299317777544095				-2.739869218653047	-0.0694278900911153	-0.6479448771535977	-1.0	-0.0694278900911153		1.645378151260504	-2.132985030914171	0.5762805363527045	-0.6479448771535977			-1.499046569008362	-0.3299317777544095
ICONIC TRANSLATION MACHINES LIMITED	0.414262056350708	No	No	No	82	U1	Ireland				673275.0	188880.0	1.326	28.054	9.0	30959.0	0.0	30959.0	0.0	642316.0	0.0	266810.0	375506.0	213806.0	2.0	188878.0	0.0				484395.0	0.0	28689.0	455706.0	673275.0	238121.0	157921.0	10074.0	Inactive	2.811522550701241	0.1193396746663646	1.489898000130649	-1.0		0.502654796153168	-0.2347355224199098			1.536528028933092	-0.08208615611825215	1.830243520709508	4.702523484988027	0.4511418166044625	4.702523484988027	-0.4053811659192825	2.811636026073093	0.0	1.440252491158779	0.125	2.417939369581443	-0.3531168331107707	0.502654796153168
WEBDYN	0.06060537323355675	No	No	No	71	U1	France	11151681.0	180476.0	429808.0	7283796.0	5058377.0	3.498	69.447	24.0	1112744.0	753672.0	30476.0	328596.0	6171052.0	1579229.0	1058888.0	3532935.0	2453786.0	570302.0	4488075.0	461439.0	336723.0	124716.0	0.0	1763980.0	225536.0	755677.0	782767.0	7283796.0	1882440.0	4407072.0	285404.0	Active	0.02646095416822072	0.3974366276737888	-0.3129988016757076	-0.3283392429826553	-0.8882899277347075	-0.04352452960810459	-0.30381096100412	-0.2396613507231405	-0.6084866989976426	0.07317035480281862	0.4209771662526132	0.1341014098628097	0.01046200451679632	-0.05265118038422646	-0.4825982139825473	0.07399447344181766	0.02992397782671314	0.0	-0.1181228802713253		-0.3509769788592759	-0.02363768444405748	-0.04352452960810459
ORDISSIMO	0.031237361952662468	Yes	No	No	28	U2	France	3189000.0	-903000.0	-856000.0	9022000.0	4217000.0	1.073	46.741	19.0	4901000.0	2371000.0	119000.0	2411000.0	4121000.0	622000.0	1946000.0	1553000.0	568000.0	797000.0	3420000.0	963000.0	600000.0	363000.0	363000.0	3842000.0	586000.0	2235000.0	1021000.0	9022000.0	333000.0	279000.0	446000.0	Active	-0.1679163378058406	-0.1176136363636364	-0.7038502511033329	-0.2001661129568106	-5.23943661971831	-0.3904877719227132	-0.6489161168708766	0.07091237579042457	-4.158671586715867	0.3651391687841352	-0.3013530135301353	-0.3521573604060914	0.02638743455497382	-0.5890096738805226	0.07207207207207207	-0.08680851063829795	-0.1992507609459143	0.0	-0.5495896834701055	-0.1739130434782609	-0.8248290373487638	-0.8136272545090181	-0.3904877719227132
JOINRS S.R.L.	0.33072009682655334	No	No	No	63	U1	Italy	1290980.0	-574225.0	-431580.0	2347324.0	685691.0	1.183	29.212	18.0	519923.0	486700.0	12153.0	21070.0	1827401.0	0.0	0.0	1827401.0	582578.0	38713.0	646978.0	117426.0	27914.0	89512.0	0.0	1544207.0	439492.0	182372.0	922343.0	2347324.0	-182372.0	283194.0	303053.0	Active	0.6003393501468027	1.646631318405186	-1.0	-0.3308602297592998	3.45657319808458	0.2243424305710584	4.319449305798623	-0.1543006081668115	4.526416882218864	0.3071415786647575	1.706580872958722	0.1838387805604329	-0.1455633379238716	0.3963333470872933	0.01886317907444668	0.1865596790371114	0.6035502371947079	0.54852	0.1758595797626971	-0.05263157894736842	-1.312298468920333	-63.32262323943662	0.2243424305710584
ARKIVUM LIMITED	0.5114200711250305	No	No	No	74	U1	United Kingdom				1863379.65540136	1304.66737667183	1.504	0.07	18.0	3149.87273890823	0.0	3149.87273890823	0.0	1860229.78266245	0.0	185941.609435156	1674288.17322729	1475908.42745906	8108.06978346848	-6803.40240679665	625522.312732102	21969.5843940975	603552.728338004		1236552.67529259	10613.6765651686	141748.883382943	1084190.11534447	1863379.65540136	44192.7260522126	623677.107369865	9871.44530140832	Active	-1.001381635076853	0.6823395756211458	0.08517385287283226	0.1186855446390937		0.5858140839184116	-0.1061176679757049			-1.000871047621418	0.5725653515724897	-0.2208059381140922	-0.6280646929019963	0.5946264654885056	-0.6280646929019963	1.010695187165775	-0.9928275246108523	0.9074031114576475	-0.2074215236227361	-0.3076923076923077	2.460496951393797	-2.584533915685699	0.5858140839184116
WINEDATASYSTEM	0.6182292699813843	No	No	No	63	LF	France	1939000.0																															Inactive																							
HOKO LTD	0.7277054786682129	No	No	No	61	U1	United Kingdom				7271.86518540338	-2811.32395684494	0.721	-38.66	1.0	0.0				7271.86518540338	0.0	0.0	7271.86518540338		0.0	-2811.32395684494	0.0				10083.1891422483	0.0	0.0	10083.1891422483	7271.86518540338	0.0	-2811.32395684494		Inactive	-1.153113969888389	-0.7038926622132127				-0.7601466197591693				-1.638364624098017		-0.1567103933277289	-1.0	-0.7038926622132127		-0.6489776046738072	-1.153113969888389		-0.1567103933277289	-0.5		-1.223099065773353	-0.7601466197591693
CURVERIDER LIMITED	0.5699344277381897	No	No	No	62	U1	United Kingdom				437.477246761801	-5921.31365346784	0.069			0.0				437.477246761801	0.0	0.0	437.477246761801	74.4893690432256	2858.97292613523	-8780.28657960306	0.0				6358.79090022964	4880.82722873707	0.0	1477.96367149257	437.477246761801	0.0	-5921.31365346784		Inactive	0.791239123756699	0.3122158545092509				0.3122158545092509	-1.0				1.758891429950585	0.007214331569264144		0.3122158545092509		-0.2499999999999999	0.4290358475799258	0.007214331569261673	0.7473544113482236		-1.0	0.791239123756699	0.3122158545092509
COMPOUND SEMICONDUCTOR TECHNOLOGIES LTD	0.5841038823127747	No	No	No	na	NF	United Kingdom																																Active																							
7BILLIONIDEAS LTD	0.30292096734046936	No	No	No	85	U1	United Kingdom				64217.503588078	-142022.821951165	0.026		3.0	59750.4526072668	0.0	59750.4526072668	0.0	4467.05098081117	0.0	0.0	4467.05098081117		0.0	-142022.821951165	31342.8549622546	0.0	31342.8549622546		174897.470576988	0.0	0.0	174897.470576988	64217.503588078	0.0	-170430.419596177		Active	0.3411445720719392	-0.7100434623488745		-0.4616483674455745		-0.3000163357029015						0.2544816561248867	-0.2172651842340111	-0.7100434623488745	-0.2172651842340111	-0.7657657657657658	0.3411445720719392		0.2544816561248867	0.0		0.3743038284738252	-0.3000163357029015
NEXEON LIMITED	0.2915802001953125	No	No	No	20	C2	United Kingdom	5894053.85538846	-17941481.4952742	-15275672.6240357	113829923.548581	101042569.710971	12.57	88.766	87.0	10968656.7347931	735316.065650731	10233340.6691424	0.0	102861266.813788	258167.396090539	719180.603395072	101883918.814302	90782720.7824088	28813.3254565334	101013756.385515	4604369.40795403	0.0	4604369.40795403	4604369.40795403	8182984.42965547	0.0	4948976.78041417	3234007.6492413	113829923.548581	-3971628.78092856	94678282.3841321	983110.664576918	Active	-0.1005022749252028	-0.1043343408036992	11.22364774370385	1.006635138728505	1.241923799734179	-0.02158313525657586	6.620258915717832	0.4506486719648544	1.488208428477867	-0.08065952731114191	-0.1760015631516382	2.037509348993371	3.506913667163711	-0.09697297396374278	4.310910565489661	-0.8108380611277483	-0.1005594679822951	0.157542399971958	3.773811825098881	0.2608695652173913	7.032549604272233	-0.1561127290094836	-0.02158313525657586
SENSATION.IO GMBH	0.4362422227859497	No	No	No	62	U1	Germany				17824.81	-18614.28	0.347		2.0	6932.0				10892.81					0.0	-18614.28	5080.0	0.0	5080.0	5080.0	31359.09	0.0	0.0	31359.09	17824.81		-20466.28		Active																							
SHARE & COMPARE LIMITED	0.9793224930763245	No	No	No	62	U1	United Kingdom				3833.62954518465	-7662.56245386679	0.08			2916.61126806698	0.0	2916.61126806698	0.0	917.018277117677	0.0	0.0	917.018277117677	292.365622282076	117.415912563083	-7779.97836642987	0.0				11496.1919990514	0.0	0.0	11496.1919990514	3833.62954518465	0.0	-10579.1737219338	515.455856151934	Inactive	0.1011383059098349	-0.6249678404413469		-1.0		-0.3681902282214995					-0.8753784079146664	-0.06546118977319562	-0.1948675361552101	-0.6249678404413469	-0.1948675361552101	-0.5979899497487438	0.09844864863829744	-0.05257560715848823	-0.06546118977319562			0.07334261027311297	-0.3681902282214995
BUSINESS MONITOR INTERNATIONAL LIMITED	0.8447896838188171	No	No	No	63	U2	United Kingdom		-25329.2181423293	-25329.2181423293	9234738.80826702	9202170.53023699		99.647		0.0				9234738.80826702			9234736.50320098	204451.289708433	9046.23166033321	9193123.14604364	0.0				32567.1254970105	0.0	0.0	32567.1254970105	9234737.655734		9202171.68277001		Active	-0.03535423447097036	-0.0319404064162932			0.04201229776957958	-0.03194016478067178			0.04201229776957958	-0.003529999999999944	1.165098594335472			-0.03194016478067178			-0.03535736872545705	-0.0323993390179952	inf				-0.03194028559848239
DIALECTIVE LTD	0.9591563940048218	No	No	No	58	U1	United Kingdom				11759.2056050817	8417.25094487316	3.36	71.58		531.060898294014	0.0	531.060898294014	0.0	11228.1447067877	0.0	0.0	11228.1447067877	9809.83920843834	874.385982663268	7542.8649622099	0.0				3341.95466020858	0.0	0.0	3341.95466020858	11759.2056050817	0.0	7886.19004657915	61.721363482113	Inactive																							
ACCENTURE SONG BRAND UK LIMITED	0.02807747572660446	No	No	No	73	U2	United Kingdom	28556047.6317694	-375690.676956159	-325073.404099095	16320466.4775054	-6024976.88165862	0.24	-36.917	92.0	10977124.0252848	0.0	209820.636612479	10767303.3886723	5343342.45222066	0.0	2989095.56970668	2354246.88251397	372442.509713994	1430.40698236125	-6026407.28864098	50128.4143533042	50128.4143533042	0.0	0.0	22295314.9448108	16313706.462778	551880.415308798	5429728.06672393	16320466.4775054	2437215.15439788	-16951972.4925901	97511.5206890749	Active	0.06668826359688086	-0.3992154253446281	-0.5370540743741079	-0.8187335436645585	-2.999896966171297	-0.2378307079743988	-0.6377165811897222		-8.912738957953268	0.3995374933656836	-0.2805232707199773	-0.4550324468455021	-0.005503678208375208	-0.4849941688038784	-0.3399540787162024	-0.3798449612403101	0.06667256619260252	0.004414036056037416	-0.167617318147266	-0.3082706766917293	-0.5059710861348974	0.03305032413481032	-0.2378307079743988
LOVE THE LOOK	0.7401376366615295	No	No	No	47	NF	United Kingdom																																Active																							
BIENOS GMBH IN LIQUIDATION	0.9573887586593628	No	No	No	62	LF	Switzerland								15.0										20309.9711253192														Inactive																		0.04974548997212721		0.0			
IMMERSIGHT GMBH	0.5937458872795105	No	No	No	62	U1	Germany	1313085.35			1168563.87	490438.16	2.032	41.969	14.0	610374.07	595731.07	14643.0	0.0	558189.8	50598.48	0.0	507591.32	327548.7	33993.0	456445.16	403422.4	380022.4	23400.0	23400.0	274703.31	0.0	0.0	274703.31	1168563.87	50598.48	283486.49		Active	-0.1097959801703243	-0.1441645855622852		-0.1201174519091496		-0.04150184195067668		-0.02847253824935067		-0.07125627918298698	-0.3131884157585292	0.3097466240579009	-0.01997241066602411	-0.06398671541134626	0.5216668398628287	-0.2852620471333099	-0.1086375451197833	-0.125064346751776	0.3097466240579009	0.1666666666666667	14.55148896149201	-0.2667386012704624	-0.04150184195067668
LOCALMINT LIMITED	0.018448105081915855	No	No	No	96	U1	Ireland				224006.0	190451.0	11.3	85.02		0.0				224006.0	0.0	0.0	224006.0		0.0	190451.0	13731.0	0.0	13731.0		19824.0	0.0	0.0	19824.0	224006.0	0.0	204182.0		Active	0.005278409720719341	-0.2081095890410959		-0.7969087413104571		-0.2081095890410959				0.269466800053753		-0.2320446269466181		-0.2081095890410959		0.03121007483117362	0.005278409720719341		-0.2320446269466181			-0.2057060386445241	-0.2081095890410959
LECTRIO LIMITED	0.8798850178718567	No	No	No	62	U1	United Kingdom				112.661635349658	112.661635349658		100.0		112.661635349658	0.0	0.0	112.661635349658	0.0					112.661635349658	0.0	0.0				0.0				112.661635349658		0.0		Inactive	-0.03465626166972857					-0.03465626166972857				0.0			-0.03465626166972857					-0.03465626166972857					-0.03465626166972857
INDEX PHARMACEUTICALS AB	0.09305581450462341	No	No	No	72	U2	Sweden	8787422.569623	-7906472.30432312	-7906472.30432312	24676611.0580077	529201.018704951	1.021	2.145	5.0	19466.5224864219	0.0	0.0	19466.5224864219	24657144.5355213	0.0	0.0	24657144.5355213	24496725.9705869	543260.173834034	-14059.1551290825	0.0	0.0	0.0	0.0	24147410.0393028	0.0	579309.28954963	23568100.7497531	24676611.0580077				Active	-0.864713409620453	-0.09456278173708607		-1.0	-0.06798412769325846	-0.09449373417222985	0.1303394623238146		-0.06798412769325846	-0.8505643026334123	-0.09763205294290786	0.03247516303848871	0.002323418675439161	-0.09456278173708607		-0.1251071122536419	-1.00417222438598	0.00232341867544129	0.03462417066608723	-0.1666666666666667			-0.09449373417222985
SYMTAVISION GMBH	0.18019288778305054	No	No	No	62	U1	Germany				1943974.57	-1214387.98		-62.469	16.0	150076.0	1148.0	148928.0	0.0	1793898.57	403346.38	0.0	1390552.19	92173.9	54515.0	-1268902.98	3158362.55	2827389.87	330972.68	330972.68	0.0				1943974.57	403346.38	1793898.57		Active	-0.2463229377436042	1.02465992741084		0.9912736554580727		0.6522808437526699		-0.479836882646126			4.826732679526194		-0.1265612086927169	0.7854746292800715	-0.1219644488989771		-0.238261765335769	0.0	-1.0	-0.1111111111111111	0.2687428836049519	-10.10587426056273	0.6522808437526699
ONYU LIMITED	0.9862704873085022	No	No	No	62	U1	United Kingdom				1.28556084697958	1.28556084697958		100.0		0.0				1.28556084697958	0.0	0.0	1.28556084697958		1.28556084697958	0.0	0.0				0.0				1.28556084697958				Inactive	0.07658307212930088	0.07658307212930088				0.07658307212930088				0.0				0.07658307212930088				0.07658307212930088					0.07658307212930088
LUDIUM LAB SL.	0.1739521622657776	No	No	No	62	U1	Spain	2593892.9	-208116.45	-208116.45	750506.75	200761.45	0.941	26.75	29.0	291333.46	114341.35	79373.99	97618.12	459173.29	0.0	298353.81	160819.48	36808.88	4509.8	196251.649	61729.37	61729.37	0.0	0.0	488015.93	0.0	804.65	487211.28	750506.75	297549.16		36695.23	Active	-0.4345464022359309	0.1554625996627436	-0.3692564487868569	-0.5252622946823067	-1.753181215299539	-0.1879063495316372	-0.7723382403286545	-0.08301598688296882	-2.004241608284759	-0.3037118017595918	0.4219669480168539	0.1513214143920779	-0.06612430095988382	-0.2499633045415959	-0.11463095563963	-0.3249641319942611	-0.44013704930484	0.0	0.1114270603795837	0.5263157894736842	-0.3662219387341601		-0.1879063495316372
GRUPPO WASTE ITALIA S.R.L.	0.610365629196167	No	No	Yes	64	U2	Italy	0.0	611000.0	603000.0	2472000.0	1748000.0	3.412	70.712		2000.0	0.0	0.0	2000.0	2470000.0	0.0	0.0	2470000.0	14000.0	10000.0	1738000.0	0.0	0.0	0.0	0.0	724000.0	26000.0	107000.0	591000.0	2472000.0	-107000.0	1746000.0	6000.0	Inactive	-0.9633942033841515	-0.9491780004526655			-0.9868091537132988	-0.9493047865140889	-0.6624605678233438		-0.9868202482951565	-0.2779258442340879	-0.7142857142857143	-0.1072507552870091	-0.9875776397515528	-0.9491780004526655	-1.0	-0.929093931837074	-0.9608558558558559	-0.997016706443914	-0.2831683168316831		-0.6624605678233438	-0.963312390998298	-0.9493047865140889
JENNER RENEWABLES S.AR.L.	0.3089480698108673	No	No	No	64	U1	Luxembourg		-21384.0	-21384.0	816041.0	346769.0	0.41	42.494		650000.0	0.0	0.0	650000.0	166041.0	0.0	135043.0	30997.0	30997.0	7512500.0	-7165731.0	64131.0	0.0	64131.0	4964.0	405141.0	0.0	0.0	405141.0	816041.0	135043.0	-239100.0		Active	-0.07024463224727054	1.083271725250353	0.06268640273220173	0.6472144453291552		0.03041074199735592				-0.0976769864526267	1.083271725250353	0.06600343107331551	0.0	0.1696570088125277		0.09625668449197855	0.003669568257415192	0.0	0.06600343107331551		0.06268640273220173	0.00420413357468952	0.03041074199735592
COMPLIX	0.8592456579208374	No	No	Yes	72	U1	Belgium		-138505.0	-138505.0	381366.0	-12329.0	11.929	-3.233		145570.0	128690.0	0.0	16880.0	235796.0	0.0	0.0	235796.0	211271.0	1030957.0	-1043286.0	373929.0	373929.0	0.0	0.0	19766.0	0.0	13283.0	6483.0	381366.0	-13283.0	216030.0	40334.0	Active	-1.097711944332168	-0.3936099081398579	-1.0	0.00808780116949605	-0.8625469283572818	-0.289062631075617	-0.629835023966113	0.01512151641122321	-0.8625773408633601	-1.137445795425559	-0.4051134043841248	0.8862379982542915	0.01334465691631919	-0.3996649472724773		0.1942136349984983	0.1530825172970225	0.0	-0.4973169553164976		-0.5844127401289031	-0.3888013399235542	-0.289062631075617
NPD HOLDING COMPANY LIMITED	0.21178261935710907	No	No	No	46	U1	United Kingdom					-30010.2823486248													122.481425996253	-30132.7637746211	0.0				30010.2823486248	0.0	0.0	30010.2823486248	0.0				Inactive	0.02210530908347893											0.02677482572395951					0.02210530908347899	0.02210530908347292	0.02210530908347893				
UNACAST AS	0.5048280358314514	No	No	No	62	U1	Norway	854166.579797201	-3576750.25262512	-3576750.25262512	1198360.38442847	429975.300925104	1.715	35.88	31.0	20822.4793908267	0.0	20021.6147988718	800.864591954871	1177537.90503765	0.0	0.0	1177537.90503765	435047.443340818	7563.72114624045	422411.579778864	81688.1883793969	0.0	81688.1883793969	0.0	686607.91016931	0.0	0.0	686696.895123971	1198271.39947381			8364.58573819532	Active	-0.3992415785392825	-0.309749826935898		-0.4834108386971996	-0.2542968401048317	-0.3022885725882083			-0.2542968401048317	-0.1389695471670946	-0.4798487164916991	-0.1860965739030968	0.7949439212801716	-0.309749826935898	0.847023940588582	-0.151829871414441	-1.077219549687291	-0.9987773004538376	-0.1861103162427188	-0.225			-0.3023017557371283
ENYMOTION GMBH	0.8535769581794739	No	No	No	35	U1	Germany	497394.31	-1612221.11	-1590345.33	738399.13	570255.11	6.72	77.229		486110.0	14543.0	471567.0	0.0	252289.13	89224.96	41089.2	121974.97	54095.68	85050.0	485205.11	130600.0	0.0	130600.0	130600.0	37544.02	0.0	23051.26	14492.76	738399.13	107262.9	214745.11	150510.22	Inactive	-0.4510630856233224	-0.8315850715755683	6.637397769516728	-0.2869686421802817	0.1714705886947739	-0.4178466035345898	-0.2847791639789176	-0.2216334831941768	0.1553173934298029	-0.05705599374862643	-0.9174692620918712	0.02306071969098017	-0.04937812891113892	-0.6667394640485288	-0.04284560238371668	-0.5881595881595882	-0.5039996507180245	0.4034653465346535	-0.1907857740973562		193.8711007757572	-0.6978132452336042	-0.4178466035345898
AFFIMED GMBH	0.2285727709531784	No	No	No	82	U1	Germany				90224841.25	14891547.98	20.014	16.505	58.0	6627628.52	49329.0	1173868.0	5404431.52	83597212.73	235344.17	0.0	83361868.56	81944192.24	2079068.0	12812479.98	71156364.77	68393698.62	2762666.15	2762666.15	4176928.5	0.0	0.0	4176928.5	90224841.25	235344.17	79420284.23		Active	0.840916678239707	6.039453397480051		5.340354027600679		3.671962888543784		-0.2374909186465305		-0.6059636641440065	6.958334978123904		-0.08589944531123057	5.930890328098113	0.3174384948536682		1.131812485530694	0.0	inf	0.1836734693877551	0.07244537729731614	5.584588909708618	3.671962888543784
WORLD FAMILY	0.6920210123062134	No	No	No	62	U1	France	61301.0	-85664.0	-81045.0	596795.0	44371.0	0.811	7.435		148651.0	147774.0	877.0	0.0	448143.0	0.0	8075.0	440068.0	413321.0	67076.0	-22705.0	0.0	0.0	0.0	0.0	552424.0	0.0	14593.0	537831.0	596795.0	-6518.0	-104281.0	20156.0	Inactive																							
MAPPER LITHOGRAPHY B.V.	0.11864909529685974	No	No	No	72	U1	Netherlands	537582.0	382828.0	382828.0	173053805.0	134143102.0	4.438	77.515	227.0	384469.0	0.0	384469.0	0.0	172669336.0	4014674.0	168596061.0	58601.0	58601.0	18000.0	134125102.0	0.0				38910703.0	0.0	1536874.0	37373829.0	173053805.0	171073861.0	133758633.0		Inactive	0.002862045572663824	-0.4305938823895216	0.01644150634941713		-0.1233334707318302	0.01505069173699744			-0.1233334707318302	-0.01200657685101384	-0.4305938823895216		-0.2331004190860692	0.01578254595205657	-0.2331004190860692	-0.0410544511668108	0.002862430767402684	0.0	0.05944123013198994	0.07582938388625593		0.003749752033531408	0.01505069173699744
CUAQEA SL.	0.9749915599822998	No	No	No	62	U1	Spain	30091.52	-19953.02	-19953.02	49054.05	-12784.12	6.283	-26.061		37505.7	36490.0	1015.7	0.0	11548.35	0.0	3738.63	7809.72	7809.72	18000.0	-30784.12	60000.0	60000.0	0.0	0.0	1838.17	0.0	0.0	1838.17	49054.05	3738.63			Active	0.6324807498308028	-0.4223823403894954	0.1865879126808307	0.0	0.8421970067675489	-0.09455966654490529		0.0	0.8421970067675489	0.802905569007264	-0.4223823403894954	-0.08462683817121563	0.0	-0.3072919884520173	0.0	-0.2431944109853047	1.842197006767549	5.0	-0.08462683817121563		0.1865879126808307		-0.09455966654490529
POTSDAM SOFTWAREENTWICKLUNGS-ABWICKLUNGSGESELLSCHAFT 1 GMBH	0.741339921951294	No	No	No	62	U1	Germany	500000.0			298228.32	-262430.4	9.077	-87.996	18.0	84712.5	76805.5	7907.0	0.0	213515.82	82030.0	0.0	131485.82	63722.94	58549.0	-320979.4	537137.26	492400.26	44737.0	44737.0	23521.46	0.0	0.0	23521.46	298228.32	82030.0	189994.36		Inactive	2.888062837091853	-0.205615328456393		0.9444450035356687		-0.2760940403874952	-1.0	-0.6629304953645291		4.370849609375	-0.4881813251668876	-0.8726633248638768	-0.6499512400723961	0.2562038930845541	-0.4407864493086743	9.857655502392344	1.546537185319834	0.0	-0.8842593535715337	0.0	-6.835559994650321	-6.712999263301911	-0.2760940403874952
WINE DEMON LIMITED	0.6942188739776611	No	No	No	63	U1	United Kingdom				1.18094489160986	1.18094489160986		100.0		0.0				1.18094489160986	0.0	0.0	1.18094489160986		1.18094489160986	0.0	0.0				0.0				1.18094489160986				Inactive	-0.01476055648553985	-0.01476055648553985				-0.01476055648553985				0.0				-0.01476055648553985				-0.01476055648553985					-0.01476055648553985
FUNDACION CABIFY	0.3890713155269623	No	No	No	82	NF	Spain																																Active																							
THIRD SPACE LEARNING	0.0495721772313118	No	No	No	85	LF	United Kingdom	2035971.69635847							30.0																								Active																							
MAILPILE EHF.	0.7125915884971619	No	No	No	62	U1	Iceland	51833.5194395941	-16936.7569608416	-16936.7569608416	16637.7557591006	16637.7557591006		100.0		0.0	0.0	0.0	0.0	16637.7557591006	0.0	0.0	-13940.1004722816	13940.1004722816	3322.23557490028	13315.5201842003	0.0	0.0	0.0	0.0	0.0	0.0	0.0	0.0	16637.7557591006				Active	-0.5011643380519786	-0.5030770882889121			-2.762304409908355	-0.5011643380519786			-2.762304409908355	0.0	-0.5030770882889121			-0.5011643380519786			-0.5569298070115283	0.006636022293669985					-0.5011643380519786
ALLTHETOPBANANAS.COM LIMITED	0.02736235409975052	No	No	No	62	U1	United Kingdom				2019783.42000915	756348.925568152	1.931	37.447	26.0	375186.761147178	0.0	375186.761147178	0.0	1644596.65886198	0.0	1233294.21867578	411302.440186194	367310.04001164	108.813883779716	756240.111684373	411638.242171622	317841.844395268	93796.3977763543	93796.3977763543	851796.252269379	56914.3413838359	737863.435784972	57018.4751005713	2019783.42000915	495430.782890809	792800.406592596	111618.473881006	Active	-0.4630150886247628	-0.7137852170526553	-0.08471491581820872	0.1028918983643694		-0.3632333100652488	-0.3204582260624757			-0.1566940659835604	-0.7335833588203494	-0.7839244038124744	-0.03165723235847565	-0.4093711083417752	-0.03165723235847565	-0.03594608087868201	-0.4630516709326442	0.01990173095709186	-0.3872808890679321	0.1818181818181818	0.8937202048030349	-0.4313963217930828	-0.3632333100652488
NANONORD A/S	0.4116716980934143	No	No	No	72	U1	Denmark		-1027575.30768024	-774167.513902099	6894032.77274301	-1104804.34959357	1.183	-16.026	17.0	4593250.89907484	4479284.43097356	113966.468101279	0.0	2300781.87366817	276335.16559616	216536.28939243	1807910.41867958	234368.689695336	134078.19776621	-1238882.54735978	6053228.3945511	106860.32361967	5946368.07093143		1945608.72778548	1351508.2334834	188379.867861526	405720.626440553	6894032.77274301			30033.5162996311	Active	2.339408545739272	0.3233612535339397	0.1471331863718678	0.2860788265128543	0.3017220060149618	0.3525659126355816	0.3752637537298429	0.4961307153281082	1.074221199636414	1.46895701740872	1.591892270496079	0.9007900889482884	0.4990645542924741	0.1317593082138981	1.229612368041473	-0.5803476410074494	1.664273638012249	-0.0006090444425899555	1.698076680203463	0.2142857142857143			0.3525659126355816
TRACE TECHNOLOGIES LIMITED	0.11746926605701447	No	No	No	66	U1	United Kingdom				117.35449772224	117.35449772224		100.0		117.35449772224	0.0	0.0	117.35449772224	0.0					117.35449772224	0.0	0.0				0.0				117.35449772224		0.0		Inactive	0.007079642261241562					0.007079642261241562				0.0			0.007079642261241562					0.007079642261241562					0.007079642261241562
FREEFLOW TECHNOLOGIES LIMITED	0.24313943088054657	No	No	No	30	U1	United Kingdom				7830174.10450449	7183335.44586974	1.492	91.739	11.0	7107197.95504951	7075196.90313554	32001.0519139637	0.0	722976.149454987	104268.282872901	30428.3676657116	588279.498916375	287713.593199229	5.68988512392228	7183329.75598461	162347.216286825	0.0	162347.216286825		484491.442347933	164735.830061848	280173.357433008	39582.2548530778	7830174.10450449	-145476.706894395	238484.707107054	90820.8083710227	Inactive	-0.04541607777490388	-0.6630400537829516	21.91633449564427	-0.03826783628174363		-0.006400432548901187	0.6895467698830496	0.1555842208222781		-0.03927153913016159	-0.7927561876519456	0.8954263074864691	0.1587618128802432	-0.5862020265282311	1.955679190769369	-0.8405642231245993	-0.04541608395738055	-0.0375465186204199	1.594879710157514	0.0	-0.1156416213056931	-0.8471703742694859	-0.006400432548901187
WOOJU LIMITED	0.8929700255393982	No	No	No	62	U1	United Kingdom				498.285604136772	-14510.6807750133				498.285604136772	0.0	498.285604136772	0.0	0.0					2.7453752294037	-14513.4261502427	0.0				15008.96637915	0.0	0.0	15008.96637915	498.285604136772		-15008.96637915	221.002705966998	Inactive																							
BONSUM UG (HAFTUNGSBESCHRAENKT)	0.6118398308753967	No	No	No	62	U1	Germany				26622.61	-22081.42	0.17	-82.942	2.0	20616.0				6006.61					0.0	-22081.42	13392.34	10375.42	3016.92	3016.92	35311.69	0.0	0.0	35311.69	26622.61		-29305.08		Inactive																							
ITPRENEURS BV	0.5334441661834717	No	No	No	62	C2	Netherlands	1669870.0	-10134.0		486919.0	91938.0	1.213	18.882		7629.0	0.0	7629.0	0.0	479290.0	0.0	451823.0	27467.0	27467.0			0.0				394981.0	0.0	174788.0	220193.0	486919.0	277035.0	84309.0	10967.0	Inactive																							
TRUSTEV LIMITED	0.08827023208141327	No	No	No	82	U1	Ireland				5081635.0	2569589.0	1.369	50.566	36.0	2009958.0	1932857.0	77101.0	0.0	3071677.0		350033.0	2721642.0	2282442.0	3.0	2569586.0	267673.0	267673.0	0.0	0.0	2244372.0	1757736.0	36950.0	449684.0	5081634.0		827305.0	350281.0	Active	2.834062966278723	0.1239316186372539	0.1349893969559212	0.06386623424110904		0.2492434429675227	-0.5166206616867911	0.4811868456585677		2.06907016266084	0.1648862465416162	0.2984263563653163	0.5024016504339116	0.1251811395122237	1.344065426243463	0.5771889400921659	2.834075652382807	0.0	-0.2865882382858069	-0.05263157894736842		-2.98857053577867	0.249241968703276
NOEMALIFE S.P.A.	0.005950854625552893	No	No	No	58	C1	Italy	71326000.0	262000.0	871000.0	116445000.0	31624000.0	1.144	27.158		48022000.0	28300000.0	2108000.0	17614000.0	68423000.0	202000.0	42752000.0	25469000.0	14223000.0	3947000.0	27677000.0	25012000.0	17934000.0	7078000.0	3797000.0	59809000.0	21824000.0	12063000.0	25922000.0	116445000.0	30891000.0	8614000.0	8286000.0	Inactive	0.137513039099313	1.257089684509039	-0.1202206033666708	0.2379114080673101	0.5783132530120482	0.06868512587072438	0.1109780806778412	-0.05404953705251195	-2.213091922005571	0.06439349402312368	0.8531596091205211	-0.1179693082445813	-0.01646663662802605	0.1378232310634406	-0.06311111111111112	0.1590678824721377	0.1606558751991948	-0.00202275600505689	-0.01880075465507342		-0.186929171163109	-11.50487804878049	0.06868512587072438
CAPTIFY LTD	0.8212665319442749	No	No	No	82	U1	United Kingdom				116.714973661594	116.714973661594		100.0	1.0	0.0				116.714973661594	0.0	0.0	116.714973661594		0.0	116.714973661594	0.0				0.0				116.714973661594				Active	-0.02293600231502189	-0.02293600231502189				-0.02293600231502189				0.0				-0.02293600231502189			inf	-1.0		0.0			-0.02293600231502189
VIVOOD	0.07005349546670914	No	No	No	41	NF	Spain																																Active																							
NUMBERPICTURE	0.10900618135929108	No	No	No	62	U1	Bulgaria	95099.2736759248	0.0	0.0	75159.1033890374	0.0		0.0	1.0												0.0							0.0					Active																				0.0			
ACUNU LIMITED	0.5246583223342896	No	No	No	62	U1	United Kingdom				2367521.17567851	1850482.62720975	4.843	78.161		124335.791899323	47910.1808132443	76424.4413182531	1.16976782511523	2243185.38377919	0.0	0.0	2243185.38377919	1075973.50136184	52.6395521301852	1850429.98765762	53887.6943995831	0.0	53887.6943995831	53887.6943995831	463150.854069172	0.0	0.0	463150.854069172	2367521.17567851	0.0	1780034.52971001		Inactive	4.096770290267292	0.7321312215581555		0.9804049273213984		0.5941208492557155		-0.1141831987979964		2.197161205873932	0.278873218808061	-0.5769839776200887	-0.3459946744970255	0.7321312215581555	-0.4381731577823083	3.093829247675401	4.097099126179468	0.5596650696424825	-0.5769839776200887			7.892802510996908	0.5941208492557155
VIOSO GMBH	0.04287596791982651	No	No	No	62	U1	Germany				1551359.37	883875.09	5.331	56.974	12.0	74534.0	12793.0	61741.0	0.0	1476825.37	30000.0	0.0	1446825.37	1040882.83	30650.0	853225.09	390484.28	284518.28	105966.0	105966.0	277000.0	0.0	0.0	277000.0	1551359.37	30000.0	1199825.37		Active	0.6283507521786829	-0.01644183611073053		-0.6154432394514198		-0.004401438702627494		-0.1873332486342269		0.6355389694273	0.5092481579988636		0.24022829758557	-0.01421474184621304	0.3919738473678278		0.66595458899881	0.0	inf	0.2	0.1066325282827608	-0.1991130528148274	-0.004401438702627494
WANTR APS	0.956515908241272	No	No	No	62	U1	Denmark		-23506.049031187	-18804.8392249496	6984.65456926699	-54802.6743127102	0.113		1.0	0.0				6984.65456926699	0.0	0.0	6984.65456926699	1074.56224142569	14506.5902592468	-69309.2645719571	0.0				61787.3288819772	0.0	2417.7650432078	59369.5638387694	6984.65456926699	-2417.7650432078	-54802.6743127102		Inactive	0.5202329641539751	-0.5192001046557325			-0.460641143043288	-0.5192001046557325	-0.00141560197729099		-0.4517575853992956		-0.7503539004943227	0.2328891171118382		-0.5192001046557325		-0.6062717770034843	0.3703977377120199	-0.001415601977292427	0.2216724018362957	0.0	-0.00141560197729099	0.5202329641539751	-0.5192001046557325
SECOND HOME LTD	0.08453714847564697	No	No	No	56	C2	United Kingdom	7837880.99282811	-15405326.6245235	-15405326.6245235	33663271.860995	-557476.402334929	0.77	-1.656	84.0	21687018.1708337	120984.240506729	21566033.930327	0.0	11976253.6901612	33211.3601391022	676088.402831723	11266953.9271904	3741022.49566887	0.0	-557476.402334929	18671901.1182052	12387837.3318851	6284063.78632012	1737665.80727802	15548847.1451247	2289211.60958811	3891659.73629979	9367975.79923675	33663271.860995	-3182359.97332897	-3572593.45496342	5186902.78172478	Inactive	-1.043020129067	0.4728065922413024	0.1240036375608755	2.531903365185851	-0.3803576696561887	0.01954346686844601	-0.3817829254719792	-0.3642205679858335	-0.3803031500723306	-1.042194307845186	0.7797698943688551	0.6610226267824298	-0.123760113240134	0.4485253876934624	-0.1218969917579325	0.3749999999999999	-1.043020129067		0.05252897914063349	-0.1683168316831683	-0.4394360117995368	-0.4507885811585358	0.01954346686844601
RETURBO GMBH	0.8788924217224121	No	No	No	47	U1	Germany				3708.18999999948	-1542316.64			1.0	0.0				3708.19	0.0	0.0	3708.19	3294.2	25000.0	-1567316.64	1546024.83	1542924.83	3100.0	3100.0	0.0				3708.18999999948		3708.19		Inactive	0.006236570404885059	-0.9211849118072895		-0.02138356506431639		-0.921184911807301					-0.912524559482742			-0.9211849118072895			0.006136481487885452	0.0		0.0		-0.9211849118072895	-0.921184911807301
COMPUFIRST	0.25957930088043213	No	No	No	46	U1	France	16829032.0	-241209.0	-159456.0	4678297.0	573462.0	0.929	12.258	31.0	1367813.0	733800.0	97833.0	536180.0	3310484.0	10401.0	2758073.0	542010.0	260681.0	344259.0	229203.0	540000.0	480000.0	60000.0	0.0	3564835.0	72753.0	2519909.0	972173.0	4678297.0	248565.0	-254351.0	323435.0	Inactive	-0.3094305404861883	-0.2642101876500909	-0.147169112383624	-0.1123720541847548	-0.3651993810135377	-0.1203673915810703	-0.2136816225454357	-0.03012584044525921	0.1664240517903515	-0.2149353144613809	-0.1696576459495961	0.5147270081363137	0.02245217252202721	-0.1683642785547229	-0.09557926265577044	-0.09454191033138398	-0.528544100707586	0.0	-0.08115349570905886	-0.03125	5.31516768292683	-3.518202069204495	-0.1203673915810703
AKSELWORKS OY	0.47966164350509644	No	No	No	62	U1	Finland		-2000.0	-2000.0		1000.0			0.0								0.0		5000.0	-4000.0	0.0				0.0	0.0	0.0	0.0	1000.0				Inactive	-0.967741935483871	-1.0			-0.8888888888888888				-1.0625								-1.153846153846154	0.0					-0.9666666666666667
TAGMORE SOLUTIONS S.L.	0.7101060748100281	No	No	No	62	U1	Spain	40894.0	-45504.0	-45504.0	82914.0	54509.0	4.273	65.742	1.0	0.0	0.0	0.0	0.0	82914.0	13117.0	24407.0	45390.0	45390.0	3010.0	51499.0	9000.0	9000.0	0.0	0.0	19405.0	0.0	0.0	19405.0	82914.0	37524.0			Active																							
TAPVALUE	0.44814348220825195	No	No	No	62	NF	France																																Inactive																							
NEARDESK LIMITED	0.8056157231330872	No	No	No	62	U1	United Kingdom				235055.698312726	61282.4451779533	1.351	26.071		255.586659569068	0.0	255.586659569068	0.0	234800.111653157	0.0	8720.29004703233	226079.821606124	48835.7249756515	13979.0730973438	47303.3720806095	0.0				173773.253134772	0.0	54222.8848869337	119550.368247839	235055.698312726	-45502.5948399014	61026.8585183843	1526.51758317964	Inactive	2.157670294349597	0.81427137052785	inf			0.8553551139002801	inf			0.7018734904367125	-0.5575928298279971	0.1143466822129106	-0.8770330357825356	0.8842509576605495	-0.8770330357825356	0.1626506024096386	14.242161558364	-0.1426002084015147	0.6197662200975929		-inf	2.52166306672504	0.8553551139002801
SABIEDRIBA AR IEROBEZOTU ATBILDIBU BALTIC EMBEDDED	0.979159951210022	No	No	No	26	U1	Latvia	127936.0	-118830.0	-118830.0	30476.0	-221195.0	0.275			9113.0	4040.0	5074.0	0.0	21363.0	10662.0	7830.0	2871.0	522.0	2846.0	-224041.0	173986.0	164700.0	9286.0	9286.0	77686.0	15652.0	9230.0	52804.0	30476.0				Inactive	1.16082488326202	-0.9427848303074992	-0.3885678588161799	0.09091023092791262	0.1388510858522934	-0.625454724215908	15.30742049469965	-0.4304243620470887	0.1388510858522934		-0.9885372977008717	1.229804484607913	-0.2977575710873083	-0.6876389051351035	-0.1376614547926581	-0.902516838000709	1.12944463981903	0.0	2.203942755804842				-0.625454724215908
KAZNACHEY	0.2826404869556427	No	No	No	63	NF	Ukraine																																Active																							
MYTRAH ENERGY LIMITED	0.005958627909421921	No	No	No	35	C1	United Kingdom	349543832.534684	-5291720.26325801	-3876294.19069061	1145817763.40706	133224607.387926	1.352	11.627		1022651029.4919	418256507.089682	566567924.686749	37826597.7154691	123166733.915164	0.0	49797952.6817747	73368781.2333898	53006378.2698598	69118708.3077182	64105899.0802074	921476525.613101	842348326.359231	79128199.2538701	499952.774961809	91116630.4060378	65435944.2234644	8613987.09042358	17066699.0921498	1145817763.40706		32050103.5091267	44989109.0076165	Active	0.1701245756678566	-0.2735123784956444	2.100304680090475	0.3395799642932101	-13.46990371542328	0.3144090374592921	-0.1240381840542462	2334.158117244352	-4.628651109786623	-0.109792512058801	-0.4168666692676786	0.1808397981663442	0.3550741778705787	0.05222712135914714	-0.20913099401588	-0.1913875598086124	0.3659012110812732	0.03282458166467428	0.301734397619124			-0.3189095339353248	0.3144090374592921
OPENGAMMA LIMITED	0.048713672906160355	No	No	No	62	U1	United Kingdom				16042539.2810614	6434850.00834912	1.664	40.111	79.0	54053.7985564566	0.0	54053.7985564566	0.0	15988485.4825049	0.0	2729761.77588877	13258723.7066161	11339730.8754846	52205255.4585993	-45770405.4502502	0.0				9607689.27271224	1488433.00376851	236230.082620953	7883026.18632278	16042539.2810614	2493531.69326782	6380796.20979266	71216.1677313861	Active	-2.456675773967462	3.995936779941255	0.4066951362791088	-1.0		2.433386574166371	0.924738559910886			-1.424266463582323	8.738005555376066	0.1230754796031288	-0.3075416000167753	2.479955535745123	-0.3075416000167753	2.231067961165048	0.104318360349718	0.4098379714890882	0.07774217705204303	0.1617647058823529	0.3717183678870833	-2.476969746335593	2.433386574166371
XITNA LIMITED	0.700890839099884	No	No	No	62	NF	United Kingdom																																Inactive																							
AIM SOFTWARE	0.27350062131881714	No	No	No	na	NF	Austria																																Active																							
BLUE RONIN LTD	0.6996960043907166	No	No	No	62	U1	United Kingdom				183739.018967018	-160062.711858245	0.519	-87.114	6.0	5302.51803160353	0.0	5302.51803160353	0.0	178436.500935414	0.0	13143.4755464215	165293.025388993	50564.5863103061	15.7947345622233	-160078.506592807	0.0				343801.730825263	0.0	16586.7276809862	327215.003144277	183739.018967018	-3443.25213456468	-165365.229889849	5052.05866925971	Inactive	-2.770665040660922	-0.4541456263745929	-0.652071212993948			-0.4754071809351932	8.596728196877221	-1.0		-4.375334185749157	-0.7534380175240756	0.2676590003924453	-0.4510367753826981	-0.4760983236720597	-0.4460193003979134	-0.6041189931350114	-2.77114742200301	0.005887508596638708	0.3230583850334565	-0.1428571428571428	-1.095518627138673	-3.048176169654136	-0.4754071809351932
CYBUS GMBH	0.03213583678007126	No	No	No	62	U1	Germany	1327426.0			8058659.87	6155898.82	6.189	76.389	43.0	1934713.0	1914088.0	20625.0	0.0	6123946.87	410.0	0.0	6123536.87	5506433.37	64981.0	6090917.82	913304.65	562812.5	350492.15	350492.15	989456.4			746840.32	8058659.87	410.0	5134490.47		Active	1.43211485668662	1.85774900402785		0.3491266617121634		1.208921796978439		0.3000895213798518		0.101039219360325	2.169360829601301	1.258489525247766	0.2867427875182731	1.855441746335807	-0.3410543130990416	0.270320197044335	1.452245061650901	0.3745029190286827	1.24782684405176	0.3870967741935484	-0.7813333333333333	2.01235934405975	1.208921796978439
WIDGETLABS GMBH	0.5182549357414246	No	No	No	62	LF	Germany								1.0																								Active																				0.0			
U PLAY STUDIOS SL	0.5077118873596191	No	No	No	58	U1	Spain	90522.06	31803.98	31803.98	36469.48	-333306.67	0.215		2.0	16761.367	15740.11	0.0	1021.26	19708.11	0.0	18455.8	1252.31	1252.31	39847.0	-373153.67	278226.23	277436.71	789.52		91549.92	0.0	0.0	91549.92	36469.48	18455.8		1205.31	Inactive	-0.08710778499613757	0.3961870784324654	-0.5507308857119141	-0.1175760596279663	-2.520807591227473	-0.3915997867315814		-0.07112895401825377	-2.543808331541348		0.3961870784324654	-0.1658792851793338	-0.06708601700481123	-0.5304972584699651		-0.43717277486911	-0.07853655808206127	0.0	-0.1658792851793338	0.0	-0.5507308857119141		-0.3915997867315814
DOCSPERFECT LTD	0.9950941801071167	No	No	No	58	U1	United Kingdom				9394.98890344231	-166220.234748401	0.053			0.0				9394.98890344231	0.0	0.0	9394.98890344231	1824.24214552722	354.634942754126	-166574.869691155	0.0				175615.223651843	0.0	0.0	175615.223651843	9394.98890344231	0.0	-166220.234748401	4417.33284694539	Inactive	0.7802907304941793	-0.688333102348201				-0.7242760221055409					-0.8928370322738937	0.3780141766062343	-1.0	-0.688333102348201		-0.7763713080168777	0.7780811005647903	0.1241278651828745	0.3780141766062343			0.7083891788715602	-0.7242760221055409
KELSEN UG (HAFTUNGSBESCHRAENKT)	0.5182549357414246	No	No	No	62	LF	Germany								1.0																								Inactive																							
KINESENSE LIMITED	0.08662041276693344	No	No	No	58	U1	Ireland				1197980.0	643455.0	1.224	53.712	8.0	519505.0	500157.0	19348.0	0.0	678475.0	0.0	258615.0	419860.0	249974.0	76990.0	566465.0	0.0				554525.0	0.0	3168.0	551357.0	1197980.0	255447.0	123950.0	40069.0	Active	0.01230106538962551	-0.4771578787448601	2.737048971865382			-0.03906991965912883	-0.8892849654015517	0.4150073840199623		0.05346565723924227	-0.5857290352945855	-0.05336361981876182	0.3873777877479296	-0.2221437522141345	-0.07800810102454134	-0.1422564821303434	0.01399634115343169	0.0	-0.0925076752878642	0.0	5.293503165882382	-0.5254321649405593	-0.03906991965912883
MISTER MARIO S.R.L. IN LIQUIDAZIONE	0.45615220069885254	No	No	No	63	U1	Italy	5048.0	-780.0	-780.0	19908.0	16615.0	2.905	83.459		10342.0	10082.0	260.0	0.0	9566.0	0.0	5000.0	4566.0	131.0	11111.0	5504.0	0.0	0.0	0.0	0.0	3293.0	0.0	1440.0	1853.0	19908.0	3560.0	6273.0	4123.0	Inactive	-0.04484047139982754	-0.01382289416846652	inf		-0.9483032873806999	0.04230366492146597	inf	-0.2850152471455925	-0.9483032873806999	-0.08360326331624071	1.787234042553191	0.08680351906158358	-0.2850328378845489	1.066090712742981	-0.2857142857142857	0.06958762886597923	-0.124124761298536	0.0	0.9313782991202346		inf	1.144615384615385	0.04230366492146597
TRIPLINKS LTD	0.9434692859649658	No	No	No	82	U1	United Kingdom				116.028890247411	116.028890247411		100.0		116.028890247411	0.0	0.0	116.028890247411	0.0					116.028890247411	0.0	0.0				0.0				116.028890247411		0.0		Inactive	0.05861397117555148					0.05861397117555148				0.0			0.05861397117555148					0.05861397117555148					0.05861397117555148
LUMATIX GMBH	0.4526790380477905	No	No	No	62	LF	Germany	130000.0							5.0																								Inactive																				0.0			
DATALASE LTD	0.19233401119709015	No	No	Yes	72	U2	United Kingdom				5140503.5400128	3985573.11659423	9.05	77.533	15.0	1051454.4365306	727262.4989872	324191.937543403	0.0	4089049.1034822	296682.649967659	599000.154006176	3193366.29950836	1648881.96459733	3145.25187888924	3982427.86471534	703099.124760362	0.0	703099.124760362	703099.124760362	451831.298658208	0.0	191197.715106602	260633.583551606	5140503.5400128	704485.088867232	3637217.80482399	256517.690143327	Active	-0.08179849886814448	-0.09430588801707909	0.5334790009646817	-0.04946151142667431		-0.06862070403441584	-0.1902089646108856	-0.01347664641131615		-0.01413948757072916	-0.0927534534123423	0.285081568822566	-0.1897056871767509	-0.03140218287765422	-0.4215227407297773	-0.05905593678519439	-0.08187416867115155	0.02518454079940813	0.02941069199273659	-0.1666666666666667	0.5327143814409212	-0.03845856138467097	-0.06862070403441584
NUDJ LIMITED	0.545268714427948	No	No	No	71	NF	United Kingdom																																Inactive																							
AKANOO GMBH	0.5182549357414246	No	No	No	62	LF	Germany								1.0																								Active																				0.0			
SURREY NANOSYSTEMS LIMITED	0.007932104170322418	No	No	No	72	U1	United Kingdom				3633634.42024628	3282950.5749372	7.856	90.349	31.0	878503.77504405	155111.482934397	723392.292109653	0.0	2755130.64520223	24826.124283329	211959.001089406	2518345.5198295	1906962.9275103	1940.23202908155	3281010.34290812	0.0				350683.845309083	0.0	169236.651443655	181447.193865428	3633634.42024628	67548.4739290802	2404446.79989315	722933.712973806	Active	0.04751357649254949	0.4600806114842596	-0.346296040438911			0.03070110672826417	0.8479546341694214	-0.04379309804221414		0.01631064466416948	0.7830766796065177	-0.3947303790148916	-0.3898578643870514	0.3210469141611895	-0.4337966470682474	0.474197785700882	0.04754405658278021	-0.001610875928808032	-0.1039345714435999	0.1481481481481481	-0.7490645058829319	0.4192171238288337	0.03070110672826417
KNCMINER AB	0.03587360307574272	No	No	No	66	U1	Sweden	20650247.3904264	-7075473.48824412	-6372504.01122222	21856250.4550491	404343.188509648	0.869	1.85		3206958.89085732	2238047.00075035	265835.950950129	702969.477021907	18649291.5641918	7640148.6519764		11009249.3743504	10859.1377640822	5323.1067470991	399020.081762549					21452013.7286744	0.0	343127.460918008	21108886.2677564	21856250.4550491		-2802722.16448262	10900019.2238999	Inactive	-0.9417114456193888	17.15340998255599			-1.909345777090041	0.1310483287274431	-0.5560312264907203	-0.2796092492546999	-1.919357738591942	-0.9484650955484984	-0.9692734309285608	0.817505166799015	-0.7363635968472086	1.604808890212103	-0.9702140541483364	0.5034602076124568	-0.9424335866441252	-0.02307584805218352	0.7318064142920306			-0.463851545285951	0.1310483287274431
SEMETRIC LTD	0.8826398253440857	No	No	No	63	U1	United Kingdom				19928582.4324306	19843207.3445498		99.572		38340.4734435164	0.0	38340.4734435164	0.0	19890241.9589871	0.0	0.0	19890241.9589871	183450.729764491	538.028114493342	19842669.3164353	0.0				85375.0878807647	0.0	0.0	85375.0878807647	19928582.4324306	0.0	19804866.8711063	69475.8654268857	Inactive	11.72565480187426	11.50298789934813				10.69572441808627				0.08806399090839549	-0.7119635847519913	-0.4096303819791943	-0.6609474709765675	11.50298789934813	-0.6609474709765675		11.72857517065422	0.3449776664416423	-0.4096303819791943			12.69417005632387	10.69572441808627
SEMETRIC LTD	0.8826398253440857	No	No	No	63	U1	United Kingdom				19928582.4324306	19843207.3445498		99.572		38340.4734435164	0.0	38340.4734435164	0.0	19890241.9589871	0.0	0.0	19890241.9589871	183450.729764491	538.028114493342	19842669.3164353	0.0				85375.0878807647	0.0	0.0	85375.0878807647	19928582.4324306	0.0	19804866.8711063	69475.8654268857	Inactive	11.72565480187426	11.50298789934813				10.69572441808627				0.08806399090839549	-0.7119635847519913	-0.4096303819791943	-0.6609474709765675	11.50298789934813	-0.6609474709765675		11.72857517065422	0.3449776664416423	-0.4096303819791943			12.69417005632387	10.69572441808627
ONFAN SL	0.9087896943092346	No	No	No	63	U1	Spain	3695.37	-59635.51	-59635.51	557583.49	184423.35	1.602	33.075		375034.78	312505.04	6045.54	56484.2	182548.71	0.0	27727.26	154821.45	154821.45	188430.0	-4006.65	259242.0	259242.0	0.0	0.0	113918.14	0.0	15757.59	98160.55	557583.49	11969.669		2380.14	Inactive	0.2767106102264034	14.21096542942083	-0.1280478102182896	5.48105	-0.05333412915977389	1.503385866783064	3.107710956440135	0.7945249782363519	-0.05333412915977389	-0.4900161899622234	14.29266883315718	1.849885668430319	1.074830709515232	3.34874410813072	-0.08550553639499005	0.4603463992707385	-0.7651166115870647	0.1666769859451427	1.975935075906915		-0.5719455665637686		1.503385866783064
THROMBODX B.V.	0.9632106423377991	No	No	No	72	U1	Netherlands				17964.0	-534338.0				0.0				17964.0	0.0	5712.0	12252.0	12252.0	463547.0	-997885.0	552302.0	552302.0	0.0	0.0	0.0				17964.0				Inactive	0.2851089006041482	inf	-0.8314447592067988	inf		-0.469900849858357								-0.469900849858357					-1.0				-0.469900849858357
OKTALOGIC	0.6172621846199036	No	No	No	26	U1	France	3315412.0	-240940.0	-146973.0	2502527.0	139985.0	0.851	5.594		579238.0	496127.0	67320.0	15791.0	1923291.0	584774.0	935685.0	402832.0	180993.0	399000.0	-259015.0	103019.0	0.0	103019.0	103019.0	2259524.0	0.0	751883.0	1507641.0	2502527.0	768576.0	-336233.0	58064.0	Inactive	-0.512175997881223	-0.3653860392868564	-0.3694632568482766	-0.7939059424163373	0.525709219858156	0.0004725457703755379	-0.06567976161185379	34.83955789929929	-0.1945360881240752	-0.5123779637377963	-0.02167003599961081	0.8249528522283526	4.486922996769824	-0.1972171902261476	-0.116917870213687	-0.3908375089477452	1.311767015940451	0.0	0.3178709450891967		-0.1962814044077279	-1.493550129613918	0.0004725457703755379
MOLECULAR HEALTH GMBH	0.6552760601043701	No	No	No	70	U1	Germany		-44919790.1	-44920369.98	4700210.79	-20504139.49	3.283		115.0	1571699.46	528349.459	1043348.0	2.0	3128511.33	0.0	90237.8	3038273.53	2193577.2	129122.0	-20633261.49	24251462.26	22917750.0	1333712.26	1333712.26	952888.02	0.0	466349.46	486538.56	4700210.79	-376111.66	2175623.31	6063185.13	Active	-1.839774980761168	-0.4082178822255404	-0.4982074547926666	14.01469761111	1.615392722889132	-0.8643430880261412	0.136546128460252	-0.7775594291526224	1.615301923780222		-0.3982315262867085	-0.9407097447688317	-0.9464202626984025	-0.4112632510382452	-0.0791279788172992	4.320907617504052	-1.849556113215188	0.0	-0.8894095442260379	0.08490566037735849	0.6317864223091999	-1.658795011608927	-0.8643430880261412
DNAGE BV	0.8592520356178284	No	No	No	72	U1	Netherlands				125035.0	-7450098.0	0.043		12.0	25988.0	0.0	25988.0	0.0	99047.0	0.0	49545.0	49502.0	49502.0	37509.0	-7487607.0	5268957.0			5268957.0	2306176.0				125035.0		-2207129.0		Inactive	1.111466985451475	inf	8.99092558983666	inf		24.21375277273644							inf	18.97318007662835		41.99999999999999	1.099775709300408	0.0	-0.3473132357377883			-0.374467286721258	24.21375277273644
ZAPPY LIMITED	0.15784530341625214	No	No	No	58	U1	Ireland	18207633.0	-25062946.0	-25062946.0	22901509.0	-4466319.0	0.967	-19.502	85.0	120453.0	0.0	120353.0	100.0	22781056.0	0.0	516139.0	22264917.0	655904.0	8904.0	-4475223.0	3808720.0	3808720.0	0.0	0.0	23559108.0	20157730.0	652933.0	2748445.0	22901509.0	-136794.0	-778052.0	92088.0	Active	-0.3387186063683098	2.618211967721496	0.2219546956826425	-0.6345032775250109	1.408808436412481	2.395785825737678	-0.2970545393081575		1.408808436412481		-0.8662970816290171	0.447895018266969	-0.2836148447722137	2.46429515886433	-0.2837836229469174	-0.5474964904071128	-0.3377945261789703	1.214374533698085	6.655359311849424	0.0625	-0.7299043369235781	-1.222396456072061	2.395785825737678
SITEMINDER	0.06534335762262344	No	No	No	62	LF	United Kingdom								40.0																								Active																							
BLASTBEAT LIMITED	0.9389951229095459	No	No	No	na	U1	Ireland	334615.0	-36856.0	-36856.0	8392.0	-37856.0	0.126			2555.0	0.0	0.0	2555.0	5837.0	0.0	0.0	5837.0		0.0	-37856.0	0.0				46248.0	42775.0	0.0	3473.0	8392.0	0.0	-40411.0		Inactive																							
WOOD & BECKETT LIMITED	0.7401376366615295	No	No	No	47	NF	United Kingdom																																Inactive																							
KIDED LTD	0.440349280834198	No	No	No	85	NF	United Kingdom																																Inactive																							
B@1 LIMITED	0.8933443427085876	No	No	No	70	U1	United Kingdom				151.30783670102	-54459.1821480058	0.003			0.0				151.30783670102	0.0	0.0	151.30783670102	151.30783670102	17877.6028594437	-72336.7850074494	0.0				54610.4899847068	0.0	0.0	54610.4899847068	151.30783670102	0.0	-54459.1821480058		Inactive	-0.00161087592880684	-0.001610875928811693				-0.001610875928811693					-0.001610875928811693	-0.001610875928808591		-0.001610875928811693		0.0	-0.001610875928807892	-0.001610875928805411	-0.001610875928808591			-0.00161087592880684	-0.001610875928811693
WEB RESERVATIONS INTERNATIONAL UNLIMITED COMPANY	0.9857004880905151	No	No	No	na	U1	Ireland		-300234.0	-300234.0	13241.0	13241.0		100.0		0.0				13241.0	0.0	0.0	13241.0	13041.0	23064.0	-9823.0	0.0				0.0				13241.0				Inactive	-0.9577605869686577	-0.9577471080973274			4168.916666666667	-0.9577605869686577			4168.916666666667	0.0	-0.01947368421052632		-1.0	-0.9577471080973274			-1.033824476345593	0.0					-0.9577605869686577
SEROTONIN LIMITED	0.9894694089889526	No	No	No	na	U1	Ireland				2745.0	-36374.0	0.07			0.0				2745.0	0.0	2335.0	410.0	410.0	5651.0	-42025.0	0.0				39119.0	0.0	39119.0	0.0	2745.0	-36784.0	-36374.0		Inactive	0.01128781138790036	-0.0024330900243309	0.0			-0.0003641660597232338	inf				0.0	-1.0		-0.0003641660597232338		-0.01408450704225334	0.009755159902928951	0.0	0.010461331817947		-16.75331905781585	0.01128781138790036	-0.0003641660597232338
INCUVO SA	0.011670581065118313	Yes	No	No	62	C2	Poland	5011525.81848196	788376.417133503	695693.892015416	4787753.8657775	3192602.51535802	2.857	66.683	70.0	1979220.37510237	1749238.92319645	139368.759854989	90612.6920509336	2808533.49067513	0.0	149257.962286944	2659275.52838818	1940813.47263408	1642527.5295121	1550074.98584592	612210.624973566	0.0	612210.624973566		982940.725445914	0.0	367740.34159757	615200.383848343	4787753.8657775		1825592.76522921	761698.568712416	Active	0.4075625104073977	0.5726395802571382	-0.47032517628117	-0.02993490558262422	-0.5392264677423901	0.3094664449645993	0.3735284650104053	1.363338828426139	-0.5277933689791486	0.07492544531312986	0.4910876778648665	0.257439993755858	0.1756522741423213	0.4236607017319658	1.586286191700737	0.09631619339984664	1.075145766840642	0.0797531460400767	0.2984988593627714	0.4893617021276596		0.5015908327375806	0.3094664449645993
CAVI VIDEOSHOPPING GMBH	0.9228045344352722	No	No	No	59	U1	Germany				90413.02	-466739.0	0.809		6.0	44488.0	37945.0	6543.0	0.0	45925.02	0.0	0.0	45925.02	22709.23	268781.0	-735520.0	500410.82	493650.0	6760.82	6760.82	56741.2	0.0	0.0	56741.2	90413.02		-10816.18		Inactive	0.08377956265636954	-0.5826160785759312		-0.04039254076661465		-0.4332063413572402		-0.1058720957632311			-0.7364903196071194	-0.1740817967780556	-0.1009982621347452	-0.5826160785759312	-0.07165153234960273	-0.4950062421972534	0.5189049164737559	4.015974619762994	-0.1740817967780556			-1.261703575789822	-0.4332063413572402
SUSO LIMITED	0.5488237738609314	No	No	No	73	U1	United Kingdom				41215.9724066495	19858.0838197526	1.93	48.181		0.0				41215.9724066495	0.0	0.0	41215.9724066495	38241.4392259517	11.9411207575181	19846.1426989951	0.0				21357.8885868969	0.0	0.0	21357.8885868969	41215.9724066495	0.0	19858.0838197526		Inactive	5.644262211343825	3.474199205594243				2.668712905461764				0.81111152877495	3.161868630260055	1.590187089526348	-1.0	3.474199205594243		0.7278424350940017	5.666358286116893	0.02081118159852091	1.590187089526348			19.5521670096652	2.668712905461764
T4 MEDIA LIMITED	0.0232881810516119	No	No	No	73	U1	United Kingdom				841760.557618293	-114981.304033824	0.854	-13.66	2.0	29547.4889891658	0.0	29547.4889891658	0.0	812213.068629127	6361.98226080256	637544.384645586	168306.701722739	61849.5318919762	115.253301826133	-115096.55733565	5975.88369968502	0.0	5975.88369968502	5975.88369968502	950765.977952432	245268.246550158	257991.058538745	447506.672863529	841760.557618293	385915.308367643	-138552.909323305	25951.5859721905	Active	-0.5526177177652478	-0.4275513500129687	0.913927782747015	-0.1975638920401027		0.2633581791638394	-0.02594319167788602			-0.6458662795219454	-0.6449549718775578	0.2181576424260124	-0.1025223463086354	0.282376928413904	-0.1025223463086354	0.2341040462427746	-0.552366341520593	0.01863731197531447	0.03812409842186142	0.0	4.180696814543928	-0.5095206691455996	0.2633581791638394
UAB FIMA	0.004936455748975277	No	No	No	43	C2	Lithuania	42493961.0	-4382862.0	11047244.0	36809159.0	15947389.0	1.228	43.325		12108720.0	8113488.0	0.0	3995232.0	24700439.0	1796547.0	7577738.0	15326154.0	5285385.0	6077851.0	9869538.0	754221.0	0.0	754221.0		20107549.0	3000000.0	7345918.0	9761631.0	36809159.0				Active	0.1483083189153241	-0.4633489692156377	-0.5182692439114864	-0.9765055454651763	-2.118618943207436	-0.487714091447977	-0.4100573100465326	-0.449963744398279	117.0765711842668	1.241566639072848	-0.5674988903901899	-0.2550525668728539	-0.5467542640109473	-0.4527696905197313		-0.2962750716332379	0.2637257993823972	0.0	-0.2225347412930966				-0.487714091447977
BARKING OU	0.30637359619140625	No	No	No	na	NF	Estonia																																Active																							
HOJOKI GMBH	0.9894824028015137	No	No	No	62	U1	Germany				76448.66	50281.43	4.49	65.771	12.0	2951.0	0.0	2951.0	0.0	73497.66	0.0	0.0	73497.66	22410.32	60610.0	-10328.5700000001	9798.74	0.0	9798.74	9798.74	16368.49	0.0	0.0	16368.49	76448.66		57129.17		Inactive	-0.7733333657906395	-0.6772585583326304		3.020820681165367		-0.675889527139333		-1.0		-0.3006581815475241	-0.8990353804079444	0.4104250105123838	-0.6376028490728233	-0.6772585583326304	-0.6279157735468415	-0.7711868725475207	-1.060109281349046	0.2122	0.4104250105123838	0.0		-0.7356646908090255	-0.675889527139333
TAMAR ENERGY LLP	0.7402071356773376	No	No	No	92	NF	United Kingdom																																Inactive																							
SOLIDOR	0.008704357780516148	No	No	No	43	LF	United Kingdom	39959869.1602598							300.0																								Active																							
GET FRACTAL LIMITED	0.86670982837677	No	No	No	62	U1	United Kingdom				48903.4475441704	-131091.230888994	0.266			1095.55619941831	0.0	1095.55619941831	0.0	47807.8913447521	0.0	0.0	47807.8913447521	26823.7764482013	619.658483833888	-131710.889372828	0.0				179994.678433165	0.0	0.0	179994.678433165	48903.4475441704	0.0	-132186.787088413		Inactive																							
MONITISE LIMITED	0.8770277500152588	No	No	No	62	U2	United Kingdom		3491937.2946256	3491937.2946256	84214.5203527234	26094.6401092946	1.449	30.986		0.0				84214.5203527234	0.0	0.0	84214.5203527234	84214.5203527234	28513138.7994242	-28487044.1593149	0.0				58119.8802434288	0.0	0.0	58119.8802434288	84214.5203527234	0.0	26094.6401092946		Inactive	-1.00639346947899	1.139003023720869		-1.0	-639.5918210310767	1.139003023720869			-639.5918210310767		2.500186766088686	0.771456025278687		1.139003023720869		130.7272727272727	-0.06204329962943964	0.08456491343593135	-0.983224848245467			-1.007618272061172	1.139003023720869
EWAVE INTERACTIVE GMBH	0.893733561038971	No	No	No	62	U1	Germany				78262.4500000001	-511685.0	0.959		8.0	42278.91	7297.91	34981.0	0.0	35983.54	0.0	0.0	35983.54	16944.79	66700.0	-578385.0	552421.37	532263.89	20157.48	20157.48	37526.08	0.0	0.0	37526.08	78262.4500000001		-1542.54		Inactive	6.161660075842761	-0.8023032210911052		1.053445620198551		-0.6412952658049035		4.520731365978016			-0.9031374757776379	0.8210488259971808	0.1689942546930329	-0.8023032210911052	0.003902998995551729	-0.8914298652779351	3.186711017227778	0.0	0.8210488259971808			-1.009556838138435	-0.6412952658049035
RENEURON GROUP PLC	0.0044187200255692005	Yes	No	No	21	C1	United Kingdom	603127.823135762	-7575513.05399013	-6154179.75003434	10975788.4040461	5754749.814335	2.046	52.431	34.0	918347.459001057	211663.726609909	706683.732391148	0.0	10057440.945045	0.0	0.0	10057440.945045	8139949.65828322	650922.858176709	5103826.95615829	304977.842642234	304977.842642234	0.0	0.0	4916060.74706885	0.0	363014.670906242	4553046.07616261	10975788.4040461		5141380.19797618	303839.86561745	Active	-0.5077743471544749	-0.4837239701121209		-0.3799578533420014	-0.4205956931141385	-0.4641307032323453	-0.5817129965121437	-0.03754651862042167	-0.4627981806893617	-0.0814470918009811	-0.5267782683318566	-0.3873068609387912	-0.08299886720977757	-0.4837239701121209	-0.09578878678257198	-0.1282488282914359	-0.5366959467653292	-0.03586096085968484	-0.4076365522781328	-0.05555555555555555		-0.540196169094539	-0.4641307032323453
UNIVERCELLS	0.012314420193433762	No	No	No	21	U1	Belgium	18276349.0	-11221393.0	20442747.0	231616732.0	142840848.0	2.582	61.671	84.0	200581393.0	3034350.0	48807334.0	148739708.0	31035339.0	0.0	17488893.0	13546446.0	3288967.0	17592325.0	125248523.0	76757846.0	76757846.0	0.0	0.0	12018039.0	2236501.0	2110911.0	7670626.0	231616732.0	15377982.0	19017300.0	4971645.0	Active	0.308439051097127	-0.161987401520832	0.09794840784892579	0.08766473797249721	0.6502698929899002	0.2173820153620515	-0.1929401653261619	60.13819991537547	-4.027783586997091	0.07480088534132699	-0.5108911462378765	1.195726611694968	0.2681830632615748	-0.03297628575903865	-0.1281029622841685	-0.1537200917731892	0.4557426919518459	-0.2394598154755742	0.1426251713860888	-0.03448275862068965	0.15509761217203	-0.1185798871418143	0.2173820153620515
SILICON HIVE B.V.	0.5710243582725525	No	No	No	26	C2	Netherlands	797155.553000002	-233680.468	-233680.468	62425481.234	48138995.2	4.356	77.114		190934.522	0.0	0.0	190934.522	62234546.712	0.0	61876868.209	357678.502	357678.502			0.0				14286486.033				62425481.234		47948060.679		Inactive	-0.0225217087982235	0.2036258998468816	-0.01598516030860494		-1.004456923476967	-0.01617598474478263			-1.005956550169556	-0.006454937834181416	0.2036258998468816		-0.2997404795448322	-0.0149522055649256	-1.0	-0.02068345323741019			0.005826344898352656			-0.02097834137584773	-0.01617598474478263
ARROWARE LTD	0.09614105522632599	No	No	No	62	U1	United Kingdom				84760.7481725225	47507.6628792151	1.899	56.049	1.0	14031.4741335968	0.0	14031.4741335968	0.0	70729.2740389258	0.0	13722.1794533936	57007.0945855322	57007.0945855322	0.0	47507.6628792151	0.0				37253.0852933075	0.0	0.0	37253.0852933075	84760.7481725225	13722.1794533936	33476.1887456183	4456.17769439965	Active	0.5341156056846617	0.9078410825508546	0.4181902988620054			0.4661309924143633				0.04637356482777936	0.9078410825508546	0.3877065224095131	-0.2314163855153591	0.7880678341399217	-0.2314163855153591	0.2883310719131615	0.5341156056846617		0.3877065224095131	0.0	0.4181902988620054	1.633601125984435	0.4661309924143633
MENDOR OY	0.9922354817390442	No	No	No	74	U1	Finland	192000.0	-4237000.0	-4237000.0	2227000.0	-7595000.0	0.079			1801000.0	1765000.0	36000.0	0.0	426000.0	217000.0	88000.0	121000.0	16000.0	61000.0	-7656000.0	4397000.0	2432000.0	1965000.0	143000.0	5425000.0	3652000.0	865000.0	908000.0	2227000.0	-560000.0	-4999000.0	1552000.0	Inactive	1.261630947091831	-0.7631783423658288	-0.4479158824562725	0.503148681129758	-0.131115795379718	-0.4019177305208338	0.3479882249722221	-0.3221575743610423	-0.131115795379718		-0.9516543284484061	0.9839882533911342	-0.3351368193181701	-0.5802045763613788	-0.6570710053535026	-0.6762295081967212	1.239013523863948	-0.002730230352968104	0.305162984182387		3.062386652158143	0.5911316768885498	-0.4019177305208338
TIM GROUP LTD	0.2521379888057709	No	No	No	85	U1	United Kingdom				130486.714464524	56185.2553928335	1.82	43.058	8.0	116.39064361617	0.0	0.0	116.39064361617	130370.323820908	0.0	0.0	130370.323820908		0.0	56185.2553928335	2663.01792593796	0.0	2663.01792593796		71638.4411457524	0.0	0.0	71638.4411457524	130486.714464524	0.0	58731.8826751553		Active	0.251206889750217	1.215826827881243		-0.192821796510641		1.213419349576724				-0.434719250108309		5.664951256679177	-0.001610875928806384	1.215826827881243		-0.6675191815856777	0.251206889750217		5.664951256679177	0.3333333333333333		0.2213559986849699	1.213419349576724
FEEDPACK LIMITED	0.8540547490119934	No	No	No	62	U1	United Kingdom				5473.16531868883	-18005.8225769852	0.233			0.0				5473.16531868883	0.0	0.0	5473.16531868883		0.0	-18005.8225769852	0.0				23478.987895674	0.0	0.0	23478.987895674	5473.16531868883	0.0	-18005.8225769852		Inactive	-0.01342674549519801	-0.114133729376965				-0.114133729376965						-0.03889627246154622		-0.114133729376965		-0.07905138339920945	-0.07600877182010807	-1.0	-0.03889627246154622			-0.01342674549519801	-0.114133729376965
DEDRONE GMBH	0.09662055969238281	No	No	No	26	U1	Germany	15400000.0			11337668.51	-26992998.35	0.707		50.0	258772.39	5011.0	241305.0	12456.39	11078896.12	2830414.52	0.0	8248481.6	6747925.85	62130.0	-27055128.35	22649936.9	20313155.7	2336781.2	2336781.2	15680729.96			8648401.93	11337668.51	2830414.52	-4601833.84		Active	0.363524619066644	11.34826111214988		0.07684587141215547		3.886040423888165		0.8241718238077903			1981.940252542617	6.983267606900128	0.4575897241352312	4.170081708295982	0.483976704569914	-0.6425682507583417	0.3623872899270327	0.0	13.47475089102575	0.04166666666666666	0.9190567911378976	-5.343114389846525	3.886040423888165
EFECTIVOX, SA	0.5384691953659058	No	No	No	80	U1	Spain	13435494.0	-9174085.0	-9174085.0	28065555.0	9428137.0	0.555	33.593	443.0	24025061.0	2868954.0	20859739.0	296368.0	4040494.0	245195.0	3549179.0	246120.0	186350.0	18793331.0	-9365194.0	11357905.0	11190075.0	167830.0		7279513.0	3133597.0	325676.0	3820240.0	28065555.0	3468698.0		2398150.0	Inactive	0.08789731820130309	-0.72792875651105	0.3526045948126476	-0.221550137066031	0.04277983386604711	-0.05101226399954933	0.2698009185973066	-0.03050756733248109	0.04277983386604711	0.1463622713622715	-0.7761765892843416	-0.03529487819216527	-0.07124206648482773	0.09018240784835366	-0.0763659228957805	-0.05451448040885847	-0.5278551855727633	-0.3406267994469966	0.1522949933232068	0.02309468822170901	0.3628599526709705		-0.05101226399954933
DAMON ET DELENTE	0.29355114698410034	No	No	No	47	U1	France	924789.0	59468.0	2706889.0	2523632.0	2442411.0	31.071	96.782		29.0	0.0	0.0	29.0	2523603.0	0.0	19471.0	2504132.0	1487.0	1325391.0	1117020.0	0.0	0.0	0.0	0.0	81220.0	0.0	31341.0	49879.0	2523631.0	-11870.0	2442383.0	17022.0	Inactive	-10.23487108519834	5.157757160105542	1.588540281839936	-1.0	-0.9262205591893046	0.1704783102952642	-0.97830559205016	-1.0	2.871956984756137	-8.889622564604222	-0.964711187052067	-0.8545992508271509	-0.9998768885926668	0.3140275239389537	-1.0	27.98414179104478	-1.70258662983342	0.0	-0.9546621205980893		-1.171559062856812	17.92264007685633	0.1704778464882153
GLAMOROUS TRAVEL LTD	0.9846513271331787	No	No	No	79	U1	United Kingdom				26444.7087512238	-42157.9946182264	1.925			454.629026297547	0.0	454.629026297547	0.0	25990.0797249263	0.0	0.0	25990.0797249263	25990.0797249263	191596.18895993	-233754.183578156	55104.0325497114	0.0	55104.0325497114		13498.6708197389	0.0	0.0	13498.6708197389	26444.7087512238	0.0	12491.4089051874	144.283463435749	Inactive	37.22082165786058	-0.4575551605880249		0.337905218894884		-0.4545064512646001					-0.4575551605880249	0.6079968303678687	-0.1962669138007017	-0.4575551605880249	-0.1962669138007017	-0.6627540294323756	0.2839596187448216	0.0588100536757275	0.6079968303678687			-0.683906966083861	-0.4545064512646001
MIND-NRG SARL	0.22409027814865112	No	No	No	72	LF	Switzerland								15.0										420994.062068402														Active																		0.003782304982703108		0.0			
NORDISK MAD APS	0.983116626739502	No	No	No	na	U1	Denmark		36548.007944594	36548.007944594	0.0	-940.573733868229				0.0				0.0	0.0	0.0	0.0		10749.4141013512	-11689.9878352194	0.0				940.573733868229	0.0	0.0	940.573733868229	0.0	0.0	-940.573733868229		Inactive	-0.97487991613355				-46.38840296326564				-46.38840296326564			-0.97487991613355					-0.7573657796695819	0.001214771248508582	-0.97487991613355			-0.97487991613355	
ZYNCD LIMITED	0.850806474685669	No	No	No	96	U1	United Kingdom				475612.352260717	471693.677854837	13.021	99.176		424587.803953205	0.0	0.0	424587.803953205	51024.5483075113	0.0	0.0	51025.6841551652	3649.47851191029	285.097761123399	471409.715941368	0.0				3918.67440587939	0.0	0.0	3918.67440587939	475612.352260717		47105.8739016319		Inactive	-0.005735312896449836	-0.8940217168798387				-0.01217237244569423				0.006515517486349848	-0.2567571769449691	-0.4448232881008173	inf	-0.8940240759894956		-0.8091126324894081	-0.005734973463061068	-0.002323686289812637	-0.4448232881008173			-0.9007073675684096	-0.01217237244569423
ACTION FOR CHILDREN	0.0015775805804878473	No	No	No	87	C1	United Kingdom	181155308.514066	-5122700.66773096	-5122700.66773096	114056212.885611	88203549.0739692	1.785	77.333	3407.0	74052248.8918748	501653.675045391	31265856.9563174	42284738.2605121	40003963.9937359	0.0	15149940.9863708	24854023.0073651	2742762.30239933	0.0	88203549.0739692	3445077.44746288	0.0	3445077.44746288	2802260.76153263	22407586.3641787	0.0	1207468.72946972	21200117.6347089	114056212.885611	13942472.2569011	17596377.6295573	1170136.36295471	Active	-0.04076485765207576	-0.2104500232379931	0.009558386806791774	0.3407307125689374	2.39742288200015	-0.03037558765123814	-0.3421785494560515	-0.3154823718264804	2.39742288200015	-0.01072008801217853	-0.6365788818728275	-0.003388783212603399	0.04087764687358027	-0.1394262306540742	0.2315633015116834	-0.1128230616302187	-0.04076485765207576		-0.03030042966934464	-0.2307518627229623	0.05857788552736886	-0.2472930716605405	-0.03037558765123814
NONLINEAR DYNAMICS	0.5841038823127747	No	No	No	na	NF	United Kingdom																																Active																							
TRENDLR AB	0.9044503569602966	No	No	No	na	LF	Sweden	108.819866015189							0.0																								Inactive																							
MINIMUM VIABLE UNICORN LIMITED	0.06302934139966965	No	No	No	62	U1	United Kingdom				1469160.45228474	1372873.27922381	0.065	93.446	1.0	1462974.94580778	0.0	1462974.94580778	0.0	6185.50647695503	0.0	0.0	6185.50647695503		0.0	1372873.27922381	933.309162875146	0.0	933.309162875146		95353.8638980465	0.0	0.0	95353.8638980465	1469160.45228474	0.0	-89168.3574210914		Active	0.4584081492061123	-0.9150194109734142		0.2617655886761971		0.5591902286775202				-0.06464205637411914		565.1650895790461	0.6826028286007574	-0.9150194109734142	0.6826028286007574		0.4584081492061123		565.1650895790461	0.0		-2.227895208298814	0.5591902286775202
FRESH	0.8889198899269104	No	No	No	70	U1	France	32394.0	-16558.0	-16558.0	12030.0	-15558.0	0.436		3.0	0.0	0.0	0.0	0.0	12030.0	0.0	8066.0	3964.0	1392.0	1000.0	-16558.0	0.0	0.0	0.0	0.0	27588.0	0.0	1136.0	26452.0	12030.0	6930.0	-15558.0		Inactive																							
FOTOKITE AG	0.048126526176929474	No	No	No	71	LF	Switzerland								4.0										3491527.01702363														Active																		0.003782304982701991		0.0			
MEDEFER LIMITED	0.6691827774047852	No	No	No	62	U1	United Kingdom				1961251.60677909	-821766.414817496	0.652	-41.9	140.0	145522.276484731	0.0	145522.276484731	0.0	1815729.33029436	0.0	574171.204103468	1241558.12619089	262037.60196586	90321.7075751042	-912088.1223926	0.0				2783018.02159659	1174004.70839154	854975.501205678	754037.811999368	1961251.60677909	-280804.29710221	-967288.691302226	38186.8764940528	Active	-0.9094404476778731	-0.8244693964572625	-0.5332780526492316			-0.7687761496823566	-0.3922777048928536				-0.9542542448557045	-0.6129952053722466	-0.1854527076046062	-0.7813268226081271	-0.1854527076046062	0.3784355179704018	-0.9001930158128341	0.4068939367455989	-0.8414809913648897	3.516129032258065	0.5897778716873219	-0.8954618692525097	-0.7687761496823566
SARL BAHU	0.3424665331840515	No	No	No	46	LF	France	710000.0																															Active																							
ROBIN A TECHNOLOGY REALISATIONS PLC	0.08023874461650848	No	No	No	62	U2	United Kingdom	46866724.191669	-19657654.1366591	-22174792.7761094	71199064.3730215	-227860978.742616	0.707		389.0	57894188.7073558	839046.213150085	1797956.1710359	55257186.3231699	13304875.6656656	0.0	10068554.557801	3236321.10786461	1678092.42630017	33441984.7812677	-261302963.523884	280241435.192128	74435385.4808861	205806049.711242		18818607.923509	839046.213150085	2397274.89471453	15582286.8156444	71199064.3730215	7671279.66308649	-5513732.25784341	1078773.70262154	Inactive	0.6132283569158866	1.040872681633763	-0.02317204981631527	0.6107697872115265	0.928330731288518	-0.1663278701018572	-0.647256573544781	0.4815223911119195	0.6732700998516788			0.04219648725405569	-0.2112265047320813	0.1081468019772394	-0.2784793549779593	2.100877192982456	0.5117575419509436	0.05823027936565765	-0.6427050454614888	-0.240234375	1.116460558731313	-0.8644050338417264	-0.1663278701018572
AUDIO ANALYTIC LIMITED	0.18504193425178528	No	No	No	72	U1	United Kingdom				4151351.22242748	-3841584.12193006	3.695	-92.538	51.0	115689.400804553	0.0	115689.400804553	0.0	4035661.82162293	0.0	636700.915826753	3398960.90579618	2251245.0943491	744.883363119863	-3842329.00529318	6900718.08794291	6900718.08794291	0.0	0.0	1092217.25641463	0.0	218311.317514373	873905.93890026	4151351.22242748	418389.598312379	2943444.5652083	138887.535861715	Inactive	8.145837690928174	-0.4679694266365784	0.5887948235503194	0.1678508020120001		-0.4059737770841573	0.1455141978311402			14.39733777038269	-0.5908757301070001	-0.3324128293612937	-0.4189281878775746	-0.4055938940274286	-0.4189281878775746	-0.1837861718577425	8.132678174045553	0.08456491343593218	-0.2716758724673093	0.02	0.9907647794701753	-0.4435591641742049	-0.4059737770841573
UNISERVITY LIMITED	0.9058772325515747	No	No	No	82	U1	United Kingdom								7.0										25652.6481896178	-25652.6481896178													Inactive																	-0.94037160452012	-0.01583508516807281		-0.125			
ALTATECH	0.37318217754364014	No	No	No	46	U1	France	48319.0	188.0	161.0	34926.0	30623.0	8.004	87.68		494.0	0.0	494.0	0.0	34432.0	0.0	20482.0	13950.0	7239.0	4000.0	26623.0	0.0	0.0	0.0	0.0	4302.0	0.0	889.0	3413.0	34926.0	19593.0	30130.0	554.0	Active	0.1905835698456514	-0.5660154305624688	1.694290976058932		-0.9889742537094599	-0.1752621139132899	-0.8634198801659241	-1.0	-0.9905577385490587	0.4436010998238307	-0.7724801206901971	-0.6626803716149436	-0.8101460415065335	-0.1336989885774669	-0.6916354556803995	2.348953974895397	0.2256802173012292	0.0	-0.7412642088169844		16.92589204025618	0.3032570612915784	-0.1752621139132899
CLIPSOURCE AB	0.024335211142897606	No	No	No	73	U1	Sweden	1792902.77011517	59481.0409307336	59481.0409307336	455570.699855846	218547.764025801	1.694	47.972	11.0	54073.6735733942	40555.2551800456	0.0	13518.4183933485	401497.026282452	0.0	139239.70945149	262347.439620251	128875.588683256	16582.5932291742	201965.170796627	0.0	0.0	0.0	0.0	237022.935830044	0.0	32624.4497226145	204398.48610743	455570.699855846			14239.4007076605	Active	0.3771299095115844	1.024818509204858	-0.2565580019906116		-0.5753957276471168	0.2727316959066464	0.6568085733356602	0.1654923472970238	-0.5753957276471168	0.08201010465535914	1.433484700689101	0.138912581941831	0.3159607247379967	0.2671256612369748		0.06540880503144646	0.4207506522780888	0.002323418675440142	0.1895805916590262	0.0			0.2727316959066464
WAYN LIMITED	0.8424327373504639	No	No	No	64	U1	United Kingdom				1260.05381947927	1260.05381947927		100.0		0.0				1260.05381947927	0.0	0.0	1260.05381947927	1260.05381947927	1260.05381947927	0.0	0.0				0.0				1260.05381947927				Inactive	0.05085119550219146	0.05085119550219146				0.05085119550219146				0.0	0.05085119550219146			0.05085119550219146				0.05085119550219146					0.05085119550219146
BUILDING RADAR GMBH	0.13786152005195618	No	No	No	62	U1	Germany				1011205.13	48742.48	0.872	4.82	25.0	318053.71	299855.71	18198.0	0.0	693151.42	0.0	0.0	693151.42	355809.46	50651.0	-1908.51999999911	167995.0	90595.0	77400.0	77400.0	794467.65			654703.39	1011205.13		-101316.23		Active	-0.5238083700733185	-0.3312056424727535		-0.05899292890558408		-0.04393800203873145		inf		-0.5019632155404009	-0.04562719509296972	0.09990139074729505	13.96160080910716	-0.3312056424727535	-0.1439458086367485	-0.3463268365817092	-1.036909597671211	0.0	0.02275522862902307	-0.1666666666666667		-1.390236476235324	-0.04393800203873145
4SC AG	0.05518080294132233	Yes	No	No	21	U2	Germany	304000.0	-8222000.0	-8237000.0	9403000.0	5052000.0	2.372	53.728	15.0	649000.0	633000.0	16000.0	0.0	8754000.0	0.0	161000.0	8593000.0	8321000.0	10114000.0	-5062000.0	661000.0	0.0	661000.0	661000.0	3690000.0	0.0	383000.0	3307000.0	9403000.0		5064000.0	531000.0	Active	-0.619835954548875	-0.4247556567144196	39.25	-0.6966498393758604	-0.427477195181394	-0.4266812999207366	-0.514575411913815	-0.4442493415276558	-0.4264326996727247	-0.3369042035889714	-0.4387183811129848	21.96527777777778	-0.5551747772446881	-0.4141346539954491	-0.9272727272727272	-0.8518888541991883	-2.594330708661417	0.0	2.954983922829582	-0.1176470588235294		-0.6385180955100292	-0.4266812999207366
AGFLOW SA	0.274569034576416	No	No	No	62	LF	Switzerland								4.0										1868268.98976062														Active																		0.01359921564322119		0.0			
FOSHO LTD.	0.7218313217163086	No	No	No	47	U1	United Kingdom				11521.0381333118	-5361.64805847438	0.006	-46.538		11412.6182598433	0.0	0.0	11412.6182598433	108.419873468511	0.0	0.0	108.419873468511		0.0	-5361.64805847438	0.0				16882.6861917862	0.0	0.0	16882.6861917862	11521.0381333118	0.0	-16774.2663183177		Inactive	-0.6596520594174563	-0.813086077748203				18.86206363296732						0.03362430190377642	inf	-0.813086077748203		-0.8333333333333334	-0.8043270607277838	-1.0	0.03362430190377642			0.0648007728144389	18.86206363296732
ANOKION SA	0.020174499601125717	No	No	No	21	LF	Switzerland								4.0										1546411.21142545														Active																		0.003782304982702811		0.0			
E G R RENOVATION	0.4494498670101166	No	No	No	41	U1	France	1236011.0	11819.0	1092.0	372388.0	48555.0	3.699	13.039		65049.0	0.0	2731.0	62318.0	307338.0	0.0	233067.0	74271.0	301.0	8000.0	40555.0	240740.0	0.0	240740.0	240740.0	83093.0	0.0	11538.0	71555.0	372388.0	221529.0	224245.0	2170.0	Inactive	-0.2582833050730947	-0.4831847692211344	-0.3789384766249547	0.03991360691144708	-0.4783510614821027	-0.3647608308868559	-0.8279836004472605	-1.0	-0.8691745537318797	0.1676367869615832	-0.9799680553706908	-0.6779384097435389	-0.02158414054509356	-0.4086594796154164	-0.345083932853717	1.058430717863105	-0.2942415119294154	0.0	-0.7127324522131144		-0.2829546815473204	-0.02704379593713934	-0.3647597472603955
CONNEXICA LIMITED	0.0016875836299732327	No	No	No	62	U1	United Kingdom				3258063.09174918	1892417.96374255	1.5	58.084	19.0	1225814.75367717	1215786.5027677	10028.2509094651	0.0	2032248.33807201	0.0	258750.627745823	1773497.71032619	1560846.06055855	1582775.3222738	309642.641468756	11203.4550363229	11203.4550363229	0.0	0.0	1354441.6729703	12339.6433320074	45769.1168600815	1296332.91277821	3258063.09174918	212981.510885741	677806.665101708	444721.360480463	Active	0.1080394240094932	0.2379874825145793	-0.2805592640942469	-0.9468188492723469		-0.02945248780792943	-0.3915281844801979	-0.217687554901938		0.14165536489966	0.1671739378506392	-0.04058465706277996	-0.2165879935101083	0.1339277055198429	-0.05567422178044102	0.2038523274478331	1.067819607641345	0.01580150913407891	-0.05834930825602748	0.1875	-0.2512132111529976	0.9155152357756993	-0.02945248780792943
MK PAYMENT SOLUTIONS GMBH	0.9569175243377686	No	No	No	62	U1	Germany				1101277.38	0.0		0.0		323532.31	201911.0	4904.0	116717.31	777745.07	0.0	0.0	777745.07	129456.24	56167.0	-56167.0	1101277.38	1097977.38	3300.0	3300.0	0.0				1101277.38		777745.07		Inactive	-1.0	10.73923104568193		0.3903025183929135		1.847065174701141		-0.02538024511389252			33.95086056777225		0.009273344290212366	10.73923122287309	0.549936788874842		-0.87405261123826	0.3815860677916072				10.73923122287309	1.847065174701141
DECISION CURVE LIMITED	0.7073748707771301	No	No	No	70	U1	United Kingdom				8497.56016468208	-6746.60246744541	7.119	-79.395		0.0				8497.56016468208	0.0	0.0	8497.56016468208		0.0	-6746.60246744541	14050.5329648102	0.0	14050.5329648102		1193.62966731727	0.0	0.0	1193.62966731727	8497.56016468208	0.0	7303.93049736482		Inactive	-2.745226029727552	-0.4798480869961775		0.1471562198532893		-0.4798480869961775				-4.355238135485779		4.357415160607908		-0.4798480869961775		-0.9029116945107398	-0.9983947722116661	-1.0	4.357415160607908			-0.5467307625638875	-0.4798480869961775
MODTI OY	0.8436044454574585	No	No	No	26	U1	Finland	0.0	-13000.0	-13000.0	274000.0	16000.0	16.333	5.839		176000.0	176000.0	0.0	0.0	98000.0	0.0	46000.0	52000.0	27000.0	3000.0	13000.0	253000.0	253000.0	0.0	0.0	6000.0	0.0	1000.0	5000.0	275000.0				Inactive	-0.4482758620689655	-0.3953488372093023	0.0	-0.06642066420664207	-0.8	-0.1103896103896104	inf	0.0	-0.8	-0.3798853016142736	-0.625	-0.5	0.0	-0.2575757575757576		0.2373484848484848	-0.5	0.0	-0.4				-0.1100323624595469
VIRTUAL FAIRGROUND B.V.	0.5548221468925476	No	No	No	62	U1	Netherlands				606432.0	-1752315.0	0.865		5.0	373949.0	0.0	103876.0	270073.0	232483.0	0.0	84591.0	147892.0	147892.0	18000.0	-1770315.0	2090000.0	2090000.0	0.0	0.0	268747.0				606432.0		-36264.0		Inactive																							
STYLECT	0.41377362608909607	No	No	No	58	NF	United Kingdom																																Active																							
ETUKTUK GMBH	0.7963610291481018	No	No	No	49	U1	Germany	141068.4	-28866.61	-29127.7	40995.64	-113604.51	0.486		7.0	10879.0	10373.0	506.0	0.0	30116.64	0.0	1768.15	28348.49	15170.15	12500.0	-126104.51	92625.0	90625.0	2000.0	2000.0	61975.15	9660.38	29891.5	22423.27	40995.64	-28123.35	-31858.51	3208.14	Inactive	0.3448011353648415	0.3395643325188412	-0.6507358024691358	-0.1049998260728407	-0.6840222701249293	0.08097894371851469	1.722872162602604	-0.06123128661903891	-0.6819189109825704		0.004083807405789403	11.68184080446119	-0.07013756049362455	0.1483955939701742	-0.2215384615384615	-0.6496034607065609	0.3003573740979931	0.0	2.277416001049194	0.4	3.754235955796958	-5.355105321651736	0.08097894371851469
FEUSD LTD.	0.9804348945617676	No	No	No	62	U1	United Kingdom				24218.6608393488	-302156.887727366	1.836			821.228020055165	0.0	821.228020055165	0.0	23397.4328192936	0.0	0.0	23397.4328192936	16471.3305060981	130683.926903318	-432840.814630683	313633.446138287	0.0	313633.446138287		12742.1024284271	0.0	0.0	12742.1024284271	24218.6608393488	0.0	10655.3303908665	793.716193587655	Inactive	0.07914471366560324	0.674911661444887		0.123479645880776		0.5740255947499089					0.6116427258427325	-0.2144458892478735	-0.4204841581129434	0.674911661444887	-0.4204841581129434	1.132404181184669	0.5458719701298013	108264.9339176893	-0.2144458892478735			-5.733231376737028	0.5740255947499089
VENDOME 1699 LIMITED	0.974398136138916	No	No	No	32	U1	United Kingdom				1713.24756277348	-101103.780388712	0.011			595.201809955365	0.0	595.201809955365	0.0	1118.04575281812	0.0	0.0	1118.04575281812	242.748973471992	2076.20396060901	-103179.984349321	875.296779346125	0.0	875.296779346125		101941.73117214	0.0	0.0	101941.73117214	1713.24756277348	0.0	-100823.685419321		Inactive	0.6293906319038428	-0.9808997069958293		-0.9748011346957612		-0.9809446521116894					-0.856755697467883	-0.1303644403583772	-0.1426002084015116	-0.987467937074114	inf	-0.9855453350854139	0.6003951351255623	-0.1426002084015116	-0.1303644403583772		-1.0	2.599729085677447	-0.9809446521116894
SUPERSONIC IMAGINE	0.011749576777219772	No	No	Yes	26	U2	France	27849140.0	-14633410.0	-16294192.0	76434200.0	70563893.0	8.084	92.32	99.0	31482356.0	19782413.0	3994379.0	7705564.0	44951844.0	12424404.0	5670520.0	26856920.0	21642258.0	124598057.0	-54034164.0	309389.0	0.0	309389.0	309389.0	5560916.0	0.0	3370512.0	2190404.0	76434200.0	14724412.0	39390928.0	4362255.0	Active	1.224680631232175	1.09472682908719	0.05416263103787387	-0.3910252751211005	-0.1789421190330562	0.6224563985883983	-0.4859382771238086	0.02682904712181135	-0.04782738144804616	0.3711773529979652	1.562856012124218	-0.7369462644312104	0.3222148482015234	0.9292758628133834	-0.1045226060806875	4.165495207667732	0.4316911020167298	0.793806126959861	-0.6263694060386497		2.754292940882504	3.680262435463743	0.6224563985883983
MADE IN MONTREUIL	0.6860893368721008	No	No	No	90	U1	France				548170.0	-414162.0	0.387	-75.554		196969.0	66005.0	95815.0	35149.0	351200.0	18375.0	210814.0	122011.0	60957.0	138273.0	-552435.0	53831.0	53831.0	0.0	0.0	908501.0	0.0	577277.0	331224.0	548170.0	-348088.0	-557301.0		Inactive	0.07085567719349051	-0.08581340286519211	0.1782386836795717	-0.1028166666666667		-0.04177307902745658	0.1196283143617981	-0.2921791723413154		0.1175469995710504	-0.09156346403183262	-0.1356998966672581	-0.1704996736223706	0.04957383476982296	-0.1199459926153168	0.04032258064516132	0.05219501324683685	0.0	0.01076516563290963		0.1069776020912771	-0.01225069255759793	-0.04177307902745658
MOQOM LIMITED	0.98625248670578	No	No	No	na	U1	Ireland				287531.0	-169284.0	0.209	-58.875		192168.0	165187.0	26981.0	0.0	95363.0	0.0	9009.0	86354.0	83801.0	2000.0	-171284.0	0.0				456815.0	369994.0	66871.0	19950.0	287531.0	-57862.0	-361452.0	38775.0	Inactive	0.6432787139861769	5.54147413074767	0.126125			1.289806482440073	-0.2174803407601573	1.160323812513078		-0.2823535147917454	13.16275139428765	1.532368621477532	0.8412363824507277	3.498042545162964	-0.03311234545780326	1.247311827956989	0.6467081987386556	1.0	0.9984382245631841		-0.2529694278041727	0.7429032958024929	1.289806482440073
BEEBUMP B.V.	0.6019691824913025	No	No	No	62	U1	Netherlands				32120.0	29476.0	2.366	91.768		25865.0	25865.0	0.0	0.0	6255.0	0.0	738.0	5517.0	5517.0	190.0	29286.0	0.0				2644.0				32120.0		3611.0		Inactive	-0.0922641044592264	-0.2562685359935293	0.4442270058708415			-0.04953542048884417		0.0		-0.04495878777787022	-0.2562685359935293		0.0	-0.2111237230419977		-0.6055351783927976	-0.09280713710426863	0.0	1.0			-0.4534584531557439	-0.04953542048884417
COOLGAMES B.V.	0.30457839369773865	No	No	No	74	U1	Netherlands				10870043.0	2841200.0	17.989	26.138	5.0	5104116.0	357086.0	21759.0	4725271.0	5765927.0	0.0	5674469.0	91458.0	91458.0	423759.0	2417441.0	7708323.0	7708323.0	0.0	0.0	320520.0				10870043.0		5445407.0		Active	-0.05696606080199042	-0.6810487330250465	46.54875984581867	0.5230309258347817		0.2850664519774813		-0.3243239663416508		-0.2661575607838733	-0.6810487330250465		-0.3661572942287102	13.19878301640539	-0.2356412688376014	16.05118483412322	-0.06628982607654486	0.0	-0.1669135879481621	-0.1666666666666667		254.0780869402286	0.2850664519774813
BRIGHT BLUE WORLD LIMITED	0.02987200953066349	No	No	No	45	U1	United Kingdom				630131.177736161	234112.807440053	4.308	37.153	2.0	446.738201785916	0.0	446.738201785916	0.0	629684.439534375	0.0	0.0	629684.439534375		0.0	234112.807440053	249844.704789473	0.0	249844.704789473		146173.665506635	0.0	0.0	146173.665506635	630131.177736161	0.0	483510.77402774		Active	-0.03559624816957513	0.04506045969084958		0.09257040977237836		0.04418494242527055				-0.07641633728590246		0.1070657908656795	-0.5212018338209662	0.04506045969084958	-0.5212018338209662	-0.05588428665351741	-0.03559624816957513		0.1070657908656795	0.0		0.02765971186842136	0.04418494242527055
GEXTECH HOLDINGS LIMITED	0.964459240436554	No	No	No	70	C1	United Kingdom	258332.343330179	-3004439.35536389	-3004439.35536389	2286764.84030702	-1512017.33185208	0.198	-66.12	16.0	1880603.35081732	1739168.4750001	141434.875817216	0.0	406161.489489701	0.0	674.382528631378	405487.10696107	31099.150307836	2858206.24785546	-4370223.57970754	1746097.75548179	1746097.75548179	0.0	0.0	2052684.41667731	247421.957987804	934700.928508377	870561.530181127	2286764.84030702	-934026.545979745	-1646522.92718761	1043940.78240873	Inactive	-3.758207079280524	0.606941049154481	inf	1.027403051668093	0.183229545830337	-0.2903742594617861	0.6273996669235835	-0.3598837507511533	0.183229545830337	-4.886896713891012	-0.4831661105795989	0.03276563677777033	-0.3668342082657034	0.6096136198712456	-0.4414152972481167	0.4244604316546762	2.158120271617202	0.4794075843348471	0.1321674412278575	-0.2727272727272727	0.626225505361311	0.05497481177566658	-0.2903742594617861
VEEAM SOFTWARE GROUP GMBH	0.37273988127708435	No	No	No	62	LF	Switzerland								4.0										106903.922761055														Active																		0.003782304982701487		0.0			
NUMBRS AG	0.24979428946971893	No	No	No	na	NF	Switzerland																																Active																							
WHIZZTEK, S.A.	0.5374974608421326	No	No	No	63	U1	Portugal		-392.22	-392.22		-392.22													0.0	-392.22					392.22	392.22	0.0	0.0					Inactive	-0.981138136627563				-0.9989036113290701		-1.0		-0.9989114674635289			-1.0					-0.9981413278005035	-1.0	-0.9879227142392621				
INNAAS S.R.L.	0.17265677452087402	No	No	No	62	U1	Italy	912085.0	-1935872.0	-1485591.0	3477632.0	826126.0	5.816	23.755	13.0	1341192.0	1328398.0	12794.0	0.0	2136440.0	0.0	188468.0	1947972.0	1354343.0	108700.0	717426.0	2284183.0	0.0	2284183.0	64238.0	367323.0	0.0	165198.0	202125.0	3477632.0	23270.0	1769117.0	468054.0	Inactive	-0.2401063320946319	2.33536288858906	-0.7382708780037995	1.964269399874379	-92.45275888133031	0.3101741759119446	-0.4830745545688376	-0.01053818640106186	-75.22388208843367	-0.4200156257629767	2.35913557648903	-0.3048749032757286	-0.006674546957348667	0.6382184516196313	0.6706711935231131	2.552840562003666	-0.2667804509126587	0.0	-0.5388842022807044	0.08333333333333333	-0.9418990786746898	2.485752510206333	0.3101741759119446
STOPFORD PROJECTS LTD	0.5841038823127747	No	No	No	na	NF	United Kingdom																																Active																							
LOSTMY.NAME LTD	0.0009994759457185864	No	No	No	58	U2	United Kingdom	56886737.7546582	4492323.11336116	3947195.17815423	24082931.5547438	13291743.0739271	1.56	55.192	64.0	8802936.91498667	4494667.74964162	302458.080179326	4005811.08516573	15279994.6397571	684633.793894289	819450.380020733	13775910.4658421	7595449.23054983	2344.63628045989	13289398.4376467	994125.782914995	0.0	994125.782914995	994125.782914995	9797062.69790167	85579.2242367861	6141774.73666469	3569708.73700019	24082931.5547438	-4637690.56274967	5482931.94185546	2262574.0106438	Active	0.440798811863065	0.1816685867126213	0.4246247503051495	1.242728884473556	0.01611259744854528	0.386225678090983	0.3035478996818589	0.1686957518767241	0.1801167424228814	0.03937778949548975	0.1859012403340029	0.2273671814977279	1.042453275767037	0.1697118503470548	-0.2993670266883459	-0.08018867924528296	0.4409061950216639	0.01293061645444459	0.2716029986044502	0.0	0.4025738602358402	0.02321306547677095	0.386225678090983
XYZE S.R.L. IN LIQUIDAZIONE	0.9736186861991882	No	No	No	62	U1	Italy	6038.0	-122872.0	-122872.0	448400.0	17385.0	1.914	3.877	1.0	197685.0	178407.0	19278.0	0.0	250715.0	0.0	0.0	250715.0	219686.0	11764.0	5621.0	300000.0	0.0	300000.0	0.0	131015.0	0.0	0.0	131015.0	448400.0	0.0	119700.0	48755.0	Inactive	-2.008235225888766	27.28144388042865		inf	5.223572911918148	3.543289933633923		0.9906385637615345	5.223572911918148	-1.221910594699788	421.4730769230769	0.1300436440166296	1.200656796170544	27.28144388042865	92.1304347826087	24.18421052631579	-1.206328231105238	0.1764	0.1300436440166296			-2.117928889636043	3.543289933633923
AUDIENCERATE LIMITED	0.4758109450340271	No	No	No	82	U1	United Kingdom				1884033.94307762	-2625581.24839466	0.193		2.0	1012385.218007	998573.084987335	627.451758499949	13184.6812611659	871648.725070624	0.0	106776.837126519	764871.887944105	85237.4484018942	1249.05042223777	-2626830.29881689	0.0				4509615.19147228	3589666.72842459	689082.505107235	230865.957940456	1884033.94307762	-582305.667980716	-3637966.46640166	1014.92663175272	Active	-0.1868422089602064	1.1549832094589	0.681873838575995			1.057811394502145	0.04020266548953379	1.027441807853044			1.042670755294576	-0.4498063025278212	1.036444356718231	1.083198117270841	-0.6068847175922383	0.9108910891089108	-0.1867419076386556	0.09793651283526258	0.08811657381716294	-0.3333333333333333	-0.02781095179229031	-0.02362794859449313	1.057811394502145
ADLUDIO LIMITED	0.5841038823127747	No	No	No	na	NF	United Kingdom																																Active																							
UAB DOCLOGIX	0.13721178472042084	No	No	No	62	U1	Lithuania	1543911.0	-636809.0	-581442.0	995127.0	404894.0	0.506	40.688	46.0	696458.0	405203.0	24439.0	266816.0	298669.0			190216.0	190216.0	628001.0	-223107.0	0.0				590233.0				995127.0				Active	0.1267838457599572	-0.4029423489197681		-1.0	6.425478078358209	-0.2838705777455381		-0.00944346389091247	4.472086282186417	0.5734560501179473	-0.4029423489197681		-0.1886140482503763	-0.4377836550679078	-0.2158945071868583	-0.615793470007593	-2.818891090077531	1.653431921411218	0.4636718701566007	0.3529411764705883			-0.2838705777455381
EASYPROVE	0.09720153361558914	No	No	No	58	NF	Lithuania																																Active																							
SYNTHELIS	0.20560410618782043	No	No	No	72	U1	France	574475.0	-49815.0	15592.0	752733.0	-222866.0	1.614	-29.608	7.0	421123.0	408903.0	8168.0	4052.0	331610.0	44257.0	82321.0	205032.0	76792.0	31129.0	-253995.0	770134.0	770134.0	0.0	0.0	205465.0	31295.0	73903.0	100267.0	752733.0	52675.0	126145.0	179017.0	Inactive	-0.4907025902946789	-0.6671158548267162	1.707482321986515	-0.3147987504815593	-0.9120566198953471	-0.3288643441713082	-0.4832355553069344	0.0319865532305813	-1.041749226171988	-0.2411318433463194	-0.6643940983148031	-0.2460901079731721	-0.02715096240031787	-0.5185028154248692	-0.744222458821319	0.02022756005056892	-0.5863778854374465	-0.8236117407071623	-0.5279086812967145	-0.125	-1.750024917771354	-0.5023532150085016	-0.3288643441713082
LOWDOWNAPP LTD	0.9668526649475098	No	No	No	62	U1	United Kingdom					-1.18572835342503													459997.386069474	-459998.571797827	0.0				1.18572835342503	0.0	0.0	1.18572835342503	0.0				Inactive	-1.00013486278274											-0.9997849550997115					-0.1505470399378916	-0.1641204725790972	-0.9997849550997115				-1.0
FLUXOME SCIENCES A/S	0.7664327621459961	No	No	No	72	LF	Denmark								0.0																								Inactive																							
APPYDRINK S.R.L. IN LIQUIDAZIONE	0.9041944742202759	No	No	No	62	U1	Italy	30.0	-23917.0	-23917.0	8322.0	3675.0	1.791	44.16	1.0	0.0	0.0	0.0	0.0	8322.0	0.0	0.0	8322.0	6835.0	35000.0	-31325.0	0.0	0.0	0.0	0.0	4647.0	0.0	4577.0	70.0	8322.0	-4577.0	3675.0		Inactive	-0.8668092200637866	-0.6281999731939418			2.228100958293967	-0.7249016561435986	2.649920255183413	-1.0	2.228100958293967	-0.5158425611226839	-0.6694074969770254	-0.9501779359430605	-1.0	-0.6281999731939418		-0.7872416250890948	3.228536717062635	0.0	0.7476494922903347		2.649920255183413	-0.8136787669843845	-0.7249016561435986
LOGOPRO S.R.L.	0.17231301963329315	No	No	No	73	U1	Italy	269115.0	-150560.0	-150560.0	408806.0	50336.0	1.115	12.313	2.0	23894.0	21050.0	2844.0	0.0	384912.0	0.0	19879.0	365033.0	912.0	50000.0	336.0	13206.0	0.0	13206.0	0.0	345264.0	40224.0	132129.0	172911.0	408806.0	-112250.0	39648.0	19462.0	Inactive	1.832161143307264	0.3104944964206989	-0.5099953166210653	0.2211947475494729	-0.02219797633428152	0.1386211967602134	0.5843565638639743	-0.4178811426675147	0.3342786246012052	1.487474747474748	-0.323943661971831	-0.1140538297185545	-0.4014678991007239	0.2061858577628755	-0.2436170212765957	0.1542443064182195	-1.010426040276787	0.0	0.04483293942484317	-0.3333333333333333	1.621010110444346	-4.498147167813658	0.1386211967602134
FLUTTR LIMITED	0.700890839099884	No	No	No	62	NF	United Kingdom																																Inactive																							
VEESEO GMBH	0.23600050806999207	No	No	No	62	U1	Germany				1830256.8	994778.22	8.13	54.352	4.0	71755.44	60981.19	10774.25	0.0	1758501.36	0.0	0.0	1758501.36	51374.19	41294.0	953484.22	619176.01	0.0	619176.01	619176.01	216302.57	0.0	0.0	216302.57	1830256.8		1542198.79		Inactive	20.16548953925754	-0.4429082398920736		1.531812586760978		-0.4355482731556012		-0.2026642106379359		36.51000690131124	-0.3541472383969072	-0.926701462579198	-0.1652958781422046	-0.4429082398920736	0.1360533027974689	6.598130841121495	166.101743600164	0.0	-0.926701462579198	1.0		6.501212053234425	-0.4355482731556012
CUNESOFT GMBH	0.08698850870132446	No	No	No	62	U1	Germany				3799772.95	1688960.18	2.979	44.449	5.0	10964.13	1.0	3842.0	7121.13	3788808.82	0.0	0.0	3788808.82	224149.64	38267.0	1650693.18	838765.07	831765.07	7000.0	7000.0	1272047.7			153262.16	3799772.95		2516761.12		Active	0.5426646057375103	0.9825809362529343		1.201997789772124		0.9738640575112801		0.0		-0.2184516378597929	0.372295360066943	-0.3774008129911212	-0.2165193549009478	0.9825809362529343	-0.2848101265822785	-0.299553256524806	0.5623189819729583	0.0	1.831183713807973	0.0		0.7217454154570604	0.9738640575112801
CRESTOPTICS S.P.A.	0.029187824577093124	No	No	No	72	U1	Italy	15179624.0	2625316.0	1868582.0	13086253.0	7253387.0	2.598	55.428	52.0	3522790.0	2321273.0	1189830.0	11687.0	9563463.0	2205622.0	3106609.0	4251232.0	3142591.0	199433.0	7053954.0	2151680.0	1595738.0	555942.0	7615.0	3681186.0	957847.0	783399.0	1939940.0	13086253.0	4528832.0	5882277.0	793792.0	Active	0.03502265284426972	0.2323936904654576	0.2101109765075705	2.633477545754515	-0.140768678913303	0.2285488542449692	-0.4046572671195452	0.8060544335717004	-0.1163851928073081	-0.1575139456764603	0.2921582962178378	0.1176147290046123	0.6187536645841719	0.1283575211127617	0.3531928541208904	-0.06445804825351108	0.03604852569215881	0.0	0.2062877150670208	0.06122448979591837	0.2206735705069582	0.08451139181134741	0.2285488542449692
LINGOKING GMBH	0.0581187941133976	No	No	No	74	U1	Germany				3498705.86	2489655.41	4.46	71.159	24.0	1318575.0	1306994.0	11581.0	0.0	2180130.86	11652.61	0.0	2168478.25	1456769.88	67890.0	2421765.41	520281.81	277437.5	242844.31	242844.31	488768.64	0.0	0.0	488768.64	3498705.86	11652.61	1691362.22		Active	3.410644720181948	2.30541486040103		-0.506014945910733		0.6370821167380633		-0.1111115645120375		1.694192033923974	9.170569875766097	-0.05908421613375226	-0.1037942317129368	2.274090853811517	11.62922573609596	2.478939157566303	3.876935978215102	0.0	-0.05908421613375226	0.2	0.1847489352356919	10.55198694652323	0.6370821167380633
WEELEO	0.6247549057006836	No	No	No	79	LF	France	200000.0																															Inactive																							
VERYLASTROOM	0.27792394161224365	No	No	No	na	NF	France																																Active																							
AVVIO LIMITED	0.5179227590560913	No	No	No	na	NF	Ireland																																Active																							
ROAMER SIA	0.9242608547210693	No	No	No	62	U1	Latvia	7215.0	-786.0	-786.0	4627.0	4627.0		100.0		4621.0	0.0	4621.0	0.0	6.0	0.0	0.0	6.0	6.0	18697.0	-14070.0	0.0	0.0	0.0	0.0	0.0	0.0	0.0	0.0	4627.0				Inactive	-0.1450480413895048	-0.9932735426008968	-1.0		-1.0276089781868	-0.3915844838921762	-1.0		-1.0276089781868	0.4052048788713394	-0.9883495145631068	-1.0	-0.2030010348395999	-0.9966795794133924	-0.1934019898760691		0.05908919834399699	0.0	-1.0				-0.3915844838921762
EMOLYTICS	0.9769385457038879	No	No	No	62	U1	Belgium		-36601.0	-36601.0	73565.0	821.0	0.964	1.116		3427.0	0.0	1267.0	2160.0	70138.0	0.0	8388.0	61750.0	54024.0	200025.0	-199204.0	0.0	0.0	0.0	0.0	72744.0	0.0	29985.0	42759.0	73565.0	-21597.0	-2606.0	760.0	Inactive	-1.06527269836222	0.6517319780660693	-0.7354694250843609		-0.7348867867128308	-0.05658078664221501	0.6951212618011193		-0.7348867867128308	-1.069187848729076	0.5488976174775653	-0.4131831032305877	-0.6142069120792525	0.01510985034880019	-0.3749383325111001	0.2634338138925294	0.2250942479536048	0.3332777870354941	-0.1966870962398542		-2.540442225392297	-0.8785704300824752	-0.05658078664221501
I-NEXUS	0.0607086606323719	No	No	No	47	LF	United Kingdom								40.0																								Active																							
LUCKY CART	0.17611606419086456	No	No	No	58	U1	France				10357022.0	4024942.0	0.968	38.862		5607648.0	5223862.0	106164.0	277622.0	4749373.0	0.0	2372165.0	2377208.0	1211587.0	5270318.0	-1245376.0	1424167.0	1189167.0	235000.0	60000.0	4907913.0	336039.0	1710834.0	2861040.0	10357022.0	661331.0	-158540.0		Active	0.1877476969166511	1.771378374880942	-0.1274086095826088	1.128271609735103		0.3296384602981095	0.4226091237091542	0.323491840700476		-0.1067028319235012	225.591920703198	0.3184540432332594	0.3310183047867211	0.3280130302267707	-0.2847874855999515	0.01043841336116911	-0.03577995786585361	0.1260624570140378	0.3152770746733121		-0.563744536342803	0.02173786952122552	0.3296384602981095
ERECEIPTS LTD	0.9545605182647705	No	No	No	62	U1	United Kingdom				1.13144590789274	1.13144590789274		100.0	1.0	0.0				1.13144590789274	0.0	0.0	1.13144590789274		1.13144590789274	0.0	0.0				0.0				1.13144590789274				Inactive	-0.04609491185226051	-0.04609491185226051				-0.04609491185226051				0.0				-0.04609491185226051				-0.04609491185226051					-0.04609491185226051
FRIENDSURANCE	0.33625638484954834	No	No	No	na	NF	Germany																																Active																							
CITYFIBRE LIMITED	0.016432015225291252	No	No	No	61	U1	United Kingdom	57466448.8235284	-314345312.999651	-314345312.999651	4088801050.2301	-745641608.961334	0.521	-18.236		3991057030.01739	80211687.9389158	3890928418.9899	19916923.0885741	97744020.2127072	2301608.43746788	18901541.4994859	76540870.2757535	39307138.5878028	0.0	-745641608.961334	4646859842.73827	4580839293.85321	66020548.885064	13862667.1436473	187582816.45316	9775785.06089264	30784156.9177602	147022874.474507	4088801050.2301	-9581006.98080647	-89838796.2404527	126266907.348639	Active	0.7531466107613404	-0.2783135525396228	0.07390408308018097	0.4615299241451126	0.2638344359230196	0.3938712051531305	-0.1394021001783694	4.21272664442901	0.2638344359230196	0.2577419132353955	-0.1764111344905803	0.05575616430071337	0.4217211361833344	-0.2255616929269129	0.3936921695962953	-0.2599431818181818	0.7531466107613404		0.04630617902575023		-0.3864706582777226	0.6928929883198159	0.3938712051531305
BICA STUDIOS, S.A.	0.9880188703536987	No	No	No	58	U1	Portugal	62159.959	-353584.86	-353929.42	4984.45	4984.45		100.0	5.0	0.0				4984.45	0.0	0.0	4984.45	286.79	458276.85	-453292.4	0.0				0.0				4984.45			313636.32	Inactive	-0.9857042983099038	-0.9225668992505172	-1.0		0.4326056200899451	-0.9868894953148117			0.4325045707627576	0.09040552181356243	-0.9943940604680692		-1.0	-0.9231173352751755			3.135535852225567	0.0	-1.0	-0.5			-0.9868894953148117
MEMRISE LIMITED	0.006658842787146568	No	No	No	85	U1	United Kingdom	8832746.81682765	-1047022.07803856	-1047022.07803856	5581098.49720883	-18663632.1762573	0.075		40.0	3772147.21359487	3714787.95034204	57359.2632528301	0.0	1808951.28361397	0.0	501732.198839707	1307219.08477426	1176157.64006965	115253.301826133	-18778885.4780835	0.0				24244730.6734662	20131871.6490129	82552.4824990046	4030306.54195428	5581098.49720883	419179.716340702	-22435779.3898522	2953304.7750447	Active	0.06434067937531682	-0.4996333062951696	0.1092573681158921		-0.7993442642838124	-0.264540300752358	-0.6487486291890215	-0.1136084253261995	-0.7562729394909895		0.4217546575142308	-0.1933768262617165	-0.1661458294320891	-0.4097721994246126	-0.8276664193874046	-0.3852459016393442	0.06404767556385742	0.01863731197531448	-0.03499634769243065	-0.1666666666666667	0.9291286789485911	0.01707396502364409	-0.264540300752358
MEAWALLET INC	0.29138875007629395	No	No	No	na	NF	Norway																																Active																							
WHITFIELD SOLAR LIMITED	0.9799771308898926	No	No	No	72	U1	United Kingdom				1168.01688837397	1168.01688837397		100.0		0.0				1168.01688837397	0.0	0.0	1168.01688837397		1168.01688837397	0.0	0.0				0.0				1168.01688837397				Inactive	0.05342881287230812	0.05342881287230812				0.05342881287230812				0.0				0.05342881287230812				0.05342881287230812					0.05342881287230812
MDK LABS GMBH	0.34747517108917236	No	No	No	62	LF	Germany								10.0																								Inactive																				9.0			
STYLEFINCH LIMITED	0.6891226172447205	No	No	No	47	U1	Ireland				154.0	154.0		100.0		0.0				154.0	0.0	0.0	154.0	154.0	154.0	0.0	0.0				0.0				154.0				Inactive																							
MINDZILLA LTD.	0.6658880114555359	No	No	No	58	U1	United Kingdom				13747.0486732144	-255322.801172247	0.043		6.0	2242.85045238821	0.0	1244.39841498199	998.452037406219	11504.1982208262	0.0	10465.1311852882	1039.067035538	38.3586093466796	502.046504684483	-255824.847676932	0.0				269069.849845462	62037.1532575064	24594.6377575769	182438.058830378	13747.0486732144	-14129.5065722887	-257565.651624636		Inactive	1.269846552557246	-0.3040906646401735	inf	-1.0		3.943360514969562	inf					3.183138786511341	0.7416075893503721	6.704872413316084	-0.03370564836345036	0.264705882352941	1.274309798779874	inf	5.169526974718702		-inf	5.115100195018788	3.943360514969562
MOUNTVACATION, TURISTICNA AGENCIJA, D.O.O.	0.8552258014678955	No	No	No	79	U1	Slovenia	31434.0	3356.03	3208.5	22171.47	21218.05	23.255	95.7	0.0	0.0	0.0	0.0	0.0	22171.47	0.0	18743.88	3427.59	427.59	7500.0	13718.05	0.0	0.0	0.0	0.0	953.42	0.0	953.42	0.0	22171.47	17790.46			Active	0.1781594037365854	-0.03710185804262197	-0.3552706889814697		0.7446610521938035	-0.3205634077323767	-0.9347984120525349		0.2440434416790418	0.7340412038630887	-0.2359825608405103			-0.3205634077323767		9.41890681003584	0.3053012087170738	0.0	-0.9347984120525349	-1.0	0.231188186989051		-0.3205634077323767
FAABORG PHARMA A/S	0.03386465460062027	No	No	No	20	U1	Denmark		272914.003481987	216157.551430423	2448980.52682066	1072603.02056785	1.461	43.798	16.0	843832.924237077	20663.1054750374	807202.873622239	15966.9451398016	1605147.60258358	823572.346790775	419165.853922186	362543.577880201		134176.009578165	938427.010989683	277207.635788488	218572.71960283	58634.9161856579	58634.9161856579	1099035.69445475	538179.974418018	204350.062587545	356505.657449183	2448980.52682066			142092.394143276	Active	0.249641375880413	0.6850448272036116	-0.001554823283850309	-0.1757428515190136	0.004721454157798997	-0.005734863003934504	-0.1882166195881788	-0.4044103916378747	0.03108750048072641	0.2568657273222946		0.8158701746570257	-0.1286862360353876	0.07393187460942849	-0.1315392507216068	0.2402376910016979	0.296424843951075	-0.002194032743974093	-0.1335705843534261	-0.05882352941176471			-0.005734863003934504
GRIP APS	0.8146234154701233	No	No	No	62	LF	Denmark								1.0																								Inactive																							
RUE89	0.6757875084877014	No	No	No	58	U1	France	1602458.0	-1074529.0	-1059793.0	1044276.0	-3708259.0	0.198		41.0	103958.0	81411.0	11454.0	11093.0	940319.0	0.0	540596.0	399723.0	2486.0	1069100.0	-4777359.0	5516.0	0.0	5516.0	5516.0	4747021.0	79.0	122912.0	4624030.0	1044276.0	417684.0	-3806702.0	70925.0	Inactive	0.4001524655008103	0.4703753158899544	-0.3280055689184738	0.0	-0.1245686101343623	-0.09497401337940466	-0.3202634620595831	0.3987183011476875	-0.1151985973993446		-0.292544109277177	0.2795219975909502	0.3405632640429154	-0.126354156214346	0.3881953702581505	-0.3003533568904593	0.2850764263088126	0.0	0.2502636419568396	0.07894736842105263	-0.3302503679995895	0.3992655761808491	-0.09497401337940466
VAXIMM AG	0.17963631451129913	No	No	No	72	LF	Switzerland								35.0										849708.725438607														Active																		0.003782304982703185		0.0			
CHAPDRIVE AS	0.944511890411377	No	No	No	na	U1	Norway	504690.550395653	-8289634.13875804	-10634696.6746218	1012102.53810808	879024.253317853	5.902	86.851		227512.159682268	81643.1195032061	43679.0689342153	102053.899379008	784590.378425811	0.0	43134.7814708606	741319.525089112	586877.957362213	17106954.9732385	-16227794.6480548	0.0	0.0	0.0	0.0	132942.212924387	0.0	14831.8333764158	117974.307682133	1011966.46624224	28302.9480944448	651648.165501424	5616910.54995474	Inactive	-0.9194737516161485	-0.7811295696527168	inf		0.5894827346189334	-0.9124749148929407	-0.894344174516945	-0.982270831035877	1.831946266114447	-0.07996822033898311	-0.7743874607867417	-0.7674579839966029	-0.972175030018475	-0.7683540929914768	-0.9872473104542415	0.1284894837476099	2.059795177335428	0.05471189892733193	-0.7947074387992135		-1.201618455967664	-0.7621244658904487	-0.9124866821805325
XTRACT OY	0.30117395520210266	No	No	No	na	NF	Finland																																Active																							
NETDIALOG B.V.	0.8471569418907166	No	No	No	62	U1	Netherlands				72.0	-801.0	0.082			0.0				72.0	0.0	72.0	0.0		53149.0	-53950.0	0.0				873.0				72.0		-801.0		Inactive	14.70588235294118		0.0			0.0								0.0		-0.8598290598290599	0.01409774436090225	0.0	6.097560975609756			14.70588235294118	0.0
LEANIX GMBH	0.00233932095579803	No	No	No	63	U2	Germany	82070550.4	-26015239.66	-26025452.69	71281846.59	12215079.89	1.296	17.136	289.0	5038981.51	1308264.85	645779.23	3084937.43	66242865.08	134774.76	8718013.29	57390077.03	53605565.22	72475.0	12142604.89	7944796.67	453300.0	7491496.67	7491496.67	51121970.03	0.0	208005.34	50913964.69	71281846.59	8644782.71	15120895.05	983761.54	Active	-0.6805724432721799	0.6035316871557433	0.2710040390443622	1.402320231446996	0.8553711985029957	0.1861835159087117	inf	14981.41926248282	0.8560995777898713	-0.730714229590634	0.9028203282807566	1.745313914427033	-0.7107824611954389	0.5524228960236423	0.1119517252103627	-0.4367666232073012	-0.681864740835994	0.0	1.75652969692706	0.1468253968253968	0.2563571503933992	-0.373223505478454	0.1861835159087117
SRT GROUP	0.06317119300365448	No	No	Yes	58	U1	France	128536001.0	16237765.0	-18416180.0	62755345.0	44662516.0	0.992	71.169	100.0	47550725.0	18746922.0	1405351.0	27398452.0	15204620.0	0.0	347167.0	14857453.0	7179068.0	216392950.0	-171730434.0	2758837.0	0.0	2758837.0	2758837.0	15333993.0	8500.0	4472351.0	10853142.0	62755345.0	-4125184.0	-129373.0	-2453386.0	Active	-1.299591349161272	1.009228755288484	2.219278560830861	-0.4141149927253799	-1.102842688285723	5.298134094571551	0.04981290525360545	23.80063235459482	-0.882555608349179			-0.9276769447558711	18.31643411469928	1.026621987898612	-0.03808571424660197	19.24489795918367	0.120383167595811	50.51988615734124	-0.9006437180721254		-0.006530595927414703	-0.9991188983396737	5.298134094571551
ISTAFIND LTD	0.6687006950378418	No	No	No	62	U1	United Kingdom				1285.56084697958	1285.56084697958		100.0		1285.56084697958	0.0	0.0	1285.56084697958	0.0					1285.56084697958	0.0	0.0				0.0				1285.56084697958		0.0		Inactive																							
THOMSON	0.27792394161224365	No	No	No	na	NF	France																																Active																							
TRIPTEASE LIMITED	0.06474357098340988	No	No	No	62	C2	United Kingdom	29730523.9103289	-2449645.54099846	-2267978.67652804	11585053.2910866	-13655399.0632423	1.284		103.0	51200.1268032415	0.0	51200.1268032415	0.0	11533853.1642834	0.0	4079515.09170196	7454338.07258142	4038492.98398299	467.928405414102	-13655866.9916477	16258831.6949994	16258831.6949994	0.0	0.0	8981620.65932948	1167587.40454586	2770266.39628255	5043766.85850107	11585053.2910866	1309248.69541942	2552232.5049539		Active	0.1984667575306482	-0.156890385727828	-0.005044959374428358	-0.05414241424986887	-0.6411112786440059	-0.1112040394044611	0.2766590042845987		-0.6597596239867506		-0.3686516322806014	-0.005008776671143867	-0.4486647422884402	-0.1087825211112854	-0.4486647422884402	-0.2818791946308725	0.1984606977927452	0.04436047641914479	0.2407110082377659	-0.009615384615384616	-0.3217262662264396	-0.552443301382791	-0.1112040394044611
METACORE GAMES OY	0.035386741161346436	No	No	No	32	U1	Finland	161851000.0	-6826000.0	-6870000.0	36164000.0	-99607000.0	2.256		148.0	7739000.0	1078000.0	1430000.0	5231000.0	28425000.0	0.0	15556000.0	12869000.0	9356000.0	3000.0	-99610000.0	123173000.0	701000.0	122472000.0		12598000.0	471000.0	1419000.0	10708000.0	36164000.0			763000.0	Active	0.05512536677859814	-0.3531865701648573	0.5986024046860549	0.1464138791161743	-0.8282896888285161	0.1685407780793589	-0.6525465230166504	0.6186186186186187	-0.8273261951440205		-0.4611530265507113	-0.2044576523031204	4.858440575321726	-0.04057110068518581	1.183206106870229	0.3639661426844014	0.05512361502446878	0.0	-0.2965155237882511	1.027397260273973			0.1685785374995961
IQUA OY	0.7450922727584839	No	No	No	46	U1	Finland	7761.0	1547.0	1547.0	4798.0	-5213.0	0.479			0.0				4797.0	0.0	0.0	4797.0	4782.0	50000.0	-55213.0	0.0				10010.0	0.0	0.0	10010.0	4798.0	0.0	-5213.0		Inactive	-0.2552857142857143	-0.6573571428571429			-1.004604166666667	-0.6572857142857143			-1.004604166666667		-0.5218	-0.5233333333333333		-0.6573571428571429		-0.2818590704647677	-0.03135087719298246	0.0	-0.5233333333333333			-0.2552857142857143	-0.6572857142857143
UP & NET	0.6712682247161865	No	No	No	62	U1	France	147844.0	-558712.0	-667684.0	1319257.0	699496.0	2.132	53.022	7.0	11184.0	3627.0	2126.0	5431.0	1308073.0	0.0	10389.0	1297684.0	1000289.0	104050.0	595446.0	6225.0	0.0	6225.0	6225.0	613536.0	206615.0	292721.0	114200.0	1319257.0	-282332.0	694537.0	6280.0	Inactive	2.296290885786048	5.502693412039426	-0.6956674575973284	8.96	4.476494804940208	1.994588545603534	1.61460752438458	-0.9823085252714449	-50.47639866617266	0.1007494446635804	88.30354432639943	0.4758526215122966	-0.9459313118811881	4.597279394774453	0.1592148309705562	1.077972709551657	2.800953675865106	0.873087308730873	1.694315262499177	0.0	2.628059985350621	115.0850743774026	1.994588545603534
TACTERION GMBH	0.743326723575592	No	No	No	71	U1	Germany				1354682.82	805837.19	2.697	59.485	17.0	149211.0	19808.0	104403.0	25000.0	1205471.82	234368.9	0.0	971102.92	698167.74	48662.0	757175.189999999	101902.47	0.0	101902.47	101902.47	446943.16	0.0	0.0	446943.16	1354682.82	234368.9	758528.66		Active	-0.7466086685771076	-0.6857125171618865		0.4012990924092409		-0.6025855250565846		-0.3252946385993596		-0.3624056765563369	-0.7646801477264868	1.86847143207106	-0.2135116330553769	-0.6255161881424681	-0.1991178275544646	-0.86945788964182	-0.7582104361098045	0.0	1.86847143207106	0.0625	0.8144646421604532	-0.7523745970811928	-0.6025855250565846
FEAR NOT	0.8974852561950684	No	No	No	31	NF	United Kingdom																																Inactive																							
LIGHTHOUSE BCS	0.5179227590560913	No	No	No	na	NF	Ireland																																Active																							
ISANGO	0.2673083543777466	No	No	No	79	LF	United Kingdom	538578.515169559							4.0																								Active																							
ULAOLA S.R.L.	0.4408779740333557	No	No	No	63	U1	Italy	11255.0	-112103.0	-110307.0	397323.0	162761.0	4.184	40.964		32359.0	31200.0	1159.0	0.0	364964.0	0.0	0.0	364964.0	83075.0	51831.0	110930.0	147327.0	0.0	147327.0	0.0	87235.0	0.0	0.0	87235.0	397323.0	0.0	277729.0	92038.0	Inactive	0.04771867034013956	-0.08886558817655282	-1.0	0.0	-0.1008165426078029	-0.3231871220509326	-1.0	-0.7385971379737927	-0.3237967963611174	0.5480311389917617	-0.3139853672232407	1.464683279651918	-0.7354064286123126	-0.2147140524106353	-0.6059163549812989	1.560587515299878	0.07161142614256595	0.0	-0.6932395604395605		-1.0	0.5397055073235095	-0.3231871220509326
INVESTLY OU	0.9528809189796448	No	No	No	na	U1	Estonia	210.0	-27498.0	-27498.0	0.0	-1998.0				0.0				0.0	0.0	0.0	0.0	1555.0	2500.0	-4498.0	443.0	0.0	443.0		1555.0	1555.0	0.0	0.0	0.0	0.0	-1555.0		Inactive																							
ZENCHEF	0.28659847378730774	No	No	No	62	U1	France	1723232.0	-1383406.0	-1379693.0	5674757.0	4283903.0	3.623	75.491	35.0	639292.0	429266.0	72892.0	137134.0	5035464.0	0.0	183895.0	4851569.0	4619289.0	775.0	4283128.0	1027.0	1027.0	0.0	0.0	1389827.0	482183.0	273982.0	633662.0	5674757.0	-90087.0	3645637.0	102974.0	Active	42.87716369297581	17.0008422411778	-0.6235871340672117	0.8706739526411658	0.4521828310619238	4.276958742179538	0.9450245983686276	0.6717072391863947	0.445646274327363	7.314902522304219	31.18030011703728	-0.2403801084414331	1.014660279843691	5.642522738815273	1.874290220820189	3.668814432989691	43.09050481759038	0.5816326530612245	0.4222529448905599	0.25	-1.259106715024893	-17.63641300379673	4.276958742179538
ALMONDY LIMITED	0.14388148486614227	No	No	No	46	U1	United Kingdom	3277520.78076463	192284.029424384	153622.754211852	865465.445920509	308012.268402412	14.319	35.589	1.0	222.908913140146	0.0	222.908913140146	0.0	865242.537007369	194738.361593671	454121.475060357	216382.700353342	196229.867305677	116.70623724615	307895.562165165	497028.523183904	497028.523183904	0.0	0.0	60424.6543341942	0.0	11019.4029207815	49405.2514134127	865465.445920509	637840.433733246	804817.882673175	166.889919261994	Inactive	0.7105413934527028	-0.2101832806154184	-0.2217012006946112	-0.5062759460804034	1.233322249758515	-0.3206060774693572	-0.6090608058589456		1.235451687913566	1.517792713123453	0.6172128036903698	-0.1616513366961807	-0.5096905383373919	-0.3205385718470149	-0.5096905383373919	-0.02038722035985497	0.7111867887593137	-0.1426002084015084	-0.3064094775243064	-0.5	-0.3432932734345998	-0.3215761691308175	-0.3206060774693572
GOTO TECHNOLOGIES GERMANY GMBH	0.21244509518146515	No	No	No	62	U1	Germany	45642941.13	2654937.11	1373520.99	7414145.98	1457682.44	32.063	19.661	293.0	1169150.61	1210.48	625082.39	542857.74	6244995.37	0.0	0.0	6244995.37	917769.88	51710.0	1405972.44	5761689.43	0.0	5761689.43	5761689.43	194774.11	0.0	93139.68	101634.43	7414145.98	-93139.68	6050221.26	2078210.65	Active	-0.7389612651690076	-0.3489325664886871		-0.07832652083885464	-0.48577657532083	-0.4085397423906879	-0.7976997421629395	-0.5217384433030423	-0.597959979712671	-0.558645924529149	-0.2788311425767998	-0.5755056245663563	-0.6027878384629166	-0.3489325664886871	-0.7393320013161122	1.339340434846053	-0.7458680925252403	0.0	-0.7216828252833893	-0.1121212121212121	-0.7976997421629395	-0.3195963181907445	-0.4085397423906879
SUBLIMITY THERAPEUTICS LIMITED	0.36306241154670715	No	No	No	82	U2	Ireland	28000.0	-9015000.0	-9015000.0	10099000.0	-7119000.0	0.304	-70.492	36.0	4868000.0	0.0	1893000.0	2975000.0	5231000.0	0.0	0.0	5231000.0	180000.0	107000.0	-7226000.0	0.0				17218000.0	16207000.0	215000.0	796000.0	10099000.0	-215000.0	-11987000.0	110000.0	Inactive	-3.430522362581086	-0.2203010880906245	-1.0	-1.0		0.2061387794100084	-0.6766917293233082			-3.015151082015952	-0.9731703681621702	-0.5273159144893111	9.184100418410042	-0.3374287523749208	2.960251046025105	-0.8720000000000001	-3.57153024911032	-0.1008403361344538	4.179903730445247	0.3333333333333333	-1.412667946257198	-3.622402100196894	0.2061387794100084
SEVENLOAD GMBH	0.5182549357414246	No	No	No	62	LF	Germany								1.0																								Inactive																				0.0			
MIRADA MEDICAL LIMITED	0.3942796289920807	No	No	No	46	U2	United Kingdom	3363644.56313534	-2484060.17692374	-3437285.66033715	3442409.82213634	-13168570.2688617	0.207		47.0	106945.843830506	0.0	37997.8610790579	68947.9827514478	3335463.97830583	0.0	454965.866557716	2880498.11174811	872195.49703152	1.15253301826133	-13168571.4213947	529019.570580062	0.0	529019.570580062		16081960.520418	13305373.6330633	246812.640794628	2529774.24656006	3442409.82213634	208153.225763088	-12746496.5421121		Active	-26.11004943224673	-0.00229057775462228	inf	-0.7557218482269394		0.1463635843497861	inf				3408.32282993808	7.087079064637002	-0.07633343964814228	0.1552945739291587	0.03692051813370226	-0.9775707010510347	-26.11011318306114	-0.103478438248021	50.41015504440328	0.119047619047619	inf	-5.95145242684234	0.1463635843497861
MUSEMENT S.P.A.	0.013784593902528286	No	No	Yes	79	U1	Italy	180688610.0	-29321658.0	-29321658.0	76551662.0	-20733027.0	1.464	-27.084	274.0	21240039.0	20582196.0	655043.0	2800.0	55311623.0	0.0	4396283.0	50915340.0	4327426.0	106127.0	-20839154.0	59504989.0	0.0	59504989.0	0.0	37779700.0	535.0	12698630.0	25080535.0	76551662.0	-8302347.0	17531923.0	7052154.0	Active	-0.03168139318882413	0.4073819627936745	1.510992309295957	0.525960750246095	0.0330953754543231	0.3376446317607185	0.03781333493735017	0.190537796120464	0.0330953754543231	-0.276099855669001	1.073323358213639	-0.0843776881913271	0.1004893075277009	0.4583261069519907	-0.1837755193588261	0.5297805642633229	-0.03152513656793523	0.0	-0.04704934825275438	0.0339622641509434	-0.2081791427919894	-11.21190613765514	0.3376446317607185
NANOTECTURE LIMITED	0.7383666038513184	No	No	No	72	U1	United Kingdom	21250.3455752814	-2445039.76148532	-2286287.17983469	377506.139043234	-11327684.2119529	0.023		7.0	103751.687220491	103751.687220491	0.0	0.0	273754.451822743	0.0	0.0	273754.451822743	115001.870172111	15000.2439354927	-11342684.4558884	0.0				11705190.3509962	11667689.7411574	18750.3049193659	18750.3049193659	377506.139043234	-18750.3049193659	-11431435.8991734	178752.906897955	Inactive	0.3378947411487627	-0.682683262156095	-1.0		0.2597973142728854	-0.7619961394164372	-0.7919743499457773	-0.8318163277044233	0.2977575359506714		-0.8099737324327381	-0.7711717849403549	-0.8500291111679036	-0.6938973353521495	-1.0	-0.7415730337078652	0.3374474869250998	0.06786500361167307	0.1643558330018324	-0.5333333333333333	-0.6796404989164971	0.2481627630404877	-0.7619961394164372
BOXCARE VALENCIA SL.	0.09534002095460892	No	No	No	86	U1	Spain	1034718.11	15580.24	13482.27	640391.49	522378.34	4.717	81.572	10.0	352297.89	0.0	350782.18	1515.71	288093.6	33889.05	111728.9	142475.65	142475.65	12000.0	510378.34	56941.42	56941.42	0.0	0.0	61071.73	0.0	12324.93	48746.8	640391.49	133293.02		28908.3	Active	0.02649316981363212	-0.3869712966189583	0.1080944752819009	14.25761521972133	-0.8245217107675784	0.05047921533474625	0.7031076190489353	-1.0	-0.8037967950625656	-0.022832363017801	-0.3297235561565604	-0.4568821339036649	0.3682814231905399	-0.181886258365548	0.3624751854175122	0.2990911594602038	0.02713297979421127	0.0	-0.3703319587637369	0.1111111111111111	0.1848870893702328		0.05047921533474625
STRIKE NEW MEDIA LIMITED	0.15273259580135345	No	No	No	82	U1	United Kingdom				4493858.76980871	2249630.79445976	5.399	50.06		2.41412828900866	0.0	0.0	2.41412828900866	4493856.35568042	0.0	0.0	4493856.35568042	1079.11534518687	7.24238486702599	2249623.55207489	1411866.71790238	0.0	1411866.71790238		832361.257446575	0.0	0.0	832361.257446575	4493858.76980871	0.0	3661495.09823385		Inactive	-0.05740347861813215	0.8829282471088304		inf		0.8829273952226134				-0.4994	0.3866051913722426	352412.2511856261	0.02211724956857586	0.8829282471088304			-0.05740371470786815	0.02211724956857871	352412.2511856261			0.5341699476590372	0.8829273952226134
COINFLOOR LIMITED	0.055058885365724564	No	No	Yes	64	U1	United Kingdom				115935556.608096	2580007.9609413		2.225	14.0	2490830.47647495	2455123.74579021	898.063610514959	34808.6670742232	113444726.131621	0.0	75119.4241239787	113369606.707497	165181.048734019	323.720603790276	2579684.24033751	113156266.707577	0.0	113156266.707577		199281.939577733	0.0	113160.656080495	86121.2834972382	115935556.608096	-38041.2319565161	113245444.192043	40511.4870298835	Inactive	1.40213254634185	2.631088577439865	0.3791739409008162	inf		2.613183773062353	0.2399397360001773	9.419544457826055		-0.3352255751419181	1.273617433146538	-0.9972148415447601	2.073529874192883	2.627166931664169	-0.7039722937258994		1.402535243413368	0.0284476772235869	-0.993574196378375	0.0	0.03383981436310163	428.5533568625135	2.613183773062353
ICOMPLY LTD	0.41010695695877075	No	No	No	70	NF	United Kingdom																																Inactive																							
BONAVERDE GMBH	0.23832401633262634	No	No	No	46	LF	Germany								2.0																								Inactive																				0.0			
CO-SCALE	0.8009456396102905	No	No	Yes	62	U1	Belgium		-67510.0	936342.0	2503503.0	2503503.0		100.0		0.0				2503503.0	0.0	0.0	2503503.0	1488297.0	350000.0	2153503.0	0.0	0.0	0.0	0.0	0.0	0.0	0.0	0.0	2503503.0	0.0			Inactive	-0.2452874611753846	-0.4510481820583859			1.750682475654973	-0.4524529139596454	-1.0		-1.910264735847442	0.3783597518952447	-0.6735823569625267	-1.0	-1.0	-0.4510481820583859			0.7692836034016863	-0.8333333333333334	-1.0		-1.0		-0.4524529139596454
THE SCHOOL OF EVERYTHING LTD	0.5454390048980713	No	No	No	63	U1	United Kingdom				988.575826913698	-19168.1001244435	0.049			0.0				988.575826913698	0.0	89.8705297194271	898.705297194271	898.705297194271	116.714973661594	-19284.8150981051	0.0				20156.6759513572	19470.3919062271	0.0	686.284045130171	988.575826913698	89.8705297194271	-19168.1001244435		Active	0.1014773499437281	0.188529665430376	3.702120488858923			0.2751513190125898					0.188529665430376	0.1724767972219673		0.2751513190125898		0.1395348837209304	0.1006291541961256	-0.02293600231502189	0.1088844870880868		3.702120488858923	0.1014773499437281	0.2751513190125898
SILVIGEN LIMITED	0.9621062278747559	No	No	No	16	U1	United Kingdom				1530979.45451165	-3235521.34269714	0.058			1450378.86569985	0.0	1450378.86569985	0.0	80600.5888117954	0.0	0.0	80600.5888117954	446.82035295744	720.715426458624	-3236242.0581236	3384490.0878008	0.0	3384490.0878008		1382010.70940798	0.0	0.0	1382010.70940798	1530979.45451165	0.0	-1301410.12059618		Inactive	0.7130454846348606	-0.5305262382185107		0.1887143030632916		-0.1364761441259764					0.5912867492320375	0.6967336778145404	-0.07028774208223543	-0.621440948938734	-0.07028774208223543	-0.7777777777777778	0.7128255778591525	0.08661000189765086	0.6967336778145404		-1.0	1.163254406349256	-0.1364761441259764
TECHTRIBE B.V.	0.1767873764038086	No	No	No	62	U1	Netherlands				96620.0	654.0	2.501	0.677		805.0	0.0	805.0	0.0	95815.0	0.0	95815.0	0.0				57660.0	57660.0	0.0	0.0	38306.0				96620.0		57509.0		Active	-0.9960673718137594	-1.0	3.451128867416148	-0.3728041073390404		-0.6764254760517344				-0.9878440737615141			-0.8963963963963963	-0.6705486328877153	-0.8963963963963963	-0.652879944482998			-0.05108006341656758			-0.7703901558707039	-0.6764254760517344
ZENCARD SP. Z O.O.	0.947516918182373	No	No	Yes	82	U1	Poland	338463.742979049	-991717.518382518	-991717.518382518	686537.606084234	-790373.78208127	0.32		12.0	269317.756705628	0.0	246347.225672424	22970.5310332042	417219.849378606	0.0	96101.2012613643	321118.648117242	318305.930031543	28830.3603784093	-818969.749285871	173919.734965689	0.0	173919.734965689		1302757.26002601	1021485.45145616	154230.708365799	127041.100204047	686537.606084234	-58129.507104435		85553.5084399951	Inactive	-4.960940027235885	0.2859259709928572	0.3302318203936009	20.39142545907099	-0.3512834179776456	0.8299983985518634	inf	-1.0	-0.3512834179776456		0.308750778208103	-0.2404250131802658	4.062772483412808	0.2958676154110591	14.14985724897814	-0.8337662337662337	-5.783648687565214	0.009029502786365693	6.789147189564773	0.0	-1.804628027945398		0.8299983985518634
TRAEDE APS	0.0049058967269957066	No	No	No	58	U1	Denmark		392867.356044866	314508.566451218	3408338.99530454	2276027.65047441	0.326	66.778	12.0	3232165.89472841	3188021.98757719	12612.5449003475	31531.3622508687	176173.10057613	0.0	72589.2211817871	103583.879394343	41862.9149883874	9258.14466089336	2266769.50581351	591313.674210972	0.0	591313.674210972	591313.674210972	540997.67061916	56890.6280611418	13685.9529769728	470421.089581045	3408338.99530454			380120.63513494	Active	0.1578726653826789	0.2859869895186161	-0.02736391299908115	0.1412745646761762	12.10123709473383	0.06206860172795131	-0.7686904348633761	0.06246615497011517	4.818052704597324	0.09019966368994181	14.56577308919397	-0.04807953164636095	0.05839488970631561	0.1343023679715638	-0.4700917462030144	0.5233644859813085	0.1586317967436434	-0.002194032743974762	-0.2541428142424372	0.2			0.06206860172795131
ENDOMONDO APS	0.26830214262008667	No	No	No	62	U2	Denmark		-152386.600965363	-152386.600965363	3369273.11306957	2145887.72503778	2.754	63.69	0.0	0.0	0.0	0.0	0.0	3369273.11306957	0.0	0.0	3369273.11306957	1965465.20893002	372917.914334252	1773103.95383818	0.0				1223251.24489714	1216544.08816451	6707.15673263043	0.0	3369273.11306957				Active	-0.06719240165836977	-0.1770167264368681			0.4367753852941818	-0.1770167264368681	-0.5149679704027071		2.460526080434143	0.1334555355839902	-0.2720511186326565			-0.1770167264368681		0.2063074901445467	-0.07997381146171875	-0.0008340190295754944	-0.3179583366667195				-0.1770167264368681
ATOM BANK PLC	0.004996209871023893	No	No	No	64	U2	United Kingdom	115613672.551159	7816464.23907935	14349628.3792054	8428831713.5708	471087799.96123		5.589	504.0																								Active	0.4544076982999096				-1.682098949687789	-0.05057120158319962			-3.242534208044242	0.5320723684210527										0.1150442477876106			
EUROSENDER, SPLETNE STORITVE, D.O.O.	0.04319891333580017	No	No	No	73	U1	Slovenia	2242543.13	64380.24	57365.47	459711.07	289348.83	2.324	62.941	49.0	63847.54	0.0	31074.25	32773.29	395863.53	0.0	352035.2	43828.33	41879.43	8721.01	280627.82	0.0	0.0	0.0	0.0	170362.24	0.0	162517.86	7844.38	459711.07	189517.34		24000.33	Active	0.247282693034535	-0.7876991607185371	0.8276205912997034	-1.0	0.3210671671299686	0.02023059452511772	0.1711827314139673		0.3124349822085469	0.2225351565534923	-0.3816969166364623	-0.5455699854362351	0.2390026275241891	-0.008019593656012744	-0.3969841688756758	-0.04283360790774304	0.2569419787975895	0.0	0.03634546422325293	0.06521739130434782	2.51899498528749		0.02023059452511772
COOLSTUFF AB	0.6927593350410461	No	No	No	47	U1	Sweden	11168688.3361988	-434440.926398544	-434440.926398544	2901292.82202584	1446604.90219899	1.803	49.861	24.0	278991.734755351	37011.7122959981	241894.938063271	0.0	2622386.17166657	2337523.61358151	3573.54463547568	281289.013449586	132561.489096931	8508.43960827543	1438096.46259071	0.0	0.0	0.0	0.0	1454687.91982685	440226.665332171	272270.067464814	742191.187029866	2901292.82202584			103717.878824878	Active	-0.2572312726939914	0.3484169579753287	-0.2487948008536982		-0.6413675501878392	-0.3192919599047827	-0.1676076435914916	-0.3309899102234373	-0.6414718417035974	0.09116971222234373	0.5401958330793138	-0.4520693978614299	-0.284784596980046	-0.3227309074108587	-0.2774027281745681	0.07770472205618642	-0.2582448428900098	-0.03416474395475509	-0.3715123174010213	-0.3846153846153846			-0.3192919599047827
BIN CODE	0.32546040415763855	No	No	No	62	NF	Serbia																																Active																							
IBIDEX LIMITED	0.9236260056495667	No	No	No	62	U1	United Kingdom				118.020125510297	118.020125510297		100.0		118.020125510297	0.0	0.0	118.020125510297	0.0					118.020125510297	0.0	0.0				0.0				118.020125510297		0.0		Inactive	-0.1399077394354327					-0.1399077394354327				0.0			-0.1399077394354327					-0.1399077394354327					-0.1399077394354327
COMPOSITENCE GMBH	0.240152508020401	No	No	No	96	U1	Germany				867255.56	710024.34	1.751	81.87	8.0	640336.46	199.0	640137.46	0.0	226919.1	100902.35	0.0	126016.75	83715.51	608714.0	101310.340000001	27632.83	0.0	27632.83	27632.83	129598.39	0.0	0.0	129598.39	867255.56	100902.35	97320.71		Inactive	7.622014259351255	-0.6546762635271156		-0.1989274322296207		-0.2222497368826522		-0.4112426035502958		10.08598510494245	-0.7041491386009108	-0.8701727700330988	-0.01323724725294758	-0.5132119440311647	-0.01302983404915962	2.749464668094218	-1.192472077726163	0.0	-0.8701727700330988	-0.2727272727272727	-0.003259729054963964	-1.182905645093844	-0.2222497368826522
MERIAURA GROUP OYJ	0.0019051632843911648	Yes	No	No	26	C2	Finland	79497000.0	-20556000.0	-20688000.0	53504000.0	27314000.0	1.711	51.05	164.0	33772000.0	6836000.0	26936000.0	0.0	19732000.0	2768000.0	4576000.0	12388000.0	8115000.0	470000.0	26844000.0	14656000.0	10921000.0	3735000.0	367000.0	11534000.0	4286000.0	2976000.0	4272000.0	53504000.0			22181000.0	Active	-0.3169621645952637	0.06207133058984911	0.07670588235294118	-0.1921062785954468	60.91566265060241	-0.2113672542892518	0.02197802197802198	-0.1047668936616029	75.33948339483395	-0.1339090307585294	0.0503494693243593	0.1716950082281953	-0.3165637964180917	0.07070378208258722	-0.3552741808085402	-0.09804955192409064	-0.320731799893722	0.0	0.1873584517191682	-0.08888888888888889			-0.2113672542892518
C.M. SISTEMI	0.27350062131881714	No	No	No	na	NF	Italy																																Active																							
GREEN EARTH AEROGEL TECHNOLOGIES	0.10113052278757095	No	No	No	94	NF	Spain																																Active																							
ELIMI SP. Z O.O.	0.6044623255729675	No	No	No	58	U1	Poland				1304.81381315954	1304.81381315954		100.0		0.0				1304.81381315954	0.0	0.0	1304.81381315954		0.0	1304.81381315954	0.0				0.0				1304.81381315954				Active	0.002951679810845625		-1.0			0.002951679810845625				0.0				0.002951679810845625			-1.133726890641446	-1.0					0.002951679810845625
AFRIMAX	0.2710067927837372	No	No	No	na	NF	Netherlands																																Active																							
MEITICHEOL TEORANTA	0.9839067459106445	No	No	No	na	U1	Ireland				203463.0	167334.0	5.372	82.243		9362.0	0.0	9362.0	0.0	194101.0	0.0	0.0	194101.0	178825.0	188046.0	-20712.0	0.0				36129.0	0.0	36129.0	0.0	203463.0	-36129.0	157972.0	4453.0	Inactive	-2.755294710010385	11.66564437194127	-1.0	-1.0		5.933244735227969	0.4640758601126555				12.47994874114277		-0.3223307998552298	11.49764986156719	-0.3223307998552298	7.540540540540541	-0.9211560130340775	0.1235682490365369	0.4640758601126555		0.476400637489273	-18.27225016400612	5.933244735227969
COVELUS LTD	0.22351059317588806	No	No	No	46	U1	United Kingdom				568274.893498042	-1668864.73945134	1.428			74726.5911047373	65168.9693102183	9557.62179451905	0.0	493548.302393305	0.0	0.0	493548.302393305	390418.408459884	27476.1261289513	-1696340.86558029	1891437.50522688	774231.053212415	1117206.45201446		345702.127722503	0.0	0.0	345702.127722503	568274.893498042	0.0	147846.174670802	12096.2493717398	Inactive	1.213495041172399	1.164460536147292		1.009928991289542		0.8188861171433143		-0.1041785884714708			0.9978027418393859	1.758262235735027	-0.1146816745541769	1.164460536147292	-0.1802183896800962	-0.2149532710280374	1.171417576129871	0.007799087969595503	1.758262235735027			0.4397274059050948	0.8188861171433143
DIGICOMPANION	0.1534184068441391	No	No	No	73	U1	France	532169.0	-90366.0	-46614.0	744245.0	323014.0	0.677	43.402	6.0	461315.0	459329.0	690.0	1296.0	282931.0	0.0	191123.0	91808.0	30359.0	60056.0	262958.0	3150.0	0.0	3150.0	0.0	418080.0	267.0	150809.0	267004.0	744244.0	40314.0	-135149.0	171296.0	Inactive	-0.2066013799133931	-0.7131699148332594	1.384893747114389	inf	-0.321658059092001	-0.08387423173552376	-0.3578715649456267	0.1278187550334911	-0.6485410540601674	-0.1339519106056071	-0.850281594287236	0.5692455979500199	0.1192456437454812	-0.2930560171107174	-0.598136284216657	-0.3147773279352226	-0.2423509887025997	0.0	0.03165692373368604		-1.260562697535532	25.84723877632102	-0.08387433498034176
ABACUS E-MEDIA	0.5841038823127747	No	No	No	na	NF	United Kingdom																																Active																							
IM3D S.R.L. IN LIQUIDAZIONE	0.5203418135643005	No	No	No	86	U2	Italy	130081.0	-7908.0	-7908.0	70630.0	-182729.0	0.313			0.0	0.0	0.0	0.0	70630.0	0.0	0.0	70630.0	39916.0	50000.0	-232729.0	27377.0	0.0	27377.0	27377.0	225982.0	0.0	198605.0	27377.0	70630.0	-198605.0	-155352.0		Inactive	-0.0683081284480385	0.248828615379175		0.0	-1.004458177525441	0.248828615379175	0.003415366116132553		-1.004458177525441		0.6595709296524197	0.0		0.248828615379175		0.2470119521912351	-0.05443147006005054	0.0	0.003000363949473161		0.003415366116132553	-0.07939010008948201	0.248828615379175
CIKLUM TOB	0.27350062131881714	No	No	No	na	NF	Ukraine																																Active																							
ADBRAIN LTD	0.3498367667198181	No	No	No	73	U1	United Kingdom				1722440.51308136	-765105.084263055	1.424	-44.42	24.0	10844.3435649123	0.0	10843.1765025398	1.1670623724615	1711596.16951645	0.0	152163.926246275	1559432.24327017	856204.805995027	818.110723095511	-765923.194986151	1285363.9839708	1285363.9839708	0.0	0.0	1202181.61337361	607359.098689296	322732.426106268	272090.088578047	1722440.51308136	-170568.499859993	509414.556142838	16066.9476816775	Inactive	-1.851058221191551	0.00798548434015977	inf	inf		0.09629455942602433	inf			-1.776301992310381	-0.2105438752830334	-0.5951902697183805	-0.5494566044487248	0.1063411708782406	-0.5494796140854217	-0.3814074717636838	-1.852757127963724	-0.01630564008094863	0.788579720792365	-0.25	-inf	-0.4177686326445592	0.09629455942602433
ANGIODROID S.P.A.	0.37386107444763184	No	No	No	26	U1	Italy	3936002.0	-702713.0	-573397.0	10702705.0	9777527.0	13.562	91.356	26.0	669632.0	554753.0	108207.0	6672.0	10033073.0	699074.0	1528177.0	7805822.0	162190.0	64735.0	9712792.0	185397.0	0.0	185397.0	0.0	739781.0	9707.0	412837.0	317237.0	10702705.0	1814414.0	9293292.0	239108.0	Active	1.917863452425006	2.236275470288481	0.5274316133726741	0.1433743038809983	32.5072000762922	1.464490373186121	0.7165922377732871	0.9457985359677029	21.66391304347826	0.1839659931830846	-0.9255288033504003	-0.256125927975501	0.5835522753016906	1.559523344861692	-0.2015068553802559	1.870872142252328	1.915667764655874	2.289547233091112	-0.1083720924626701	0.1818181818181818	0.4315761734036913	2.007341267658231	1.464490373186121
YONDR BELGIUM	0.4879603385925293	No	No	No	71	U1	Belgium	3681187.0	449771.0	457972.0	7164406.0	-12735879.0	0.363		1.0	0.0				7164406.0	4999076.0	2155861.0	9468.0		5000.0	-12740879.0	177673.0	0.0	177673.0	0.0	19722612.0	0.0	988684.0	18733929.0	7164406.0	6166253.0	-12558206.0	709.0	Active	-0.0347110180340827	-0.987898463662159	-0.0995838439222585	-0.9453377927079933	-1.050733414698524	1.254813473855686	-0.8322453509559726		-1.051655793472474			1.592134156111435	-1.0	1.255316724347541		0.5	-0.0346978687766079	0.0	0.5031500236188894	0.0	-2.762120367372448	0.2628699400051085	1.254813473855686
AUDION THERAPEUTICS B.V.	0.24501700699329376	No	No	No	70	U1	Netherlands				538459.0	-745887.0	17.463			493999.0	0.0	493999.0	0.0	44460.0	0.0	44460.0	0.0				1281800.0	1281800.0	0.0	0.0	2546.0				538459.0		41914.0		Active	0.2819055508388645	-1.0	2.179575198455267	0.08248249769873241		-0.1373476024928307		-1.0					-0.07142696025173027	-0.5177455744533148	inf	3.151925820256776			-0.883839766402044			-0.4035631954919316	-0.1373476024928307
SIMPLY ZESTY LIMITED	0.03493846207857132	No	No	No	73	U1	Ireland	1638000.0	-17000.0	-17000.0	8743000.0	-1671000.0	0.85	-19.112		0.0				8743000.0	0.0	0.0	8743000.0	124000.0	0.0	-1671000.0	125000.0	125000.0	0.0	0.0	10289000.0	10288000.0	0.0	1000.0	8743000.0	0.0	-1546000.0		Active	0.01027811366384522	0.2552763819095477		0.0	-0.9604651162790697	0.2552763819095477			-0.9603729603729604	-0.1951825493746579	1.530612244897959	inf		0.2552763819095477		0.03658536585365857	0.01027811366384522		0.2113256416293854			0.01111837802485285	0.2552763819095477
FUTURE HOME AS	0.9551932215690613	No	No	No	35	U1	Norway	20840.7998084169	-261618.55078651	-182911.274914297	148767.836930295	-29820.0805769369	0.333	-20.045		89238.5310945509	84915.1736874857	4323.3574070652	0.0	59529.3058357439	13967.7700843645	0.0	45561.5357513794	45561.5357513794	197433.321589311	-227253.402166248	0.0	0.0	0.0	0.0	178587.917507232	0.0	12970.0722211956	165617.845286036	148767.836930295	997.697863168892	-119058.611671488	1108.55318129877	Inactive	0.1162465386070485	1.343743501957236		-1.0	2.656087795348393	2.745968713817028	inf	3.684260567412227	2.796281797905376	-0.70200841422986	1.343743501957236	2.412023799348574	3.401521448537557	2.062263407666754	1.132414117925028	-0.1675	3.716592536791532	8.197023112310024	2.679230482430097		inf	3.091384716800676	2.745968713817028
STARTUP WISE GUYS SA	0.07445389032363892	No	No	No	94	NF	Estonia																																Active																							
MATERIALISE NV	0.0011892503825947642	Yes	No	No	58	C1	Belgium	264228000.0	6773000.0	6722000.0	396630000.0	236594000.0	1.967	59.651	2437.0	190165000.0	74621000.0	103502000.0	12042000.0	206465000.0	17034000.0	52698000.0	136733000.0	127573000.0	4487000.0	232107000.0	55086000.0	38915000.0	16171000.0	1430000.0	104950000.0	22873000.0	21196000.0	60881000.0	396630000.0	48536000.0	101515000.0	25835000.0	Active	0.03348651104277327	-0.08411146091499766	0.03242364281096331	-0.2772763054316452	-6.75446049277825	-0.03557829315618754	-0.08755919070167886	-0.09030952468029599	-4.166274140367404	0.07160693433935156	-0.09437270616964939	-0.07512229210342418	-0.02403411890293973	-0.04597207204709492	0.007848406948664018	-0.03531142717018149	0.03415596972032739	0.0	-0.01096933486627589	0.001644060830250719	0.1057547728618946	-0.07964641885766092	-0.03557829315618754
MIRACOR MEDICAL SYSTEMS GMBH	0.738821268081665	No	No	No	32	U1	Austria				2250471.33	-3601130.86			9.0	751852.03	23916.81	227893.34	500041.88	1498619.3	98950.58	0.0	1399668.72	1302552.87	542791.8	-4143922.66	5851602.19	5430649.64	420952.55	420952.55	0.0				2250471.33	98950.58	1498619.3		Inactive	0.1234108058271987	-0.3038762476078946		-0.02494697947063251		-0.195048073679181		0.7984375869448502			1.552158356477515		0.07765343114695382	-0.2857283596162783	0.2393095011701457		0.1486667704847227	0.3500268616624386		0.125	0.131541532476767	-0.2857283596162783	-0.195048073679181
MEGAZEBRA GMBH	0.09808096289634705	No	No	No	58	U1	Germany				1745618.75	1391201.63	9.757	79.697	30.0	4209.0	2.0	4143.0	64.0	1741409.75	0.0	0.0	1741409.75	1508445.07	12700.0	1378501.63	175939.64	0.0	175939.64	175939.64	178477.48	0.0	0.0	178477.48	1745618.75		1562932.27		Active	0.05179314606815377	0.09325098779121645		0.0374038082243637		0.09189288313101722		-0.9857142857142858		-0.03671964706593336	0.408908950876434	0.6771425027439071	-0.2787868403015764	0.09325098710487732	-0.2643821022727273	-0.3481427044361304	0.05229526390645068	0.0	0.6771425027439071	0.0		0.05144930066812178	0.09189288313101722
HAVKRAFT	0.6438981294631958	No	No	No	31	NF	Norway																																Active																							
UCB PHARMA	0.015998244285583496	No	No	Yes	21	U1	Belgium	4522456000.0	995525000.0	938116000.0	15197496000.0	11797740000.0	2.201	77.629	1464.0	12448607000.0	14895000.0	869136000.0	11564576000.0	2748889000.0	821359000.0	966241000.0	961289000.0	7687000.0	7804774000.0	3992966000.0	2151069000.0	2081400000.0	69669000.0	62873000.0	1248688000.0	224093000.0	567453000.0	457142000.0	15197496000.0	1220147000.0	1500201000.0	51731000.0	Active	0.05246527448199868	0.7295218527127878	0.1022812443316834	0.01738340786495863	-0.006061326123506883	0.04318960548374323	-0.2136869979477956	-0.3905233438356725	-0.01053053475371796	0.00888946650204707	-0.543716982252033	0.1752749597651209	-0.0003054830104788543	0.2991668738296865	0.1713296891677718	0.2947058823529413	0.1727289014200332	0.0	0.003479706001006141	0.07567964731814843	0.455308911738992	0.7213457284218063	0.04318960548374323
TRIPWOLF GMBH	0.7056818604469299	No	No	No	62	U1	Austria				44957.63	-1728136.91			7.0	611.39	0.07	611.32	0.0	44346.24	0.0	0.0	44346.24	16836.17	64814.81	-1792951.72	1773094.54	1753144.54	19950.0	19950.0	0.0				44957.63		44346.24		Inactive	0.1434972133003679	-0.4304188298564958		0.1135559929656657		-0.4988003908581991		-0.9993942540671513			60.16683015440508		-0.9483728832451476	-0.4304188298564958	-0.9478701033354198		0.1375960558552498	0.0	-1.0	-0.3636363636363636		-0.3588399324924822	-0.4988003908581991
SOLARPRINT LIMITED	0.7301911115646362	No	No	No	na	U1	Ireland				1595852.0	862170.0	6.636	54.026		321853.0	35013.0	286840.0	0.0	1273999.0	36758.0	276543.0	960698.0	701210.0	414.0	861756.0	541697.0	541697.0	0.0	0.0	191985.0	59500.0	54759.0	77726.0	1595852.0	258542.0	1082014.0	144018.0	Inactive	-0.3917260004910386	-0.2181641508758338	0.5707851000261284	12.73958808907827		-0.1527077903426277	0.3994479797592578	-0.4213970551782262		-0.2820942130091023	-0.31924796029715	-0.768572058096673	-0.2617186872776402	-0.1198771143000047	-0.2359816320225018	0.9557913351016801	-0.391848175874801	0.04545454545454546	-0.5500101958780527		0.4393591021194391	0.05988259160470221	-0.1527077903426277
INSIGNIA TECHNOLOGIES LIMITED	0.8462251424789429	No	No	No	82	U1	United Kingdom				4375068.16770621	2134987.43109401	2.055	48.799	5.0	3959028.42121167	3814924.3478583	144104.073353376	0.0	416039.746494536	157416.405965707	9753.284935751	248870.055593078	222796.858935432	26143.1679381925	2108844.26315582	2037630.10291482	910793.625741463	1126836.47717336		202450.633697379	4743.81563022908	136770.134389042	60936.6836781077	4375068.16770621	30399.5565124155	213589.112797157	24756.787820258	Active	0.3714243199461318	0.9968244396060612	0.08006959092458547	0.03387522627270566		0.1677717118714145	-0.06831968766185308	0.1100200761332154		0.174407970735464	1.446990083975879	-0.09601203091108257	0.139412223866255	0.5301971764287142	2.810581604346071	0.6545893719806765	0.3666239521993549	0.9136399033006739	-0.07504736348333504	-0.375	65.95624197520905	3.029252921160911	0.1677717118714145
CELLTRAN LIMITED	0.9647201299667358	No	No	No	82	U1	United Kingdom	118555.333850686	-11365010.6912614	-11365010.6912614	411979.785131133	-5615076.99950311	0.32		14.0	182278.82579543	0.0	182278.82579543	0.0	229700.959335704	0.0	44458.2501940072	185242.709141697		157085.817352159	-5772162.81685527	5309797.01483759	389750.66003413	4920046.35480346		717259.76979665	177833.000776029	388268.718360996	151158.050659625	411979.785131133	-343810.468166989	-487558.810460946	131892.808908888	Inactive	1.190056845190638	-0.7761733415901928	0.03417137679313863	0.5457424858284379	6.701209881130123	-0.6331441078916977	1.767642154205028		6.701209881130123			0.6827020775719383	-0.2778050822660624	-0.736159710501759	-0.2778050822660624	-0.9074609600925391	1.219362412124634	3.25421465572405	1.848685379038552	0.2727272727272727	2.533531995904922	-1.787884903676627	-0.6331441078916977
DIATOS	0.19248655438423157	No	No	No	72	U1	France	624418.0	-10085586.0	-9332484.0	11752132.0	4067826.0	1.207	34.614	20.0	5072592.0	3736339.0	1170581.0	165671.999999999	6679540.0	0.0	223631.0	6455909.0	3235403.0	1866617.0	2201209.0	2151201.0	2034514.0	116687.0	116687.0	5533105.0	1489515.0	2671911.0	1371679.0	11752000.0	-2448280.0	1146435.0	1226929.0	Inactive	-0.4299183730957051	-0.3364161568086348	0.4284135693253023	-0.2810522326405878	-0.1368507211648937	-0.2906563371164973	-0.2350814442097573	-0.1066305621308849	-0.1222222389433202	-0.1963128932642969	-0.4207969056684299	0.07351041008772445	-0.2408802905269415	-0.3243032586100871	-0.3683287204644635	-0.2136807817589576	-0.663999422396426	2.194571707777905	-0.1408151340375938	-0.3333333333333333	-0.2662146370440703	-0.6672625225513893	-0.2906643044677405
CURRENCYBIRD LIMITED	0.03648770600557327	No	No	No	66	NF	United Kingdom																																Inactive																							
VISIOGROUP	0.7556082606315613	No	No	No	62	U1	France	62941.0	-19375.0	625.0	32317.0	15058.0	1.873	46.595		0.0	0.0	0.0	0.0	32317.0	0.0	22773.0	9544.0	5468.0	1010.0	14048.0	0.0	0.0	0.0	0.0	17258.0	0.0	2714.0	14544.0	32317.0	20059.0	15059.0		Inactive																							
REVEALR SOFTWARE LIMITED	0.700890839099884	No	No	No	62	NF	United Kingdom																																Inactive																							
B.S. GEOTEKNIK APS	0.38549062609672546	No	No	No	71	U1	Denmark		-116669.988877416	-116669.988877416	235896.759518005	137931.647750117	3.269	58.471	1.0	4978.99606512618	0.0	4978.99606512618	0.0	230917.763452879	0.0	4575.2936814673	226477.037232632	29604.8414683178	16820.9326524533	121110.715097664	27317.1946275842	27317.1946275842	0.0	0.0	70647.917140304	0.0	70244.2147566451	403.70238365888	235896.759518005			1480.24207341589	Inactive	-0.4580950583488173	-0.3527617993891274	inf	-0.323145748391479	10.11846601259166	-0.3378074149819903	0.1425485960256374		4.420252181138413	-0.1816515045486355	1.245520287833643		-0.2289529769237914	-0.3398170353769106	-0.2289529769237914	-0.4253823167516259	-0.4905209410224646	0.0002772191258906304	0.1491149672671643	inf			-0.3378074149819903
J LEFEBVRE LIMITED	0.055999692529439926	No	No	No	58	U1	Ireland				263845.0	-51607.0	0.983	-19.56		0.0				263845.0	0.0	0.0	263845.0		0.0	-51607.0	46982.0	0.0	46982.0		268470.0	0.0	0.0	268470.0	263845.0	0.0	-4625.0		Inactive	-0.6988105798860771	1.301649612240803		1.049646627693918		1.301649612240803						0.02058504875406284		1.301649612240803		1.254587155963303	-0.6988105798860771		0.02058504875406284			-0.9688388513832181	1.301649612240803
TRADIMO INTERACTIVE APS	0.956430196762085	No	No	No	62	U1	Denmark		-62125.6220741826	-62125.6220741826	18422.5329527338	-987286.401014391	1.593		0.0	0.0				18422.5329527338	0.0	1748.12356485795	16539.9383444252	16405.4673009746	14388.4016492155	-1001674.80266361	994009.953186922	0.0	994009.953186922		11564.5097367526	1882.59460830856	6320.13904217875	3361.77608626529	18422.5329527338				Inactive	0.0663865475309208	-0.7141584410867816	-0.9051774782312685	0.008699115382318812	-0.7724647726113624	-0.7589756350111971	2.13108829573775		-0.7725768589302734		-0.6857923019741128	-0.7397699222292439		-0.7589756350111971		-0.6522593320235757	0.06535892104869194	-0.0007165013602853428	-0.3069485412660095				-0.7589756350111971
WEWANTTOKNOW AS	0.7008775472640991	No	No	No	62	U1	Norway	792357.427010894	-234571.567052692	-234571.567052692	1071953.87068724	198591.86653647	0.912	18.526		670549.055430833	457886.914949472	5829.11349145508	206833.026989906	401404.815256407	19497.3796093498	102109.988057213	279696.945633095	261908.099288482	198591.86653647	0.0	433464.93945941	31457.1124625076	402007.826996902	0.0	439897.06469136	0.0	248943.346867832	190853.215866779	1071953.87068724	-127335.979201269	-38492.2494349534	1206.02348099071	Inactive	-0.5464196106861885	-0.5907317730030757	0.6242333030821754	3.550110794666713	-0.5561779083293823	0.3216535460441013	0.364027987910563	inf	-0.5561779083293823	-0.6568115297691823	-0.5190577245849137	0.9970120864680909	17.97239446517696	-0.4825436050240117	1.869745277916157	-0.6731182795698925		-0.5464196106861885	0.5819343444042997		0.4119164597389638	-1.077347814316811	0.3214880704530096
HANTEC MARKETS LIMITED	0.04412422701716423	No	No	No	64	U2	United Kingdom	7849826.32019874	-59403.8568272257	-63871.0748060066	6616385.48405546	6214202.17213506	18.807	93.921	43.0	242202.508721583	0.0	242202.508721583	0.0	6374182.97533388	0.0	307748.214003123	6066434.76133075	4388669.39598737	3457599.054784	2756603.11735106	63248.7069761455	63248.7069761455	0.0	0.0	338934.604944257	12183.4265360406	192094.983219653	134656.195188563	6616385.48405546	115653.23078347	6035248.37038962	80213.9930049523	Active	0.04505708989229386	0.2154548204927369	-0.6575258799552024	-0.06591009239647691	-1.044476495880516	-0.0613097946350185	0.3451295332839864		-1.05895103733975	0.1133093098788556	0.03670862349476037	-0.8489944146619053	-0.7909965359449588	0.08226213829770067	6.624944423322703	2.303530651677498	0.07468224173349669	0.0225831732041401	-0.6723806129593373	0.5925925925925926	-0.846978049262702	0.2430618705545229	-0.0613097946350185
ADS-CLICK S.A.	0.24979428946971893	No	No	No	na	NF	Switzerland																																Active																							
NIU LIMITED	0.5818960070610046	No	No	No	61	U1	United Kingdom	4078713.51749164	6924411.27128119	6318389.96095282	13646797.117094	7170930.54100875	2.107	52.547	38.0	0.0				13646797.117094	0.0	0.0	13646797.117094	70374.5020314597	191186.354105332	6979744.18690341	0.0				6475866.57608524	4040231.28915438	10994.4102757698	2424640.8766551	13646797.117094	-10994.4102757698	7170930.54100875	70644.5527566335	Inactive	7.586113848167918	2.15168287577218	-1.0		-22.80798743515491	1.236522976403059	-0.9866584979412886		-29.40695448718232	2.839190472711332	-0.8347673703255667	0.34642256642958	-1.0	1.262180358947665		0.8401746724890832	9.773121545739045	0.0207894831336011	0.2296072307857005	-0.3333333333333333	-1.012514885673624	8.36187194329017	1.236522976403059
SPONSIA LTD OOD	0.5848255753517151	No	No	No	73	U1	Bulgaria	0.0	-22496.1529776122	-22496.1529776122	511.276204036642	511.276204036642		100.0		0.0	0.0	0.0	0.0	511.276204036642	0.0	0.0	511.276204036642	511.276204036642	511.276204036642	0.0	0.0	0.0	0.0	0.0	0.0	0.0	0.0	0.0	511.276204036642	-511.276204036642	511.276204036642		Inactive	-0.9772735657303355	-0.9772735657303355			-0.02225829453177221	-0.9772735657303355			-0.02225829453177221	0.0	-0.9772735657303355			-0.9772735657303355			-1.0	-3.689213476656742e-05			-0.9772735657303355	-0.9772735657303355	-0.9772735657303355
COUCHFUNK GMBH	0.43763020634651184	No	No	No	62	U1	Germany				322135.5	163984.0	5.451	50.905		6662.0				315473.5			3356.88				100279.05	0.0	100279.05	100279.05	57872.45	0.0	0.0	57872.45	322135.5		257601.05		Active	14.30725307878497	-0.9821684938372335		-0.1994955369138393		-0.04853965750907011				15.08881163084703		-0.7143327135170142	-0.9556794443631331	0.6757726399035779		4.867599569429493			-0.7143327135170142			-18.97465346949171	-0.04853965750907011
OMMVEN LIMITED	0.8954015374183655	No	No	No	63	U1	United Kingdom																		46343.2406759832	-46343.2406759832													Inactive																	0.06046373993237508	0.0562786862529297					
HAXI LTD	0.9753274321556091	No	No	No	62	U1	United Kingdom				1.12661635349658	1.12661635349658		100.0		0.0				1.12661635349658	0.0	0.0	1.12661635349658	1.12661635349658	1.12661635349658	0.0	0.0				0.0				1.12661635349658				Inactive	-0.03465626166972846	-0.03465626166972846				-0.03465626166972846				0.0	-0.03465626166972846			-0.03465626166972846				-0.03465626166972846					-0.03465626166972846
TIME WARDEN LIMITED	0.6322301030158997	No	No	No	62	U1	Ireland				16813.0	7600.0	1.825	45.203	1.0	0.0				16813.0	0.0	519.0	16294.0	16294.0	136.0	7464.0	0.0				9213.0	2.0	1342.0	7869.0	16813.0	-823.0	7600.0	169.0	Active	-6.177111716621253	1.496399571012716	-0.7129424778761062			0.9777673214915892	-0.3306733167082294			-3.617580635821414	1.496399571012716	-0.01168048229088169	-1.0	1.017156568686263		1.183014354066986	-5.653366583541147	0.0	-0.07583508877520313	0.0	3.177664974619289	-5.651162790697675	0.9777673214915892
JEDOX GMBH	0.06185491383075714	No	No	No	62	U2	Germany	48487993.81	-8442054.449	-8462341.289	39213343.23	9965747.68	1.941	25.414	257.0	1388416.9	6807.0	429653.77	951956.13	37824926.33	336026.66	1216540.8	36272358.87	12971209.54	230826.0	9734921.68100001	9758145.05	0.0	9758145.05	9758145.05	19489450.5			15634078.05	39213343.23	1552567.46	18335475.83	331814.51	Active	-0.4592088362377816	-0.3133675018491078	-0.151576030489682	0.08694691277029032	-0.5543193240015702	-0.3002345897632737		-0.7563795139758778	-0.5533478959868691	-0.2271856469514975	-0.3892360692401058	-0.404996757556788	-0.03626886885573276	-0.3071999146323571	-0.06753332532646676	0.01782905086523337	-0.4650337417748484	0.0	-0.3193165658741545	0.01984126984126984	-3.65015372015999	-0.293838611930142	-0.3002345897632737
APPLIXURE OY	0.08574861288070679	No	No	No	62	U1	Finland	1109000.0	32000.0	32000.0	493000.0	170000.0	1.22	34.483	5.0	205000.0	205000.0	0.0	0.0	288000.0	0.0	114000.0	174000.0	126000.0	105000.0	65000.0	87000.0	87000.0	0.0	0.0	236000.0	0.0	45000.0	191000.0	493000.0			91000.0	Active	0.2318840579710145	0.4745762711864407	0.2391304347826087	-0.275	-1.380952380952381	0.0670995670995671	-0.1818181818181818	-0.1865079365079365	-1.380952380952381	0.1544358888516905	0.4482758620689655	0.2905405405405405	-0.1865079365079365	0.3714285714285714		0.1798839458413926	0.9696969696969697	0.0	0.1625615763546798	0.0			0.0670995670995671
MACOSCOPE SP. Z O.O. W LIKWIDACJI	0.5734171867370605	No	No	No	62	U1	Poland	4829.61049002438	-10349.1653357665	-10349.1653357665	17708.571796756	16098.7016334146	10.857	90.909						17478.5903448501	0.0	1149.90725952961	16328.6830853205	16328.6830853205	1379.88871143554	14718.8129219791	0.0				1609.87016334146	0.0	1379.88871143554	229.981451905923	17708.571796756	-229.981451905923			Inactive	-0.3427589545842993	-0.3447651848816626	4.398765730200367		1.024537148825142	-0.2954153199568992	5.478518876240477		1.024537148825142	-0.0671981776765375	-0.3447651848816626	-0.460123426979961		-0.3045657703470684		-0.7239722370528564	-0.3660165014076585	0.07975314604008125	1.519424007426847				-0.2954153199568992
NOVAVAX AB	0.0013926916290074587	No	No	No	72	U2	Sweden	73931869.702066	17564931.6324242	17059793.3984594	325860303.775406	206993571.825006	0.156	63.522	195.0	307338898.980258	2325888.94597026	6089416.6266785	298923593.407609	18521404.7951483	6224240.31945483	532355.316330066	11764809.1593634	5301202.71155699	4506.13946444951	206989065.685542	0.0	0.0	0.0	0.0	118866731.950399	0.0	1855988.72261747	117010743.227782	325860303.775406			3310119.92779532	Active	0.1032709091433273	-0.9469553879325034	1.605952655860841		-0.623007799679183	-0.03299824754375612	2.273885564504691	-0.3355945243443845	-0.6341438830358992	0.1409224800632229	-0.2876548849985284	-0.2136114032527045	2.078358200011746	-0.9218972367626782	-0.2054228505870634	-0.9017632241813602	0.1032733280994673	0.002323418675439208	-0.2041700476384252	0.1676646706586826			-0.03299824754375612
BIG GAME HUNTERS LIMITED	0.21120209991931915	No	No	No	32	U1	United Kingdom				9.22026414609067	9.22026414609067		100.0		9.22026414609067	0.0	0.0	9.22026414609067	0.0					9.22026414609067	0.0	0.0				0.0				9.22026414609067		0.0		Active	0.01863731197532119					0.01863731197532119				0.0			0.01863731197532119					0.01863731197532119					0.01863731197532119
ELECTRONICSTARS LTD	0.9886947274208069	No	No	No	na	U1	Malta	0.0	-267068.0	-267068.0	68926.0	-765283.0	0.057			21280.0	0.0	21280.0	0.0	47646.0	0.0	150.0	36875.0	36692.0	1200.0	-766483.0	0.0	0.0	0.0	0.0	834209.0	0.0	77155.0	757054.0	68926.0	-77005.0	-786563.0		Inactive	0.5360496974197887	0.6377970242060849	inf		-0.09200693570870024	0.2139347293893869	4.108587697808383		-0.09200693570870024		0.6329327992879394	0.4022348955622524	-0.2330978809283552	0.6412111191484965	-0.2330978809283552	0.09615384615384624	0.5347616711552516	0.0	0.5030955289606734		4.098655896179567	0.4954721149586568	0.2139347293893869
FOREST CHEMICAL GROUP SA	0.048715174198150635	No	No	No	20	U1	Spain	10009488.54	416295.96	338018.46	17314385.16	4062607.54	1.352	23.464	32.0	6063562.95	2235718.28	817824.33	3010020.34	11250822.21	2558632.64	5459249.44	3232940.13	339482.41	525933.0	3536674.539	4930137.46	4930137.46	0.0	0.0	8321640.16	6780354.73	759912.78	781372.65	17314385.16	7257969.3		1434246.07	Inactive	0.09075322209772466	-0.201802474985025	-0.2600562219078776	0.1685693364402885	-0.09993625982071927	-0.05412901783468724	0.717482128112384	-0.2644291108012953	-0.1008799377715217	0.1531921167739715	-0.5225178400164538	0.3028291428216815	0.1274075628268883	-0.1296585033728822	0.179620817567721	0.08333333333333341	0.1056751497040204	0.0	-0.1968837797254893	0.103448275862069	-0.1394542657899034		-0.05412901783468724
MOBILE INDUSTRIAL ROBOTS A/S	0.010047592222690582	No	No	No	28	C2	Denmark	61922362.5963326	-31302726.3305475	-24179053.6300236	82989203.6841906	24419094.5111589	1.023	29.424	280.0	26157076.3632249	23685956.7948238	2172175.41906091	298944.149340151	56832127.3209657	18600283.5037827	19242181.5336046	18989662.2835785	12124144.225483	190529.933600994	24228564.5775579	3038818.26492627	1793664.8960409	1245153.36888537	1245153.36888537	55531290.9081054	45478555.9184902	2000295.95079128	8052439.03882397	82989203.6841906			4427405.7880507	Inactive	-0.4466525235201382	1.009698339696744	-0.09094438276748801	-0.1144516028678849	2.560697212080301	0.3167194051856153	-0.554204886122847	0.5597146034227544	2.470539018015923	-0.5797592013368181	0.7537442804313232	0.1623573764296563	0.4693932776302541	0.2566258432017565	-0.06621881010995832	-0.6501367989056088	-0.4485840468937631	-0.002194032743975413	2.590558961702451	0.01083032490974729			0.3167194051856153
EVOLSO LIMITED	0.700890839099884	No	No	No	62	NF	United Kingdom																																Inactive																							
BLUE DOT WORLD LIMITED	0.15799979865550995	No	No	No	73	U1	United Kingdom				1797.95150848768	1797.95150848768		100.0		1215.92233426571	0.0	0.0	1215.92233426571	582.029174221974	0.0	0.0	582.029174221974		0.0	1797.95150848768	0.0				0.0				1797.95150848768				Active	-0.8585981307455511	-0.9494832718700246				-0.8585981307455511				0.0			0.01863731197532092	-0.9494832718700246			-0.8585981307455511						-0.8585981307455511
F N Z	0.004902899730950594	No	No	No	66	LF	United Kingdom	41005629.2367998							457.0																								Active																							
SILICON AND SOFTWARE SYSTEMS LIMITED	0.5179227590560913	No	No	No	na	NF	Ireland																																Active																							
MICRIMA LIMITED	0.5029910802841187	No	No	No	72	U1	United Kingdom				3301733.94699339	2788675.80618323	10.897	84.461	13.0	85301.2737475579	0.0	85301.2737475579	0.0	3216432.67324584	0.0	0.0	3216432.67324584	2693946.8123463	1685684.41971186	1102991.38647137	217879.451904196	217879.451904196	0.0	0.0	295178.688905965	0.0	62719.6943207635	232458.994585201	3301733.94699339	-62719.6943207635	2921253.98433987	58686.9812898671	Active	-1.621699033885917	1.739553170872969		-0.9553790432148251		1.517036955500794	0.8824104822189954				5.575504736103171	-0.7361755405123471	-0.3804483245217833	1.739553170872969	-0.3804483245217833	7.486760124610591	-1.233894883618947	6.323180275356215	-0.6771996705234793	-0.48	0.8824104822189954	10.25113557851335	1.517036955500794
NASDAQ CORPORATE SOLUTIONS INTERNATIONAL LIMITED	0.0032311773393303156	No	No	No	62	U1	United Kingdom	65959563.7529357	10367617.6809679	8126724.68290206	63409719.2963956	46498147.0689049	2.798	73.33	44.0	16404352.8189511	12175607.7520447	3911343.23634236	317401.83056408	47005366.4774445	0.0	6371466.45500983	40633900.0224347	8352311.12309937	1152.53301826133	46496994.5358866	114173.378388023	0.0	114173.378388023	114173.378388023	16797398.8491027	2186473.84654263	477558.971314693	14133366.0312454	63409719.2963956	5893907.48369514	30207967.6283418	5430278.02643916	Active	-0.05074488611321528	0.1231270982834591	0.1465407929647901	-0.471194717483496	-0.1927801938035997	0.0035647525518466	37.93712933956132	-0.2652949354135793	-0.2780779349974728	-0.05411157691067407	-0.3626178730143244	0.3926897329422175	-0.2351608178629351	0.1262445886119597	-0.1430780359354334	-0.06233243967828416	-0.05074648876503532	0.0186373119753145	0.2011227100300686	0.02325581395348837	0.06295039068096459	0.08851160453285235	0.0035647525518466
INTERNET-COLLEGE INTERNATIONAL SL.	0.3452334403991699	No	No	No	62	NF	Spain																																Active																							
OXFORD DRUG DESIGN LIMITED	0.08999346941709518	No	No	No	72	U1	United Kingdom				974466.666939958	892506.586412339	11.803	91.589	7.0	7098.45085947156	1421.07321151622	5676.22511493707	1.15253301826133	967368.216080486	0.0	0.0	967368.216080486	626350.983972231	1008732.62610589	-116226.039693546	0.0				81960.0805276182	0.0	5715.41123755795	76244.6692900603	974466.666939958	-5715.41123755795	885408.135552868	4318.54121942522	Active	-0.4943954193481061	-0.4942634445201521				-0.493520147114437	-0.8957609898868012	-0.2474656646701228		-0.001733007803984894	-0.6205029031947892	-0.2664729147962226	-0.3666679583630089	-0.4942634445201521	-0.3908707186160197	-0.02025400514650948	-1.149978772833089	0.01863731197532639	-0.4837888990251271	-0.125	-0.8957609898868012	-0.4952115924230174	-0.493520147114437
GIVE AS YOU LIVE LIMITED	0.04549593850970268	No	No	No	62	U1	United Kingdom				548324.498635939	-6182628.53009979	1.253		13.0	9983.24100417967	0.0	9983.24100417967	0.0	538341.25763176	0.0	8777.69146707832	529563.566164681	71825.8576980463	10286.3571879824	-6192914.88728777	6301318.68538638	20013.7358621081	6281304.94952427		429634.34334935	14134.664935957	12836.9127573947	402662.765655999	548324.498635939	-4059.22129031642	108706.914282409	7196.41616602377	Active	0.09069880945749835	-0.1741397435969794	-0.4684156661638998	0.06538953223927797		-0.1851874300209983	-0.2238621986057525				2.234395337153009	0.008625311641090126	-0.3434943157492399	-0.1815274448419617	-0.3434943157492399	-0.1868916288124595	0.09057066376764898	0.01863731197531793	0.006452661592601414	0.0	148.4850255323783	-0.5291200639803553	-0.1851874300209983
AZNOG TECHNOLOGIES LIMITED	0.9858360290527344	No	No	No	61	U1	United Kingdom				16320.9949385742	16139.2593139537	82.288	98.886	2.0	1366.42472761534	0.0	1366.42472761534	0.0	14954.5702109589	0.0	42.0263631934891	14912.5438477654	1487.96042658029	17668.1102560736	-1528.8509421199	0.0				181.735624620494	0.0	60.1999256555385	121.535698964955	16320.9949385742	-18.1735624620494	14772.8345863384	1388.00583303902	Inactive	-0.6278737449974454	-0.8856716058829679	inf			-0.8769540855539478	inf			2.024314157262134	-0.9852132597811774	-0.9986385775820955	-0.3804340191336451	-0.8853494068897215	-0.3804340191336451	55.32306639288159	-1.056646035639373	0.07858408197262902	-0.9979642281601431	0.0	-inf	-0.6411305900620138	-0.8769540855539478
DEXSTR	0.038599222898483276	No	No	No	62	U1	France				1450938.0	1026264.0	4.4	70.731		608982.0	592445.0	9037.0	7500.0	841956.0	0.0	82092.0	759864.0	529854.0	125000.0	901264.0	233343.0	209343.0	24000.0	0.0	191332.0	90573.0	19710.0	81049.0	1450938.0	62382.0	650624.0		Inactive	0.1523818186105581	-0.1441768266929467	-0.2902483940413096	-0.2757933613693146		-0.03000883792633635	-0.5234756539819158	0.2604864120779638		0.1880374899220638	-0.2501379843249807	-0.4708248183284257	0.2370416564253924	-0.1610123383469286	-0.3884001082837033	0.2411847672778563	0.1772626277008043	0.0	-0.3240608914686234		-0.1604150684378407	-0.09695382364738916	-0.03000883792633635
ROOM IN THE MOON LIMITED	0.9685502648353577	No	No	No	55	U1	United Kingdom				1550.1657946796	-140451.623301268	0.179			0.0				1550.1657946796	0.0	832.165311252137	718.000483427464	718.000483427464	137.547985330932	-140589.171286599	133345.894379072	0.0	133345.894379072		8655.89471687554	0.0	0.0	8655.89471687554	1550.1657946796	832.165311252137	-7105.72892219594		Inactive	1.486174890098032	-0.8552793135280473	inf	1.195874838729726		-0.6875474834216657					-0.7960731272031988	10.87841934441019		-0.6875474834216657		-0.9737074030552291	1.483271021207094	0.1325364065860657	10.87841934441019		inf	-2.678818673292285	-0.6875474834216657
SHERPANY AG	0.3989102244377136	No	No	No	70	LF	Switzerland								1.0										106903.922761055														Active																		0.003782304982701487		0.0			
GLOBAL ROCKSTAR GMBH	0.7710992097854614	No	No	No	59	U1	Austria				456514.41	-430294.2		-94.256	12.0	23733.98	23285.98	448.0	0.0	432780.43	0.0	0.0	432780.43	230268.53	359370.93	-789665.13	886808.61	858776.23	28032.38	28032.38	0.0				456514.41		432780.43		Active	23.43716247950541	1.326836177465411		2.558144565191573		0.9709181533533152		-0.3510333839348992		11.39884240989213	1.770360026386383		-0.4798604076877459	1.326836177465411	-0.9540436933688538		2.27190196307456	0.6062043028303842				1.326836177465411	0.9709181533533152
ARCYCLE SOFTWARE LTD	0.32546040415763855	No	No	No	62	NF	Cyprus																																Active																							
COULL LIMITED	0.4999113380908966	No	No	No	58	U1	United Kingdom				85.967724565017	-1705.02653720617	0.048		3.0	0.0				85.967724565017	0.0	0.0	85.967724565017		5406634.37349607	-5408339.40003327	0.0				1790.99426177119	0.0	0.0	1790.99426177119	85.967724565017	0.0	-1705.02653720617		Active	-0.9884312795297922	-0.999377963617081				-0.999377963617081	-1.0					-0.9496186124901518		-0.999377963617081		-0.9008264462809917	0.007840717899836529	0.03597567756916929	-0.993728707710748	-0.4	-1.0	-0.9884312795297922	-0.999377963617081
FUBLES S.R.L.	0.10305023193359375	No	No	No	93	U1	Italy	103672.0	61262.0	44264.0	323846.0	296741.0	18.381	91.63		109.0	0.0	109.0	0.0	323737.0	0.0	0.0	323737.0	256911.0	68133.0	228608.0	9492.0	0.0	9492.0	0.0	17613.0	0.0	0.0	17613.0	323846.0	0.0	306124.0	859.0	Active	0.175323595113991	0.1285382620335769		-0.5671485247845319	0.3741728539063727	0.1251215987103588		-1.0	0.433976934041726	0.0446212777600438	0.1647119626075012	0.3117598867952633	-0.887396694214876	0.1285382620335769	-0.5674603174603174	-0.1396676807863327	0.2401230315227592	0.0	0.3117598867952633			0.1195412471611377	0.1251215987103588
KYBERNESIS AS	0.5031412243843079	No	No	No	62	U1	Norway	0.0	-533.909727969914	-533.909727969914	9788.34501278176	9343.4202394735	19.6	95.455	0.0	1067.81945593983	1067.81945593983	0.0	0.0	8720.52555684193	0.0	0.0	8720.52555684193	177.969909323305	2669.54863984957	6673.87159962393	0.0	0.0	0.0	0.0	444.924773308262	0.0	88.9849546616524	444.924773308262	9788.34501278176				Active	-0.1147596969431311	-0.118164467339507			-0.6880581789228192	-0.1201640943976901	-0.06417453676845576	-0.06417453676845858	-0.5989319443293387	0.006145121848385176	-0.06417453676845374	-0.0641745367684548	-0.06417453676845858	-0.1265629009838924		-0.0666666666666666	-0.1334949414522738	-0.06417453676845553	-0.0641745367684548				-0.1125793021080153
UMA INFORMATION TECHNOLOGY GMBH	0.9631853103637695	No	No	No	62	U1	Austria				138076.61	83075.48	35.469	60.166		10000.0	10000.0	0.0	0.0	128076.61	0.0	0.0	128076.61	1165.41	129871.0	-46795.52	51390.14	48770.14	2620.0	2620.0	3610.99	0.0	0.0	3610.99	138076.61		124465.62		Inactive	-0.03320416806171913	-0.2918057187206559		-0.4927430572418011		-0.276515887855952		0.0		0.3363095238095237	-0.9718213925876922	0.0	0.0	-0.2918057187206559		-0.2917956192720084	0.06493033027606607	0.0	0.0			-0.2977508561201838	-0.276515887855952
DINK	0.7121266722679138	No	No	No	62	U1	Belgium		-100563.0	-108743.0	532951.0	509666.0	9.767	95.631	1.0	305531.0	155802.0	149729.0	0.0	227421.0	0.0	30352.0	197069.0	195294.0	621117.0	-111451.0	0.0	0.0	0.0	0.0	23285.0	2185.0	11770.0	9330.0	532951.0	18582.0	204136.0	157891.0	Active	-0.1758431717520282	-0.4716762106978939	1.21143897996357		0.1016256600135837	-0.28353030219518	-0.8329927918724105	-0.5007594255282334	0.1912341432421182	0.1503097371744752	-0.4151315769770987	-0.8218547724972791	-0.1444680279118737	-0.4119431235503564	2.46643052275779	2.168018164125851	40.15620384047267	0.0	-0.8143867228913741	0.0	-1.327430353650156	-0.2187198603818068	-0.28353030219518
SEMU OU	0.9102888703346252	No	No	No	na	U1	Estonia		0.0	0.0	0.0	-27000.0				0.0				0.0	0.0	0.0	0.0		5000.0	-32000.0	0.0				27000.0	0.0	0.0	27000.0	0.0	0.0	-27000.0		Inactive	0.0					-1.0						-0.15625		-1.0			0.0	0.0	-0.15625		-1.0	0.0	-1.0
TF GROUP S.P.A.	0.28004467487335205	No	No	No	70	U1	Italy	3031786.0	188650.0	114851.0	1920052.0	634926.0	1.698	33.068	21.0	447462.0	50403.0	27183.0	369876.0	1472590.0	0.0	936838.0	535752.0	438835.0	100000.0	534926.0	418066.0	187279.0	230787.0	0.0	867060.0	118362.0	271082.0	477616.0	1920052.0	665756.0	605530.0	70404.0	Active	0.2231874006646438	0.3499501093562595	-0.128833169205762	-0.1553744454231754	2.152310134514162	-0.01171192594628594	0.1254006210664408	-0.3008710849723972	4.066210851345391	0.2376674900815929	0.6209622310462647	-0.1809484285746134	-0.0490760909989268	0.0002302596500189166	-0.1906208128628852	0.07129337539432176	0.05078033688552767	9.0	-0.06643165772821583	-0.125	-0.202216398424459	0.1141470343629713	-0.01171192594628594
LIXTO SOFTWARE GMBH & CO KG	0.6937434077262878	No	No	No	62	U1	Austria				2514849.03	-1621544.85		-64.479	14.0	116017.0	11943.0	104074.0	0.0	2398832.03	0.0	0.0	2398832.03	266368.56	831846.0	-2453390.85	4119349.71	4026485.64	92864.07	92864.07	17044.17	0.0	0.0	17044.17	2514849.03		2381787.86		Inactive	-0.0771943977739733	-0.01771919514571077		-0.04433534506284629		-0.02361484414278268		-0.3333891493636972		-0.0548788531726837	0.1390557857692903	-0.2393712067118887	-0.1314077368251615	-0.01771919514571077	-0.1001184578004894		0.396201172499221	inf	-0.2393712067118887	0.0		-0.01566654970294516	-0.02361484414278268
NVMDURANCE LIMITED	0.8602824211120605	No	No	No	58	U1	Ireland				5073.0	1193.0	1.307	23.517		0.0				5073.0	0.0	0.0	5073.0	4818.0	815.0	378.0	0.0				3880.0	2500.0	0.0	1380.0	5073.0	0.0	1193.0		Active	-0.9970472416583958	-0.4990124432154849				-0.9875609020491531	-1.0			-0.7626199921266996	0.6343283582089553	0.4822771213748657	-1.0	-0.4990124432154849		-0.5097524381095274	-0.9990625325509531	0.0	0.02159031068983676		-1.0	-0.8114728192161821	-0.9875609020491531
THE BUSINESS OF FASHION LTD	0.007932701148092747	No	No	No	63	C2	United Kingdom	20421227.7411106	-314508.972688244	-327122.294040096	3067437.81477708	-4682700.16200714	0.383		91.0	102152.459007557	3572.85235661014	98579.6066509467	0.0	2965285.35576953	0.0	1478397.89877851	1486887.45699102	946246.895987829	3.457599054784	-4682703.6196062	0.0				7750137.97678423	153670.684923838	719819.106687189	6876648.1851732	3067437.81477708	758578.792091318	-4784852.6210147	50316.1339782351	Active	0.06289472555067191	-0.3434003578771295	0.1977896636555812		-0.3048817352812381	-0.1438929868848181	0.02827709070716903	-0.746912265198085	-0.2905704031274623		-0.4508211170697679	0.01785565204883781	0.2130825366445708	-0.1524846647693187	0.4064327948019374	-0.1255707762557078	0.06289469145222308	0.01863731197532053	-0.02985247054056018	0.03409090909090909	0.4199020726059821	0.06571157918519906	-0.1438929868848181
SILKFRED LIMITED	0.027191245928406715	No	No	No	94	U1	United Kingdom	12885065.5868977	-4644189.42373496	-4223773.03946566	9146972.2663934	2376108.1717683	1.373	25.977	46.0	4921483.10526354	4892065.85250544	29417.2527581023	0.0	4225489.16112985	2461176.63384617	0.0	1764312.52728369	681855.821598679	424.132150720171	2375684.03961758	3692908.26352336	3692908.26352336	0.0	0.0	3077955.83110174	0.0	3077955.83110174	0.0	9146972.2663934	-616779.197255571	1147533.33002812	1880279.24704812	Active	-0.6308878762877572	-0.6153331509202887		0.3385713606093435	1.760402818117427	-0.3252678634485021	0.4251173983439537	-0.05237255359854687	2.636090104986732	-0.4529545550267447	-0.7969048081261249	-1.0	-0.05568627888670476	-0.4936347910585564	-0.4029097292196832	-0.2826541274817136	-0.6309298906529155	0.0186373119753216	-0.2940865232392384	-0.1785714285714286	-1.385883422024373	-0.7120007453098818	-0.3252678634485021
TOUS S.L.	0.2644903063774109	No	No	No	na	NF	Spain																																Active																							
MYTWINPLACE SL.	0.5613060593605042	No	No	No	62	U1	Spain	27468.69	29616.27	29616.27	357985.56	10321.01	1.14	2.883	8.0	328484.7	328460.66	0.0	24.04	29500.86	0.0	5669.35	23831.51	23831.51	25000.0	-14678.99	321790.58	321790.58	0.0	0.0	25873.97	0.0	7576.78	18297.19	357985.56	-1907.429		11910.0	Inactive	-1.04617999504777	-0.7838979047132663	-0.7485324944799436	-0.1105611981384369	-1.165925315128328	0.860650763386155	-0.686674923548033	4.515712174643157	-1.165925315128328		-0.7521104383601798	-0.3884806825469981	4.513889942666303	-0.7778951093175932		-0.5356415478615072	-0.9409284909498877	0.0	-0.5217621221262073	0.1428571428571428	0.1653481297833747		0.860650763386155
WORKCAST	0.04939091205596924	No	No	No	62	LF	United Kingdom	8510989.62985437							40.0																								Active																							
TRIPSHAKE LIMITED	0.7014867067337036	No	No	No	82	U1	United Kingdom				29081.3435642442	-19744.5228534162	0.008	-67.894		28701.7313280404	0.0	28701.7313280404	0.0	379.612236203824	0.0	0.0	379.612236203824	282.365891744203	0.0	-19744.5228534162	0.0				48825.8664176604	0.0	0.0	48825.8664176604	29081.3435642442	0.0	-48446.2541814566	9567.63432358157	Inactive																							
ANALYTICS ENGINES LIMITED	0.025890668854117393	No	No	No	62	U1	United Kingdom				1110818.73247173	26159.4891989367	2.013	2.355	27.0	15000.6115203108	0.0	15000.6115203108	0.0	1095818.12095142	0.0	280856.059838203	814962.061113216	324037.941531529	1248368.67025982	-1222209.18106088	540206.343290856	540206.343290856	0.0	0.0	544452.899981938	11666.3645359393	19577.3263277598	513209.209118239	1110818.73247173	261278.733510443	551365.220969482	5580.02215753978	Active	-0.9649575943817652	-0.4621262617731315	0.7634700674658629	0.003639855892148423		-0.3395816891490087	-0.001530947234189635			-0.9469379478166825	-0.719058216110078	0.3590317241951421	0.9804421312498232	-0.3455529304972609	0.9804421312498232	-0.5224199288256228	1.593867102674221	0.02518454079941029	0.3706034073415039	0.35	0.8708742825134206	-0.568295611696281	-0.3395816891490087
NO MORE FILING LTD	0.9654122591018677	No	No	No	63	U1	United Kingdom				22686.1288735905	21544.1077124929	19.57	94.966		336.531767685137	0.0	336.531767685137	0.0	22349.5971059053	0.0	0.0	22349.5971059053	20907.4916609874	2462.63499313275	19081.4727193601	0.0				1142.02116109758	0.0	0.0	1142.02116109758	22686.1288735905	0.0	21207.5759448078	337.746683813964	Inactive	-0.5556223706751879	-0.5627266000308001				-0.5628111628686853				0.01644011559456264	-0.5500988464221693	-0.6650359655806769	-0.5683548282626277	-0.5627266000308001	-0.5683548282626277	0.3054499366286439	-0.5818589326864583	-0.1351513707067099	-0.6650359655806769			-0.5554142688416609	-0.5628111628686853
THERACHON SAS	0.27792394161224365	No	No	No	na	NF	France																																Active																							
SLIIDE LIMITED	0.6057873964309692	No	No	No	61	NF	United Kingdom																																Inactive																							
SEATWAVE LIMITED	0.30926308035850525	No	No	Yes	64	U2	United Kingdom	3266744.66491315	-3798558.28149944	-3798558.28149944	4397051.81358378	-10594148.1462686	0.486		30.0	126942.62424658	123927.798884623	0.0	3014.82536195684	4270109.1893372	0.0	83903.6263103041	4186205.5630269	1881983.32649084	1.12661635349658	-10594149.2728849	6196389.94423117	6196389.94423117	0.0	0.0	8794810.0156212	7277139.4927442	58719.2443442416	1458951.27853276	4397051.81358378	25184.3819660625	-4524700.826284	47894.7144198465	Inactive	0.5049458221374025	-0.2370779640116345	-0.5140656881579443	1.12375622432659	0.05491433319182569	-0.2305977277318901	-0.6486300612336253	1.392479524520755	0.05491433319182569		-0.5055141607617011	-0.7194457567329866	1.301351368062398	-0.2455281784770866	-1.0	-0.1547826086956521	0.5049457326787252	-0.03465626166972846	-0.1059269916862115	-0.03225806451612903	3.538232161227099	0.08322655865591741	-0.2305977277318901
JAMGLE SRL IN LIQUIDAZIONE	0.3427070379257202	No	No	No	72	U1	Italy	558.0	0.0	0.0	59.0	-96988.0	0.001			0.0	0.0	0.0	0.0	59.0	0.0	0.0	59.0	59.0	0.0	-96988.0	16442.0	0.0	16442.0	0.0	80605.0	80086.0	519.0	0.0	59.0	-519.0	-80546.0		Inactive	0.005776150822868165	0.0		0.03506452628265659		0.0	0.0				0.0			0.0		0.0	0.005776150822868165		0.0		0.0	0.0	0.0
GINGERSNAP LIMITED	0.6535079479217529	No	No	No	70	U1	United Kingdom				249368.59435278	249368.59435278		100.0	1.0	0.0				249368.59435278	0.0	0.0	249368.59435278		0.0	249368.59435278	0.0				0.0				249368.59435278				Inactive	-0.0435185690532447	-0.04641675959262094				-0.04641675959262094				0.003039208802672069				-0.04641675959262094			-0.0435185690532447		-1.0	0.0			-0.04641675959262094
CLANWILLIAM HEALTH LIMITED	0.024049988016486168	No	No	No	62	U1	Ireland	11183887.0	3509090.0	3509090.0	13885682.0	8114127.0	3.389	58.435	61.0	2560241.0	518265.0	2041976.0	0.0	11325441.0	36920.0	1612405.0	9676116.0	1302501.0	127.0	8114000.0	2429622.0	2311036.0	118586.0		3341933.0	202570.0	160270.0	2979093.0	13885682.0	1489055.0	7983508.0	248863.0	Active	0.4948454064068064	0.5556751719727159	0.1629167454010694	-2.263675377426712e-05	1.160080713171538	0.2936211909804421	0.2151332499336593	-0.3798172712749726	1.160080713171538	0.1555498427890605	0.1062838573561662	0.3293190252678747	-0.1714561807919551	0.4816285217232952	-0.09421997317227233	0.2750188111361926	0.4948569845230533	0.0	0.1619204405790249	0.08928571428571429	0.1523971529334738	0.6744991661596087	0.2936211909804421
BRANDZIPPER LLP	0.5228039622306824	No	No	No	73	U1	United Kingdom				104380.232284851	101609.119545146	37.594	97.345		203.247982697515	0.0	203.247982697515	0.0	104176.984302153	0.0	0.0	104176.984302153	3978.20746621356	0.0	101609.119545146	0.0				2771.11273970515	0.0	0.0	2771.11273970515	104380.232284851	0.0	101405.871562448		Inactive																							
NAVITELL	0.9716565012931824	No	No	No	62	U1	Belgium		-595311.0	-595311.0	664359.0	-265946.0	0.199	-40.03	3.0	489226.0	478400.0	10826.0	0.0	175133.0	6232.0	160319.0	8582.0	4503.0	329365.0	-595311.0	50000.0	0.0	50000.0	50000.0	880305.0	482358.0	272687.0	125261.0	664359.0	-106136.0	-705172.0	67895.0	Inactive	-1.80745070059053	-0.8421439870507302	0.5521851945084523	inf	0.9310849298360571	-0.111549895489674	1.720694024564239	-0.1111111111111111	0.9311037223258455	-1.908822594560232	-0.7063580045647212	3.842689244568159	-0.1123090713127039	-0.1094268047108598	-0.1622039931899087	-0.5765957446808511	-0.3661745995411159	-0.7403712754217248	1.10393921722338	-0.25	-3.523502698590076	2.179945525712946	-0.111549895489674
CYPROTEX LIMITED	0.195598304271698	No	No	No	58	U2	United Kingdom		63853.7868107327	47890.051974795	11031423.6829676	10822478.667021	24.73	98.106		5864183.65715418	0.0	0.0	5864183.65715418	5167240.02581344	0.0	0.0	5167240.02581344	84182.1641868261	4910532.88905704	5911945.77796395	0.0				208945.015946634	208945.015946634	0.0	0.0	11031423.6829676	0.0	4958295.00986681		Active	0.7883458992974435	0.04878181488266582			-0.9051114019944839	0.766608060150292			-0.9121406499875483	0.0123100100089771	6.398059849258206		3.450952114927488	0.04878181488266582		-0.03254831390345046	0.02695622913665783	15.65125976981547	0.08407962267023993			0.04734475168751649	0.766608060150292
COINIFY APS	0.03713199496269226	No	No	No	82	U1	Denmark		-381059.867201988	-381059.867201988	8071089.50415534	-495914.531400896	1.409	-6.144	28.0	42936.3230650127	670.880047890823	28445.3140305709	13820.128986551	8027884.82907117	4212187.46868732	0.0	3815697.36038385	2401079.69140126	60379.2043101741	-556427.911720649	2870024.84487694	0.0	2870024.84487694		5696845.01466971	0.0	47632.4834002484	5649346.70727904	8071089.50415534			3891.10427776677	Active	3.308283709086746	1.183074788184867		inf	-0.6937128245777006	2.328768362728174	-0.6879109089199212	-0.5464518330654435	-0.6937128245777006	0.2942911312407837	2.5955976206296	1.874555076657384	0.2979589817964556	2.356934819326093	0.2019026423765739	0.4957537154989385	2.168377753606996	-0.002194032743974866	1.243187851199637	-0.3			2.328768362728174
CONSUL RISK MANAGEMENT INTERNATIONAL BV	0.16326521337032318	No	No	No	70	C2	Netherlands	12837000.0			6630000.0	-1047000.0	0.988	-15.792	9.0	258000.0	0.0	258000.0	0.0	6372000.0	0.0	3701000.0	2671000.0	2671000.0			1226000.0				6451000.0				6630000.0		-79000.0		Inactive	-2.026470588235294	-0.2682191780821918	0.1461752864663983	0.3225458468176915		-0.07311617503145533				-2.107433380084152	-0.2682191780821918		-0.0583941605839416	-0.0737025730484082	-0.0583941605839416	-0.2520817562452687			0.2391471379177872			-1.047220561864913	-0.07311617503145533
WHERE TO GO OU	0.3880982995033264	No	No	No	62	NF	Estonia																																Inactive																							
EVERGIG	0.061448823660612106	No	No	No	59	NF	France																																Inactive																							
IADVIZE	0.20736607909202576	No	No	No	58	U1	France	2589468.0	-189113.0	-145827.0	2282668.0	1028514.0	1.604	45.058		301954.0	67978.0	183980.0	49996.0	1980714.0	0.0	1046976.0	933738.0	709759.0	15077.0	1013437.0	19491.0	19491.0	0.0	0.0	1234664.0	20651.0	270488.0	943525.0	2282668.0	776488.0	746050.0	35196.0	Active	-0.1241777303185361	-0.2428762558077307	0.9712607320379575	-0.6768144058100781	-2.15044134734127	0.2691345834153415	0.6319625446471667	inf	-2.018928436674632	-0.3099001409054708	-0.3997769118099742	1.369421585147498	7.825967496784754	0.1226055463928043	4.704452437058167	-0.4873761585170981	-0.12579274436194	0.0	1.189303009293328		1.125175162024873	-0.3785179896987514	0.2691345834153415
KEY TRAVEL LIMITED	0.5841038823127747	No	No	No	na	NF	United Kingdom																																Active																							
ROCKOLA MEDIA GROUP SL	0.954756498336792	No	No	No	60	U1	Spain	53587.62	-949922.46	-1587153.15	220551.15	-1336282.03	0.281		7.0	117084.39	100000.0	9022.39	8062.0	103466.76	4459.74	82102.38	16904.64	14400.41	8642.0	-1344924.03	1189236.25	1189236.25	0.0	0.0	367596.93	0.0	0.0	367596.93	220551.15	86562.12		75287.03	Inactive	-6.326567801028672	-0.7755712172698898	-0.2681017221753668	0.5929674879513069	1.113357326124016	-0.8082651203072068		-0.6662664645353887	4.474870372443259		-0.7323236895154732	1.464265868888565	-0.8781807719158236	-0.4530199062687722	-0.4430389670677535	-0.7728375101050929	-6.552280543313702	0.0	1.404682300939083	-0.3636363636363636	-0.2395962474431655		-0.8082651203072068
CHANGEX	0.5179227590560913	No	No	No	na	NF	Ireland																																Active																							
OGEDA	0.8173016905784607	No	No	Yes	21	U1	Belgium		1585257.0	1411988.0	44133848.0	44057408.0		99.827		0.0				44133848.0	0.0	0.0	44133848.0	5363793.0	37189244.0	6868164.0	0.0	0.0	0.0	0.0	76440.0	0.0	58599.0	17841.0	44133848.0	-58599.0	44057408.0	27611.0	Active	-0.3308982225084136	-0.3296544652595276	-1.0		0.2951446078431372	-0.3303795831069787	0.2977587810603712		0.1708026533996683	-0.0007707399103138832	0.2981812901234941	-0.008833333333333334	-1.0	-0.3300989430298903			-0.7603266793586735	0.0	0.2103746397694524		38.8361658735554	-0.3306175408881371	-0.3303795831069787
DIGITAL THEATRE LIMITED	0.7266026735305786	No	No	No	85	U1	United Kingdom				1.21781600385675	1.21781600385675		100.0		0.0				1.21781600385675	0.0	0.0	1.21781600385675	1.21781600385675	1.21781600385675	0.0	0.0				0.0				1.21781600385675				Inactive	0.04551777814837689	0.04551777814837689				0.04551777814837689				0.0	0.04551777814837689			0.04551777814837689				0.04551777814837689					0.04551777814837689
VINTED, UAB	0.08128795772790909	No	No	Yes	63	C2	Lithuania	592922759.0	32548665.0	16213809.0	388957142.0	101016129.0	1.063	25.971		102312709.0	37878612.0	29686096.0	34748001.0	286644433.0	391662.0	40573267.0	245679504.0	108419776.0	224776456.0	-123760327.0	18200995.0	15751464.0	2449531.0		269740018.0	5745562.0	245315670.0	18678786.0	388957142.0				Active	2.186700853350559	0.5779894942221305	-0.02382664845970468	1.349686992327529	-1.80947560019855	0.4441236189593914	0.2810223708145744	0.5460151875844718	-1.703623905424265	1.206729543716544	-0.08445256044238479	9.089447577645991	0.4223149990232009	0.4520706739992535	3.459655168787623	0.2374854481955762	-0.2337929038699838	0.1633030188872453	0.1733314693890785				0.4441236189593914
GOTOKY, RAZVOJ NOVIH TEHNOLOGIJ, D.O.O.	0.5758384466171265	No	No	No	26	U1	Slovenia	1600.01	1474.66	1334.57	1072.72	-44692.67	0.023		0.0	0.0	0.0	0.0	0.0	1072.72	0.0	501.85	570.87	570.87	41041.0	-85733.67	0.0	0.0	0.0	0.0	45765.39	45500.0	265.39	0.0	1072.72	236.46			Inactive	-0.02899522109081491	-0.2409451122221041	1.742349726775956		-0.6025282337403304	0.147195961842837	-0.8185144154494227		-0.7117851967510859		-0.2409451122221041			0.147195961842837		0.15	-0.01532774928352164	0.0	-0.02548702874985734	-1.0	-1.184832567301379		0.147195961842837
CR2 LIMITED	0.0017451538005843759	No	No	No	62	C2	Ireland	23780324.0	985305.0	907638.0	25837529.0	15138961.0	2.71	58.593	181.0	2097281.0	1079748.0	407365.0	610168.0	23740248.0	0.0	8994612.0	14745636.0	10735680.0	2100125.0	13038836.0	1937079.0	669072.0	1268007.0		8761489.0	270550.0	1021893.0	7469046.0	25837529.0	7972719.0	14978759.0	719558.0	Active	0.06494245293338272	0.05765965399344516	0.052473108415374	0.01573086379746198	-0.5396022740812768	0.05517448615255288	-0.4454344217234468	0.01166117931007344	-0.525113615316276	0.009267074326070171	0.1025686424896775	0.2020016608087752	0.04938976429170427	0.05568859237225379	0.1844106076949692	0.007809594644849352	0.07619958681471785	0.0	0.04756575018248579	0.09696969696969697	0.1893408450569757	0.06049852374587784	0.05517448615255288
VIAVOO	0.12486490607261658	No	No	No	58	U1	France				1316928.0	537587.0	1.681	40.821		75278.0	42796.0	23343.0	9139.0	1241646.0	0.0	473553.0	768093.0	478074.0	101715.0	435872.0	40504.0	40504.0	0.0	0.0	738837.0	19998.0	159516.0	559323.0	1316928.0	314037.0	502809.0		Active	0.2257332688834978	0.2510880542072515	-0.4052911235662967	-0.3305345277842055		-0.1517279094199421	0.2199609957554204	-0.5484272615040466		0.4449911504424778	0.9779889696603599	-0.2854941997493648	-0.4708644370404735	-0.1195355041103603	0.1279536119835709	0.2554144884241972	0.2938916908353099	0.0	-0.2986148622029491		-0.5281343066044398	0.4091390617117874	-0.1517279094199421
BUNDLR, S.A.	0.149837926030159	No	No	No	58	U1	Portugal																		22502.0	-22502.0													Inactive																	0.0006007517623459111	0.0					
HYGLOS GMBH	0.38341933488845825	No	No	No	10	U1	Germany				3176637.49	-712438.91		-22.427	19.0	299892.0	3772.0	296120.0	0.0	2876745.49	248427.71	0.0	2628317.78	113264.89	625000.0	-1337438.91	3889076.4	3195869.92	693206.48	693206.48	0.0				3176637.49	248427.71	2876745.49		Inactive	-0.01415369107876625	0.08705983406433197	-1.0	4.52577175569686		-0.04829920122938413		-0.3736300232480904		0.03584130063276522	23.60023413303448		0.2737079949712888	-0.07273699937441751	0.2906993976271216		-0.007589714351758673	0.0	-1.0	0.0	-1.319582139702614	-12.31203487576502	-0.04829920122938413
SINBA S.R.L. IN LIQUIDAZIONE	0.7147623896598816	No	No	No	62	U1	Italy	0.0	-5846.0	-5846.0	6278.0	2209.0	0.321	35.186		4971.0	4695.0	276.0	0.0	1307.0	0.0	0.0	1307.0		1500.0	709.0	0.0	0.0	0.0	0.0	4069.0	0.0	4052.0	17.0	6278.0	-4052.0	-2762.0	31.0	Inactive	-0.711505811675591	-0.8133123839451507			0.08259259259259259	-0.3512452206262272	1.231277533039647	0.7544843049327354	0.08259259259259259	-0.5553168364380862		-0.8210526315789474	0.8576233183856502	-0.8133123839451507	inf	-0.9073860357761108	-0.8848465161604677	0.0	1.014356435643564		1.231277533039647	-1.554507127082915	-0.3512452206262272
STARFISH 360 LTD	0.7102989554405212	No	No	No	82	U1	United Kingdom				5039.71486858014	741.408399835	1.453	14.711	1.0	1159.25081041705	0.0	1159.25081041705	0.0	3880.46405816309	0.0	2010.06641525125	1870.39764291185	164.110807498799	29844.8888360582	-29103.4804362232	1628.30510419021	1408.32678775565	219.978316434561	219.978316434561	2670.00136455493	698.343861697018	0.0	1971.65750285791	5039.71486858014	2010.06641525125	1210.46269360816	395.728188294977	Active	5.235037961111279	0.1026881940772564	0.02693151713576398	-0.3136381402576937		-0.03288033395341002				5.446538124452235	-0.1519706837708578	-0.02407895200427115	-0.2556919404379424	0.06210253339289962	-0.2556919404379424	0.0819061801935965	-0.02252466533280597	-0.001610875928810263	-0.01830062125190332	0.0	0.02693151713576398	0.2962855044120292	-0.03288033395341002
TASKHUB LIMITED	0.6611363887786865	No	No	No	82	U1	United Kingdom				166309.720087792	-36122.6855257222	2.919	-21.72		432.13969850519	0.0	432.13969850519	0.0	165877.580389287	0.0	0.0	165877.580389287	165877.580389287	464.754015373506	-36587.4395410957	145599.628876412	0.0	145599.628876412		56832.776737103	0.0	0.0	56832.776737103	166309.720087792	0.0	109044.803652184		Inactive																							
INTEGRATED INTERNATIONAL PAYROLL LIMITED	0.23636630177497864	No	No	No	58	U1	United Kingdom	27786000.1677769	-6635526.75242274	-3409820.79851198	29719087.3251887	1034316.55404525	4.505	3.48	127.0	3424115.66553747	2468737.25044596	217265.151805462	738113.263286051	26294971.6596512	0.0	4561352.26558044	21733619.3940708	2405813.55778096	30946826.5804906	-29912510.0264454	22847949.4003758	22155058.0751273	692891.325248531		5836821.37076764	431340.092216377	1937477.1556784	3468004.12287286	29719087.3251887	2623875.10990204	20458150.2888836	1262103.17977442	Active	-2.971210243920148	0.2035785403397856	0.1710886698788688	0.5040418885955562	0.5403858787017771	0.2289712216061838	0.2849012304845657	0.2193402326902189	-0.144682362332216	-2.603686635944701	0.1513175829299345	0.2244642083882503	0.5357407747207223	0.197813949684625	0.8007965481396917	0.952752492414391	0.1496946044123806	0.2139306521867782	-0.3866156098213119	0.05833333333333333	0.09919531523623608	0.6449818245321316	0.2289712216061838
DIGITALMR LIMITED	0.6868431568145752	No	No	No	73	U1	United Kingdom				874627.277153181	370274.925834197	5.078	42.335	1.0	397066.542079229	396662.877671659	403.664407569915	0.0	477560.735073953	8599.80694388079	22705.8304153674	446255.097714705	309446.794759575	1138290.337802	-768015.411967803	410311.414814566	410311.414814566	0.0	0.0	94040.9365044184	11700.4176107222	14102.5133462034	68238.0055474928	874627.277153181	17203.1240130448	383519.798569534	92001.5537148695	Active	-4.714396288325695	3.351149775023555	-0.4348062583562732	-0.02180151402026743		0.8943861053305715	-0.6173962426206338	0.2919142336394154		-2.960770691491825	3586.354268211449	0.8070174296928762	0.2910335921613681	2.098283249749417	-0.2268486878228472	3.675874769797422	0.6556772053708995	2.125613548538783	-0.3373877939063489	-0.5	0.1688793339955989	30.40345186609212	0.8943861053305715
RESTOPOLITAN ITALIA S.R.L.	0.7283182740211487	No	No	No	63	U1	Italy	84216.0	-36426.0	-36426.0	309143.0	-61284.0	0.841	-19.824	1.0	91.0	0.0	91.0	0.0	309052.0	0.0	76843.0	232209.0	22105.0	11100.0	-72384.0	2822.0	0.0	2822.0	0.0	367605.0	1068.0	49667.0	316870.0	309143.0	27176.0	-58553.0	4083.0	Active	1.465561635017702	0.324705774968481	-0.01335336337840093	0.3799511002444988	-0.2493818001978239	0.201264435705737	2.465945568736915	-1.0	-0.2493818001978239	1.05238637540118	0.6434944237918215	0.1926843773289471	-0.9781983708672736	0.2207098675219414	-0.9188224799286352	-0.06969026548672573	1.01312715541217	0.0	0.3121298976652544	-0.5	-0.5723884002328765	1.169835093570502	0.201264435705737
ECOMARKET LIMITED	0.7401376366615295	No	No	No	47	NF	United Kingdom																																Inactive																							
HAL KNOWLEDGE SOLUTIONS	0.27350062131881714	No	No	No	na	NF	Italy																																Active																							
FLIGHT REFUND KORLATOLT FELELOSSEGU TARSASAG	0.9785376787185669	No	No	No	82	U1	Hungary	109005.267024398	-35515.7231293278	-38958.6271514265	84165.681025812	-111403.283634631	0.262		2.0	54869.650215617	54770.3859114898	99.2643041272767	0.0	29296.030810195	0.0	12340.1203341383	16955.9104760567	16864.4828275184	42816.8739197419	-154220.157554373	83590.9929492857				111977.971711157	0.0	0.0	111977.971711157	84165.681025812			37498.3969933436	Active	0.6096097447465859	0.3088489785100331	-0.2583339628859055	0.04671622977130893	-0.3199620652759247	-0.2528424625984397		-0.3371039602013155	-0.2927362336530757		0.3091049940727537	0.09783427421904736	-0.3393547353862283	-0.01004195337449395	-0.770085452420175	-0.09655172413793094	0.4005084029833827	0.04671622977130774	0.09783427421904736	0.0			-0.2528424625984397
CHAUFFEUR PRIVE PARIS	0.948918342590332	No	No	No	49	U1	France	51202.0	-13757.0	-15175.0	8330.0	2274.0	0.819	27.299		3369.0	0.0	3369.0	0.0	4961.0	0.0	0.0	4961.0	2188.0	1000.0	1274.0	0.0	0.0	0.0	0.0	6056.0	0.0	3269.0	2787.0	8330.0	-3269.0	-1095.0	7500.0	Inactive	-0.927692454450062	-0.8155076236519152	-1.0		-2.784537553508886	-0.7796820862757544	0.6526794742163802		-3.0203701238184	-0.6718041813438488	-0.8328367331346933	-0.3639890460976723	-0.6900358818658571	-0.8158500371195249	-0.6900358818658571	-0.806657223796034	-0.9581595454694736	0.0	-0.04779874213836478		0.6955394190871369	-1.053206997084548	-0.7796820862757544
BRIGHTSUN LIMITED	0.17376242578029633	No	No	No	56	U1	United Kingdom				3074383.28221157	-1757205.15306281	0.229	-57.156		2529305.83673138	0.0	2529305.83673138	0.0	545077.445480185	0.0	0.0	545077.445480185		149.174850635664	-1757354.32791344	2447660.94922998	0.0	2447660.94922998		2383927.4860444	0.0	0.0	2383927.4860444	3074383.28221157	0.0	-1838850.04056421	163873.048668796	Inactive	0.388328147768584			-0.03246882964112		0.1666774594692841				0.189981470300431		0.7387485160966353	-0.04017038965425686	inf	-0.04017038965425686		0.3882859093481952	0.02201671408215791	0.7387485160966353			0.3411891922352326	0.1666774594692841
SENSORBERG GMBH	0.1739654541015625	No	No	No	62	U1	Germany	1864217.13			1986883.8	-170289.91	1.998	-8.571	34.0	673609.73	639732.73	33877.0	0.0	1313274.07	409574.94	0.0	903699.13	199432.48	543389.0	-713678.91	1499976.09	1167475.48	332500.61	332500.61	657197.62			86222.77	1986883.8	409574.94	656076.45		Active	-1.07560136256378	-0.6187957464764086		10.17411825862149		-0.2455264095990511		47.42058204662428		-1.100208109245662	-0.9066804890751344	-0.04048314383799528	9.47132288703384	-0.4888276231096062	-0.3372654889762701	-0.808087599654212	-1.417580154881236	0.0	1.663282869505597	-0.1282051282051282	1.063365623756917	-0.7174981226579082	-0.2455264095990511
AUDANIKA GMBH	0.9020818471908569	No	No	No	62	U1	Germany				46115.55	45595.55	88.684	98.872		0.0				46115.55							0.0				520.0	0.0	0.0	520.0	46115.55		45595.55		Inactive	-0.05486132674767179			-1.0		-0.06925740281207458				0.01546741162212682		0.3135625331548235	-1.0	-0.06109001029195141					0.3135625331548235			-0.06413420475868516	-0.06925740281207458
FOXLIGHT MEDIA LIMITED	0.047652773559093475	No	No	No	59	U1	Ireland				75655.0	-1179391.0	0.084			0.0	0.0	1.0	0.0	75654.0	0.0	75654.0	0.0		0.0	-1179391.0	359667.0	0.0	359667.0		895379.0	0.0	895379.0	0.0	75655.0	-819725.0	-819725.0		Active	0.08640054532307168		-0.1035724865217134	0.005591793483883053		-0.1035712593013887	0.1022436860169095							-0.1035724865217134	inf	-0.1923076923076922	0.08640054532307168		0.1022436860169095		0.1261057053641221	0.1261057053641221	-0.1035712593013887
ENSEMBLI LIMITED	0.9984122514724731	No	No	No	62	U1	United Kingdom				24649.4171434391	18549.9185943976	4.041	75.255		0.0				24649.4171434391	0.0	0.0	24649.4171434391	23607.174881836	708667.143206126	-690117.224611728	0.0				6099.49854904152	0.0	0.0	6099.49854904152	24649.4171434391	0.0	18549.9185943976		Inactive	-0.6780678992187268	-0.6674108132179459				-0.6699139029525326				-0.02470159795751747	21.62920997654081	-0.6423657006199278	-1.0	-0.6674108132179459		-0.07017947537965939	-0.04917114356881647	-0.0954261565162471	-0.6423657006199278			-0.6748969371101734	-0.6699139029525326
ARCHITONIC AG	0.24979428946971893	No	No	No	na	NF	Switzerland																																Active																							
CLIX SOFTWARE SP. Z O.O. W LIKWIDACJI	0.4719610810279846	No	No	No	62	U1	Poland	51594.1346615072	-57462.6618267971	-59907.8814790013	172143.463515171					18583.6693567514	6357.57109573075	0.0	12226.0982610207	153804.31612364	12470.6202262411	139866.564106076	1467.13179132248	1467.13179132248											172143.463515171			1222.60982610207	Inactive		-0.7907314700046558	15.71508817061907		-0.6461185605812255	-0.1447422474497405		6.027934799010308	-0.631059775925107		-0.7907314700046558		-0.8934205238501881	4.715023902491899									-0.1447422474497405
COMBYNE GMBH	0.5284339189529419	No	No	No	62	U1	Germany				927912.67	90374.55		9.74	9.0	13550.0	0.0	13550.0	0.0	914362.67	0.0	0.0	914362.67	900698.27	202210.0	-111835.449999999	837538.12	818324.12	19214.0	19214.0	0.0				927912.67		914362.67		Inactive	-1.116984522045463	227.705020010005		0.0910191909031247		17.44203904674301							2.304072177517678	18.78536995651542			-0.8552356092949936	inf	-1.0			-102.9418882986136	17.44203904674301
CLICKWORKER GMBH	0.8214482069015503	No	No	No	82	U1	Germany				2829765.66	1632703.03	3.482	57.697	24.0	30308.24	16352.0	13955.5	0.74	2799457.42	7187.81	0.0	2792269.61	2120516.97	263675.0	1369028.03	393104.0	0.0	393104.0	393104.0	803958.63	0.0	0.0	803958.63	2829765.66	7187.81	1995498.79		Active	-0.5309594270746252	-0.4138398098270176		-0.2185432569974555		-0.4119913283523115		-0.0004889975550122249		-0.2023309185422772	0.2194723498948661	-0.02959059676079506	-0.2964700289506279	-0.4130347952353057	-0.4777035498418758	-0.395171096056974	-0.5869212625889881	0.5813921408693983	-0.02959059676079506	0.09090909090909091	0.258277577629096	-0.493644117127142	-0.4119913283523115
WHISHER SL	0.2644903063774109	No	No	No	na	NF	Spain																																Active																							
MUSICRAISER S.R.L. IN LIQUIDAZIONE	0.8373000621795654	No	No	No	90	U1	Italy	254177.0	-217797.0	-187918.0	386261.0	-34294.0	0.436	-8.878	3.0	206189.0	202436.0	3753.0	0.0	180072.0	0.0	1871.0	178201.0	12309.0	87227.0	-121521.0	7657.0	0.0	7657.0	0.0	412898.0	0.0	105685.0	307213.0	386261.0	-103814.0	-232826.0	42808.0	Inactive	-1.223231895850285	-0.5234464629068533	-0.927674050021261	-0.3931684894595023	-0.006287213413938633	-0.4042565333267527	0.08076738216736376	-0.1682136620441705	0.1135353583237535	-1.374694015362539	-0.736480411046885	-0.1881005740139751	-0.1704725581545047	-0.5496015567550262	-0.2764603817235396	-0.474065138721351	-2.830190668393626	0.0	-0.143587243971999	0.0	0.443505103034011	1.828338536668327	-0.4042565333267527
ACS BIOMARKER B.V.	0.2620791494846344	No	No	No	72	U1	Netherlands				241979.0	226403.0	15.535	93.563		0.0				241979.0	0.0	241979.0	0.0				0.0				15576.0				241979.0		226403.0		Active	0.3227564851600842		0.06820318811278026			0.06762820371408024				0.2389660606221117			-1.0	0.06820318811278026		2.805732484076433			-0.7193058333783857			0.3236999964920076	0.06762820371408024
SMARTERPHONE AS	0.6019371151924133	No	No	No	58	U1	Norway	7703.87344403597	74287.3510674897	135698.227949948	8793421.25969249	6361198.35807542	17.004	72.34	0.0	0.0	0.0	0.0	0.0	8793421.25969249	0.0	0.0	8793531.3150274	220.110669829599	5717484.70415876	643823.709251578	1915072.88285243	0.0	1915072.88285243	1915072.88285243	517150.018764643	0.0	0.0	517150.018764643	8793421.25969249	0.0	8276271.24092785		Inactive	0.07859873965978682	-0.0147803151115695		-0.1893230005113349	-0.5535569128077946	-0.01479264561663016			-0.5633873469719337	0.0947833588086627	0.05558987727223554	-0.2227801890783095		-0.01479264561663016		0.2676308334575818	0.337492047226029	0.05558987727223526	-0.2227801890783095			0.001961658555895467	-0.01478113712603441
APROXI APS	0.1618812531232834	No	No	No	32	U1	Denmark		-215165.587982784	-189812.535533441	409807.276363719	-4524916.21810179	0.024		1.0	368625.334025368	348235.577558172	20389.7564671965	0.0	41181.9423383508	2414.57642374695	6707.15673263043	32060.2091819735	4695.0097128413	16902.0349662287	-4541818.25306802	3219435.23166261	0.0	3219435.23166261		1715288.26280291	1699995.94545251	268.286269305217	15024.0310810922	409807.276363719			115094.809531938	Active	0.04291446823944976	-0.2296752598324791	0.1101844233004696	-0.0008340190295767652	-0.2472229997761583	-0.2183221326851103	-0.9880339403476597	-0.2213044471332272	-0.2708510247173042		-0.6700867043965584	-0.1522228040250956	-0.2223992875370384	-0.1798289942301611	-0.240633854462479	-0.2258064516129032	0.04274456072794088	-0.0008340190295732515	0.04535553908270656	0.0			-0.2183221326851103
TAGGSTAR UK LIMITED	0.9873926043510437	No	No	No	62	U1	United Kingdom				259981.182653776	-40598.953660011	0.81	-15.616		16527.199782331	12864.1362942097	3663.0634881213	0.0	243453.982871445	0.0	0.0	243453.982871445		135.669018078567	-40734.6226780896	0.0				300580.136313787	0.0	0.0	300580.136313787	259981.182653776	0.0	-57126.153442342	1898.00956291915	Inactive	2.382978992361787	6.589953261968089				6.641133740660148		inf		-0.5572692220458154		5.530822834453105	7.483838058134408	6.589953261968089	0.8803449972880386	0.1621233859397419	2.358300772053728	0.05508247070051039	5.530822834453105			3.095350073173528	6.641133740660148
BIOMONDE LIMITED	0.08911984413862228	No	No	No	64	U1	United Kingdom				1248900.65648265	285855.097041853	1.297	22.889		0.0				1248900.65648265	0.0	0.0	1248900.65648265		0.0	285855.097041853	0.0				963045.559440802	0.0	0.0	963045.559440802	1248900.65648265	0.0	285855.097041853		Active	-0.4565342622538722	-0.3026010546637961		-1.0		-0.3026010546637961				-0.2207204139997276		1.796394833989677		-0.3026010546637961		-0.7505769230769231	-0.4565342622538722		1.796394833989677			-0.8023692152626876	-0.3026010546637961
APP55 LTD	0.7821710705757141	No	No	No	82	U1	United Kingdom				809460.836497038	232887.334848232	2.118	28.771		416683.370939473	406702.157528567	9981.21341090632	0.0	392777.465557565	0.0	0.0	392777.465557565	280105.270052953	258440.882787389	-25553.5479391567	391158.792539785	0.0	391158.792539785		185414.709109021	0.0	0.0	185414.709109021	809460.836497038	0.0	207362.756448544	12353.0944548573	Inactive	-0.5231440964233846	-0.1230305363860659	-1.0	8.564691644836692		0.1596215331338765	-1.0	0.6803467942590375		-0.5887801043378832	-0.36789970512333	0.6938396676275179	0.6855793922460062	-0.1287758157876197	0.9305362121248468	-0.2070385623362037	-1.108492720630186	0.02211724956857876	0.09867733913487439		-1.0	-0.264859371996013	0.1596215331338765
LODGEO	0.2673083543777466	No	No	No	79	LF	United Kingdom	673826.931535008							5.0																								Active																							
CAMSTENT LIMITED	0.04988742992281914	No	No	No	72	U1	United Kingdom				1237854.8084137	1211361.78407278	66.89	97.86	6.0	4065.44999510632	0.0	4065.44999510632	0.0	1233789.35841859	0.0	0.0	1233789.35841859		0.0	1211361.78407278	8047.88321668364	0.0	8047.88321668364		18445.1411242382	0.0	0.0	18445.1411242382	1237854.8084137	0.0	1215344.21729436		Active	0.9319394141318876	0.7701049150681704		-0.811829207126974		0.7737396833227218				0.08919707054292896		-0.3433780399248572	3.707066430625501	0.7701049150681704	3.707066430625501	1.695764317091847	0.9319394141318876		-0.3433780399248572	0.0		0.8168648034012426	0.7737396833227218
RISK.IDENT GMBH	0.35125333070755005	No	No	No	62	U1	Germany				2679291.93	1471140.55	3.367	54.908	67.0	492313.0	3219.0	489094.0	0.0	2186978.93	0.0	0.0	2186978.93		105000.0	1366140.55	558683.84	0.0	558683.84	558683.84	649467.54			87269.19	2679291.93		1537511.39		Active	-0.09688828177531802	-0.5257198652901321		0.184198364707655		-0.5011028484984832		-0.4306685532366466		0.810233416853488		-0.6991260404329812	-0.3516011985117382	-0.5257198652901321	-0.3510080000424617	1.387943262411348	-0.1035637934539736	0.0	-0.80136654900189	0.01515151515151515		0.146134255330819	-0.5011028484984832
DRACOON GMBH	0.004295727238059044	No	No	No	62	U1	Germany				8402481.52	-1215578.44	0.943	-14.467	96.0	283350.81	5813.0	277537.81	0.0	8119130.71	41629.22	0.0	8077501.49	3931711.34	88154.0	-1303732.44	1004768.09	0.0	1004768.09	1004768.09	8613291.87			4886584.6	8402481.52	41629.22	-494161.159999999		Active	-0.02031053338066176	1.021837282885879		0.317392530435579		0.9721115841002539		0.0		-0.5032278002884417	0.1542289537238135	0.2344025274386776	0.06714296722217696	1.032257275894566	0.06864580630797862	0.1186239620403321	-0.01896324626006643	0.0	0.8176345141182207	0.1428571428571428		-0.3354544071973672	0.9721115841002539
LIQID INVESTMENTS GMBH	0.48246824741363525	No	No	No	62	U1	Germany	3508896.6			22403788.3	21525460.13	27.572	96.08	62.0	2099689.85	23968.85	355721.0	1720000.0	20304098.45	0.0	0.0	20304098.45	15061152.9	142676.0	21382784.13	141928.7	0.0	141928.7	141928.7	736399.47	0.0	0.0	736399.47	22403788.3		19567698.98		Active	-5.014658472079311	2.248343141850726		-0.6277264083778237		2.04445074759631		-0.04635183228991977		-2.318693384573154	5.176809497883596	-0.9403211034094564	0.8945279169922615	2.248343141850726	1.180224077274789	53.38264299802761	-4.904210412725773	0.2391953863257365	-0.9403211034094564	0.2916666666666667		-4.213741286860768	2.04445074759631
BITTWARE LIMITED	0.0529637485742569	No	No	No	62	U1	United Kingdom	147822.73238918	-157463.671086936	-157463.671086936	10267345.0033132	9975640.04892424	34.849	97.159	22.0	101774.428177567	0.0	101774.428177567	0.0	10165570.5751356	0.0	59934.0220156259	10105636.55312	9570303.40666588	230.506603652267	9975409.54232059	0.0				291704.954388925	64887.6089281131	38757.3803380921	188059.96512272	10267345.0033132	21176.6416775338	9873865.62074667	19520.4517302922	Active	0.002808166722125291	-0.06213818007117744	inf	-1.0	-1.421439572024358	-0.05560354833602273	-0.1187812428713184		-1.423930061322493	0.06184699453551919	-0.04108829955662799	-0.4712936180283895	0.05278224545570319	-0.05657595440951438	0.05278224545570319	1.960329595650696	0.002807806634475079	0.01863731197532347	-0.681311159564838	0.0	-1.481489040189201	0.001420606406758338	-0.05560354833602273
MEDIAINTERFACE GMBH	0.19992370903491974	No	No	No	62	U1	Germany				5245367.42	2837899.31	3.469	54.103	56.0	1767718.74	192372.0	381166.26	1194180.48	3477648.68	115915.31	0.0	3361733.37	1698462.56	55000.0	2782899.31	1405003.78	947582.42	457421.36	457421.36	1002464.33	0.0	0.0	1002464.33	5245367.42	115915.31	2475184.35		Active	0.09922399430673182	0.1824296524652262		0.1324298238753156		0.07419862460190617		-0.2051335024667587		0.02330199920561365	2.724976254260707	-0.05483498524042864	-0.05841112895644372	0.1570282245858029	-0.147342504224406	0.2240649258997882	0.1046627596815038	-0.12	-0.05483498524042864	-0.1111111111111111	-0.2871160821483127	0.272555935657269	0.07419862460190617
KWEEKWEEK LTD	0.8784868717193604	No	No	No	63	U1	United Kingdom				432698.416271077	203402.696309332	0.534	47.008		310337.740734167	298512.775487867	11824.9652463001	0.0	122360.67553691	0.0	0.0	122360.67553691	3293.09960127049	38603.5093525602	164799.186956772	0.0				229295.719961744	0.0	0.0	229295.719961744	432698.416271077	0.0	-106935.044424835	151501.734136452	Inactive	-0.5124797422359437	-0.3864945254319177				-0.2747402148699385		-0.2199315079081741		-0.3277945403326135	-0.9252609062049221	0.2781778358851015	-0.218620545907867	-0.3864945254319177	-0.1840019426983524	-0.5197841726618705	-0.5631329042617496	-0.03465626166973156	0.2781778358851015			-6.332762868763498	-0.2747402148699385
SULAKE PREPAID OY	0.050470106303691864	No	No	Yes	62	U2	Finland	34594000.0	17390000.0	308000.0	62621000.0	37054000.0	3.01	59.172	0.0	1228000.0	0.0	0.0	1228000.0	61393000.0	0.0	78000.0	61315000.0		40000.0	37014000.0	5168000.0	5168000.0	0.0	0.0	20398000.0	0.0	230000.0	20168000.0	62620000.0				Inactive	0.008381864692755673	0.04170914033299354	3.875	0.0	-0.1129813823004336	0.04187741248502595	inf		-0.952211016291699	-0.03214092938809564		0.1088020232008357	0.0	0.04275086622732523		-0.07012666048810637	0.008390998746798889	0.0	0.1214470284237726	-1.0			0.04187810924579472
SMADEX SL.	0.007183581590652466	No	No	No	62	U1	Spain	25781711.06	402040.41	402040.41	15236638.0	-669532.75	0.944	-4.394	94.0	223879.93	51809.83	7305.01	164765.09	15012758.07	0.0	12973865.61	2038892.46	1814408.91	6998.0	-676530.75	0.0				15906170.75	2318.83	11417269.87	4486582.05	15236638.0	1556595.74		65630.94	Active	-0.3751870841699573	0.6731394840057809	0.9877507734102912	-1.0	-1.230911817075939	0.9043894538838205	31.99013616221759	-0.5323394935764394	-1.230911817075939	-0.6719181662062271	0.5740690590605959	-0.4858376098402939	-0.123033420044208	0.9382529122138329	-0.4767428450681021	0.1053864168618267	-0.3727527908311585	0.0	0.7532877197858585	1.043478260869565	-0.7481573381935551		0.9043894538838205
ALITALIA	0.27350062131881714	No	No	No	na	NF	Italy																																Active																							
SOMPHARMACEUTICALS GMBH	0.29136812686920166	No	No	No	72	LF	Switzerland								4.0										149665.491865477														Active																		0.00378230498269749		0.0			
NAVIEXPERT SP. Z O.O.	0.21778681874275208	No	No	No	62	U1	Poland	4773461.63843518	2061788.58062232	1756708.33705121	4531031.80202599	3705453.79170744	4.749	81.779		821719.108428139	738412.226441088	83079.8877582041		3709312.69359785	34276.1285559804	910246.857678685	2764789.70736319	601988.694903709	35411.0997002182	3670042.69200723	44490.8688541202	0.0	44490.8688541202	44490.8688541202	781087.141464427	0.0	335724.46446553	445362.676998898	4531031.80202599	608798.521769135	2928225.55213342	283742.78605944	Inactive	0.833570214750996	0.7663076481159473	0.1169991567104527	-0.8202108715012004	0.2187443451610395	0.5330094702367002	0.6166263780326509	0.3706864358675518	0.2560544705475487	0.196054055635183	-0.5210336287509879	-0.07142273578969642	0.4439162101549032	0.5542543804199769	1.73527783986391	0.3681936041486602	0.8496662765676599	-0.03592666299878337	0.1360877919935558		-0.007810940200591142	0.7234681329428541	0.5330094702367002
ACTIVEOPS OVERSEAS LIMITED	0.3511022627353668	No	No	No	62	U1	United Kingdom				2.33327290718786	2.33327290718786		100.0		2.33327290718786	0.0	0.0	2.33327290718786	0.0					2.33327290718786	0.0	0.0				0.0				2.33327290718786		0.0		Active	0.02518454079940975					0.02518454079940975				0.0			0.02518454079940975					0.02518454079940975					0.02518454079940975
CUCULUS GMBH	0.05355595052242279	No	No	Yes	61	U1	Germany	10218244.8			8949208.24	6108528.06	3.867	68.258	93.0	841766.86	444813.84	356869.0	40084.02	8107441.38	258457.0	0.0	7848984.38	3086950.86	57997.0	6050531.06	744294.17	550000.0	194294.17	194294.17	2096386.01	100000.0	532089.17	1464296.84	8949208.24	-273632.17	6011055.37		Active	0.05288472352587598	0.2116068543148871		-0.3854414048633837		0.2761229985054394		28.22561366622865		-0.174930496796809	0.3164869254561506		1.79271721712589	0.2080113406048935	0.2469435175317528		0.05328760857819758	0.01248210607171537	inf	0.1625	-2.173208751725735	-0.1043508407132085	0.2761229985054394
SYNTHACE LIMITED	0.13720734417438507	No	No	No	72	C2	United Kingdom	2239734.92619051	-12505281.9481171	-10751080.3124	15981004.3941485	12208684.7150564	4.46	76.395	70.0	632342.743483215	0.0	632342.743483215	0.0	15348661.6506652	0.0	521897.776288373	14826763.8743769	12313929.5550915	90868.5532450377	12117816.1618114	331167.669317521	0.0	331167.669317521	187598.199276535	3441152.00977453	0.0	170534.819869683	3270617.18990485	15981004.3941485	351362.95641869	11907509.6408907	325794.621718443	Active	-0.5032173744727861	-0.4245042223529574	0.2284310292934297	-0.1546142044113835	-0.001312688445103223	-0.4092058684773417	-0.3821588655138611		0.009138487877049154	-0.1591269317131159	-0.466521845874577	0.810191461976807	-0.2661918546288585	-0.4139117512887466	-0.2661918546288585	-0.6452998250357882	-0.5049939901870402	-0.04717153825538492	0.6521783281488724	0.02941176470588235	1.36080563008377	-0.5060254946399986	-0.4092058684773417
FOLLICUM AB	0.8191070556640625	No	No	No	21	C1	Sweden	34875.0147024926	-2361829.77720494	-2361829.77720494	1424502.70137744	1227463.7527642	6.91	86.168	5.0	63009.4803448395	0.0	63009.4803448395	0.0	1361493.2210326	0.0	0.0	1361493.2210326	1276210.62205424	957744.101241561	269719.651522639	0.0				197038.948613242	0.0	60567.2524244969	136471.696188745	1424502.70137744		1164454.27241936	16802.5280919572	Inactive	-0.6647797850731758	-0.6838556807005023			-0.3957071323251093	-0.6694464531213131	-0.4195357090718242		-0.3957071323251093	0.01412296393936544	-0.6887868490833267	-0.7488741564854166	20.8017932496197	-0.6838556807005023	20.8017932496197	0.03941034897713605	-0.8995311206322295	-0.01976433451322199	-0.6958253327251037	0.25		-0.6817364657586579	-0.6694464531213131
TOOL DOMAINS	0.012634439393877983	No	No	No	62	U1	Bulgaria	3944574.71188043	457601.343763187	457601.343763187	916225.260361598	197356.557198425		21.54	74.0												0.0				0.0	0.0	0.0	0.0	197356.557198425				Active																				0.2542372881355932			
STICHTING ADMINISTRATIEKANTOOR 24I	0.009301844984292984	No	No	No	66	NF	Netherlands																																Active																							
CORTILIA S.P.A. SOCIETA' BENEFIT IN FORMA ABBREVIATA CORTILIA S.P.A. SB	0.03644248843193054	No	No	No	47	U1	Italy	38622927.0	-14586748.0	-14586748.0	24797330.0	10914352.0	1.362	44.014	72.0	9152198.0	2308938.0	5368260.0	1475000.0	15645132.0	1874442.0	511832.0	13258858.0	3561883.0	230948.0	10683404.0	2394295.0	1598657.0	795638.0	415840.0	11488683.0	1015142.0	8140277.0	2333264.0	24797330.0	-5754003.0	4156449.0	2719468.0	Active	-0.5730743876089639	-0.5185974628554698	0.6171678267545869	-0.2007227326973953	0.07248442106199629	-0.3953925512241767	-0.0521484583090508	-0.1471102551202463	0.07248442106199629	-0.2938779439132387	-0.8319643465882688	-0.1824657518887354	-0.1853490982200103	-0.4746329437926467	-0.2311375362159219	-0.4303638644918444	-0.5784415681064968	0.03864073827555811	-0.07746333881565476	0.02857142857142857	-0.09397878834448566	-0.7601043260303304	-0.3953925512241767
BASE79	0.12261373549699783	No	No	No	77	U1	France	545120.0	25157.0	30316.0	637040.0	-493042.0	4.853	-77.396		17863.0	0.0	893.0	16970.0	619177.0	0.0	586062.0	33115.0	1135.0	1000.0	-494042.0	1002496.0	1002496.0	0.0	0.0	127585.0	186.0	50653.0	76746.0	637039.0	535409.0	491592.0	247.0	Inactive	-0.05792593215351633	-0.8374364890405243	5.371070139583423	0.725202163524004	-1.122559240782602	1.055657381831324	0.2370381224509732		-1.150717893648332		-0.9889680510871572	-0.6359436074532275	0.257692036893614	1.093985992228426	6.260162601626016	3.137254901960784	-0.05781546195538163	0.0	-0.4940415997461979		9.489782723692718	10.29369601176254	1.055654154942303
KIDAMOM	0.40452277660369873	No	No	No	62	U1	Bulgaria	511.280492691853	-1533.84147807556	-1533.84147807556	41925.000400732	36812.1954738134	8.1	87.805	1.0	511.280492691853	0.0	0.0	511.280492691853	41413.7199080401	0.0	0.0	41413.7199080401		511.280492691853	36300.9149811216	0.0	0.0	0.0	0.0	5112.80492691853	0.0	0.0	5112.80492691853	41925.000400732	0.0	36300.9149811216	1533.84147807556	Inactive	-0.0400169022477655	-1.76065080870375e-05			-0.5714361170748947	-0.03531110274897667			-0.5714361170748947	-0.004873349577831842		-1.760650808801694e-05	-0.7500044016270223	-1.76065080870375e-05	-1.0	0.0	-0.04055743327127267	-1.760650808795023e-05	-1.760650808801694e-05	0.0		-1.7606508088052e-05	-0.03531110274897667
MAKE ME REACH	0.31977519392967224	No	No	No	63	U1	France	1636837.0	259309.0	172433.0	811946.0	179433.0	1.164	22.099		75944.0	37352.0	38592.0	0.0	736003.0	0.0	614533.0	121470.0	45351.0	7000.0	172433.0	0.0	0.0	0.0	0.0	632514.0	0.0	436784.0	195730.0	811946.0	177749.0	103489.0	3262.0	Active																							
KILTR LIMITED	0.18262262642383575	No	No	No	62	U1	United Kingdom				1.16529510475198	1.16529510475198		100.0		0.0				1.16529510475198	0.0	0.0	1.16529510475198	1.16529510475198	1.16529510475198	0.0	0.0				0.0				1.16529510475198				Inactive	0.03282949152832305	0.03282949152832305				0.03282949152832305				0.0	0.03282949152832305			0.03282949152832305				0.03282949152832305					0.03282949152832305
ADICTIZ	0.09116768091917038	No	No	No	58	U1	France				5357144.0	2708133.0	1.478	50.552		1823513.0	1772704.0	28612.0	22197.0	3533631.0	0.0	822374.0	2711257.0	1941424.0	350260.0	2357873.0	258169.0	104449.0	153720.0	153720.0	2390841.0	524.0	375747.0	2014570.0	5357144.0	446627.0	1142790.0		Active	0.03864824345516907	0.2274835170158544	-0.3297505148875234	-0.3403471386484946		0.001577203317137522	0.09211635382817814	-0.03686547061568862		0.03700664642652011	2.097926390451343	0.004572152901090605	-0.04675145038072167	0.028485982722891	-0.4109242140371827	0.01094391244870042	0.04464572507324654	0.0	0.01739213692089686		-0.4941438171144835	0.05249633907109109	0.001577203317137522
SAP SE	0.0018852869980037212	Yes	No	Yes	58	C2	Germany	34176000000.0	4764000000.0	3124000000.0	74122000000.0	45808000000.0	1.122	61.801	109121.0	52721000000.0	33854000000.0	4493000000.0	14374000000.0	21401000000.0	0.0	6231000000.0	15170000000.0	11178000000.0	1229000000.0	44579000000.0	9235000000.0	7169000000.0	2066000000.0	1092000000.0	19079000000.0	2891000000.0	0.0	16188000000.0	74122000000.0		2322000000.0	1280000000.0	Active	0.05533797170898033	0.03344914503712787	0.0575356415478615	-0.1022649946534461	-0.1080322037071709	0.08468573937221044		0.07156648624695344	-0.1403412217941662	-0.02704702529951663	-0.01800931213212685	0.1767955801104972	0.1037810903609413	0.04034806280686403	0.05074836295603367	-0.2014234875444839	0.0569504706356545	0.0	0.3030323726266904	0.01411683797698928		-0.6083656603137123	0.08468573937221044
AHEAD A/S	0.37987571954727173	No	No	No	73	NF	Denmark																																Inactive																							
SOUNDWAVE ANALYTICS LIMITED	0.7587109804153442	No	No	No	na	U1	Ireland				303751.0	38430.0	1.145	12.652		0.0				303751.0	0.0	47055.0	256696.0	256696.0	10.0	38420.0	0.0				265321.0	0.0	265321.0	0.0	303751.0	-218266.0	38430.0		Inactive	-1.07869887798295	0.01441623723562328	-0.4117389673709214	-1.0		-0.08793891387769563	-0.5634422968390327				0.01441623723562328			-0.08793891387769563		1.089416058394161	-1.078676788299644	0.0	-0.5634422968390327		-0.5864349229868484	-1.139888395050943	-0.08793891387769563
TEAMLEADER	0.034172363579273224	No	No	No	62	U2	Belgium	27701715.0	-91121.0	-148906.0	23156067.0	9738772.0	0.629	42.057	144.0	14710922.0	11531783.0	515667.0	2663472.0	8445145.0	0.0	2996627.0	5448517.0	4749348.0	133870.0	9604902.0	0.0	0.0	0.0	0.0	13417295.0	100000.0	981645.0	12335651.0	23156067.0	2014982.0	-4972150.0	2328983.0	Active	-0.01505975417079723	0.6779273404449596	1.808970890677405	-1.0	-1.142635758417249	0.1585616285859095	-0.06778566510766601	5.32373677800316	-1.280477376238929	-0.1498655778132642	0.9232489957237269	0.3788690829825236	-0.06138046647806977	0.9576240207122105	-0.1098968815916207	0.4593967517401392	-0.01526644772995327	0.0	0.3418324185465025	0.09923664122137404	145.21449822219	-0.125430763364042	0.1585616285859095
AGILITAS IT SOLUTIONS LIMITED	0.06880893558263779	No	No	No	82	U2	United Kingdom	20156987.0400071	-1916353.30973703	-1349640.75139437	23147590.6611406	10080200.4855407	1.314	43.548	128.0	10283898.3729771	2652624.44477257	7631273.92820457	0.0	12863692.2881635	0.0	3937400.50575422	8926291.78240928	1442954.86742669	2029013.03519069	8051187.45035003	3273959.90030488	0.0	3273959.90030488	2258884.39419715	9793430.27529504	2833562.7917133	2066566.27700857	4893301.20657317	23147590.6611406	1870834.22874565	3070262.01286846	3407103.21220466	Active	-0.1511934549920043	-0.1641402670569705	0.228815145968026	0.6278534191234868	-1.765960143026096	-0.09794653896963466	-0.4304934759904482	-0.1300972993036821	-1.650039765897601	-0.05901164675122629	-0.5602194542741241	-0.1762440346472533	-0.1268254079683531	-0.07344795149763375	-0.1256823291612756	0.1145038167938931	-0.1757222635564061	-0.03754651862041669	-0.1682190539513273	-0.1292517006802721	-5.40744714035664	0.4555490430280827	-0.09794653896963466
VISIONARITY AG IN LIQUIDATION	0.7308895587921143	No	No	No	47	LF	Switzerland								4.0										1922456.56484399														Inactive																		0.04974548997213039		0.0			
CAMSEMI	0.5841038823127747	No	No	No	na	NF	United Kingdom																																Active																							
ALCHEMIYA MEDIA LIMITED	0.09071682393550873	No	No	No	59	U1	United Kingdom				24081.0248835523	-246200.645761931	0.036			14426.2557895771	14062.0553558065	364.200433770581	0.0	9654.76909397519	0.0	5577.10727536659	4077.6618186086	1830.222432999	198.235679140949	-246398.881441072	0.0				270281.670645484	0.0	125392.134787778	144889.535857705	24081.0248835523	-119815.027512412	-260626.901551508	2116.05062152781	Active	0.1278728161398642	-0.933837476643192	1.850888347396518			-0.6983344720081023	0.05203652479024911	-0.1079886712545137			-0.8663695950915482	-0.1902201176335503	-0.1116642350731472	-0.8481650398146392	-0.2335966890852351	-0.8309859154929577	0.1277755167783122	0.01863731197531721	-0.09336288131347273		0.02201920279431985	0.1112862727709107	-0.6983344720081023
DUALOG AS	0.016466578468680382	No	No	No	58	C2	Norway	19629725.0585419	1259226.09341704	942884.579594869	8552788.91730472	3568029.72706828	1.143	41.718	40.0	3382852.03641738	2740825.58853355	272560.916128641	369465.531755181	5169936.88088734	157859.309569771	2576559.36222814	2435518.20908943	2078510.57098688	3568029.72706828	0.0	462009.884603299	422678.534642849	39331.3499604504	39331.3499604504	4522749.30563314	0.0	1353639.13031306	3169110.17532009	8552788.91730472			1227547.44955749	Active	-0.00202676597884954	-0.2371927175934427	0.4653269677627776	-0.3296349606652632	0.251570374273662	0.007796712625066884	-0.1784049779720479	-0.01881199261344835	0.2381079546012542	-0.009732244587922441	-0.2577333298189253	0.2309236241515798	0.04544051749075739	-0.01540132217291481	0.7072265597845216	-0.08118971061093246		-0.00202676597884954	0.07119485156873213	0.1428571428571428			0.007796712625066884
BIRDLY	0.30364885926246643	No	No	No	68	NF	France																																Inactive																							
GREEN ON	0.1375400871038437	No	No	No	77	U1	France				1023738.0	-1611241.0	0.508			336835.0	449.0	329237.0	7149.0	686903.0	92253.0	409315.0	185335.0	97883.0	103923.0	-1715164.0	1282567.0	1282567.0	0.0	0.0	1352413.0	0.0	479808.0	872605.0	1023738.0	21760.0	-665510.0		Active	0.02263032460958946	0.3258575669778588	0.2054063127639399	20.1118664713338		0.1755834062519378	-0.1931904933260243	0.0			0.3036813084361099	-0.5020844317541181	0.2410879761830194	0.1459250522578912	0.2480316900741078	1.02390438247012	0.02123002688882697	0.0	-0.4331093010427268		-1.161123122945236	-0.6274234606046118	0.1755834062519378
CARETOSAVE B.V.	0.8344480991363525	No	No	No	74	U1	Netherlands				25325.0	-216152.0	0.691		2.0	4931.0	0.0	4931.0	0.0	20394.0	0.0	20393.0	1.0	1.0	100.0	-216252.0	211958.0	211958.0	0.0	0.0	29519.0				25325.0		-9125.0		Inactive	0.5423124125924024	-0.9999885889038501	0.08554242521026297	0.002691720004352166		-0.7769606763838126					-0.9999885889038501		-0.3079298245614035	-0.8083630896448036	-0.3079298245614035	-0.7253577106518284	0.5419257315612344	0.0	-0.3022172844175492	0.0		-1.142320169692433	-0.7769606763838126
TWENGA LTD	0.751854658126831	No	No	No	82	U1	United Kingdom		-7203.58496425711	-6778.8505989889		-4336.34634460832			1.0										1.12661635349658	-4337.47296096182	0.0				4336.34634460832	0.0	0.0	4336.34634460832	0.0				Inactive	-1.294468857888192				-4.274486929911792		-1.0		-4.851772727807182			-0.2343688339515352					-1.294568708296072	-0.03465626166972846	-0.4609592269210503	0.0			-1.0
SYNOSTE OY	0.623892068862915	No	No	No	74	U1	Finland	3451000.0	-185000.0	-185000.0	5542000.0	4388000.0	2.663	79.177	13.0	2466000.0	2417000.0	49000.0	0.0	3076000.0	0.0	0.0	3076000.0	21000.0	3000.0	4385000.0					1155000.0	0.0	34000.0	1121000.0	5542000.0			776000.0	Active	-0.06038543897216274	-0.5244279529993816			0.2585034013605442	-0.4266501138009518	inf	-0.2363349131121643	0.2585034013605442	0.6388003477252971	-0.8858695652173914	-0.7756653992395437	-0.2288930581613508	-0.5244279529993816	0.4848484848484849	1.057959814528593	-0.06042425541032783	0.0	-0.7688613167900741	0.0			-0.4267094238129719
STARTITUP S.R.O.	0.24535833299160004	No	No	No	77	U1	Slovakia	3374835.0	609344.0	450487.0	1828774.0	1126323.0	2.423	61.589		201175.0	1432.0	109457.0	90286.0	1627599.0	0.0	687279.0	940320.0	679809.0	5100.0	1121223.0	30702.0	20000.0	10702.0	0.0	671749.0	-2666.0	553938.0	120477.0	1828774.0	133341.0	955850.0	78926.0	Active	0.58453816080279	0.7617302547269498	0.168412623934065	-0.7016384521194924	0.7840028106335637	0.3001009497810385	-0.03785608954150622	-0.4943502824858757	0.6238915403803729	0.2187877228741614	1.507373010135584	5.143337922594462	-0.2933194227823912	0.4506695401991508	-0.3428847585428523	0.2806553911205075	0.5887624146086059	0.0	0.1329562147821702		9.681807257870704	0.8067392878137482	0.3001009497810385
MISSION THERAPEUTICS LIMITED	0.033271487802267075	No	No	No	72	U1	United Kingdom		28775291.8669307	31401914.6155483	17722500.2218045	-123533099.029323	0.438		51.0	1005008.79192388	681147.013792448	323861.778131435	0.0	16717491.4298807	0.0	0.0	16717491.4298807	6250186.55803121	1152.53301826133	-123534251.562341	103121739.275915	61484178.9251874	41637560.3507272	103727.97164352	38133859.9752128	537080.386509782	791790.183545536	36804989.4051574	17722500.2218045	-791790.183545536	-21416368.5453321	762976.858089003	Active	-0.1884760430301778	-0.09840528373187392		-0.315178266622982	-1.376953782060945	-0.1204185789395482	-0.005960464024082839	inf	-1.43511471665877		-0.5197295998224495	13.79270755826277	-0.3744706084207884	-0.09840528373187392	-0.7984245882640377	-0.4853113983548766	-0.1884745036117544	0.0186373119753145	0.7500209118504341	0.04081632653061224	-0.005960464024082839	5.592935747518443	-0.1204185789395482
ORGANON R&D FINLAND OY	0.19390445947647095	No	No	No	72	U1	Finland	1109000.0	-46473000.0	-46473000.0	48054000.0	-85217000.0	1.168		27.0	949000.0	602000.0	304000.0	43000.0	47105000.0	0.0	0.0	47105000.0		15190000.0	-100407000.0	92950000.0	0.0	92950000.0		40321000.0	0.0	1670000.0	38651000.0	48054000.0			121000.0	Active	1.199488953128226	0.02860574298504203		0.6261940585744777	0.434130535411202	0.03250897058507553	11.65151515151515	-0.1173020527859238	0.434130535411202			0.3806887190112167	0.272117962466488	0.02860574298504203	13.47619047619048	-0.2825552825552826	0.8616642563132718	0.0	0.4335845836592477	0.125			0.03253115599484314
NOVICAP LIMITED	0.0789271667599678	No	No	No	66	U1	United Kingdom				16482911.7745418	14162235.8308198	7.103	85.921		0.0				16482911.7745418	0.0	147282.194403616	16335629.5801382	1678176.81963091	111.795702771349	14162124.0351171	0.0				2320677.09625502	22384.4962806716	1349511.28387936	948781.316094986	16482912.9270749	-1202229.08947574	14162234.6782868		Active	0.02394003509426585	0.120665074844258	-0.1312912536465915			0.1177681847129766	18.2230340923447			-0.08393927116873137	0.5442991127124304	0.123105342648546		0.1177681847129766		-0.5591758207658413	0.02394024469874035	-0.001941219579740053	1.535841225990225			0.02393986800253087	0.1177683486342576
BEGO LIMITED	0.2688009440898895	No	No	No	43	U1	United Kingdom				5075.37090040638	913.636240114223	1.048	18.001		712.14992100158	0.0	712.14992100158	0.0	4363.2209794048	0.0	0.0	4363.2209794048		0.0	913.636240114223	0.0				4161.73466029216	0.0	0.0	4161.73466029216	5075.37090040638	0.0	201.486319112642		Active	1.484010187797073	0.6624341209738754				0.4511127300977189	-1.0			0.7117725370863447		1.62423695102708	-0.1842254437718156	0.6624341209738754	-0.1842254437718156	0.2491060786650776	2.592943307349346	-1.0	0.3297276099328362		-1.0	-1.398850937318602	0.4511127300977189
MUSATIONS LIMITED	0.9011055827140808	No	No	No	62	U1	United Kingdom			-5565.71820058332	4151.81972111257	4151.81972111257		100.0	3.0	3740.80272126642	3740.80272126642	0.0	0.0	411.016999846149	0.0	0.0	411.016999846149	165.502845271383	307.988738551381	3843.83098256119	0.0				0.0				4151.81972111257			298.124330555073	Inactive	-0.3752509743011179	-0.9502470813804653				-0.6687812807869551		-0.05495989512814364		0.8862230270107138	-0.9796112221980782		-0.1247159082964327	-0.9502470813804653	-1.0		-0.3917680954697007	-0.05495989512814355	-1.0				-0.6687812807869551
MODAFIRMA LIMITED	0.19759517908096313	No	No	No	74	U1	United Kingdom				233705.720051588	227863.077050299	65.667	97.5	3.0	3505.58580077383	0.0	2337.05720051588	1168.52860025794	230200.134250815	0.0	0.0	230200.134250815		0.0	227863.077050299	2337.05720051588	0.0	2337.05720051588		3505.58580077383	0.0	0.0	3505.58580077383	233705.720051588	0.0	226694.548450041		Active	24.00701418872323	39.42159421684909		inf		24.64821968074169				-0.025			0.02592878722967167	39.42159421684909	0.02592878722966867		24.00701418872323		inf				24.64821968074169
WERCKER B.V.	0.36943718791007996	No	No	No	62	U1	Netherlands				168681.0	-1220406.0				0.0				168681.0	0.0	168681.0	0.0				1389087.0	1389087.0	0.0	0.0	0.0				168681.0				Active	0.05028503170461352		0.03601589514608425	0.04853135546458956		0.03601589514608425								0.03601589514608425									0.03601589514608425
BETTERMARKS GMBH	0.0035498635843396187	No	No	No	63	U1	Germany				7442855.43	1648806.77	1.355	22.153	72.0	60642.95	7068.95	53574.0	0.0	7382212.48	0.0	0.0	7382212.48	6567856.37	273290.0	1375516.77	345586.24	0.0	345586.24	345586.24	5448462.42			4933497.37	7442855.43		1933750.06		Active	-0.3324424599687472	0.06353103904730857		-0.3352072412356589		0.06399390637438555		0.0		-0.372596221926421	0.003611389974977093	0.2316946835392942	0.1235179742088838	0.06353103904730857	0.1421323043468992	-0.2181188690132718	-0.3738029214243691	0.0	0.360260620991805	0.2631578947368421		-0.3413151256659998	0.06399390637438555
DIGICO EUROPE LIMITED	0.13252916932106018	No	No	No	26	U2	United Kingdom				6415693.74266088	4360338.76546661		67.964		6415693.74266088	0.0	0.0	6415693.74266088	0.0					691728.434435982	3668610.33103063	0.0				2055354.97719427	2055354.97719427	0.0	0.0	6415693.74266088		-2055354.97719427		Inactive	0.02206949016875948					0.02210530908347805				-2.94264779447862e-05			0.02210530908347805				0.02195453423327685	0.02267959627666581	0.02218130553695764			0.02218130553695764	0.02210530908347805
AKVOLA TECHNOLOGIES GMBH	0.8158748149871826	No	No	No	74	U1	Germany	633140.62			1229659.68	-446263.71		-36.292	12.0	329097.88	2.0	329095.88	0.0	900561.8	26035.37	0.0	874526.43	467589.04	55789.0	-502052.710000001	1675923.39	1591647.5	84275.89	84275.89	0.0				1229659.68	26035.37	900561.8		Inactive	-2.154970934059772	-0.4897994596179871		0.01722225685953549		-0.4020311213593197		-0.9967845659163987		-2.931555697482569	-0.6900233965562317		0.03393009066974974	-0.4818688133419733	0.03594819879373955		-2.518628055740385	0.0	-1.0	0.0	0.08424643757123917	-0.4750857744536515	-0.4020311213593197
DRIFTROCK LIMITED	0.7381719946861267	No	No	No	96	U1	United Kingdom				724887.016882833	225242.888253021	1.433	31.073	12.0	8814.03164259898	0.0	8814.03164259898	0.0	716072.985240234	0.0	262027.651849124	454045.33339111	363934.875622161	381.872565311665	224861.01568771	0.0				499644.128629812	0.0	80033.8384554548	419610.290174357	724887.016882833	181993.813393669	216428.856610422	8544.54199440606	Active	-0.2720785185546093	-0.03625886708113513	-0.2519846658421065			-0.1320112756746619	0.07703403003765223			-0.161367807405808	-0.177183704875306	-0.07040763797029616	-0.3570659888148258	-0.1282552516000279	-0.3570659888148258	-0.08317338451695451	-0.2724013836327624	-0.01460282959129314	-0.04956630498087551	-0.07692307692307693	-0.3405727055297757	-0.2681386954077731	-0.1320112756746619
INSPLORION AB	0.06818998605012894	Yes	No	No	46	C1	Sweden	211608.309250549	-2186919.60488664	-2186919.60488664	2710082.39670923	2231350.14000611	3.019	82.335	13.0	1399336.54929015	1378067.57101795	21268.9782722017	0.0	1310745.84741907	150414.935323325	47674.9555338759	1112655.95656187	1009735.73119385	283255.926735296	1948094.21327081	44520.6579087612	44520.6579087612	0.0	0.0	434211.598794355	64437.7943416281	91564.7539176141	278209.050535113	2710082.39670923	106525.136939587	876534.24862472	662312.37848479	Active	-0.3698030543440599	-0.5444621782820923	0.8936753159975309	-0.4302097021568838	0.14442102656464	-0.3599713859174563	-0.2668390256484918	-0.1132021411232918	0.14442102656464	-0.01536713704855311	-0.5748615717266833	-0.347358702077391	-0.1218712564592024	-0.5036502621308966	-0.4623901663468089	-0.2964343975763226	-0.4209214748606631	0.6040236786644136	-0.2944931729469289	0.0	0.4518949520519324	-0.5672098748041134	-0.3599713859174563
AGERIA LIMITED	0.5179227590560913	No	No	No	na	NF	Ireland																																Inactive																							
SURFLY B.V.	0.21707554161548615	No	No	No	62	U1	Netherlands				3572539.0	-38717.0	0.577	-1.084	33.0	1487965.0	1424653.0	63312.0	0.0	2084574.0	0.0	1892542.0	192032.0	192032.0	49550.0	-88267.0	0.0				3611256.0				3572539.0		-1526682.0		Active	-1.025322342027226	0.3295852662189296	0.0038998721614267			0.04837097107877589		0.09657101468685464		-1.024159757510921	0.3295852662189296		0.07973383354437498	0.02707600437520324	-0.1975258568241736	-0.4657407407407408	-1.059663407723048	0.0	0.9221701364585502	0.0		-11.11845096466752	0.04837097107877589
RENTALS UNITED AB	0.3311086595058441	No	No	No	58	U1	Sweden	7080046.32654308	-610041.160697175	-610041.160697175	4633032.35176841	185022.086410297	0.693	3.994	0.0	2197013.35728701	2189983.77972246	0.0	7029.57756454124	2435027.64379923	0.0	299027.41486087	2136000.22893836	59030.4269842886	34967.6422441282	150054.444166169	935023.938873274	935023.938873274	0.0	0.0	3512986.32648484	0.0	183039.385045939	3330037.06422819	4633032.35176841			1479996.4457038	Active	-0.3712893435561628	0.3872156114468117	-0.0833216363932973	4.868569677628497	-6.003486151190317	0.1267754714031717	-0.1285450071362096	-0.01709204706161469	-6.003486151190317	-0.441944949000978	-0.6073433975882706	-0.03421689996720714	-0.02175353108855866	0.3049571844645028		0.3588235294117646	-0.4280779670683313	0.09549714491851038	-0.03965768213625447				0.1267754714031717
CYCLOMEDIA TECHNOLOGY B.V.	0.016634827479720116	No	No	No	62	C2	Netherlands	84945000.0	7369000.0	7089000.0	71114000.0	39901000.0	2.835	56.109	247.0	17326000.0	9864000.0	7444000.0	18000.0	53788000.0	53000.0	46453000.0	7282000.0	7282000.0			12238000.0	12238000.0	0.0	0.0	18975000.0	0.0	3784000.0	15191000.0	71114000.0	42722000.0	34813000.0		Active	0.2028518027251899	-0.2738332668528121	-0.006565440547476475	-0.5004897959183674	-0.6196056163534999	-0.01677105368672833	-0.1248843663274746	0.1500524658971668	-0.5682178097210379	0.2233778126635271	-0.2738332668528121	0.4704288065046946	0.1150009653130832	-0.05282806226667606	0.06923297902901465	-0.2683870967741935			0.2947799385875128	-0.8889388489208633	0.006739560750306343	-0.1737355517053141	-0.01677105368672833
AYLIEN LIMITED	0.025379318743944168	No	No	No	58	U1	Ireland				2014239.0	-5869785.0	0.303		22.0	51588.0	0.0	51588.0	0.0	1962651.0	0.0	311337.0	1651314.0	838033.0	21229.0	-5891014.0	1400000.0	1400000.0	0.0	0.0	6484024.0	4163136.0	130711.0	2190177.0	2014239.0	180626.0	-4521373.0	37536.0	Active	0.4165503057881835	0.8135426436445825	0.7810837404606354	-0.4166666666666667		0.8069039942731349	-0.6971057144181304				11.60977444740366	0.02601799462016511	0.7548132526022179	0.8083149367760386	0.7548132526022179	-0.2026315789473684	0.3193916971466851	-0.9339131896559775	1.268359510562316	-0.04347826086956522	-1.703542132446307	1.549958942336542	0.8069039942731349
ANPARTSSELSKABET AF 17.12.2024	0.3568272590637207	No	No	No	47	U1	Denmark		15277.1734373673	15277.1734373673	258237.835208832	257433.773448971		99.689		0.0				258237.835208832	0.0	0.0	258237.835208832		5360.41173240959	252073.361716561	0.0				804.061759861439		804.061759861439		258237.835208832				Active	0.06235918542577478	0.061562745395619			-0.7229712848106031	0.061562745395619	-0.001238579448751369		-0.7229712848106031	0.0007529062180013715				0.061562745395619			0.06379967840141613	-0.001238579448752075	-0.001238579448751369				0.061562745395619
METRILO	0.09389734268188477	No	No	No	62	U1	Bulgaria	1185673.20244339	0.0	0.0	920315.551702498	0.0		0.0	14.0												0.0							0.0					Active																				-0.06666666666666667			
NEOCODEX SL	0.4150330424308777	No	No	No	72	U1	Spain	683470.0	-360514.0	-360514.0	5420393.0	940844.0	3.012	17.357	14.0	2419701.0	1929326.0	441526.0	48849.0	3000692.0	2335647.0	596174.0	68871.0	68570.0	86405.0	854439.0	3483301.0	3238482.0	244819.0		996248.0	57066.0	0.0	939182.0	5420393.0	2931821.0		423505.0	Inactive	-0.3333782072765225	-0.901925993435246	-0.6387658364947245	-0.1047742532398692	-2.068731120063795	-0.1603045240038673		0.9181661095744956	-2.068731120063795	-0.2061379436516649	-0.9023127530508567	-0.1378494291998517	0.3694410518606892	-0.3599565553382991	-0.2890481212814093	-0.2594049668059996	-0.3551189624410169	0.0	-0.1358412564307852	-0.125	-0.2644755631420552		-0.1603045240038673
AGIO TECHNOLOGIES LTD.	0.7205119729042053	No	No	No	74	U1	United Kingdom				57496.8817562816	-38811.5653897988	0.576	-67.502		1993.77512481902	0.0	1993.77512481902	0.0	55503.1066314626	0.0	0.0	55503.1066314626	29279.1443456926	15173.4383547458	-53985.0037445446	0.0				96308.4471460804	0.0	0.0	96308.4471460804	57496.8817562816	0.0	-40805.3405146178		Inactive																							
CHASER LONDON LTD	0.016723904758691788	No	No	No	64	U1	United Kingdom				1.17004176107222	1.17004176107222		100.0		0.0				1.17004176107222	0.0	0.0	1.17004176107222	1.17004176107222	1.17004176107222	0.0	0.0				0.0				1.17004176107222				Active	0.0308684162362051	0.0308684162362051				0.0308684162362051				0.0	0.0308684162362051			0.0308684162362051				0.0308684162362051					0.0308684162362051
TIA TECHNOLOGY A/S	0.42904525995254517	No	No	No	na	NF	Denmark																																Active																							
SIRION BIOTECH GMBH - SOCIETE DE DROIT ETRANGER	0.33625638484954834	No	No	No	na	NF	Germany																																Active																							
ONSLIP AB	0.8836948871612549	No	No	No	46	U1	Sweden	39165.9110758032	-32189.7945991971	-32189.7945991971	396542.392291657	394050.92212144		99.372		0.0	0.0	0.0	0.0	396542.392291657	0.0	0.0	396542.392291657	354885.011045637	24914.7017021649	369136.220419275	0.0	0.0	0.0	0.0	2391.81136340783	0.0	996.588068086596	1395.22329532123	396542.392291657				Inactive	0.005270798783198553	-0.5044129809556086	-1.0		-1.115600339490994	-0.5136637834947089	-0.8979295248044376		-1.115600339490994	1.067020280811232	-0.5390495817296702	-0.9966260037365912		-0.5136637834947089			0.002939976402733932	0.04111884699473815	-0.9943507003554435				-0.5136637834947089
ICLIO, S.A.	0.8988626003265381	No	No	No	63	U1	Portugal	74279.37	-483640.25	-486829.05	96442.1	54794.39	1.487	56.816	12.0	34496.69	20790.94	9345.08	4360.67	61945.41	0.0	26701.97	35243.44	20303.71	170417.72	-115623.33	0.0				41647.71	3296.56	6194.52	32156.629	96442.1	20507.45		78631.01	Inactive	-1.505592629993054	0.736300258005588	818.5816451810928		-0.1213534137148115	-0.2504740780347989	0.01033739239358424	-0.7713606975481825	-0.1234406416478161	-1.674550030868595	2.569073563974061	-0.5960292015074614	-0.6815892271207523	2.046906656422662	-0.3277718831937216	16.29069767441861	-0.3064482083431482	1.921346635049463	-0.8243063748948734	-0.1428571428571428	-4.362670860006297		-0.2504740780347989
COPRIX MEDIA D.O.O.	0.20536276698112488	No	No	No	62	U1	Serbia	8402.91606221466	-3855.25447004966	230.802374038449	210543.054539519	16711.8015275988	0.068	7.937	1.0	197395.867455403	195874.281433964	1521.58602143867	0.0	13147.1870841161	1367.7177720797	10001.4362083328	1778.03310370361	85.4823607549813	8.54823607549813	16703.2532915233	0.0	0.0	0.0	0.0	193831.25301192	0.0	0.0	193831.25301192	210543.054539519	11369.1539804125	-180684.065927804		Active	0.01837567973302758	-0.0547659705610179	0.004311156278917375		9.294189351858927	0.003781348827245902	-1.0	0.004311156278917158	-0.4230552932014731	0.01444274028629862	-0.3304592291473867	0.004311156278919712	0.004311156278918577	-0.004106667726000171	0.004311156278922679	0.0	0.01838297839595379	0.004311156278918755	0.002542613630835778	-0.5	0.03545258748136748	0.003029905040045444	0.003781348827245902
STEPMIND	0.3498021960258484	No	No	No	26	U1	France	378000.0	-12471000.0	-12085000.0	7604000.0	19000.0	0.704	0.25	84.0	2458000.0	332000.0	2107000.0	19000.0	5146000.0	0.0	109000.0	5037000.0	2967000.0	116000.0	-97000.0	271000.0	0.0	271000.0	271000.0	7314000.0	0.0	844000.0	6470000.0	7604000.0	-735000.0	-2168000.0	1532000.0	Inactive	-0.9984340229127174	-0.6931091208188631	inf	0.1885964912280702	-0.08977446901686008	-0.6184646261916709	-0.414295628036086	-0.60381861575179	-0.0950277070540662	-0.9958934261966556	-0.6543166724921357	0.05580939947780679	-0.2889788834249349	-0.6876100285315364	-0.1896153846153846	-0.6764705882352942	-1.008071898144296	0.0	-0.03369005152596116	-0.1683168316831683	-0.4677769732078204	-1.243486073674753	-0.6184646261916709
THE CURVE LONDON LLP	0.20608538389205933	No	No	No	41	U1	United Kingdom	98895.3870114338	85730.9780467304	85730.9780467304	37402142.3777508	1375.59132337549	2.965	0.004		0.0				37402142.3777508	0.0	0.0	37402142.3777508	62881.0305741402	0.0	1375.59132337549	24788029.0928245	24788029.0928245	0.0	0.0	12612737.6936029	12606960.2100447	0.0	5777.48355817704	37402142.3777508	0.0	24789404.6841479		Inactive	0.1396174177142543	0.1362487723187443		-0.2422505280550146	-0.9959264259713857	0.1362487723187443	-1.0		-0.9959264259713857	0.0	-0.1724644342654804	-0.9680455500146885		0.1362487723187443			0.1396174177142543		61.03751721450168		-1.0	-0.2422364380491138	0.1362487723187443
ONDRA GMBH	0.35522016882896423	No	No	No	62	LF	Switzerland								4.0										22449.8237798216														Active																		0.003782304982701988		0.0			
WIRECOM TECHNOLOGIES	0.92766934633255	No	No	No	62	U1	France	1326935.0	-555224.0	-379771.0	2779064.0	753910.0	1.083	27.128	19.0	621969.0	557858.0	60282.0	3829.0	2157095.0	428059.0	531778.0	1197258.0	879231.0	452415.0	301495.0	34000.0	34000.0	0.0	0.0	1991155.0	1036657.0	312873.0	641625.0	2779064.0	646964.0	165940.0	77849.0	Inactive	4.685252775096525	15.98864829582541	2.240730809545865	16.0	4.193669086283021	3.238225811863099	0.921812519579118	0.6736509879454455	2.466993490902783	0.3414429115363696		3.3455807653234	0.8324789195495766	5.819775529560544	11.24248578391552	0.7841845140032949	-3.045531643508467	0.6157678571428571	2.821017221064428		6.792399879554351	-1.810230169038016	3.238225811863099
ELLUMIA LIMITED	0.4949609339237213	No	No	No	62	U1	United Kingdom				126.046458451637	126.046458451637		100.0		126.046458451637	0.0	0.0	126.046458451637	0.0					126.046458451637	0.0	0.0				0.0				126.046458451637		0.0		Active	-0.00102497642655479					-0.00102497642655479				0.0			-0.00102497642655479					-0.00102497642655479					-0.00102497642655479
BRIDGEU LIMITED	0.009279330261051655	No	No	No	82	U1	United Kingdom	2455362.10476904	-7762734.0101408	-5983135.43743592	6428626.33005051	-20562341.5788005	0.235		63.0	84023.114630306	37812.3032631179	45054.8207498721	1155.99061731612	6344603.2154202	0.0	561852.931204291	5782750.28421591	210869.74608713	10531086.04908	-31093427.6278805	0.0				26990967.908851	26283590.3960959	162412.647867351	544964.864887707	6428626.33005051	399440.28333694	-20646364.6934308	44004.863170236	Active	0.4366741337390361	0.04442493962194784	0.1393385731390865			0.05358365773696193	1.01845341032874	inf			-0.6883709748842858	-0.5588130630034714	0.1709325925945169	0.05218717821404444	-0.3620338716437678	-0.2033898305084746	0.2613523291065563	0.01863731197532117	0.3221704399835945	0.1052631578947368	-0.03207210470355244	0.4353484495364315	0.05358365773696193
COMEKS OY	0.6721165776252747	No	No	No	62	U1	Finland		-5000.0	-5000.0	9000.0	-402000.0	0.017			3000.0	0.0	3000.0	0.0	7000.0	0.0	0.0	7000.0	4000.0	8000.0	-410000.0	0.0				411000.0	0.0	0.0	411000.0	9000.0	0.0	-404000.0	1000.0	Inactive	0.0124261457792911	-0.498962135852838			-0.4533726904996174	-0.5465766537357045		-1.0	-0.7698398085067206		0.0672358591248666	-0.01419227328221205	-0.4912667458029507	-0.498962135852838	-0.4586791771923494	-0.5	0.01215574361354413	-0.001248439450686642	-0.01419227328221205			0.002615735110908161	-0.5465766537357045
VELEZA	0.5841038823127747	No	No	No	na	NF	United Kingdom																																Active																							
LYST LTD	0.004717491567134857	No	No	No	62	C2	United Kingdom	58501728.1128887	97710.4695343062	-595180.586257109	26201806.603018	4776571.29831417	2.059	18.23	155.0	2835721.06165815	2739769.87989587	95951.1817622865	0.0	23366085.5413598	0.0	16973894.2503767	6392191.29098309	1704016.03675773	605.484319415251	4775965.81399476	10078281.830121	9810002.11125257	268279.718868461	268279.718868461	11346953.4745827	1631367.25151953	2979869.49522777	6735716.72783545	26201806.603018	13994024.7551489	12019132.0667771	276394.84203966	Active	0.01964589698665791	-0.2502139769650817	-0.1434212128936392	0.003950588815576005	-1.003712077601748	-0.08327274304969787	-0.05863783653991286	1252.947529725137	-0.9779799557840153	0.1122635753508237	-0.6392101507468729	-0.2018298639631366	10.78463575742527	-0.1755456055005462	-0.5975940413081084	0.006845965770171264	0.01964470315562619	0.02915043844273517	-0.1812418855963111	-0.225	-0.1595397547454923	-0.1700946776241385	-0.08327274304969787
VAAVUD HOLDING APS	0.9018360376358032	No	No	No	64	U1	Denmark	340689.130142782	-422497.578455109	-422497.578455109	206943.081421642	-111006.529371167	0.587	-53.641		20317.5587091469	0.0	6862.22181567215	13455.3368934748	186625.522712495	28256.2074762971	0.0	158369.315236198	7804.09539821538	25699.6934665369	-136706.222837704	0.0	0.0	0.0	0.0	318084.164161744	53821.3475738992	672.76684467374	263590.049743171	207077.634790577	27583.4406316233	-131458.641449249	6996.77518460689	Inactive	-4.854071573827022	1.437468496381867	-1.0	-1.0	-38.54521961746941	0.7715121591845703	-0.9034236144087635		-51.06029282329239	-3.175575924724205	-0.83543820398691	8.59809097308105	0.2744836632981315	0.8500598232091248	-0.1013313172352301	-0.7996587030716723	-17.19785270970225	0.2621008706475847	8.238865313587171		-0.04675530518279569	-2.978413989345641	0.7726639876365778
SIGNALHORN AG ZWEIGNIEDERLASSUNG DEUTSCHLAND	0.1539323627948761	No	No	No	61	NF	Germany																																Active																							
MATCH RIDER GMBH	0.3452678322792053	No	No	No	52	LF	Germany								6.0																								Active																				0.0			
LOCALIZE DIRECT AB	0.23276260495185852	No	No	No	58	U1	Sweden	2983965.55335847	46413.23648383	46413.23648383	1078229.05105348	302452.080853851	2.261	28.051	6.0	93096.841335527	0.0	65519.2678130959	27577.573522431	985132.209717953	0.0	379236.697328071	605895.512389882	521810.949983254	28839.2925724769	273612.788281375	340033.28398736	340033.28398736	0.0	0.0	435743.686212268	0.0	266042.473981099	169701.212231169	1078229.05105348			18385.049014954	Active	-0.3092818494712988	-0.1012776282001873	-0.188108383871751	-0.05455843533439213	-1.057869569575993	-0.1598264288493701	-0.1109198521845258		-1.057869569575993	-0.1778722157092614	0.05999134139375381	-0.08998312566737629	-0.3442684664396905	-0.136883780562375	-0.1794041380889128	-0.0378723404255319	-0.3320777218835289	0.02147609546541828	-0.1028815754728323	0.0			-0.1598264288493701
INFLOWCONTROL AS	0.5538013577461243	No	No	No	71	C2	Norway	9712618.81636469	-3201945.62359024	-2500566.21094709	8233510.89997871	2748300.32472513	1.167	33.379	43.0	2709057.95971934	1293930.22573509	659645.468906829	755482.265077429	5524452.94025936	1567292.00645568	3337914.63431324	619246.299490439	196389.794938267	1953753.66455124	794546.660173894	752812.716437579	752812.716437579	0.0	0.0	4732397.858816	2351605.39684349	1305142.33002246	1075650.13195005	8233510.89997871			228780.318435108	Active	-0.5312525229986023	-0.6590718564219292	-0.1922187690986849	-0.2981309025763436	0.7842318467366455	-0.1622164129802613	-0.2575055680397559	0.648236199230852	0.7768669825857839	-0.4404941499882665	-0.8385170604103191	-0.05162154598064415	0.2103432772259275	-0.2720901544326465	0.6688174546392691	-0.5552591463414634	-0.7895270758622085	-0.06430238759908292	0.6363868542638245	0.02380952380952381			-0.1622083070183535
SMARTAD OU	0.4735370874404907	No	No	No	na	U1	Estonia	1156975.0	250917.0	250917.0	756123.0	543829.0	3.562	71.923	8.0	0.0	0.0	0.0	0.0	756123.0		140507.0	495616.0	491589.0	4674.0	539155.0	0.0				212294.0	0.0	0.0	212294.0	756123.0		543829.0	321.0	Inactive	0.8566292948052657	1.121198892355628	0.2601976752529239		0.1933710328689854	0.6244465212207148			0.1933710328689854	0.1429229766880135	1.225421802921724	0.2303118462153657	-1.0	0.6255640714185899	-1.0	0.3212166172106823	0.8705201951165357	0.0	0.2303118462153657	0.0		0.8586598403237272	0.6244465212207148
GETBULB LIMITED	0.8760091066360474	No	No	No	na	U1	Ireland				5199.0	-148189.0	0.034			0.0				5199.0	0.0	0.0	5199.0		0.0	-148189.0	2000.0	0.0	2000.0		151388.0	0.0	0.0	151388.0	5199.0	0.0	-146189.0		Inactive	0.0	inf	-1.0	0.0		0.0	-1.0					inf		0.0		0.0	0.0		0.0		-1.0	0.0	0.0
SPORTRADAR VIRTUAL GAMING GMBH	0.02944486401975155	No	No	No	62	U1	Germany				3391395.98	1847461.52	7.31	54.475	73.0	214636.15	0.0	214636.15	0.0	3176759.83	0.0	0.0	3176759.83	1233444.01	104167.0	1743294.52	1109366.3	0.0	1109366.3	1109366.3	434568.16	0.0	0.0	434568.16	3391395.98		2742191.67		Active	0.2733732405905889	0.3856422892417339		0.3360644038735869		0.348923345576012				-0.05600707019945586	-0.01111436843970674	0.865213473356203	-0.03109323795768448	0.3856422892417339	-0.03109323795768448	-0.2571138211382114	0.2945190264895232	0.0	0.865213473356203	0.1774193548387097		0.3313933782403944	0.348923345576012
NEWSFLARE	0.03075658157467842	No	No	No	73	LF	United Kingdom	13094944.8845262							42.0																								Active																							
SHOWHEROES S.R.L.	0.005393448751419783	No	No	No	73	U1	Italy	22373648.0	90814.0	29039.0	16131754.0	2049712.0	0.893	12.706	40.0	4477126.0	36098.0	54002.0	4387026.0	11654628.0	0.0	3808104.0	7846524.0	657295.0	14700.0	2035012.0	1035288.0	629906.0	405382.0	0.0	13046754.0	559758.0	5409129.0	7077867.0	16131754.0	-1601025.0	-1392126.0	59081.0	Active	-0.4902063586417189	-0.3130879693807918	-0.07789470319698832	-0.3012520644451089	-0.6590003642275934	-0.1668092698582304	-0.161713392785328	-0.4702999354346423	-0.8213391412416865	-0.3881344505441587	-0.6827783480700393	0.1591845070556324	0.1754905178366542	-0.2506357743433161	-0.220007510760609	-0.2040998217468806	-0.4920051822654688	0.0	-0.05861564753593573	0.1428571428571428	-0.3107372628301607	-1.822005310665676	-0.1668092698582304
GALGO MEDICAL SL.	0.14549219608306885	No	No	No	62	U1	Spain	760763.95	232873.49	156770.139	3562992.95	2338853.32	1.404	65.643	13.0	2865459.82	0.0	0.0	2865459.82	697533.13	0.0	124847.92	572685.21	557897.57	69158.0	2269695.32	727189.07	691877.31	35311.76		496950.56	34774.08	75.89	462100.589	3562992.95	124772.03		5069.78	Active	-0.002799754510484457	0.09336530820553186	-0.490224561353078	-0.2512136786453033	-0.6121809979630607	-0.09289137355505235	-0.9189901793339027	-1.0	-0.6459782480394287	0.09932676848874593	0.9888242845949716	0.2011328870285143	-0.09296986648541303	-0.09256878271874067	-1.0	0.1160572337042925	-0.002884817402735487	0.0	-0.1870329421994733	0.08333333333333333	-0.4885781860523682		-0.09289137355505235
RIB CLUB GLOBAL LIMITED	0.02815353125333786	No	No	No	93	U1	United Kingdom				1830472.53266396	982158.672303834	4.472	53.656	1.0	296807.218060768	0.0	0.0	296807.218060768	1533665.31460319	0.0	0.0	1533665.31460319		129583.897375195	852574.774928639	505344.237318937	505344.237318937	0.0	0.0	342969.623041189	342969.623041189	0.0	0.0	1830472.53266396	0.0	1190695.691562		Active	0.0319273236121992	0.04359369829424701		-0.3692404513001883		0.03946433631148449				-0.007252812314979333			0.01863731197531973	0.04359369829424701			0.0339777090840312	0.01863731197532201	41.66963297583109	-0.5		-0.1853267191405204	0.03946433631148449
TAECANET LIMITED	0.8067451119422913	No	No	No	62	U1	United Kingdom				735562.253036404	-1079157.62788387	1.33			21161.4273301903	0.0	21161.4273301903	0.0	714400.825706214	0.0	0.0	714400.825706214	490003.918386012	4739.87674424654	-1083897.50462812	1277768.19082679	291083.848566136	986684.342260655		536951.690093484	0.0	0.0	536951.690093484	735562.253036404	0.0	177449.13561273	4935.89776631893	Inactive	0.07387591356726414	1.635490036685171		0.2553527971077549		1.592615298853412					1.14837568331126	0.9830040687590164	0.6735098208901158	1.635490036685171	0.6735098208901158	0.3286713286713289	0.07588818088260381	0.8764227730978377	0.9830040687590164			605.5625910807787	1.592615298853412
NEAL STREET TECHNOLOGIES LIMITED	0.030180122703313828	No	No	No	62	U1	United Kingdom	4228836.11701488	-5605393.89323378	-5605393.89323378	16546298.7854802	15398566.0672399	3.803	93.064	10.0	12181287.4347587	912590.626788562	20465.5288052665	11248231.2791648	4365011.35072152	0.0	972925.730294543	3392085.62042697	788300.313566241	4574.40354947924	15393991.6636904	0.0				1147732.71824028	0.0	381743.138841537	765989.579398738	16546298.7854802	591182.591453005	3217278.63248124	409808.470369219	Active	-0.2524880588022859	-0.05597218962071911	-0.1288099631735546		-0.1335544951340988	-0.2441385244382739	0.0598411438876747	-0.2895037478102365	-0.09386911049490393	-0.01104109327014018	-0.6009698564823643	-0.1769759931761205	-0.2909886639814981	-0.0732426577326846	-0.3954362529247046	0.0422033433817484	-0.2525471765110459	0.01863731197532272	-0.1108983991258405	-0.375	-0.2186210391641509	-0.05902560068770671	-0.2441385244382739
WIREX LIMITED	0.025205953046679497	No	No	Yes	64	U2	United Kingdom	24107268.8985075	8973351.99227929	6445938.47740565	69986263.1566501	40862307.2784019	2.01	58.386	12.0	17202071.5638954	17023099.9990197	178971.564875712	0.0	52784191.5927547	0.0	948.583745471782	52783243.0090092	2341952.00770988	11921581.6986794	28940725.5797225	2867467.40270125	0.0	2867467.40270125	2867467.40270125	26256488.4755469	836155.039364307	2646969.98399616	22773363.4521864	69986263.1566501	-2646021.40025069	26527703.1172077	1911044.74738192	Active	0.8048895202144609	-0.3873037179914481	inf	0.4696864886075809	9.160119184914931	-0.3029013085541175	2.451253363600031	0.2141224710410231	5.26718933168816	1.589179600886918	-0.8835704353218157	-0.5324164495043266	0.2073852416038071	-0.3872927070398485	-0.2097255313433428	0.7693661971830985	0.284500272071503	108.3165171472738	-0.6536340786861984	-0.7391304347826086	2.450016552128046	1.564678409661423	-0.3029013085541175
LYDIA SOLUTIONS	0.49852249026298523	No	No	No	62	LF	France	13990000.0																															Active																							
PITSTOP COFFEE LIMITED	0.9043130874633789	No	No	No	10	U1	United Kingdom				20148.9775377533	14827.2736431884	3.786	73.588		0.0				20148.9775377533	0.0	0.0	20148.9775377533	10248.5311973393	150.646561029931	14676.6270821585	0.0				5321.70389456493	0.0	2852.01330313484	2469.69059143009	20148.9775377533	-2852.01330313484	14827.2736431884		Inactive	126.2985334307251	171.9876545350562				171.9876545350562				-0.2641200000000001				171.9876545350562			inf	0.2933656413835954	inf				171.9876545350562
LUMI INDUSTRIES S.R.L. IN LIQUIDAZIONE	0.20466116070747375	No	No	No	28	U1	Italy	97703.0	-37530.0	-37530.0	86256.0	30999.0	2.717	35.938	1.0	2608.0	750.0	1858.0	0.0	83648.0	24720.0	0.0	58928.0	42402.0	116.0	30883.0	24466.0	0.0	24466.0	0.0	30791.0	0.0	0.0	30791.0	86256.0	24720.0	52857.0	2169.0	Inactive	-0.5476513592785536	-0.4285104690970101		-0.2635602913731864	-3.37772427774962	-0.3250545787459799		-0.6623142728500675	-3.710138648180243	-0.3298025101169273	-0.4751188354129531	0.1821776856331107	-0.4542791378949571	-0.3200344665008373	-0.2736512900703675	-0.4247300444632648	-0.5485799482554485	0.0	0.1821776856331107	0.0	0.2418990203466466	-0.4549251330280906	-0.3250545787459799
EPITIRO TECHNOLOGIES LIMITED	0.5841038823127747	No	No	No	na	NF	United Kingdom																																Inactive																							
CONCENTRA LIMITED	0.08974198251962662	No	No	No	41	U1	United Kingdom	57259183.5472879	-120698.110344199	-118015.930114328	14086810.5672829	352706.700228048	1.013	2.504	79.0	179706.075401363	0.0	179706.075401363	0.0	13907104.4918816	4267348.7457249	0.0	9639755.74615668	2303992.81745926	0.0	352706.700228048	0.0				13734103.8670549	0.0	12810092.7778643	924011.089190589	14086810.5672829	-8542744.03213941	173000.624826685	42914.8836779374	Inactive	-0.7117558218562472	-0.2641269675120098			-0.9372506529450549	-0.1032765069502514	-0.02979506481608757		-0.9205638427309762	-0.6785209911413532	-0.6836331192151182	-0.2347359075523564	2.686496371609195	-0.1119603791191764	2.686724369405692	-0.0629047178538391	-0.7114003120169131	-1.0	-0.05187645114139652	-0.07058823529411765	-0.1973210577076582	-0.8527518253724059	-0.1032765069502514
ADSQUARE GMBH	0.011318715289235115	No	No	No	63	U1	Germany	24196057.92	2826686.61	1957505.01	18137362.0	12519459.91	2.841	69.026	77.0	10493577.76	3424384.41	99105.0	6970088.35	7643784.24	26257.09	5337484.39	2280042.76	1555101.24	60855.0	12458604.91	2927176.36	0.0	2927176.36	1889990.56	2690725.73	600046.85	1744693.47	345985.41	18137362.0	3619048.01	4953058.51	548755.94	Active	0.1853354827334095	-0.1736729005293161	-0.1131254625157705	-0.02215410740549339	-0.2038101196976473	0.1027567810529123	0.07445909954854321	0.718810131053545	-0.1699655233606701	0.07488671224130679	-0.2469713148451437	-0.02002163237688235	0.3718909360657894	-0.1312206143899369	-0.3131921440352604	-0.06607495069033519	0.1864095217301951	0.0	-0.06954602354583138	0.08450704225352113	-0.1803328882857402	-0.1614168956699797	0.1027567810529123
OPAX AS	0.7211929559707642	No	No	No	62	U1	Norway	0.0	444.924773308262	444.924773308262	89785.8192536072	-391889.740329917			0.0	0.0	0.0	0.0	0.0	89785.8192536072	0.0	0.0	89785.8192536072	89785.8192536072	1579927.87001764	-1971817.61034756	481675.559583524	0.0	481675.559583524	0.0	0.0	0.0	0.0	0.0	89785.8192536072				Active	-0.06523580402092906	-0.0697065099501204		-0.06417453676845698	-1.334223379725551	-0.0697065099501204	-1.0		-1.334223379725551		-0.0697065099501204			-0.0697065099501204			-0.06438565061596141	-0.06417453676845407	-1.0				-0.0697065099501204
WESTINGHOUSE SOLAR LIMITED	0.7995061278343201	No	No	No	43	U1	United Kingdom				72917.5596318693	44913.4069884625	2.55	61.595		1507.32158446829	0.0	1507.32158446829	0.0	71410.238047401	3777.43498661253	0.0	67632.8030607884	25075.2006363085	280.954628978247	44632.4523594843	0.0				28004.1526434067	0.0	0.0	28004.1526434067	72917.5596318693	3777.43498661253	43406.0854039942	12898.6270163913	Inactive	-0.9161761115765105	-0.6720393170265329				-0.9146619402312135				-0.01773326741831058	-0.524135598764355	-0.9121158647886948	-0.9776850317005901	-0.9092520866150088	-0.9776850317005901	0.03238866396761118	-0.9166616705941121	0.1262923934679868	-0.9121158647886948		-0.9934948692121386	-0.9073032968266764	-0.9146619402312135
NONWOTECC MEDICAL GMBH	0.9007250070571899	No	No	No	72	U1	Germany				664010.18	256588.91	0.196	38.642		614416.32	1330.0	613086.32	0.0	49593.86	20000.0	0.0	29593.86	7184.88	257745.0	-1156.08999999939	153900.0	7000.0	146900.0	146900.0	253521.27			111532.0	664010.18	20000.0	-203927.41		Inactive	-0.8333728435129144	-0.9722899571106546		-0.4155754497031093		-0.6317671434042629		-0.5961129668994838		-0.5474963698533889	-0.9929061745697662		-0.1643451202152277	-0.9535630705947722	-0.1624026440414064		-1.000901678302155	0.0	inf			-1.19094627322739	-0.6317671434042629
ITACONIX PLC	0.04384807497262955	Yes	No	No	20	C1	United Kingdom	7118548.84148041	-1365610.24685913	-1390044.62503355	13698636.3861542	10157461.5048025	5.76	74.149	17.0	3502260.87166656	21719.4472661492	2328505.74232508	1152035.68207533	10196375.5144876	991854.758487482	1133936.14268687	8070584.61331329	7918548.48245024	7841625.4400493	2315836.06475316	1771039.92916059	1771039.92916059	0.0	0.0	1770134.95219116	0.0	1094117.15603227	676017.796158895	13698636.3861542	1031673.74514209	8426240.56229648	358370.879891462	Active	-14.97928160390498	12.57741548660215	8.52327330320844	14.87386791704042	-0.4066968674296046	4.788810839663022	0.1646554877432265	inf	-0.3980426773377707	-3.414883569451229	13.14726927827547	-0.668943877209998	4.800480828364655	4.784813247788584	2.856495393122031	8.746192893401014	-1.36680569669676	0.4035700086374118	-0.4062814358002099	0.2142857142857143	3.509765117287464	-7.913402978220963	4.788810839663022
HEALTH WORKS	0.1987524777650833	No	No	No	86	LF	United Kingdom	43472.7052603231							1.0																								Active																							
DREAMSOFT TECHNOLOGIES LIMITED	0.10463420301675797	No	No	No	62	U1	United Kingdom				105091.04026182	61496.278419352	2.4	58.517		477.950350409472	0.0	477.950350409472	0.0	104613.08991141	0.0	0.0	104613.08991141		0.0	61496.278419352	0.0				43594.7618424677	0.0	0.0	43594.7618424677	105091.04026182	0.0	61018.3280689426		Active	-0.2798855518268699	-0.09072107199277628		-1.0		-0.08873948807198509				-0.2097636731937879		0.4608594008546411	0.742372681807862	-0.09072107199277628	0.742372681807862	-0.377431906614786	-0.2798855518268699		0.4608594008546411			-0.2838959332893027	-0.08873948807198509
MAMACROWD S.R.L.	0.10852202028036118	No	No	No	70	U1	Italy	3130325.0	-1150058.0	-1150058.0	6157519.0	4677588.0	4.842	75.965	26.0	503378.0	400502.0	92376.0	10500.0	5654141.0	0.0	766971.0	4887170.0	4778080.0	95418.0	4582170.0	312319.0	151214.0	161105.0	0.0	1167612.0	71014.0	351342.0	745256.0	6157519.0	415629.0	4486529.0	674565.0	Active	0.1963770981284436	0.2611644785652076	0.3952512365813415	-0.08509316952136557	1.950659759905378	0.2380916858604635	1.080226885183782	-0.2338335868078472	1.950659759905378	-0.03369628819294274	0.2594762269275621	0.531910345167815	-0.08237979178553655	0.2778222239699369	5.024259814790661	-0.2097274359392852	0.19872200360702	0.09364111498257839	0.6166671743506952	0.3684210526315789	0.09144837909166109	0.2117265418387983	0.2380916858604635
TAIL-F SYSTEMS AB	0.08180592209100723	No	No	No	62	U2	Sweden	9871372.23969622	755599.513155308	599078.15688447	10584088.0075006	8830945.27502491	5.964	83.436		129082.662062389	0.0	0.0	129082.662062389	10455005.3454382	0.0	971830.229150192	9483175.11628801	4314605.23647573	14409.6287195314	8816535.64630537	0.0	0.0	0.0	0.0	1753142.73247568	0.0	8110.80897985599	1745031.92349582	10584088.0075006				Active	-0.03848624803493176	-0.08734668356545604	0.1341276559891263		-0.3212748774827126	-0.07438277345614253	-0.0533607556609587		-0.3187833230424352	0.03878188767570136	-0.3416105036344939	-0.2215379022662616	-0.3095551003118245	-0.0704738021825227		0.1930386077215445	-0.03837186881867283	-0.1037139069555898	-0.220897542633852				-0.07438277345614253
SHOTCLIP LIMITED	0.8714964985847473	No	No	No	na	U1	Ireland				4598.0	-67521.0				4598.0	4598.0	0.0	0.0	0.0					118766.0	-186287.0	0.0				72119.0	9560.0	62559.0	0.0	4598.0		-72119.0		Inactive	0.01556718707697861					-0.03261098253734483	0.01426741678691289	0.0					0.0	-1.0			0.005586984216094833	0.0	0.01235278428950434			0.0145602385909628	-0.03261098253734483
ASCENEURON SA	0.16925667226314545	No	No	No	72	LF	Switzerland								4.0										1361483.46063724														Active																		0.003782304982698357		0.0			
WINBOX TECHNOLOGIES AG	0.07046099752187729	No	No	No	26	LF	Germany	1000000.0							3.0																								Inactive																				0.5			
NEW NET TECHNOLOGIES LTD	0.006461049895733595	No	No	No	62	U1	United Kingdom				6802910.39712626	5049069.18208052	3.864	74.219	25.0	331925.49210333	331925.49210333	0.0	0.0	6470984.90502293	0.0	208351.443628461	6262633.46139447	80492.9297877145	199.005221912297	5048870.1768586	79257.9267929059	0.0	79257.9267929059		1674583.28825284	254582.697916592	16055.0389325127	1403945.55140373	6802910.39712626	192296.404695948	4796401.61677009	470028.09239675	Active	0.5335927694417232	0.8745053436219666	-0.7068398833249008	-0.8306030671301575		0.4081731955113565	inf	-0.5741033896107702		0.08906953880467788	-0.5646564183841145	0.705034394308807	-0.5741033896107702	0.5971189272190112		0.02114164904862581	0.5336224124423067	0.02899392018300037	0.5638309111677932	0.4705882352941176	-0.7294300655895934	0.609077137754327	0.4081731955113565
FUTURA ACORP SL	0.18934480845928192	No	No	No	62	U1	Spain	737152.0	-31397.0	-38646.0	1170317.0	-1050906.0	0.223	-89.797	12.0	689301.0	0.0	0.0	689301.0	481016.0	145380.0	314536.0	21100.0	18934.0	209710.0	-1260616.0	63854.0	63854.0	0.0	0.0	2157369.0	80396.0	328047.0	1748926.0	1170317.0	131869.0			Inactive	0.03817793847430502	-0.3408103970758224	5.979917005081774	-0.5469548189351799	0.04319367378808519	0.2545325130698671	0.08415183882822622		0.04879504993486757		-0.3224063271660165	0.2313388648532575	-0.02972475359577038	1.162326424008667		0.8130081300813009	0.03162598099789684	0.0	0.1957568699918578	0.09090909090909091	-2.175931870875691		0.2545325130698671
SERVOY B.V.	0.04547886922955513	No	No	No	62	U1	Netherlands				2492375.0	1453683.0	2.217	58.325	50.0	189321.0	0.0	35145.0	154176.0	2303054.0	0.0	1519792.0	783262.0	783262.0	37250.0	1416433.0	0.0				1038692.0				2492375.0		1264362.0		Active	-0.02096824053065125	-0.1442583977747235	0.1316901723085171			0.02303871487579051				-0.04302098544637143	-0.1442583977747235		0.06357124799865173	0.01984375456660535	0.01029120073590709	-0.06613310867733783	-0.02150781276445235	0.0	0.09171667910408543	2.571428571428572		-0.03248363192257188	0.02303871487579051
NOVIOPONICS B.V.	0.4044058322906494	No	No	No	72	U1	Netherlands				315495.0	17148.0	0.661	5.435	1.0	250128.0	0.0	250128.0	0.0	65367.0	0.0	65367.0	0.0				199480.0	199480.0	0.0	0.0	98867.0				315495.0		-33500.0		Active	-1.106819824084918		6.180819510051632	-0.4124923424909288		0.2170419432861039				-1.087766043342054			0.0	6.180819510051632	0.0	4.849557522123894			0.2323407331696312			-0.5289916202688263	0.2170419432861039
KOUBACHI AG	0.9317080974578857	No	No	No	62	LF	Switzerland								15.0										163704.412485189														Inactive																		0.2765403991735009		0.0			
FAIR & SQUARE	0.5179227590560913	No	No	No	na	NF	Ireland																																Active																							
ARLETTIE PARIS	0.05595880001783371	No	No	No	66	U1	France	0.0	-250622.0	-250622.0	12078269.0	4515378.0	0.078	37.384		11900000.0	0.0	0.0	11900000.0	178269.0	0.0	0.0	178269.0	142103.0	4766000.0	-250622.0	5286000.0	0.0	5286000.0	0.0	2276891.0	773305.0	3586.0	1500000.0	12078269.0	-3586.0	-2098622.0		Inactive																							
MONOLITH N.V.	0.27663543820381165	No	No	No	64	U2	Netherlands				1181104.0	994765.0	6.338	84.223		0.0				1181104.0	0.0	132395.0	1048709.0	1048709.0	43224.0	951541.0	0.0				186339.0				1181104.0		994765.0		Inactive	-0.9689978527421613	-0.9006923634531716	-0.3115077198292225	-1.0		-0.9656617393033308				-0.09716251996526855	-0.9006923634531716		-1.0	-0.8901554261510484		-0.1836682122617208	-0.9703049396813674	0.0	-0.8654580400696612			-0.8938069374649453	-0.9656617393033308
SOCIAL CAR SL	0.2871467173099518	No	No	No	77	U1	Spain	408169.62	6779.49	4864.01	1364755.2	662474.56	0.094	48.542	5.0	1327017.87	564333.04	5384.88	757299.95	37737.33	0.0	11542.5	26194.83	26194.83	262580.0	399894.559	301635.02	301635.02	0.0	0.0	400645.62	154298.42	0.0	246347.2	1364755.2	11542.5		155539.18	Active	0.1691642916277739	1.02548830088304	-0.1572756842001511	-0.3191684906589295	-1.029370245469245	-0.07078738871934129	-1.0	-0.1670250256759871	-1.027963260123093	0.2582493066175899	1.02548830088304	0.4454430152771012	-0.0797972760369067	0.4171382971732213	-0.08483286993290322	0.6206896551724137	0.31525962116212	0.0	-0.1272492366206434	0.0	-1.161051278001365		-0.07078738871934129
WATCHFIT LIMITED	0.8298240900039673	No	No	No	82	NF	United Kingdom																																Inactive																							
ETHICAL FASHION GROUP LTD	0.07133252173662186	No	No	No	63	U1	United Kingdom				359216.88099962	278061.268518748	1.685	77.408	3.0	232160.488533472	0.0	232160.488533472	0.0	127056.392466148	0.0	0.0	127056.392466148		0.0	278061.268518748	5762.66509130667	0.0	5762.66509130667		75392.9473895652	0.0	0.0	75392.9473895652	359216.88099962	0.0	51663.4450765826		Active	0.2866074200808257	0.6835416615614492		-0.5925450752098713		0.165128878036253				0.1042668226365568		-0.03396552817800499	-0.002904911691460167	0.6835416615614492	-0.002904911691460167	0.7425025853154086	0.2866074200808257		-0.03396552817800499	-0.25		-21.07096094356302	0.165128878036253
MOPPICOM OY	0.6527841091156006	No	No	No	63	U1	Finland	0.0	11000.0	11000.0	15000.0	3000.0	1.25	20.0	0.0	0.0				15000.0	0.0	0.0	15000.0	12000.0	3000.0	0.0	0.0	0.0	0.0	0.0	12000.0	0.0	0.0	12000.0	15000.0				Inactive	-1.375	1.5			-0.9597069597069597	1.5	-1.0		-0.9597069597069597		1.0	-0.07692307692307693		1.5		1.913752913752914	-1.0	0.0	-0.1428571428571428	-1.0			1.5
TNI MEDICAL AG	0.2200695127248764	No	No	No	72	U1	Germany				8309515.0	4808820.0	4.329	57.871	50.0	893793.0	200437.0	693356.0	0.0	7415722.0	4783641.0	0.0	2632081.0	1013805.0	3495426.0	1313394.0	1787828.0	278711.0	1509117.0	1509117.0	1712867.0	0.0	74240.0	1638627.0	8309515.0	4709401.0	5702855.0		Active	-0.2805246540582109	-0.6477573146138523		0.3833551401667403		-0.3706562341120713		-0.3193804925091344		0.1432211927856028	-0.7568936852242396	1.755453727603689	-0.02382487739857622	-0.3964997491315079	0.1163081607256676	0.841344108889834	-0.5880661006067678	0.0	-0.6723220003853777	-0.1071428571428571	-0.02203308285238684	-0.1922948355793323	-0.3706562341120713
GRIDSCALE GMBH	0.04531297832727432	No	No	No	62	U1	Germany	5924404.28			5452081.68	1575052.65	0.784	28.889	54.0	2597556.52	2244033.52	353498.0	25.0	2854525.16	0.0	0.0	2854525.16	1388732.24	57969.0	1517083.65	237423.46	0.0	237423.46	237423.46	3639605.57	425000.0	321500.0	2893105.57	5452081.68	-321500.0	-785080.41		Active	-0.1723738645348992	-0.2209377340688595		-0.3505514829528541		-0.04836674593246817	inf	0.5409883878233521		-0.1303209103498104	0.1456854419446848	-0.1639655078337561	0.2578168261480749	-0.2209377340688595	-0.4194253017034667	-0.2596789423984891	-0.1777893921494219	0.0	0.05175415164693854	0.03846153846153846		-4.8570772058146	-0.04836674593246817
WIREWAX LTD	0.0872148722410202	No	No	No	62	U1	United Kingdom				1872434.01697339	1546095.110484	5.737	82.571		68.2269820976751	0.0	0.0	68.2269820976751	1872365.7899913	0.0	0.0	1872365.7899913	377358.812424133	321.476288528029	1545773.63419547	0.0				326338.906489397	318201.39338734	324.945457109266	7812.56764494734	1872434.01697339	-324.945457109266	1546026.8835019		Active	-0.2104899005464615	-0.205745381274952		-1.0		-0.2057394503950168	-0.9771183581982281			-0.005983050031299657	-0.1783022005817487	-0.8763633901358874	-0.00102497642655777	-0.205745381274952		-0.05376876133927093	-0.2105243274910753	-0.001024976426554929	-0.1606477849438818		-0.9771183581982281	-0.2146522077972187	-0.2057394503950168
ZOOMSQUARE GMBH	0.9142254590988159	No	No	No	62	U1	Austria				407408.03	-546100.84				20696.04	9872.39	10823.65	0.0	386711.99	0.0	0.0	386711.99	279736.94	58130.86	-604231.7	953050.87	738403.87	214647.0	214647.0	458.0	0.0	0.0	458.0	407408.03		386253.99		Inactive	1.082628233889354	-0.3517157541933906		0.1627636697351577		-0.3472527838743533		-0.4395546815658696			-0.4719082968750558	-0.993135285829911	-0.2508912299498146	-0.3517157541933906	0.08103640625671037		0.9312286006278879	0.1475362782314819	-0.993135285829911			-0.2709411566406146	-0.3472527838743533
GAMEON ENTERTAINMENT GMBH & CO. KG	0.36605581641197205	No	No	No	62	U1	Germany				111815.64	12646.63	1.192	11.31	8.0	9128.0	0.0	9128.0	0.0	102687.64	0.0	7661.75	95025.89	13954.0	5000.0	7646.63	13016.0	0.0	13016.0	13016.0	86153.01	2293.65	4147.84	79711.52	111815.64	3513.91	16534.63		Active	1.529326	1.808993483728239	-0.3113962162405069	-0.341761909578234		1.034837070200795	0.9991806320700609			0.242993735575338	-0.4190983994191816	1.836518113194522	-0.08674337168584292	1.284198252233423	-0.08674337168584292	-0.2	inf	0.0	1.854955120944465	-0.1111111111111111	-0.6117968609315567	0.1187922051559646	1.034837070200795
SPHERE MEDICAL HOLDING LIMITED	0.8441272974014282	No	No	No	72	U2	United Kingdom		-1637662.57676632	-1637662.57676632	114203.957621483	-7250288.1445328	0.079		1.0	0.0				114203.957621483	0.0	0.0	114203.957621483	114203.957621483	1572244.77579867	-8822532.92033147	5918647.82314055	5918647.82314055	0.0	0.0	1445844.27901373	831582.215690411	0.0	614262.063323317	114203.957621483	0.0	-1331640.32139225		Inactive																							
SENDINBLUE	0.5871555805206299	No	No	No	62	U1	France	7961056.0	-111968.0	7579.0	2944462.0	307596.0	0.8	10.447	26.0	1251793.0	1021469.0	69430.0	160894.0	1692669.0	0.0	212794.0	1479875.0	1145890.0	143531.0	164065.0	521819.0	521819.0	0.0	0.0	2115047.0	178181.0	637001.0	1299865.0	2944462.0	-424207.0	-422378.0	358519.0	Active	0.4521780593625629	0.7652696796480614	0.462873720464998	5.957586666666667	-0.8693719076335441	0.6253988336943538	0.0005906145690162969	0.4124529168072479	-1.008712756100309	-0.1065594800307877	1.114102379608208	0.4636635926538977	0.5122966911227277	0.7205575167896433	0.185176334027517	0.2403100775193799	1.208558813235334	0.0436265278373603	0.387175308172347	0.4444444444444444	-0.1363195849841804	-0.219154631704269	0.6253988336943538
FINANCIAL NETWORK ANALYTICS LTD	0.1368362307548523	No	No	No	74	U1	United Kingdom				1367096.63267199	-3209809.06598989	0.278		11.0	96679.0797038337	0.0	25895.1118542956	70783.9678495381	1270417.55296816	0.0	549607.267885264	720810.285082894	181020.29344718	27862.4857164677	-3237671.55170636	0.0				4576905.69866188	3142881.47361945	46434.4027727309	1387589.8222697	1367096.63267199	503172.865112533	-3306488.14569372	20523.1554561796	Active	6.259569244234693	-0.5162012716874951	1.102915063397691	-1.0		-0.2633553843133745	-0.2136749183366468				-0.2059289355781424	0.5538728208326543	-0.07564504243035182	-0.2745660988783478	-0.262289094718234	-0.8147901399067288	5.902032946570556	0.03420927373917067	2.923408208848124	-0.2666666666666667	1.487229740839968	-6.655130138590406	-0.2633553843133745
MAGICAL ACCESSORIES LTD	0.44374600052833557	No	No	No	32	U1	United Kingdom				2916.59113398483	2916.59113398483		100.0	2.0	0.0				2916.59113398483	0.0	0.0	2916.59113398483		0.0	2916.59113398483	0.0				0.0				2916.59113398483				Active	0.02518454079941046	0.02518454079941046				0.02518454079941046				0.0				0.02518454079941046			0.02518454079941046			0.0			0.02518454079941046
EOS SOLUTIONS UK PLC	0.019250955432653427	No	No	No	74	U2	United Kingdom	1652572.87645719	49620.3984813533	49620.3984813533	6375043.32802483	52268.2842895377	2.551	0.82	11.0	8074.53262778238	0.0	8074.53262778238	0.0	6366968.79539705	0.0	8992.99610758512	6357975.79928946	10710.7331499643	8997670.22198615	-8945401.93769662	3826931.16584476	3826931.16584476	0.0	0.0	2495843.87789053	2006727.01903757	383222.460040393	105894.398812575	6375043.32802483	-374229.463932808	3871124.91750652	2611.6614215765	Active	19.25145395091927	0.471774852773309	-0.1873664114327381	0.3713946033376196	-1.067164597469009	0.4718694406813839	588.2406717308793		-1.067164597469009	12.66666666666667	-0.896063406866569	-0.1618733001917767	31.07768289482814	0.4700906300397492	31.07768289482814	-0.09410511363636352	0.02026932432527323	0.02592878722966984	0.6226426478959866	0.2222222222222222	-36.92792516258216	0.3860746458202032	0.4718694406813839
UBER LIFE LIMITED	0.7837889790534973	No	No	No	64	U1	United Kingdom				1.16976782511523	1.16976782511523		100.0		0.0				1.16976782511523	0.0	0.0	1.16976782511523	1.16976782511523	1.16976782511523	0.0	0.0				0.0				1.16976782511523				Inactive	-0.0642009582145082	-0.0642009582145082				-0.0642009582145082				0.0	-0.0642009582145082			-0.0642009582145082				-0.0642009582145082					-0.0642009582145082
IMAGITIVE GMBH	0.1812092661857605	No	No	No	62	LF	Germany								4.0																								Active																				0.3333333333333333			
CONCENTRIX CATALYST LTD	0.03857283294200897	No	No	No	62	U1	United Kingdom	5653588.3978904	2153197.29942154	2486237.48322036	10258331.4947199	-5071924.46576954	0.667	-49.442	33.0	30066.1277040602	0.0	20815.0114874263	9251.11621663392	10228265.3670159	0.0	153799.807101539	10074465.5599143	87885.6040580222	259031.25406575	-5330955.71983529	0.0				15330255.9604895	14676895.8776897	21971.4010145056	631388.681785265	10258331.4947199	131828.406087033	-5101990.5934736	21971.4010145056	Active	-0.3349264642694116	0.1242824448226076	-0.5821896913985279		-2.616065589829491	0.09527962354714922	-0.8734631636806969	-1.0	-3.694851067356208	-0.3927834545097269	0.6871578175907017	-0.3946277881563797	-0.1883327933465789	0.09640576790012667	-0.001024976426555649	0.2149362477231329	-0.3239467324319485	-0.001024976426557865	-0.09779876779663586	0.03125	-0.3221240911465935	-0.3342178543797547	0.09527962354714922
HEXA	0.23339347541332245	No	No	No	62	U1	Belgium		-1877424.0	-2639005.0	45393552.0	9872419.0	0.083	21.749		43310767.0	56828.0	4583.0	43249357.0	2082785.0	0.0	139236.0	1943549.0	741519.0	6363652.0	3508767.0	10491260.0	10491260.0	0.0	0.0	25029873.0	24500000.0	170354.0	359519.0	45393552.0	-31118.0	-22947088.0	18571.0	Active	-0.2109276920894303	0.02926349805194221	-0.6652111605897685	0.01169393154904429	-7.351553698597696	0.08480885306822383	-0.8813128779644958	-0.0852635814889336	0.4076555192366777	-0.2726086956521739	0.063539667650577	-0.5378980678861914	0.09535023083256397	-0.09608525017327182	-0.4515318334131163	-0.3196721311475409	-0.4292621084090125	0.0	0.319909300730336		-0.9694750389434075	0.3774469217958065	0.08480885306822383
CATAWIKI B.V.	0.012535667978227139	No	No	No	62	C2	Netherlands	87933323.0	-13738508.0	-14329188.0	49191195.0	18222449.0	1.617	37.044	770.0	10586267.0	8840343.0	1745924.0	0.0	38604928.0	0.0	3178728.0	35426200.0	35426200.0			7091735.0	6381761.0	709974.0	709974.0	23877011.0				49191195.0		14727917.0		Active	-0.403088018009513	-0.2745200388184675	-0.04418417942850614	1.51748853740236		-0.08953206453574593		5.746401613578972		-0.3443887935153886	-0.2745200388184675		4.656843052480778	-0.2598332264350677	2.111997575887207	-0.3588421887390959			0.1543921562674081	0.1613876319758673		-0.5320525922726286	-0.08953206453574593
MELUDIA	0.6886084079742432	No	No	No	58	U1	France	106553.0	-100630.0	-74189.0	137149.0	62888.0	0.896	45.854	7.0	70620.0	57112.0	10813.0	2695.0	66528.0	0.0	0.0	66528.0	17668.0	3551.0	59337.0	0.0	0.0	0.0	0.0	74260.0	0.0	18125.0	56135.0	137149.0	-18125.0	-7732.0	3288.0	Active																							
BRAGI GMBH	0.014806843362748623	No	No	No	72	U1	Germany	8912000.0	-5479000.0	-5487000.0	15269000.0	11688000.0	6.781	76.547	46.0	6332000.0	6280000.0	52000.0	0.0	8937000.0	0.0	1071000.0	7866000.0	7430000.0	74000.0	11614000.0	2263000.0	252000.0	2011000.0	2011000.0	1318000.0	0.0	443000.0	875000.0	15269000.0	628000.0	7619000.0	2890000.0	Active	0.6283087210922262	2.528936742934051	1.240585774058578	-0.2628664495114006	-0.07009504412763068	0.4284778744503696	inf	-0.2042574759249873	-0.06889529950789072	0.1398895060533407	4.372378886478669	0.9841269841269841	-0.2067151089952393	2.301440709272257	-0.4222222222222222	0.1047572499185402	0.6339335959482274	0.05714285714285714	1.988662131519274	-0.2068965517241379	0.3138075313807531	2.362312444836717	0.4284778744503696
KNOMO LIMITED	0.7401376366615295	No	No	No	47	NF	United Kingdom																																Inactive																							
CYLANDE SAS	0.025602223351597786	No	No	No	58	U1	France	29400191.0	-904716.0	-1342946.0	56202468.0	34283026.0	1.613	60.999	300.0	32556133.0	31992699.0	158688.0	404746.0	23646334.0	47107.0	7523471.0	16075756.0	4774292.0	27835950.0	6447076.0	7258589.0	1950441.0	5308148.0	578270.0	14660853.0	203174.0	1389182.0	13068497.0	56202468.0	6181396.0	8985481.0	2211329.0	Inactive	-0.0376957283384232	0.1657477573917079	-0.1344656784723464	0.2435702543903908	-1.623499169555419	-0.001358057863890654	-0.01084721336128327	-0.03407504214280903	-1.779781989040806	-0.03639637931851563	-0.08545405367715399	-0.006292103425029081	-0.03534868464718487	0.04955912126608616	-0.2549474386001155	0.06048652202498362	-0.1723932008929884	0.0	-0.01047365519146119	0.01694915254237288	-0.1573061754553098	0.1648659205441921	-0.001358057863890654
NOVELDA AS	0.07345879822969437	No	No	No	46	C2	Norway	1386652.54849253	-14708412.1409792	-14741247.5892493	15322586.2980539	11494631.5184189	6.37	75.018	79.0	2275523.26060777	650124.078758032	1526269.94235666	99129.2394930807	13047063.0374461	1156092.53096419	306642.153764054	11584328.3527179	10633791.0670221	11329831.3823856	164800.13603338	1779699.09323305	0.0	1779699.09323305	0.0	2048255.68640191	0.0	492264.769188261	1556079.90216832	15322586.2980539			540316.644705553	Inactive	-0.585367575106212	-0.5790945181801235	0.7689821976390039	inf	0.08497307719774728	-0.506327526866853	-0.6307954312796381	-0.02784859457277697	0.08743333687983669	-0.1601021070780805	-0.5852264330001538	-0.2149678655123261	0.1129629218564333	-0.5499988021393839	0.2485437418596316	-0.2715837621497998	inf	-0.5913122180394647	-0.3822354953493465	-0.1938775510204082			-0.5063290392650223
LINGOUT, S.R.O.	0.8066701292991638	No	No	No	62	U1	Slovakia	29606.0	334.0	286.0	31791.0	-13481.0	0.702	-42.405	1.0	0.0	0.0	0.0	0.0	31791.0	0.0	0.0	31791.0	31536.0	48500.0	-61981.0	0.0	0.0	0.0	0.0	45272.0	0.0	0.0	45272.0	31791.0	0.0	-13481.0		Active	-0.02084543869843114	-0.07841488868274582			-0.7312952534191473	-0.07841488868274582			-0.7423423423423423	0.06246241731809987	-0.08333575560270906	-0.0619923752693519		-0.07841488868274582		-0.0181818181818182	-0.004609109012654975	0.0	-0.0619923752693519	0.0		-0.02084543869843114	-0.07841488868274582
DE CORRESPONDENT B.V.	0.029564104974269867	No	No	No	78	U1	Netherlands				6159571.0	2997654.0	1.447	48.667	45.0	1643772.0	130176.0	109221.0	1404375.0	4515799.0	0.0	558222.0	3957577.0	3957577.0	10.0	2997644.0	41856.0	41856.0	0.0	0.0	3120061.0				6159571.0		1395738.0		Active	0.1977928977626898	0.3387021319706293	0.006262302883471414	inf		0.1929567652816107		-0.2767718744617846		0.004064369713224732	0.3387021319706293		-0.005133593261084555	0.2861760960539466	-0.209946110166733	0.09621212121212121	0.1977936881003166	0.0	0.1726762014903972	-0.02173913043478261		0.6412839225112125	0.1929567652816107
STAMPLAY LIMITED	0.9167220592498779	No	No	No	82	U1	United Kingdom				4296914.54515281	2955194.85720742	3.203	68.775	1.0	0.0				4296914.54515281	0.0	0.0	4296914.54515281	164830.543287334	3409.44129716361	2951785.41591026	0.0				1341719.68794539	467206.755349587	1353.73157362543	873159.201022178	4296914.54515281	-1353.73157362543	2955194.85720742	522.103549103163	Inactive	-14.73549175045211	37.3893506418132	-1.0			33.40183362574702	2.791689422729845				2.086214662387429	1.570406739098626	-1.0	33.71119930799505		7.799450549450549	-14.54086145839736	0.2002180736823842	2.945608579939639	-0.75	-1.117679421119904	-14.66478861880969	33.40183362574702
FIRECOMMS LIMITED	0.0391891784965992	No	No	No	96	U1	Ireland				3964908.0	-211719.0	5.32	-5.34	29.0	489398.0	100832.0	387806.0	760.0	3475510.0	417954.0	35256.0	3022300.0	484779.0	938936.0	-1150655.0	3523361.0	0.0	3523361.0		653266.0	0.0	342613.0	310653.0	3964908.0	110597.0	2822244.0	93091.0	Active	-0.8621327587318394	0.3971631435176817	9.616079494128275	0.1000001561009723		0.406275004965525	-0.5616096733949649	-0.1249956610781353		-0.901958984339141	1.087836790242558	-0.1009454957992435	0.490494782942384	0.3951741684577137	0.8262585354367789	1.460684551341351	-0.5350154307205705	0.0	-0.4329573684658238	0.16	-1.243820546737213	1.107668501817726	0.406275004965525
RELINKLABS AS	0.29138875007629395	No	No	No	na	NF	Norway																																Active																							
UAB ADDUPLEX	0.588232159614563	No	No	No	73	U1	Lithuania	24089.0	-14417.0	-14417.0	2.0	-6287.0				2.0	0.0	0.0	2.0	0.0					-6287.0	0.0	0.0				6289.0				2.0		-6289.0		Active	-1.773308733087331				6.684968017057569	-0.9998412950325345			6.684968017057569				-0.9995478182229256	-1.0	-1.0			-1.773308733087331	0.4063059033989266				-0.9998412950325345
CBTEC OY	0.461171954870224	No	No	No	62	U1	Finland		-79000.0	-79000.0	96000.0	-293000.0	0.22			67000.0	67000.0	0.0	0.0	29000.0	0.0	12000.0	17000.0		253000.0	-546000.0	258000.0	258000.0	0.0	0.0	132000.0	69000.0	7000.0	56000.0	96000.0			89000.0	Inactive	0.3691588785046729	2.4	1.0	0.0	-8.181818181818182	-0.4251497005988024	0.75	-0.5705128205128205	-8.181818181818182			-0.03448275862068965	-0.5705128205128205	1.636363636363636		1.471910112359551	0.1691648822269807	0.0	0.06451612903225806				-0.4251497005988024
FUZMO LIMITED	0.9968047142028809	No	No	No	62	U1	United Kingdom				12196.6049511999	-5764.94562941107	0.356	-47.267		5793.3164248314	0.0	5793.3164248314	0.0	6403.2885263685	0.0	0.0	6403.2885263685		663.876612835724	-6428.8222422468	0.0				17961.550580611	0.0	0.0	17961.550580611	12196.6049511999	0.0	-11558.2620542425	4797.50150557782	Inactive	-1.07478238081688	-0.9110814799545184				-0.8456301387161623				-1.484436974100911		8.358124279385665	-0.1719086938299311	-0.9110814799545184	-0.1719086938299311	-0.9905114741864122	-1.084037931526654	0.1241278651828748	8.358124279385665			-1.164897451580853	-0.8456301387161623
CLOWDY LIMITED	0.1086638793349266	No	No	No	62	U1	United Kingdom				184171.318719106	-2435250.40360038	0.068		12.0	8877.96183966706	6692.75923704357	2185.20260262349	0.0	175293.356879439	0.0	72193.5157308717	103099.841148568	4978.94263888896	115.253301826133	-2435365.6569022	42233.4199211683	42233.4199211683	0.0	0.0	2577188.30239832	2357034.90284909	23501.3007753669	196652.098773858	184171.318719106	48692.2149555048	-2401894.94551888	1962.76373009905	Active	0.1482689292322982	-0.5581118333030114	-0.02329135156713464	-0.06794482470975682		-0.4206154708511631	0.3549271642849884	-0.1275476591975375			-0.9541684821357769	0.3042624192788599	-0.1657917059168735	-0.429442461938896	-0.2645329994268037	-0.46875	0.1482620137646169	0.01863731197531447	0.07680611124708739	-0.1428571428571428	-0.13925778718482	0.1513630562725611	-0.4206154708511631
ROCKETHOME GMBH	0.2052355706691742	No	No	No	62	U1	Germany				1008074.36	-1073440.28	5.467		30.0	27394.87	1443.87	14701.0	11250.0	980679.49	24202.07	65202.09	891275.33	297289.49	77843.0	-1151283.28	1902121.84	1695427.84	206694.0	206694.0	179392.8	0.0	0.0	179392.8	1008074.36	89404.16	801286.69		Active	0.8316595680435142	-0.01380713756066117	-0.8653537188978093	-0.0780161636776915		-0.317497731524388		0.0			-0.6542239813392985		-0.172682102155446	-0.3208187466811135	-0.2800333023164699		0.7341452418117175	0.0	inf	0.03448275862068965	-0.8344859872896706	-0.4450593655405783	-0.317497731524388
REINFER LTD.	0.04441104084253311	No	No	No	62	U1	United Kingdom				3070287.24003797	-1978096.80194307	2.461	-64.427	24.0	43418.4346772962	0.0	43418.4346772962	0.0	3026868.80536067	0.0	275766.926313246	2751101.87904743	1981122.3064689	174.112597859955	-1978270.91454093	3818503.93043604	3816166.52843737	2337.40199866789	2337.40199866789	1229880.111545	0.0	223997.049698873	1005883.06184613	3070287.24003797	51769.8766143734	1796988.69381567	35639.4177194847	Inactive	54.25910564567663	-0.3491981367545288	8.97883934990122	0.03568201312755576		-0.2868416123358749	1.654605593888586			76.5294825511432	-0.4901072015654572	0.7657393160230556	-0.1370185669897904	-0.2886132036131202	-0.1370185669897904	-0.6216756341275942	54.00740517679106	0.04282464770084923	0.8804145254078078	0.09090909090909091	-1.912318984433766	-0.5009525547611415	-0.2868416123358749
WHMSOFT	0.7595120668411255	No	No	No	62	U1	France	15902.0	-9400.0	-9400.0	466.0	-38063.0	0.012			0.0	0.0	0.0	0.0	466.0	0.0	0.0	466.0	466.0	1500.0	-39563.0	0.0	0.0	0.0	0.0	38529.0	0.0	0.0	38529.0	466.0	0.0	-38063.0		Inactive	0.327948923699543	0.3827893175074184			-0.1507047343693531	0.3827893175074184			-0.1507047343693531		0.3827893175074184	0.3285862068965517		0.3827893175074184		0.0	0.3116400888505785	0.0	0.3285862068965517			0.327948923699543	0.3827893175074184
CONWEAVER GMBH	0.03549393638968468	No	No	No	62	U1	Germany				1698286.76	602418.21	5.137	35.472	25.0	190534.0	173856.0	16678.0	0.0	1507752.76	0.0	0.0	1507752.76	1119323.76	41252.0	561166.21	802347.22	765847.22	36500.0	36500.0	293521.33			95340.83	1698286.76		1214231.43		Active	-0.230922180435165	0.3395120206309366		0.5199568458441866		0.1068714664019592		-0.5355107602292309		-0.305179033142678	0.7305867439621965	0.1543831792312607	-0.5338207157082948	0.3395120206309366	-0.515442052354804	0.01843774781919112	-0.2437596373557906	0.0	0.3154244696255608	-0.1935483870967742		0.3454677949704074	0.1068714664019592
TIPSTAR LIMITED	0.966655433177948	No	No	No	62	U1	United Kingdom					-205940.204770875													1372.68761470185	-207312.892385576	205940.204770875	205940.204770875	0.0	0.0	0.0				0.0				Inactive	0.1362016830076973			inf													0.1362016830076903	0.1362016830076895	-1.0				
SAYDUCK OY	0.9692955017089844	No	No	No	62	U1	Finland	382000.0	-859000.0	-859000.0	65000.0	-293000.0	0.417			0.0				65000.0	0.0	60000.0	5000.0	4000.0	3000.0	-296000.0	202000.0	59000.0	143000.0		156000.0	0.0	60000.0	96000.0	64000.0			452000.0	Inactive	-5.439393939393939	-0.5	0.09090909090909091	2.423728813559322	0.3074581430745814	-0.8441247002398081	0.3636363636363636		0.3074581430745814		-0.5555555555555556	-0.5596330275229358	-1.0	0.0		0.8699551569506725	-5.698412698412699	0.0	-0.4657534246575342				-0.8461538461538461
MAVENHUT LIMITED	0.1192784309387207	No	No	No	58	U1	Ireland				682467.0	658863.0	28.885	96.541		575.0	0.0	575.0	0.0	681892.0	0.0	13080.0	668812.0	663175.0	2227.0	656636.0	0.0				23607.0	0.0	5325.0	18282.0	682470.0	7755.0	658285.0	364.0	Active	-0.08238140203394363	-0.05980029549406692	-0.6077608180645935			-0.08475878707576687	-0.08849709003765834			0.002596296642469182	-0.06201513109228721	-0.1618759455370651	-0.4090441932168551	-0.08433508438342625	-0.4090441932168551	0.07271511865413904	-0.0825402990872014	-0.03300043421623969	-0.1464058432166618			-0.08194103536762244	-0.08475599125618571
TOPELL ENERGY B.V.	0.25035589933395386	No	No	No	38	U1	Netherlands				377021.0	-1370527.0	0.02			341670.0	0.0	341670.0	0.0	35351.0	0.0	35351.0	0.0				0.0				1747548.0				377021.0		-1712197.0		Inactive	0.07391996965971395		-0.7141413161256934			-0.2091237285326811							-0.03222517115284933	-0.7141413161256934	-0.03222517115284933	-0.7183098591549295			-0.003055501042840909			0.05091889582737451	-0.2091237285326811
LA BELLE ASSIETTE SAS	0.27792394161224365	No	No	No	na	NF	France																																Active																							
MIRA REHAB LIMITED	0.7342155575752258	No	No	No	62	U1	United Kingdom				879.382692933398	-135.998896154837	34.714	-15.465		39.1861226208854	0.0	0.0	39.1861226208854	840.196570312513	0.0	0.0	840.196570312513	839.044037294251	1262.02365499616	-1398.022551151	991.178395704747	0.0	991.178395704747		24.203193383488	0.0	0.0	24.203193383488	879.382692933398	0.0	815.993376929025		Active	-1.128417951723384	-0.866224716189874		inf		-0.8608379106468808				-1.922787755832687	-0.8664082213802857	-0.9123303952808127	0.01863731197532342	-0.866224716189874		28.07370184254606	6.771113581296018	0.01863731197531781	-0.9953987129379476			-0.2004487617754692	-0.8608379106468808
ADVANCED CYCLONE SYSTEMS, S.A.	0.04151933267712593	No	No	No	46	U1	Portugal	3716249.52	578805.35	569307.15	9054372.26	3383188.81	1.592	37.365	14.0	731977.08	6000.0	273460.97	452516.11	8322395.18	99899.89	1027488.89	7195006.4	2162109.66	50002.0	3333186.81	444949.38	444949.38	0.0	0.0	5226234.07	163448.99	832595.79	4230189.29	9054372.26	294792.99		23460.59	Active	-0.1554155932590867	0.1878982005200791	-0.1752854430150432	2.564811357162709	0.37183210560867	0.157989991075505	-0.06080975145658412	-0.1428571428571428	0.3775072228090071	-0.2706564384845113	-0.01750690270909768	0.5484172432139771	0.753449138860632	0.1244060904437445	0.2361069324080719	-0.2067762830094669	-0.1502196556526613	-0.3999808001535988	0.4169068933835945	0.07692307692307693	-0.3565810465278724		0.157989991075505
FLIRTATIOUS LABS	0.9151800274848938	No	No	No	62	U1	France	0.0	-24666.0	-23424.0	1576.0	1576.0		100.0		0.0	0.0	0.0	0.0	1576.0	0.0	0.0	1576.0	1576.0	25000.0	-23424.0	0.0	0.0	0.0	0.0	0.0	0.0	0.0	0.0	1576.0	0.0	1576.0		Inactive																							
RV EXIT GMBH	0.9907653331756592	No	No	No	82	U1	Germany				29747.33	-73602.23			1.0	0.0				29747.33	0.0	0.0	29747.33	6355.46	12500.0	-86102.23	103349.56	101299.56	2050.0	2050.0	0.0				29747.33		29747.33		Inactive	-0.6800678253047642	0.1615976114628541		-0.875853935761712		-0.9544749584824094					-0.4715242449289125		-1.0	0.1615976114628541			-0.6450208370670113	0.0	-1.0	0.0		-2.171568924761589	-0.9544749584824094
EFW-SUHL GMBH	0.6976044178009033	No	No	No	30	U1	Germany				44171.0499999993	-3337704.26			1.0	0.0				44171.05	0.0	0.0	44171.05	34671.05	25000.0	-3362704.26	3381875.31	2940126.75	441748.56	441748.56	0.0				44171.0499999993		44171.05		Inactive	0.0267369440245154	0.03595720334322201		0.02685631290768667		0.03595720334321288					0.2213315457178779			0.03595720334322201			0.02653289431918437	0.0		0.0		0.03595720334322201	0.03595720334321288
BANDAPP LTD	0.9589805006980896	No	No	No	90	U1	United Kingdom				22851.6694798234	18291.7807349668	2.469	80.046		11595.2783023319	11595.2783023319	0.0	0.0	11256.3911774915	0.0	0.0	11256.3911774915	4183.86330496512	116.0572345344	18175.7235004324	0.0				4559.88874485657	0.0	0.0	4559.88874485657	22851.6694798234	0.0	6696.50243263488		Inactive																							
ALEPHD	0.21854296326637268	No	No	No	70	U1	France	6931969.0	1736812.0	4017917.0	12784713.0	8367122.0	2.891	65.446	22.0	15054.0	0.0	15054.0	0.0	12769659.0	0.0	7674499.0	5095160.0	163987.0	48877.0	8318245.0	0.0	0.0	0.0	0.0	4417591.0	0.0	362402.0	4055189.0	12784713.0	7312097.0	8352068.0	13071.0	Inactive	0.923827917975814	0.4177552477557319	1.86257547155384	-1.0	-0.1909062365194674	1.029703556609441	0.1515683040835327		1.104637421833995	-0.05216660873595186	-0.9511167284959899	8.339879773365885	-0.372985130576034	1.035070605448876	-0.372985130576034	-0.6549707602339181	0.9343280326523931	0.0	4.898906771818829	0.2222222222222222	2.090131151337504	0.5114359320699048	1.029703878845629
LASER WIRE SOLUTIONS LIMITED	0.0031037721782922745	No	No	No	26	U1	United Kingdom	8842446.53470933	-13602.1946815203	225474.644494538	7911217.14394945	1641485.93099456	1.537	20.749	58.0	3221968.28933255	0.0	3221968.28933255	0.0	4689248.8546169	1903503.93989911	1231561.0547905	1554183.8599273	1206238.75184628	52442.5573969272	1589043.37359763	3217929.81363656	3099074.84612836	118854.9675082	118854.9675082	3051801.39931833	361480.455847485	665035.754730173	2025285.18874067	7911217.14394945	2470029.23995943	1637447.45529857	576385.220031548	Active	0.1808372096570717	-0.01461244983855612	0.1061539571313756	0.4734396762368452		-0.04580706244361296	-0.2719338043709202	-1.0		0.237564117857569	0.1405765806989033	-0.4414638036631	-0.0476453588193029	-0.04453985596447622	-0.04581588853665824	0.4778846153846152	0.1870753825209721	0.01863731197532081	-0.3530128112616465	0.1372549019607843	0.02186196434836173	7.577471579696867	-0.04580706244361296
SURPLEX GMBH	0.0843491330742836	No	No	No	46	LF	Germany								181.0																								Active																				0.0			
SMAPPER TECHNOLOGIES GMBH IN LIQU.	0.7853503823280334	No	No	No	63	U1	Austria				282849.55	-1587322.93	69.462			5001.0	0.0	5000.0	1.0	277848.55	0.0	0.0	277848.55	208073.8	38800.0	-1626122.93	1866172.48	1838592.48	27580.0	27580.0	4000.0	0.0	0.0	4000.0	282849.55		273848.55		Inactive	6.591102579646364	-0.859991444140084		-0.1852613339440252		-0.8673524204929614					-0.8767828454059837	-0.9214531173294059	-0.9639034900149951	-0.8606432536347348	-0.963910447384139	0.7741622394769105	5.559510797526194	0.0	-0.9214531173294059			-0.8590493513219671	-0.8673524204929614
SHOPWAVE LIMITED	0.11277474462985992	No	No	No	47	U1	United Kingdom				18559.9007053875	-329642.039774444	0.039		3.0	6153.43850439414	0.0	6153.43850439414	0.0	12406.4622009934	347.390205366625	81.0577145855457	11978.0142810412	11978.0142810412	2598.47873614235	-332240.518510586	33817.2785250897	33817.2785250897	0.0	0.0	314384.661954742	34332.5739963835	19713.2361872047	260338.851771153	18559.9007053875	-19284.7882672526	-301978.199753748	3735.60267504244	Active	0.1452553523156591	-0.8041976832587097	inf	-0.1232441157479518		-0.7393610768708916	1.79050746934877				-0.8041976832587097	-0.06324498621844271	-0.3652757967876543	-0.7983167181920476	-0.3652757967876543	-0.796875	0.1441569679265758	0.02004981095849273	-0.01899220152248867	-0.4	1.868125874000135	0.1661346951576337	-0.7393610768708916
FANPOINT S.C. MARCIN OLEJNICZAK SZYMON KOWALSKI	0.3590034246444702	No	No	No	62	LF	Poland								5.0																								Active																				0.0			
FIG LONDON LTD	0.04913661256432533	No	No	No	96	U1	United Kingdom				63826.680376124	21246.7830928527	1.518	33.288	2.0	611.31750168322	0.0	611.31750168322	0.0	63215.3628744408	0.0	0.0	63215.3628744408		0.0	21246.7830928527	944.975527411085	0.0	944.975527411085		41634.9217558603	0.0	0.0	41634.9217558603	63826.680376124	0.0	21580.4411185806		Active	1.701586001597289	0.4502192801920597		0.04452764534279521		0.4380392848533615				0.8786613240024829		0.1690189440537251	-0.2303772215202144	0.4502192801920597	-0.2303772215202144	0.2401960784313726	1.701586001597289		0.1690189440537251	0.0		1.706030769935435	0.4380392848533615
BLOCKS LIMITED	0.6028953194618225	No	No	No	41	U1	United Kingdom		-4812.56623440197	-4812.56623440197	2163.09881430935	-4666.50959602861	0.317			0.0				2163.09881430935	0.0	0.0	2163.09881430935	2163.09881430935	146.056638373353	-4812.56623440197	0.0				6829.60841033797	5970.79537670265	0.0	858.813033635313	2163.09881430935	0.0	-4666.50959602861		Inactive																							
DR. REDDY'S NETHERLANDS B.V.	0.34388938546180725	No	No	No	72	U2	Netherlands		1808000.0	1808000.0	17493000.0	-2500000.0	0.345	-14.291	88.0	12401000.0	0.0	7635000.0	4766000.0	5092000.0	0.0	4375000.0	717000.0	717000.0	6321000.0	-8821000.0	5237000.0	5237000.0	0.0	0.0	14756000.0				17493000.0		-9664000.0	2348000.0	Active	-0.4196843082636955	-0.04907161803713528	-0.08949011446409989	-0.08009836641489548	0.3025936599423631	0.02322180627047262		-1.0	0.3372781065088757	-0.4328743204095401	-0.04907161803713528		0.0748894860015602	-0.08400791509264256	-0.1959772535804549	-0.02542372881355934			-0.06078543695499968	-0.09278350515463918		-0.04806934594168637	0.02322180627047262
KEECKER	0.5992311239242554	No	No	No	62	U1	France				4729333.0	2032757.0	0.321	42.982	20.0	3896201.0	2852292.0	1021572.0	22337.0	833132.0	268645.0	39826.0	524661.0	132409.0	46950.0	1985807.0	105000.0	105000.0	0.0	0.0	2591576.0	64956.0	1667017.0	859603.0	4729334.0	-1358546.0	-1758444.0		Inactive																							
AGNITIO SL	0.37102964520454407	No	No	No	62	U2	Spain	3279028.9	358008.68	-1919082.76	6305558.95	6077967.54	27.702	96.391	17.0	733.4	0.0	0.0	733.4	6304825.55	0.0	519486.9	5785338.65	4001444.86	20026.0	6057941.54	0.0				227591.41	0.0	0.0	227591.41	6305558.95	519486.9			Active	-0.2399738263494479	0.1197204509110629	-0.2240830327070915	-1.0	0.08498391095758993	-0.2438087517810293			-7.500874836388438	0.005077994661328088	-0.1829984608552865	-0.2739766073196702	-0.9997069088150283	0.08028078729210991		0.487914921044151	-0.2405762710287845	0.0	-0.2739766304800325	-0.1052631578947368	-0.2240830327070915		-0.2438087517810293
OCAPO LIMITED	0.030730249360203743	No	No	No	73	U1	United Kingdom				11227704.6661096	8572223.64324778	61.065	76.349	1.0	5204289.35221847	0.0	3046.14476726471	5201243.20745121	6023415.31389113	0.0	0.0	6023415.31389113	3147.5676728717	1037.2797164352	8571186.36353135	2556841.48449393	2556841.48449393	0.0	0.0	98639.5383678963	74914.6461869867	0.0	23724.8921809096	11227704.6661096	0.0	5924775.77552324	875.925093878614	Active	0.01810524402665004	-0.08009591488362042		0.05017248950589744		-0.03689361173009167				0.05711397873283119	-0.05570315716069223	0.5243274983288746	0.01846589571174704	-0.08009591488362042	-0.2088573565821982	6.491718807508281	0.01810517966975208	0.01863731197532359	-0.877212373476025	0.0		0.03137537942029341	-0.03689361173009167
MATRICORE B.V.	0.6873283982276917	No	No	No	86	LF	Netherlands																		100.0														Inactive																							
SYNETRIX (HOLDINGS) LIMITED	0.8904064297676086	No	No	No	62	U2	United Kingdom				14880892.0995895	14878624.6520813		99.985		0.0				14880892.0995895	0.0	14880892.0995895	0.0		2.21755257517443	14878622.4345288	0.0				2267.44750811585	0.0	2267.44750811585	0.0	14880892.0995895	14878624.6520813	14878624.6520813		Inactive	-0.01583508516807348		-0.01583508516806778			-0.01583508516806778	-0.01583508516807505			0.0				-0.01583508516806778			-0.01583508516806891	-0.01583508516807118	-0.01583508516807505		-0.01583508516807348	-0.01583508516807348	-0.01583508516806778
COMPACT MEDIA GROUP LIMITED	0.2594010531902313	No	No	No	82	U1	United Kingdom				32137678.5449059	-13337641.2538998	0.0	-41.502		32118233.0484974	0.0	0.0	32118233.0484974	19445.4964085037	0.0	0.0	19445.4964085037		1567959.39363024	-14905600.6475301	0.0				45475319.7988057	45475319.7988057	0.0	0.0	32137678.5449059	0.0	-45455874.3023972		Active	0.02518498916135825	0.02487710226381839				0.02518435472227373				0.0			0.02518454079941258	0.02487710226381839			0.02518494199696986	0.0251845407994069	0.02518454079941054			0.02518467235752301	0.02518435472227373
CLASSIC FINE FOODS GROUP LIMITED	0.04544416815042496	No	No	No	70	U2	United Kingdom		-1995.17774615565	-1995.17774615565	21058104.1007835	19926367.0260013	13.527	94.626	1.0	5748771.75993402	0.0	0.0	5748771.75993402	15309332.3408494	0.0	0.0	15309332.3408494	18174.2975774306	28598961.1870443	-8672594.16104308	0.0				1131737.0747822	991457.435953103	0.0	140279.638829097	21058104.1007835	0.0	14177595.2660672		Active	0.01994768612445605	0.03883827131968168			-0.9997454818855483	0.03364076245079545			-0.9997454818855483	-0.0132435138066238	-0.08085418630189597	0.02004981095849508	0.02004981095849413	0.03883827131968168		-0.2325541813230456	0.020284532998657	0.02004981095849208	0.3536013569916887	0.0		0.01990628208219015	0.03364076245079545
CHORUS INTELLIGENCE LIMITED	0.019485129043459892	No	No	No	62	C2	United Kingdom				4688129.75540367	-5608939.57531501	0.194			3347315.64592462	3205792.14437559	71525.3143333904	69998.1872156359	1340814.10947905	0.0	349216.289472993	991597.820006059	698828.068703755	4.66654581437573	-5608944.24186082	3399736.12169395	3290097.9610581	109638.160635851		6897333.20902473	1799737.39113866	248150.573498151	4849445.24438792	4688129.75540367	101065.715974842	-5556519.09954567	293377.568894627	Active	-0.0994609762701243	0.2712567097166764	-0.7882489941480876	-0.1702890391066119		-0.09766600686721538	-0.5375565366289977	0.405732326968378			3.74998311445186	-0.02262344560254112	0.2100064439211352	-0.448042352560465	-0.8277715815973283	-0.4156626506024096	-0.09946088517574032	0.0251845407994097	-0.05857598379029227		-0.9091606378274947	0.1346105143745862	-0.09766600686721538
OMNIDRONE SL.	0.0230241846293211	No	No	No	62	U1	Spain	10748049.71	984698.0	984698.0	5592902.37	-1101625.44	0.743	-19.697	102.0	620356.27	212.93	576981.34	43162.0	4972546.1	181087.28	1847645.94	2943812.88	2742652.24	63686.58	-1165312.019	0.0				6694527.81	1489.69	2751878.66	3941159.46	5592902.37	-723145.44		126758.01	Inactive	0.1420932057162808	1.476673081551116	0.2427464500632384	-1.0	-1.149868133809731	0.7194338565750331	275.636055751861	-0.5511498977634436	-1.149868133809731	-0.335772577055372	1.750002060507035	0.06591375901972403	0.07613850608262354	0.857997648239561	0.08286462780910799	0.03194444444444448	0.1332924280547135	0.0	0.8020033558872315	-0.1052631578947368	-1.489362525414834		0.7194338565750331
ACTURIS LIMITED	0.0008404463296756148	No	No	No	62	U1	United Kingdom	108940410.435622	55298730.8576105	43093754.9757298	203637822.451213	160185097.596604	6.102	78.662	481.0	55814026.3289043	27297922.3377094	2928499.43124064	25587604.5599543	147823796.122309	0.0	17254871.5005602	130568924.621748	14765241.6954328	2315.93470244416	160182781.661902	19229205.8343939	4782405.1605472	14446800.6738467		24223519.0202147	5661302.38012476	2392360.54762482	16169856.0924652	203637822.451213	14862510.9529354	123600277.102094	9743137.2931826	Active	0.2646449165545293	0.2830502491438019	0.2803034225987588	0.3685826259010037	0.1489605095247976	0.242692601059491	-0.8022869960183646	0.4191002799371806	0.1033615379979762	0.0176723245704823	-0.1610233413189861	2.027412446381394	0.1478090554032771	0.282729015793965	-0.3198771495085611	0.2260397830018083	0.2646493009222382	0.02004981095849196	0.04620621668173572	0.1238317757009346	9.79335475981228	0.3421979385096014	0.242692601059491
STREAMSTAR, A. S.	0.7967463135719299	No	No	No	47	U1	Slovakia	262268.0	-491065.0	-491065.0	885937.0	-127649.0	0.594	-14.408		748217.0	744288.0	3929.0	0.0	137720.0	72037.0	-813.0	66496.0	59059.0	68750.0	-196399.0	781565.0	0.0	781565.0	0.0	232021.0	0.0	225815.0	6206.0	885937.0	-154591.0	-94301.0	92672.0	Inactive	-1.351248572568551	-0.7918135539094444	-1.067755646303859	0.07070152173555666	1.107041564582359	-0.3030785508352246	0.3475056689342403	-0.1074870132050403	1.107041564582359	-1.503987687141458	-0.8016530313410981	-0.3953624318004677	-0.1064422592333396	-0.6825769990480998	0.1481589713617767	-0.7565573770491804	-1.666516213326998	0.0	0.3046321495243022		1.910386505261969	-1.368327311785958	-0.3030785508352246
SETTLED	0.15464521944522858	No	No	No	68	LF	United Kingdom	2721874.37935468							20.0																								Active																							
DARWIN TECHNOLOGIES LIMITED	0.2822532653808594	No	No	No	64	U1	United Kingdom				89897.575424384	89897.575424384		100.0		0.0				89897.575424384	0.0	0.0	89897.575424384		0.0	89897.575424384	0.0				0.0				89897.575424384				Active	-0.9808683577331868	-0.9812697523964933				-0.9812697523964933				0.02142959285816428				-0.9812697523964933			-0.9808683577331868		-1.0				-0.9812697523964933
VON BISMARK LIMITED	0.9843034744262695	No	No	No	na	U1	Ireland				17783.0	-423695.0	0.039			734.0	0.0	734.0	0.0	17049.0	0.0	0.0	17049.0		0.0	-423695.0	0.0				441478.0			439.0	17783.0		-424429.0		Inactive	0.9099555976288684	0.0765296457662436		-1.0		0.04433873619920132						-0.9979252621778604	-0.383711167086482	0.0765296457662436	-0.383711167086482	-0.48	0.9099555976288684		1.086448984607241			1.168153211140399	0.04433873619920132
GET LIVING IT LTD	0.1432277113199234	No	No	No	62	U1	United Kingdom				89069.4638567336	-1166.84887148559	0.987	-1.31		0.0				89069.4638567336	0.0	0.0	89069.4638567336		0.0	-1166.84887148559	0.0				90236.3127282192	0.0	0.0	90236.3127282192	89069.4638567336	0.0	-1166.84887148559		Inactive	-0.9434693068296394	0.4680968051318357				0.4680968051318357				-0.9614955029098817		0.1097675889391445		0.4680968051318357		0.3230563002680965	-0.9434693068296394		0.1097675889391445			-0.9434693068296394	0.4680968051318357
APOMIO GMBH	0.8590211868286133	No	No	No	47	U1	Germany				56665.74	-689355.0	0.076			441.0	439.0	2.0	0.0	56224.74	0.0	0.0	56224.74	4961.25	33334.0	-722689.0	10400.0	0.0	10400.0	10400.0	735620.74	0.0	0.0	735620.74	56665.74		-679396.0		Active	0.2247489198533744			0.5072463768115942		-0.2037922403320287						0.1730074361089346	-0.5697560975609756	-0.1984445261170719		-0.3214285714285715	0.2839720784500225	inf	0.1730074361089346			0.219787153967741	-0.2037922403320287
DISCOVERABLES LTD	0.9799314141273499	No	No	No	82	U1	United Kingdom				3677.98958320857	-142261.448887607	0.074			0.0				3677.98958320857	0.0	0.0	3677.98958320857	755.909778023991	3.85668254093873	-142265.305570148	96417.0635234683	0.0	96417.0635234683		49522.3749473473	0.0	0.0	49522.3749473473	3677.98958320857	0.0	-45844.3853641387		Inactive	-39712.91978163343	1025.701389787308		inf		1025.701389787308					210.0102821373424			1025.701389787308			-inf	0.07658307212929796	inf				1025.701389787308
KEY CAPITAL PARTNERS LIMITED	0.5841038823127747	No	No	No	na	NF	United Kingdom																																Active																							
AMVAC AG IN LIQUIDATION	0.8727823495864868	No	No	No	72	LF	Switzerland								35.0										873501.830973163														Inactive																		0.06084783321313306		0.0			
DIGITALGO ITALIA S.R.L.	0.4742529094219208	No	No	Yes	61	U2	Italy	1632000.0	-1947000.0	-1947000.0	11564000.0	-9795000.0	0.439	-84.703	11.0	3447000.0	1671000.0	33000.0	1743000.0	8117000.0	0.0	814000.0	7303000.0	33000.0	1400000.0	-11195000.0	2854000.0	0.0	2854000.0	2851000.0	18505000.0	5387000.0	2569000.0	10549000.0	11564000.0	-1755000.0	-10388000.0	1038000.0	Active	-0.0262451535937966	-0.04970722186076773	-0.04460093896713615	-0.05496688741721854	-0.8786083920443918	-0.0997976023664954	-0.4743196234908942	-0.370147003392386	-0.8786083920443918	0.08170614903262877	-0.8374384236453202	0.09611388196176227	-0.2000464144813182	-0.04919761040178049	-0.611764705882353	0.02331002331002333	-0.02303865956889781	0.0	-0.06939904450590897	-0.6451612903225806	-0.5650557620817844	-0.08459640465280226	-0.0997976023664954
HERO CARD MANAGEMENT AS	0.30637359619140625	No	No	No	na	NF	Estonia																																Inactive																							
INTELLIGENT ENERGY LIMITED	0.11358527839183807	No	No	No	72	C2	United Kingdom	10430423.8152651	-28152924.0370696	-28826003.3197342	32311263.1669565	-26679986.8397316	0.358	-82.572	236.0	11514957.385449	6191407.37409989	5323550.0113491	0.0	20796305.7815075	10473067.5369407	984263.197595179	9338975.04697159	2142558.88094782	2171372.20640435	-28851359.046136	934704.277809942	0.0	934704.277809942	934704.277809942	58056545.7288782	51863985.82176	1519038.51806844	4673521.38904971	32311263.1669565	9938292.21646748	-37260239.9473707	1719579.26324591	Active	0.8115107271196723	-0.2935018283885942	-0.4620183893463659	inf	0.4922786145868507	-0.002149025429674251	0.3358845544114182	-0.05636840146034898	0.5024554938854032	0.8154076158649195	-0.754007954928277	-0.2664581246563783	0.2316598552517785	-0.09705778850055406	0.9095315519537384	-0.2678936605316973	0.7180668259451711	0.0515686004172638	0.2323906551093515	0.107981220657277	0.1455020267557636	0.5475341005098795	-0.002149025429674251
SALASO HEALTH SOLUTIONS LIMITED	0.03154301643371582	No	No	No	62	U1	Ireland				205390.0	-3477773.0	0.12		18.0	12039.0	0.0	12038.0	1.0	193351.0	0.0	72743.0	120608.0	64754.0	98792.0	-3576565.0	2074281.0	2074281.0	0.0	0.0	1608882.0	1231833.0	72953.0	304096.0	205390.0	-210.0	-1415531.0	8661.0	Active	0.01418759670842857	-0.6749320798654534	-0.4065380912754744	-0.3320199890252291		-0.5878872272930658	0.8913950895750693				-0.4758713353730594	-0.01358167657639247	1.515987460815047	-0.6082824484702126	1.516304347826087	-0.8	0.01380035993297956	0.0003544052573488461	0.9567988849441925	-0.1	-1.002499910717474	3.307723910006908	-0.5878872272930658
MINDFIELD GAMES OY	0.49522778391838074	No	No	No	62	U1	Finland	544000.0	-383000.0	-383000.0	369000.0	-352000.0	4.855	-95.393	13.0	0.0				369000.0	0.0	8000.0	361000.0	321000.0	3000.0	-355000.0	645000.0	645000.0	0.0	0.0	76000.0	0.0	2000.0	74000.0	370000.0				Inactive	1.957983193277311	-0.06718346253229975	inf	0.6666666666666666	-0.552570093457944	-0.04404145077720207	-0.9130434782608695		-0.552570093457944	2.094261896266502	-0.09322033898305085	-0.2210526315789474		-0.04651162790697674		0.4801829268292685	1.909836065573771	0.0	-0.3559322033898305	0.3			-0.04145077720207254
ITSWOLRD SICILIA	0.27350062131881714	No	No	No	na	NF	Italy																																Active																							
CONTACTOFFICE GROUP	0.12196603417396545	No	No	No	61	U1	Belgium		180909.0	143911.0	1947369.0	1762364.0	5.066	90.5	2.0	1010078.0	968116.0	41912.0	50.0	937292.0	0.0	68611.0	868682.0	790452.0	629162.0	1133202.0	0.0	0.0	0.0	0.0	185004.0	0.0	43731.0	141273.0	1947369.0	24880.0	752288.0	424288.0	Active	0.08891886264228865	-0.03710871685732021	-0.268477055612419		0.476253814893999	0.03705587324647217	-0.3478046888981686	0.1494251781811101	0.4391387827756555	0.05001798373342314	-0.05326246044540688	-0.2652745995423341	0.1454287314846105	-0.05889842080742847	0.06041898593259792	0.3192708333333333	0.1454688256539279	0.0	-0.2866160496350252	-0.5	-0.06955871353777113	0.02127151213856824	0.03705587324647217
VERTICLY LTD	0.12271343916654587	No	No	No	71	U1	United Kingdom				10153.8456737794	-478089.430284887	0.164		2.0	0.0				10153.8456737794	0.0	0.0	10153.8456737794		0.0	-478089.430284887	426171.374860349	0.0	426171.374860349		62071.9010983172	0.0	0.0	62071.9010983172	10153.8456737794	0.0	-51918.0554245377		Inactive	0.06994194431443834	-0.3675220174713058		0.05425679327776678		-0.3675220174713058						0.05830499995921722		-0.3675220174713058		-0.4014598540145985	0.06994194431443834		0.05830499995921722	0.0		0.2187876071171685	-0.3675220174713058
TUNEPICS LIMITED	0.9699953198432922	No	No	No	82	U1	United Kingdom				929217.314083903	320273.653880793	1.012	34.467		312810.716145475	284883.923673474	27926.7924720019	0.0	616406.597938428	0.0	0.0	616406.597938428	570545.207141464	160.294994124865	320113.358886668	0.0				608943.66020311	0.0	0.0	608943.66020311	929217.314083903	0.0	7462.93773531783	75318.7876818923	Inactive	-2.141581994905629	699.8235667505111				1.92517153628556		-0.1006968122627355		-1.390260196109513		0.01793449182669428	-0.01253931580065628	699.8235667505111	inf	1011.0	-2.140497653450054	0.2702644876566446	0.01793449182669428			-1.012493713463355	1.92517153628556
SELOGER.COM	0.0052335732616484165	No	No	Yes	61	C1	France	82739000.0	31013000.0	20778000.0	264880000.0	197164000.0	1.27	74.435	277.0	211392000.0	209921000.0	821000.0	650000.0	53488000.0	32000.0	13770000.0	39686000.0	36268000.0	3329000.0	193835000.0	25598000.0	24000.0	25574000.0		42118000.0	23443000.0	6780000.0	11895000.0	264880000.0	7022000.0	11370000.0	6305000.0	Inactive	0.09659836703819885	0.1653501688445162	0.1260119388339194	-0.492183780352325	0.1224800028955083	0.004832970417972276	0.8703448275862069	-0.02423594487182467	0.1844715539847224	0.0913262762806791	0.1069128643369449	-0.17206097306327	-0.02725089041663216	0.1554480255767735	-0.3499604117181314	-0.08369408369408361	0.0984206678869137	0.0	0.260942458535417	0.07364341085271318	-0.1846261031119368	-0.1179208688906129	0.004832970417972276
ALBIREO AB	0.026476729661226273	No	No	No	72	U1	Sweden	82294363.3201914	-24117489.2732588	-24117489.2732588	131289617.717151	-36561553.8954933	1.303	-27.848	36.0	19885142.8426693	0.0	85075.9130888068	19800066.9295805	111404474.874482	28320185.3061723	8222983.54030605	74861396.1507927	19389647.7471584	9012.27892889903	-36570566.1744222	82365019.586994	0.0	82365019.586994	0.0	85486152.0256503	0.0	1538576.25874164	83947575.7669087	131289617.717151				Active	-0.03894622771836847	3.156631774487489	6.537624113309517	0.6365691896433994	0.4238555865288517	3.72023198778871	0.3596873582540351		0.4238555865288517		4.085771344695181	4.830539049695892	1.864291181599274	4.337536716544376	4.876977063537987	-0.03050595238095249	-0.03893647607286291	0.002323418675441233	4.504735423651704	0.125			3.72023198778871
TRESORIT KORLATOLT FELELOSSEGU TARSASAG	0.08476541936397552	No	No	No	62	U2	Hungary	9877297.1944032	-584486.508231113	-599963.903019379	14184808.9787617	8860222.07322248	0.709	62.463	112.0	11143449.964606	10932732.7446921	104676.820920743	106040.398993228	3041359.01415563	0.0	154948.966524149	2886410.04763148	1823213.59609099	93047.2240266736	8767174.8491958	1033163.77510493			1033163.77510493	4291423.13043425	0.0	80785.4702484253	4210637.66018583	14184808.9787617	154948.966524149		1199389.68902165	Active	-0.007793384410988758	-0.04096491936134247	-0.247335265649046	0.416678345347962	-8.04308793575196	0.04984691429285252	0.146475867607844	0.09235702901871225	-11.12575169694865	-0.05489400977440186	-0.108334719193453	0.1134110213011418	0.0823357458057337	-0.05417716126487281	-0.4728267462747499	-0.1508982035928144	-0.00834147210840249	0.04671622977130862	0.1140158395357989	0.08737864077669903	-0.247335265649046		0.04984691429285252
NAVETAS ENERGY MANAGEMENT LTD.	0.7326124906539917	No	No	No	72	U1	United Kingdom				3983885.25592833	3804243.06271041	15.7	95.491		1163426.39317174	0.0	85569.6456372526	1077856.74753449	2820458.86275659	29540.676916341	0.0	2790918.18584024	2639712.69169457	10342.4663250304	3793900.59638538	0.0				179642.193217912	0.0	0.0	179642.193217912	3983885.25592833	29540.676916341	2640816.66953867		Inactive	-0.4762092148797614	-0.5537065110178633				-0.4768424937290119				0.001216251638269983	-0.5604561087286385	-0.4899027007880811	-0.1087366837016851	-0.552997091940133	-0.5163649217834038	-0.123737232795669	-0.4768533005588108	-0.04482376259240086	-0.4899027007880811		-0.4740035069901279	-0.5567268379962971	-0.4768424937290119
SABIEDRIBA AR IEROBEZOTU ATBILDIBU DATA VISUALIZATION SOFTWARE LAB	0.013043281622231007	No	No	No	62	U1	Latvia	1360537.0	25360.0	25360.0	1293188.0	985574.0	1.106	76.213	30.0	953058.0	945669.0	7389.0	0.0	340130.0	0.0	263912.0	76218.0	66445.0	5534.0	980040.0	162.0	0.0	162.0	0.0	307452.0	0.0	10527.0	296925.0	1293188.0				Active	0.02386342033008416	-0.4606097491932288	0.391031182138264	-0.9553472987872106	0.0988820521708987	0.0659938060997635	0.6853986551392891	0.08547117444094737	0.0988820521708987	-0.03952160707759404	-0.4023494068017666	0.2338355800076459	0.08044090189218694	0.02749616346653455	-0.3217989903625516	-0.1752423564504101	0.02400140428746517	0.0	0.2452591758539964	-0.03225806451612903			0.0659938060997635
NOSTROMO ICT S.R.O.	0.7316228747367859	No	No	No	62	LF	Czech Republic	29069.3568495228																	15348.6204165481														Inactive																		-0.02837872314907118					
VIRTUAGYM B.V.	0.38332340121269226	No	No	No	72	C2	Netherlands		-1664757.0	-1688375.0	2612003.0	-4934464.0	0.631		173.0	348965.0	0.0	150657.0	198308.0	2263038.0	66419.0	1805424.0	391195.0	391195.0			3962602.0	3962602.0	0.0	0.0	3583865.0				2612003.0		-1320827.0	99009.0	Active	0.4817854225724307	-0.877711016058762	-0.1050765190546672	-0.3261567401552121	0.03244073607334935	-0.5475107141267097			0.01507789353187887		-0.877711016058762		-0.2314680432623379	-0.5744931043845088	-0.2189526727530056	-0.6178073894609327			0.1123106765983861	0.1233766233766234		-1.63002968825425	-0.5475107141267097
MPORIUM LIMITED	0.8003047704696655	No	No	No	63	U2	United Kingdom	603868.394403475	-4556489.54320876	-3788090.9442665	3312349.41132775	-19425606.438624	3.109		28.0	2260865.81207274	2166092.05011493	94773.7619578048	0.0	1051483.59925501	0.0	60682.2174433607	990801.381811648	61391.8342674165	63720.2644713497	-19489326.7030954	22399755.7979356	22399755.7979356	0.0	0.0	338200.05201614	0.0	192379.338554107	145820.713462033	3312349.41132775	-131697.121110747	713283.547238869	1427652.58646329	Inactive	0.2107426105919229	-0.125666939010955	-0.2627855571454853	0.1552895073758063	0.1367219393470889	-0.1446814880913236	-0.5118884110714249	-0.09363256514523285	0.1774737422455445		-0.4541279108716255	0.08800592431362295	-0.1491321414350572	-0.1349523591311486	-0.645398450201812	0.3511516731855714	0.209831953106603	-0.01583508516807249	-0.359658175830636	0.1666666666666667	-0.5776460995509238	0.03770629941205034	-0.1446814880913236
CASEHUB LIMITED	0.3991625905036926	No	No	No	69	U1	United Kingdom				6669.90574680676	6669.90574680676		100.0		706.76002972978	0.0	706.76002972978	0.0	5963.14571707698	0.0	0.0	5963.14571707698		0.0	6669.90574680676	0.0				0.0				6669.90574680676				Inactive	-0.5299397738903237	-0.5566643055159779				-0.5378833675391016				0.01719051978435559			-0.2808334212531787	-0.5566643055159779	-0.2808334212531787		-0.5299397738903237		-1.0				-0.5378833675391016
HITMEUP LTD	0.940001904964447	No	No	No	63	U1	United Kingdom		-93738.1636816153	-93738.1636816153	45004.3219438819	24149.4561578549	2.158	53.66		0.0				45004.3219438819	0.0	0.0	45004.3219438819	11130.5687919515	9830.61307501454	14318.8430828404	0.0				20854.8657860269	0.0	0.0	20854.8657860269	45004.3219438819	0.0	24149.4561578549		Inactive	-9.616877997763298	0.5366028942201639			-0.3209925735095758	0.5366028942201639	-1.0		-0.222629705520251	-6.6076915038144	8.412027560265756	0.09395310136714463		0.5366028942201639		1.363636363636364	-2.171930528773622	0.04407816852182483	-0.350128823242212		-1.0	-9.616877997763298	0.5366028942201639
LEMON CURVE	0.3223305642604828	No	No	No	47	U1	France	2639831.0	-428554.0	-428756.0	1245119.0	138164.0	1.161	11.096	4.0	44261.0	29922.0	2839.0	11500.0	1200859.0	547553.0	60375.0	592931.0	471942.0	44260.0	93904.0	72945.0	55457.0	17488.0	17488.0	1034009.0	31883.0	399803.0	602323.0	1245118.0	208125.0	166850.0	43523.0	Inactive																							
ALISE DEVICES SL.	0.7517894506454468	No	No	No	80	U1	Spain	32000.0	-57886.36	-57886.36	525901.55	169589.33	0.525	32.247	1.0	476366.99	152510.33	0.0	323856.66	49534.56	0.0	10260.91	39273.65	1913.54	5020.68	164568.65	261880.5	251568.0	10312.5		94431.72	0.0	0.0	94431.718	525901.55	10260.91		1366.71	Active	-0.2544727306904752	-0.608406092702712	-0.4076018837282208	-0.1140552258378459	-0.6455118202817467	-0.1166461981926657		-0.00805612005805584	-0.6455118202817467	-0.1560365358946846	-0.9695933700790079	0.3066111967748611	-0.002860819741207331	-0.5788334172953188	-1.0	-0.6773202212661339	-0.2602160286712177	0.0	0.3065405393065349	-0.5	-0.4076018837282208		-0.1166461981926657
MYFEELBACK	0.23841074109077454	No	No	No	63	U1	France				3859649.0	3030026.0	4.45	78.505		167880.0	18038.0	87142.0	62700.0	3691769.0	0.0	782160.0	2909609.0	36596.0	128898.0	2901128.0	0.0	0.0	0.0	0.0	829623.0	0.0	39745.0	789878.0	3859649.0	742415.0	2862146.0		Inactive	-0.05986236254871299	-0.2540804845077846	-0.1052090888498912			-0.2234673805514809	-0.8696496331692407	-0.3807545744790415		0.2106748504102153	-0.8326711079206427	-0.4524219858106862	-0.1414280892325631	-0.2268266473319347	-0.159720749040557	0.628247347237468	-0.06235621652054807	0.0	-0.5252251484059487		0.3042741169009359	-0.05459360829536927	-0.2234673805514809
WRLD LTD	0.9710673689842224	No	No	No	82	U1	United Kingdom				1.10668145079579	1.10668145079579		100.0		0.0				1.10668145079579	0.0	0.0	1.10668145079579	1.10668145079579	1.10668145079579	0.0	0.0				0.0				1.10668145079579				Inactive	-0.01906928222792507	-0.01906928222792507				-0.01906928222792507				0.0	-0.01906928222792507			-0.01906928222792507				-0.01906928222792507					-0.01906928222792507
WRLD LTD	0.9710673689842224	No	No	No	82	U1	United Kingdom				1.10668145079579	1.10668145079579		100.0		0.0				1.10668145079579	0.0	0.0	1.10668145079579	1.10668145079579	1.10668145079579	0.0	0.0				0.0				1.10668145079579				Inactive	-0.01906928222792507	-0.01906928222792507				-0.01906928222792507				0.0	-0.01906928222792507			-0.01906928222792507				-0.01906928222792507					-0.01906928222792507
TRAVELLUTION	0.8227784633636475	No	No	No	62	U1	France	8000.0	-163908.0	-163908.0	210001.0	105372.0	5.938	50.177	2.0	4361.0	0.0	0.0	4361.0	205640.0	0.0	0.0	205640.0	197296.0	8600.0	96772.0	70000.0	70000.0	0.0	0.0	34629.0	0.0	20696.0	13933.0	210001.0	-20696.0	171011.0		Inactive	0.8330984812901205	2.149157733537519		inf	2.585196202808522	2.215892559072602	1.978270254712908		2.585196202808522	-0.4299881855773163	2.347688130991771	15.05184331797235	inf	2.149157733537519		-0.2892027771127603	0.9155565232882678	0.2349224583572659	3.429960342842523		1.978270254712908	1.974983908285928	2.215892559072602
CELLERIX SA	0.2644903063774109	No	No	No	na	NF	Spain																																Active																							
ADIKTEEV	0.015857135877013206	No	No	No	62	U1	France	35976751.0	4416030.0	3077993.0	17882345.0	9869054.0	2.152	55.189		2578491.0	1178880.0	171245.0	1228366.0	15303854.0	0.0	6865321.0	8438533.0	5777766.0	102459.0	9766595.0	903448.0	892834.0	10614.0	10614.0	7109844.0	959164.0	4017117.0	2133563.0	17882345.0	2848204.0	8194010.0	860617.0	Active	0.4530565478692571	2.44439900095064	2.533563162898138	0.5057466666666667	-1.528395501345928	0.5420730677762617	4.872832107973925	inf	-1.403594781525964	-0.05772579819019977	20.07904414447282	-0.1475329729384172	-0.6420494582899052	2.483835205555978	0.2913527739444532	1.05933014354067	0.4599957724590356	0.0	0.6910580785353165		1.262504845607814	42.48292843421318	0.5420730677762617
ZOOMORAMA	0.89743572473526	No	No	No	62	U1	France	28685.0	-743710.0	-487109.0	752771.0	588992.0	3.549	78.243	9.0	171553.0	108064.0	58031.0	5458.0	581215.0	0.0	0.0	581215.0	365517.0	38565.0	550427.0	0.0	0.0	0.0	0.0	163779.0	2458.0	40239.0	121082.0	752771.0	-40239.0	417436.0	60316.0	Inactive	3.675838526574842	4.610941633039213		-1.0	1.497313669393292	2.822084456697791	3.70246581745939	0.6453105968331303	0.6356697693785174	0.2233688259299216	6.093010168439029	0.939577426434075	0.8374050788822603	4.610941633039213	1.171006359895249	1.432488005483207	3.632794943229162	4.390690522784456	1.307266426236898	1.25	3.70246581745939	11.80399975461628	2.822084456697791
OTBP LIMITED	0.055518023669719696	No	No	No	58	U1	Ireland				1843983.0	1163690.0	1.804	63.107	19.0	1339723.0	200000.0	1139723.0	0.0	504260.0	34156.0	8758.0	461346.0	445031.0	100.0	1163590.0	400814.0	400814.0	0.0	0.0	279479.0	54003.0	91124.0	134352.0	1843983.0	-48210.0	224781.0	106031.0	Active	0.4487234392195724	0.2615939948316174	0.06029055690072639	-0.1155562224448456		0.02917434787195033	-0.1924566425324129	-0.1111111111111111		0.4076329407566024	0.2204768029574618	-0.2452898021548383	-0.03672490652861662	0.2577853937656986	-0.02236833075999314	1.408544726301736	0.4487793095204893	0.0	-0.4778796772512176	0.0	-0.3788571796688784	-2.672900882663769	0.02917434787195033
MIDAXO OY	0.6315494179725647	No	No	Yes	62	U1	Finland	1735000.0	-4185000.0	-4185000.0	8585000.0	2547000.0	6.741	29.668	15.0	2147000.0	2126000.0	21000.0	0.0	6438000.0	0.0	52000.0	6386000.0	658000.0	4000.0	2543000.0	5084000.0	957000.0	4127000.0		955000.0	39000.0	285000.0	631000.0	8586000.0			896000.0	Active	-0.6216577540106952	0.1258815232722144	-0.1746031746031746	5.370927318295739	1.926573426573427	-0.0212062478622734	0.4540816326530612	-0.2941567065073041	1.926573426573427	-0.6134613630737561	0.9239766081871345	-0.09469153515064563	-0.2928194993412385	0.1225806451612903	-0.125	0.4597228237332177	-0.6220273483947681	0.0	-0.2310789049919485	0.875			-0.02109223577699236
RESTOPOLITAN SOCIETE PAR ACTIONS SIMPLIFIEE	0.27792394161224365	No	No	No	na	NF	France																																Active																							
ALCHEMY PHARMATECH LIMITED	0.24282580614089966	No	No	No	72	U1	United Kingdom				483184.653348545	179749.511587485	0.025	37.201	1.0	475902.508605212	0.0	475902.508605212	0.0	7282.14474333333	0.0	0.0	7282.14474333333		0.0	179749.511587485	8291.28527569208	0.0	8291.28527569208		295143.856485368	0.0	0.0	295143.856485368	483184.653348545	0.0	-287861.711742035		Active	-0.1943028843769427	-0.6245701435218591		-0.280964518754425		-0.000876161068609753				-0.1935966357409173		0.1854160428135541	0.0251845407994103	-0.6245701435218591	0.0251845407994103	-0.6794871794871795	-0.1943028843769427		0.1854160428135541	-0.5		0.2538496898057489	-0.000876161068609753
VERTILAS GMBH	0.23463141918182373	No	No	No	71	U1	Germany				4476803.63	3292737.66	22.841	73.551	15.0	936277.08	78628.01	857649.07	0.0	3540526.55	890102.78	0.0	2650423.77	2393523.52	104410.0	3188327.66	1029059.54	371000.0	658059.54	658059.54	155006.43	0.0	0.0	155006.43	4476803.63	890102.78	3385520.12		Active	0.7504489677211164	1.134250040691225		1.105277291325696		0.7531138706332945		-0.01800923966413892		-0.001520437668843175	1.679604050773671	-0.1564179968087801	1.826233461654456	0.5931461875548413	2.414060482894728	0.8884663083918974	0.7945507413867969	0.0	-0.1564179968087801	0.07142857142857142	-0.09219160651405207	0.6607076467948797	0.7531138706332945
CARRIOTS SL.	0.9088799953460693	No	No	No	62	U1	Spain	792896.25	-661533.21	-471711.759	2153500.84	318421.02	0.415	14.786	18.0	1516822.84	1169210.76	38145.11	309466.97	636678.0	16994.52	562740.77	56942.71	31424.38	5882.5	312538.52	300000.0	300000.0	0.0	0.0	1535079.82	205857.86	147362.62	1181859.34	2153500.84	432372.67		295807.94	Inactive	-0.5697785200109634	-0.875195356874539	0.7451495057122139	-0.6429965824419841	0.9772037609279854	0.01992277101376337	0.1498842294106222	0.02551159396759486	0.8796879811674067	-0.5781936440919724	-0.4413914276379199	1.979598765159757	0.1626187759154577	-0.2108354022918866	-0.1502660353548011	-0.7267939433838051	-0.5743433418565987	0.0	1.891062215552044	0.6363636363636364	0.944422386177431		0.01992277101376337
ROOMLR B.V.	0.68659508228302	No	No	No	62	U1	Netherlands				561933.0	114078.0	16.095	20.301	3.0	404120.0	0.0	402670.0	1450.0	157813.0	0.0	49033.0	108780.0	108780.0	1555.0	112523.0	438050.0	438050.0	0.0	0.0	9805.0				561933.0		148008.0		Inactive																							
WINE IN BLACK GMBH	0.12550072371959686	No	No	No	47	U1	Germany				2865041.97	683650.36	1.429	23.862	24.0	93285.72	85527.31	7757.41	1.0	2771756.25	1814128.74	0.0	957627.51	500766.32	141988.0	541662.359999997	241569.33	0.0	241569.33	241569.33	1939822.28	0.0	0.0	1939822.28	2865041.97	1814128.74	831933.97		Active	-0.3973002716171811	-0.48651912547904		-0.6714497783541314		-0.02872522887703841		3.131754106280193		-0.3794663754095803	-0.3645674995884257	1.162933185589232	1.4795523895593	-0.04821061371938326	-0.541551326753738	-0.4699554896142433	-0.4541484311743461	0.0	0.7957940316964466	-0.2	0.732393016900367	-0.5458751345826977	-0.02872522887703841
INBOTIQA LTD	0.727403461933136	No	No	No	62	U1	United Kingdom				322048.688620709	-1136303.35464394	0.265		3.0	211710.105262266	211613.975174768	96.1300874988557	0.0	110338.583358443	0.0	17058.401258486	93280.1820999567	11712.6305390374	46562.131893653	-1182865.4865376	1042400.67161152	0.0	1042400.67161152		415951.371653128	0.0	146038.015364725	269913.356288403	322048.688620709	-128979.614106239	-305612.788294685	27255.224442206	Active	0.4773826595356762	0.0344599260799092	79.984359340817	0.145941303951858		-0.01302363106099763	-0.0526106107593374	-0.09961445868669015			0.6309733745360819	7.531465181513604	-0.1025993281194834	0.2207827597246038	-0.8918485539723116	-0.4547325102880658	0.4532367297759832	0.03887771069404734	1.23888295325878	-0.25	-0.1621282978998674	2.203429478401648	-0.01302363106099763
CLAVIS TECHNOLOGY LIMITED	0.08780019730329514	No	No	No	58	U1	Ireland	11472000.0	-2654000.0	-2654000.0	34981000.0	-27919000.0	0.572	-79.812	89.0	863000.0	0.0	0.0	863000.0	34118000.0	0.0	0.0	34118000.0	366000.0	155000.0	-28074000.0	3272000.0	0.0	3272000.0	1030000.0	59628000.0	0.0	59425000.0	203000.0	34981000.0	-59425000.0	-25510000.0		Active	1.170320273631841	11.25062836624776	-1.0	inf	-2.429186860527733	2.921636771300448	549.2314814814815	-1.0	-2.429186860527733		-0.3940397350993378	-0.9161157024793388	-0.8524281805745554	10.10611979166667	-1.0	3.056737588652482	1.156718137819774	0.0130718954248366	1.737238340066104	-0.3407407407407407	-332.9832402234637	0.3632962804617358	2.921636771300448
MEETIZER SOCIEDAD LIMITADA.	0.9942066669464111	No	No	No	62	U1	Spain	59.49	-23467.28	-23467.28	140767.18	62609.45	3.667	44.477		124432.69	124432.69	0.0	0.0	16334.49	0.0	11137.57	5196.92	5196.92	123000.0	-60390.549	73703.42	73703.42	0.0	0.0	4454.31	0.0	3080.19	1374.12	140767.18	8057.379		35012.17	Inactive	-2.845619540804881	1.140905645453647	-0.1643003352532107	-0.2185586776887544	-0.3644311568287424	0.7624819829339946	-0.7932901282663011	0.9920691969331474	-0.3644311568287424	-2.047158261524697	1.140905645453647	-0.6995592170855854	0.9920691969331474	-0.06148863409152024		3.101789709172259	0.635568816088066	40.0	-0.7712772102896525		104.727394402236		0.7624819829339946
FANMILES GMBH	0.19510424137115479	No	No	No	63	U1	Germany				2635130.52	1482027.05	2.145	56.241	7.0	176533.0	154431.0	9602.0	12500.0	2458597.52	0.0	1216323.48	1242274.04	1952.03	28283.0	1453744.05	7100.0	0.0	7100.0	7100.0	1146003.47	13353.26	557643.44	575006.77	2635130.52	658680.04	1312594.05		Inactive	10925.17996166323	19.86658243488526	212.5646827055101	7.875		26.56197025588375	6.82927006308277	5.200056206841175		395.0633802816902	-0.8505249922660124	24.53381792248646	4.811212061360195	36.6915088085939	0.7553930530164534	2.113207547169811	-59.46698044912478	0.13132	11.10500894458162		-11.05156009914829	-45.58182190558095	26.56197025588375
ECOSIA GMBH	0.00701490743085742	No	No	No	63	U1	Germany	39896525.86	11811430.75	7861086.6	45056497.65	38714336.7	12.811	85.924	105.0	9608102.87	36667.0	181461.4	9389974.47	35448394.78	0.0	4054540.49	31393854.29	26572118.66	25000.0	38689336.7	3575047.09	0.0	3575047.09	3575047.09	2767113.86	2764.61	1217224.94	1547124.31	45056497.65	2837315.55	32681280.92	448252.88	Active	0.2545870687859894	0.1445974500591137	0.2216017164789465	0.03470536989153079	0.1227733832666215	0.2811151951501881	0.79697827140226	-0.214301019970858	0.03194116779311778	-0.02070867667339093	0.2346343374577335	7.734591051021101	1.172375869944921	0.1529098334352134	0.07852628300606124	-0.6431774503523382	0.25479349142344	0.0	2.231169061494592	0.07142857142857142	0.07406410672809743	0.09336642011470843	0.2811151951501881
ILLUMINATE LABS AB	0.9820919632911682	No	No	No	na	U1	Sweden	508522.02242121	-1292227.04087137	-2474515.50200023	1435259.37676086	199347.812451465	1.161	13.889	2.0	0.0	0.0	0.0	0.0	1435259.37676086	0.0	0.0	1435259.37676086	1408223.46072214	66187.5122939585	133160.300157506	0.0	0.0	0.0	0.0	1235911.56430939	0.0	0.0	1235911.56430939	1435259.37676086	0.0	199347.812451465	44760.7074665923	Inactive	-0.7398886550646748	1.485530572669641	-1.0		-35.53721209584502	0.4139047672522268	-1.0	-1.0	-67.13610768383964	-0.816037298507265	1.607674538557204	4.415094173132688	-1.0	1.157751228398833	-1.0	-0.5656565656565656	-0.8111400458860875	0.07938157431237224	3.967229241520224	-0.8461538461538461	-1.0	-0.5212029312149052	0.4139047672522268
ERSTE ASG ABWICKLUNGS GMBH	0.7229596376419067	No	No	No	63	U1	Germany		-2771688.54	256904.18	555067.77	73078.67	1.1	13.166	17.0	54100.0	0.0	0.0	54100.0	500967.77	0.0	0.0	500967.77	445693.43	2057368.0	-1984289.33	26499.9999999999	0.0	26500.0	26500.0	455489.1	0.0	301105.7	154383.4	555067.77	-301105.7	45478.67	503594.31	Inactive	-1.031252565003236	-0.7561782303262523		-0.9898218807624959	-0.593071257297972	-0.9065318396634603	inf	-1.0	-1.019322097110725	-1.334374603174603	-0.3187564684316082	-0.9727876147800242	-0.9447372643041769	-0.8989906154228349	-1.0	0.2585812356979406	-0.5485833292321602	0.0	-0.9197132278943199	-0.4848484848484849	-1.103651960887923	-1.063725878898821	-0.9065318396634603
SENSORLY	0.7493442296981812	No	No	No	62	U1	France	24655.0	8752.0	203736.0	180718.0	152080.0	6.176	84.153		3843.0	1990.0	1511.0	342.0	176875.0	0.0	0.0	176875.0	144892.0	6820.0	145260.0	0.0	0.0	0.0	0.0	28638.0	0.0	8400.0	20238.0	180718.0	-8400.0	148237.0	1676.0	Inactive	0.1874755992816428	-0.6842662392025748	-1.0		-0.9228688011703637	-0.7513008272173927	-0.7761969466869155	0.0	0.7750439979787067	3.774638297872341	-0.7204945340064469	-0.6685012285012285	-0.3036782025729299	-0.7547265834089087	-0.5260351317440402	4.125311203319502	0.4564304119835166	-0.7592912857798327	-0.9521570108071896		-1.068072416084539	0.2095943729549331	-0.7513008272173927
MARLEY SPOON SE	0.3127408027648926	No	No	No	53	LF	Germany								195.0																								Active																				0.0			
SAFELLO AB	0.009829767979681492	No	No	No	66	U1	Sweden	50568167.4384203	1629329.90755566	1629329.90755566	1837603.67360251	37040.466397775	1.018	2.016	9.0	5407.36735733942	5407.36735733942	0.0	0.0	1832196.30624517	340033.28398736	0.0	1492072.89946852	1098867.16980066	4506.13946444951	32534.3269333255	0.0	0.0	0.0	0.0	1800563.20720474	0.0	66600.7412845638	1733962.46592017	1837603.67360251				Active	0.2408280875771287	-0.1513518195974942			1.698586014331104	-0.043641810632091	1.636003581498754	0.01931195119536431	1.698586014331104	0.2972972972972973	-0.2033031653253128	-0.07093016450761261	0.01931195119536431	-0.04381609958839511		0.004935834155972474	0.2831161494391309	0.002323418675439208	-0.04813102092800264	-0.3571428571428572			-0.043641810632091
CUMULOCITY GMBH	0.19327875971794128	No	No	No	62	LF	Germany								40.0																								Active																				0.0			
TOWERGATE	0.5841038823127747	No	No	No	na	NF	United Kingdom																																Active																							
SENTEX CHEMNITZ GMBH	0.2330532968044281	No	No	No	71	LF	Germany								4.0																								Active																				0.0			
COGBOOKS LIMITED	0.30059343576431274	No	No	No	82	U1	United Kingdom				4663196.85550116	4663196.85550116		100.0		1150.37529033055	0.0	0.0	1150.37529033055	4662046.48021082	0.0	0.0	4662046.48021082	21183.508696788	113033.266929283	4550163.58857187	0.0				0.0				4663196.85550116				Active	0.01611118980830714	-0.1541935843675352				-0.1541586115746411				0.2013022115973716	-0.7688132513997987		0.01611118980830259	-0.1541935843675352			0.01611118980830686	0.01611118980830135	-1.0				-0.1541586115746411
VIADEO SA	0.026310520246624947	No	No	No	62	C1	France	31585000.0	-19028000.0	-23272000.0	28149000.0	8336000.0	0.811	29.614	216.0	12879000.0	10858000.0	360000.0	1661000.0	15270000.0	0.0	4114000.0	11156000.0	9254000.0	201000.0	8135000.0	989000.0	388000.0	601000.0	125000.0	18824000.0	711000.0	4213000.0	13900000.0	28149000.0		-3554000.0	6067000.0	Inactive	-0.7395813808184942	-0.5783505933933026	-0.1869565217391304	-0.4758876523582406	0.5006309148264985	-0.5008777062609713	-0.1384458077709611	-0.3109094370755854	0.7294887039239001	-0.478240952817224	-0.621063838499652	-0.1752210288969323	-0.4823344989750392	-0.5155149438416143	-0.5667870036101083	-0.4211277658815132	-0.7442547706623911	0.0	-0.1633777777777778	0.03349282296650718		-1.394100687513861	-0.5008777062609713
NEURENCE LIMITED	0.3028745651245117	No	No	No	62	U1	United Kingdom		-278007.896174656	-278007.896174656	46266.8642820203	-6831499.42295793	0.005		2.0	12542.9985732746	0.0	12542.9985732746	0.0	33723.8657087458	0.0	0.0	33723.8657087458	28377.5145400826	11822.9791434391	-6843322.40210137	0.0				6877766.28723995	6857327.90319469	26.0105541155661	20412.3734911476	46266.8642820203	-26.0105541155661	-6844042.42153121	9811.89039114013	Active	0.05889317093469858	-0.7492234529466814				-0.6724076966562528	-0.9435665828258848				-0.7889761998456261	0.2562903334670285	0.8567605462445598	-0.7492234529466814	0.8567605462445598	-0.75	0.05881557041483509	0.01580150913406839	0.04322696413608618	0.0	-0.9435665828258848	0.05972773136097617	-0.6724076966562528
SAW INSTRUMENTS GMBH	0.28334131836891174	No	No	No	26	LF	Germany								1.0																								Inactive																				-0.5			
LIBERSY	0.2710067927837372	No	No	No	na	NF	Netherlands																																Active																							
STUDENTFUNDER LTD	0.44302690029144287	No	No	No	64	U1	United Kingdom																		1.1670623724615	-1.1670623724615												145.882796557687	Inactive																	-1.000003404301464	-0.1772790609704202					
BE MY EYES APS	0.22614309191703796	No	No	No	58	U1	Denmark		36495.8746052608	36495.8746052608	29116.1940784617	-214144.911286751	0.116		6.0	12075.8408620348	0.0	12075.8408620348	0.0	17174.5292260051	0.0	0.0	17040.3532164269	7379.68052679905	5367.04038312659	-219511.951669877	94996.6147813406	94996.6147813406	0.0	0.0	148264.490583872	94594.0867526061	10197.3767279405	43473.0271033253	29116.1940784617			2549.34418198513	Active	-0.147484837397957	-0.7165070294373266		-0.131061962094381	-17.96270144335242	-0.5634598893254892	0.5166650702291559		-17.96270144335242		-0.826879090854633	-0.6845959674234616	0.8327048378171851	-0.7142748013226593	0.8327048378171851	-0.5972222222222222	-0.1444389085792161	-0.002194032743974002	-0.2895775813028927	-0.3333333333333333			-0.5634598893254892
STUCOMM B.V.	0.31879016757011414	No	No	No	62	U1	Netherlands				494655.0	-315057.0	0.036	-63.692		465439.0	0.0	465439.0	0.0	29216.0	0.0	29216.0	0.0				0.0				809712.0				494655.0		-780496.0		Active	109.044359063919		-0.3189584838807432			-0.3369120373411333				164.8645833333333			-0.3380074755933823	-0.3189584838807432	-0.3380074755933823	-0.368421052631579			0.0812725094845303			0.1055935814332986	-0.3369120373411333
AUXMONEY GMBH	0.051002372056245804	No	No	No	82	LF	Germany								278.0																								Active																				0.0			
SOMA SL	0.9478214979171753	No	No	No	74	U1	Spain		-1204.54	-1204.54	46337.06	46181.62		99.665		6.01	0.0	0.0	6.01	46331.05	0.0	218.86	46112.19	21.55	39065.79	7115.83	0.0				155.44	0.0	0.0	155.44	46337.06	218.86			Inactive	-0.641285377454668	1274.579253112033	-0.9983264528722828		-1.025133461656834	-0.645790634152964			-1.035914896002323	0.01272189649741406	-0.4038727524204702	-0.9251371410132301	0.0	-0.6458203041656566			-0.920649702217401	0.0	-0.9251371410132301		-0.9983264528722828		-0.645790634152964
WHITEMATTER LABS GMBH	0.17846159636974335	No	No	No	64	LF	Germany								3.0																								Active																				-0.25			
REMOTEMYAPP SP. Z O.O.	0.258341521024704	No	No	No	63	U1	Poland	4082238.81483299	-143107.113071109	-143107.113071109	3553176.15438829	1895735.5902738	2.22	53.353	14.0	10407.7900415352	0.0	10407.7900415352	0.0	3542985.19330595	867.315836794602	1599547.23200845	1942570.64546071	1927175.78935761	45967.7393501139	1849767.85092369	61579.4244124168	0.0	61579.4244124168	61579.4244124168	1595861.13970207	123809.335702429	1421313.82754715	50737.9764524842	3553176.15438829	179100.720298085		2385.11855118516	Inactive	10.85900983513769	13.07072798380641	1.976103661956369	-0.3544999855417785	-0.7978334415122575	4.234476105859023	2.778069865457562		-0.7978334415122575	1.26552016985138	14.05856988276718	0.07161013765465198	3.933680861680664	4.235734236222433	3.933680861680664	0.3892365456821027	14.81509197056529	0.06583594702069	2.767835965201623	0.07692307692307693	0.1010141548311121		4.234476105859023
HITBOX ENTERTAINMENT GMBH IN LIQUIDATION	0.718919575214386	No	No	No	62	U1	Austria				211222.97	-20616845.33				42261.09	19936.09	22325.0	0.0	168961.88	0.0	0.0	168961.88	129414.52	13305.0	-20630150.33	20828068.3	20343016.48	485051.82	485051.82	0.0				211222.97		168961.88		Inactive	0.2322148003104761	-0.8280197899220372		0.1715548152627377		-0.7981831387259298		-0.3999989767283961			-0.8378723623624709		-0.3412925358803945	-0.8280197899220372	-0.278228460656096		0.2320302886712166	0.0				-0.8280197899220372	-0.7981831387259298
MONEYTIS SAS	0.8257405161857605	No	No	No	62	U1	France	23694.0	-185735.0	-184471.0	205022.0	-163936.0	4.174	-79.96		17388.0	17388.0	0.0	0.0	187634.0	0.0	890.0	186744.0	176978.0	20000.0	-183936.0	324000.0	324000.0	0.0	0.0	44958.0	0.0	44958.0	0.0	205022.0	-44068.0	142676.0	8547.0	Inactive																							
MOVINGA GMBH	0.37525084614753723	No	No	No	62	U1	Germany		-13026059.93	-13026059.93	10511072.41	5410202.26	1.929	51.471	133.0	3547846.11	174783.92	169503.0	3203559.19	6963226.3	86493.38	1413632.24	5463100.68	3277403.1	4252321.0	1157881.25999999	1491620.3	1095000.0	396620.3	396620.3	3609249.85	0.0	2455577.44	1153672.41	10511072.41	-955451.82	3353976.45	146978.55	Inactive	-0.5931919700808437	0.362351920212486	-0.1381089257070924	0.9581656134230688	0.5814206104045927	-0.4234179644042733	0.4819362704820458	-0.1344627817439228	0.5814206104045927	-0.2944538874876632	0.7179938195684228	-0.5407475262142323	-0.715785213161416	0.2116294023997069	-0.09588273886675308	0.3998548621190132	-0.8720125176370173	0.0	-0.1342797678097105	0.1565217391304348	-12.95265010683495	1.125565898661699	-0.4234179644042733
UAB HOSTEX	0.09453822672367096	No	No	No	63	U1	Lithuania	3052616.0	178290.0	144359.0	2252117.0	1414432.0	0.84	62.805	11.0	1548324.0	694833.0	819395.0	34097.0	703793.0	65.0	176075.0	527652.0	405964.0	953774.0	460659.0	0.0				837684.0	200367.0	173606.0	463710.0	2252117.0	2534.0	-133891.0		Inactive	0.1184437030845859	0.5217336132708857	-0.3551901561899182	-1.0	0.1955421145451254	-0.2830609668942267	0.3789416829496894	-0.3087614405093514	0.1374283980869387	0.5600238455997416	0.2136079638874772	0.4863786289198104	-0.3859280837469585	0.1353514333188146	-0.442348683243408	-0.4067796610169491	0.462655621422017	0.004294005660758811	0.9130796214418826	-0.1538461538461539	-0.9827909377376942	-1.735592084299355	-0.2830609668942267
B D A	0.3175979256629944	No	No	No	32	LF	United Kingdom	5089929.24089617							25.0																								Active																							
ESBATECH LTD	0.33534690737724304	No	No	No	46	NF	United Kingdom																																Inactive																							
WOWCRACY LIMITED	0.701257050037384	No	No	No	46	U1	United Kingdom				4283.40741062252	4283.40741062252		100.0		1277.86617262008	0.0	0.0	1277.86617262008	3005.54123800243	0.0	0.0	3005.54123800243		24279.4572797816	-19996.0498691591	0.0				0.0				4283.40741062252				Inactive																							
BABYBE GMBH	0.9065350890159607	No	No	No	72	U1	Germany				317814.48	-72201.49	0.788	-22.718		28161.42	15100.81	13060.61	0.0	289653.06	19090.0	0.0	270563.06	173961.07	36860.0	-109061.49	22440.0	0.0	22440.0	22440.0	367575.97	0.0	0.0	367575.97	317814.48	19090.0	-77922.9100000001		Active	-1.139813024658365	-0.5482190629862767		3.133106663253116		-0.5196121278958564		0.0		-1.291039995900484	29.23438105583315	1.630522786174825	0.6165390702269296	-0.5503385512087569	4.629573275862069	-0.8290672451193059	-1.227422457112393	0.0	1.630522786174825		-0.5783731254279214	-1.154479253271371	-0.5196121278958564
D-DRIVE	0.08771056681871414	No	No	No	49	U1	France	108642.0	9834.0	9881.0	90436.0	38362.0	1.21	42.419	1.0	44887.0	25000.0	19811.0	76.0	45549.0	0.0	6618.0	38931.0	38165.0	2000.0	36362.0	14425.0	14425.0	0.0	0.0	37649.0	13817.0	3798.0	20034.0	90436.0	2820.0	7900.0	13614.0	Active	-0.06611811675349336	0.1570422325913157	-0.04003481288076589	0.5670831070070613	-0.402333779020299	0.101159166179622	-0.0457286432160804	0.0	-0.2656807372175981	-0.1519083511606055	0.2482012035583464	-0.01130138676405271	0.07932576704818697	0.1235292666683111	0.1997940891472868	-0.04948939512961504	-0.06950202159782998	0.0	0.1822578112733553	0.0	-0.03225806451612903	-0.09153633854645814	0.101159166179622
KEYNOIR LIMITED	0.8194246888160706	No	No	No	62	U1	United Kingdom	107940.032229427	-283693.161570337	-231759.332366246	257167.117816623	-212607.813423633	0.541	-82.673	4.0	3010.32743262088	0.0	3010.32743262088	0.0	254156.790384002	0.0	1112.27831241058	253044.512071592	77.7398820502016	7119.77719761308	-219727.590621246	0.0				469774.931240256	211777.790682974	238003.638892156	19993.5016651265	257167.117816623	-236891.360579745	-215618.140856254	17066.8941054827	Inactive	-12.11142114769438	0.4519862841428308	-0.9950061788715995	-1.0	-0.04741295488971541	-0.4205629947755601	-0.2727243366572643	-1.0	-0.2386498722196922	-20.17722106239852	-0.9982284836530352	-0.7388497462767841	-0.9356997893159636	-0.3598156581331544	-0.9319664527518081	-0.4305263157894736	-19.27888515284763	0.0009067360351823352	0.1236057455373115	-0.4285714285714285	1.266409031432431	9.223595982585309	-0.4205629947755601
MENUSPRING LTD	0.057661473751068115	No	No	No	56	U1	United Kingdom				300721.220190784	216178.313169242	1.141	71.887		277766.220066073	0.0	277766.220066073	0.0	22955.000124711	0.0	0.0	22955.000124711		0.0	216178.313169242	64432.3583858999	0.0	64432.3583858999		20110.548635642	0.0	0.0	20110.548635642	300721.220190784	0.0	2844.45148906897		Active	0.01863731197532082	0.01863731197532323		0.01863731197532207		0.01863731197532409				0.0		0.0186373119753234	0.01863731197532185	0.01863731197532323	0.01863731197532185	0.0	0.01863731197532082		0.0186373119753234			0.01863731197532174	0.01863731197532409
HATCH B.V.	0.05724310502409935	No	No	No	62	U1	Netherlands				6270609.0	949806.0	1.194	15.147	36.0	47605.0	0.0	47605.0	0.0	6223004.0	0.0	6031617.0	191387.0	191387.0	26106.0	923700.0	109489.0	109489.0	0.0	0.0	5211314.0				6270609.0		1011690.0		Active	-0.2313881052841127	-0.5656051186723047	0.3014284040544485	inf		0.1528859614190262				-0.333318661971831	-0.5656051186723047		-0.8691659933270671	0.2261603295715082	-0.2943016395386759	-0.01077050538525279	-0.2363818537146712	0.0	0.2398113677975844	-0.1627906976744186		0.1603493125232256	0.1528859614190262
ALTECH SOFTWARE LIMITED	0.21857529878616333	No	No	No	62	U1	United Kingdom				166938.456948512	-523606.151230303	0.239		5.0	11284.7667013797	0.0	11284.7667013797	0.0	155653.690247132	0.0	0.0	155653.690247132		0.0	-523606.151230303	39441.6643640649	0.0	39441.6643640649		651102.943814749	0.0	0.0	651102.943814749	166938.456948512	0.0	-495449.253567617		Active	-0.05300267981569701	0.5198417598081957		-0.1774249750231134		0.5484639636107682						0.06255332326124076	1.091839179789992	0.5198417598081957	1.091839179789992	0.431137724550898	-0.05300267981569701		0.06255332326124076	0.0		-0.02921159262773955	0.5484639636107682
DDVTECH B.V.	0.09884323924779892	No	No	No	62	U1	Netherlands				372352.0	319656.0	3.425	85.848		191868.0	0.0	191868.0	0.0	180484.0	0.0	180484.0	0.0				0.0				52696.0				372352.0		127788.0		Active	-1.663405563245967		1.40552319769689			0.5037477384337038							0.1117175685306541	1.40552319769689	0.1117175685306541	32.25242718446601			-0.9277599639183667			-1.195266706192278	0.5037477384337038
CERBIUM HOLDING S.A.	0.8025215268135071	No	No	No	68	C2	Spain	4827000.0	-2034000.0	-2034000.0	2838000.0	238000.0	0.336	8.386	27.0	2315000.0	1974000.0	95000.0	246000.0	523000.0	22000.0	107000.0	394000.0	206000.0	981000.0	-743000.0	1044000.0	1023000.0	21000.0		1556000.0	199000.0	466000.0	891000.0	2838000.0	-337000.0	-1033000.0	1059000.0	Inactive	-0.8944099378881988	-0.5900104058272633	0.3717948717948718	3.723981900452489	-0.02305475504322766	-0.2835142640747286	26.41176470588235	-0.2292073408824678	-0.02305475504322766	-0.8526315789473685	-0.7223719676549866	-0.19	-0.2019993105825577	-0.5066037735849057	-0.2016806722689076	-0.5287517531556801	-1.58320251177394	0.001020408163265306	0.04710632570659488	-0.3571428571428572	-5.109756097560975	1.424882629107981	-0.2835142640747286
INFLECTION BIOSCIENCES LIMITED	0.5674333572387695	No	No	No	82	U1	Ireland				192550.0	-705917.0	0.199		1.0	20720.0	0.0	20720.0	0.0	171830.0	0.0	0.0	171830.0	113359.0	307.0	-706224.0	35444.0	32485.0	2959.0		863023.0	477417.0	10562.0	375044.0	192550.0	-10562.0	-691193.0		Active	-0.2836638912989431	0.2813667514299137		-0.8707324456309653		0.4358794621883832	-0.1780544747081712				0.809603626901649	-0.1245798476247386	inf	0.2813667514299137		0.2515723270440252	-0.2835639201173528	0.05498281786941581	0.02089043405022458	0.0	-0.1780544747081712	-0.0282187767130067	0.4358794621883832
DOCTOR KINETIC B.V.	0.5815595388412476	No	No	No	62	U1	Netherlands				0.0	-217689.0															0.0				217689.0				0.0				Inactive	0.0					-1.0													-0.003237238777266983				-1.0
VIEWSTER AG	0.8962885141372681	No	No	No	63	LF	Switzerland								4.0										91939.1631430377														Inactive																		0.03659756622709599		0.0			
MTIVITY LIMITED	0.01821286603808403	No	No	No	62	U1	United Kingdom				1407509.05042431	5881.37599218759	1.008	0.418	11.0	15577.6362748202	0.0	15577.6362748202	0.0	1391931.41414949	0.0	810672.131983712	581259.282165775	487700.109342375	821086.420336721	-815205.044344534	21183.5568756433	21183.5568756433	0.0	0.0	1380444.11755648	797976.980787563	14858.4556714251	567608.681097488	1407509.05042431	795813.676312287	11487.2965930107	7174.5180386768	Active	-0.9590693853209494	0.09885542244235636	0.890740070957331	-0.3127572663030357		0.4430551486808684	178.8941400819977			-0.9716263915286452	-0.0780157390695105	3.371098924797672	-0.1169327234520883	0.453369563976545	-0.1169327234520883	-0.157190635451505	0.2307356055849334	0.01863731197532136	0.7237191223442082	0.0	0.8564431440004029	-0.9267741933757087	0.4430551486808684
BLANC	0.02100900001823902	No	No	No	96	LF	United Kingdom	8339513.95910532							55.0																								Active																							
TXCOM	0.007107979152351618	Yes	No	No	46	C1	France	10325000.0	1049000.0	653000.0	12548000.0	10109000.0	6.265	80.563	35.0	1634000.0	124000.0	1488000.0	22000.0	10914000.0	1689000.0	281000.0	8944000.0	8220000.0	246000.0	9863000.0	697000.0	19000.0	678000.0	394000.0	1742000.0	61000.0	526000.0	1155000.0	12548000.0	1444000.0	9172000.0	367000.0	Active	0.02869644856008955	0.1077532821402031	1.531531531531531	0.1501650165016502	-0.05919282511210763	-0.01111198676018599	-0.3797169811320755	-0.5137254901960784	-0.08415147265077139	0.04026083026664096	0.1278814489571899	-0.1004672897196262	-0.1676006113092206	0.01752750326309901	-0.1179608772969769	0.3178376104333194	0.02943325331385033	0.0	-0.2278368794326241	-0.1025641025641026	-0.1995565410199557	0.08288075560802834	-0.01111198676018599
EBUILDER AB	0.06924770772457123	No	No	No	70	C2	Sweden	2667995.05411127	-805607.613454284	-807500.192029353	3318140.85604204	2694040.54021579	6.142	81.191	71.0	417809.251143759	344899.914608966	72909.3365347932	0.0	2900331.60489829	0.0	90393.1576568573	2809938.44724143	2505503.66502322	108778.206671811	2585262.33354398	151856.899951949	0.0	151856.899951949	0.0	472243.415874309	0.0	139780.446187224	332462.969687085	3318140.85604204			85526.5270352518	Active	-0.2324404663780877	-0.246880618110623	-0.02205215084487597	0.3866296883974732	1.111161413652158	-0.1811041023234816	-0.124660122541885	1.038199640420253	1.116121072415633	-0.06269769804437669	-0.2649927895495908	0.2183100795695896	0.8287175792913583	-0.2414454834960704	0.2304698720917034	-0.3051250141418713	-0.239931016201228	0.002323418675440472	0.09170125002271974	0.126984126984127			-0.1811041023234816
BUDDY BOUNCE LTD	0.9749313592910767	No	No	No	63	U1	United Kingdom				24937.5328681092	-597100.230009164	0.039			942.602780222018	0.0	942.602780222018	0.0	23994.9300878872	0.0	0.0	23994.9300878872	10486.6315266131	2.80954628978247	-597103.039555453	0.0				622037.762877273	0.0	0.0	622037.762877273	24937.5328681092	0.0	-598042.832789386	313.264411310745	Inactive	0.8420267806719677	-0.817585144003388				-0.8120128004584164					-0.9113683802024144	0.3617008254011021	-0.1546507874529999	-0.817585144003388	-0.1546507874529999	-0.8645833333333333	0.8420212728196953	0.126292393467987	0.3617008254011021			0.838610098363337	-0.8120128004584164
ECCENTRADE B.V.	0.14750954508781433	No	No	No	63	U1	Netherlands				550442.0	387355.0	1.795	70.372	13.0	360343.0	252648.0	28745.0	78950.0	190099.0	0.0	110856.0	79243.0	79243.0	109.0	387246.0	57173.0	12960.0	44213.0	44213.0	105914.0				550442.0		84185.0		Inactive	-21.97325247712383	79242.0	8.52534799793779	inf		35.1585758391907		69.51297795143735			79242.0		99.54213169642857	15.33293238250709	inf	4.202898550724638	-21.84433200559802	0.0	2.143594918675056			-4.817394458803791	35.1585758391907
BLAST LAB SP. Z O.O.	0.7562052011489868	No	No	No	26	U1	Poland	459.962903811845	-1839.85161524738	-1839.85161524738	67844.5283122472	-184675.105880456				689.944355717768				67154.5839565294	0.0	57495.3629764807	9659.22098004875		1609.87016334146	-186284.976043797									67844.5283122472	57495.3629764807			Active	0.09061858650337275	0.0797531460400768	0.1736447239566057		-0.7531992809051253	0.1582806475702655			-0.7531992809051253				0.07975314604007633	0.1591467597194949			0.0905237509881082	0.0797531460400766			0.1736447239566057		0.1582806475702655
ORBITAL MARINE POWER LIMITED	0.06636502593755722	No	No	No	82	U1	United Kingdom	218227.516875711	-5496200.61001767	-5100895.61515025	10432353.1555376	2450317.46774811	0.8	23.488	38.0	4044142.7008385	182773.296167955	346142.546440463	3515226.85823009	6388210.45469914	0.0	1797.95150848768	6386412.50319065	219799.571912619	84811.4472147968	2365506.02053331	0.0				7982035.68778953	1446599.51280468	1034679.601946	5500756.57303885	10432353.1555376	-1032881.65043752	-1593825.2330904	124630.310462708	Active	-0.6481151392842961	-0.3227844131959995	-0.9590022134499097	-1.0		-0.2086306858605585	2.335870541421244	0.1425429638174533		-0.555336791488395	-0.9330367328861354	1.500718990145921	0.0905334146608957	-0.3257293664821493	2.54922944429176	-0.6762444354512344	-0.6561838061605021	0.01863731197532278	1.081807010531803	0.05555555555555555	2.878450724359085	-1.282589787641796	-0.2086306858605585
EUROMILLIONS LTD	0.7402071356773376	No	No	No	92	NF	United Kingdom																																Inactive																							
SPECTRASEIS AG	0.2129393070936203	No	No	No	71	LF	Switzerland								75.0										717638.668164895														Inactive																		0.008528779080827227		0.0			
XELTIS AG	0.11022517830133438	No	No	No	72	LF	Switzerland								4.0										11071008.7265471														Active																		0.003782304982703929		0.0			
MOBEON AB	0.9920591115951538	No	No	No	na	U1	Sweden	21527.1252875945	1066052.68304549	762649.011257087	26433009.9466182	25029514.9748766	18.834	94.69	0.0	0.0	0.0	0.0	0.0	26433009.9466182	0.0	0.0	26433009.9466182		44158.2057181426	24985356.7691584	0.0	0.0	0.0	0.0	1403494.97174163	0.0	0.0	1403494.97174163	26433009.9466182	0.0	25029514.9748766		Inactive	-0.1041240006440974	-0.09658021054935148			-0.967148882570944	-0.09658021054935148	-1.0		-0.975560897651787	-0.008357071045576427		0.06880433702892745		-0.09658021054935148		-0.1501669524411154	-0.1040742373743441	-0.131421331247728	0.06305946012712464		-1.0	-0.1041240006440974	-0.09658021054935148
COMMPROVE LIMITED	0.5138242840766907	No	No	No	na	C2	Ireland	11825913.0	-850748.0	-858273.0	13315476.0	-3516424.0	0.888	-26.409	62.0	705683.0	310268.0	205244.0	190171.0	12609793.0	1084625.0	10162757.0	1377678.0	329956.0	117558.0	-3633982.0	2642178.0	201418.0	2440760.0	28460.0	14204989.0	4505589.0	3489079.0	6210321.0	13330743.0	7758303.0	-1595196.0	229838.0	Inactive	0.2999728650446322	0.769607024592754	0.4930351031038625	0.8685643363047776	-0.6158951819168941	0.3664483300884552	0.7992483447960408	0.4250453553794925	-0.6372447996267092	-0.04863287582405711	1.62747752410833	0.1279509786239818	-0.1762833457452148	0.4187624228134442	-0.5483345656843069	0.1044776119402985	0.2874791501036649	0.0	0.2855625288414661	-0.03125	0.2545299488327651	-0.262080160166754	0.3660443262313235
DSWISS AG	0.0709156021475792	No	No	No	63	LF	Switzerland								35.0										1829767.54197822														Active																		0.003782304982698683		-0.6111111111111112			
CAPERFLY LTD	0.9807823896408081	No	No	No	58	U1	United Kingdom				191193.279061287	-33782.6082904205	0.359	-17.669		152282.069443324	152282.069443324	0.0	0.0	38911.2096179633	0.0	0.0	38911.2096179633	10687.0127595286	745470.099847228	-779252.708137648	116479.703101129	0.0	116479.703101129		108496.184250578	0.0	0.0	108496.184250578	191193.279061287	0.0	-69584.9746326147		Inactive	-14096.87760389893	16234.79930475635		inf		79774.87275581103				-1.17669	4458.182740260407		inf	16234.79930475635			-inf	311048.2592661216	inf				79774.87275581103
6TRIBES LTD	0.6327322125434875	No	No	No	82	U1	United Kingdom				186.628232064651	-11343.3549830515				186.628232064651	0.0	186.628232064651	0.0	0.0					0.0	-11343.3549830515	0.0				11529.9832151161	0.0	0.0	11529.9832151161	186.628232064651		-11529.9832151161		Inactive	-0.03754651862042038					-0.03754651862041795						-0.03754651862042249	inf	-1.0			-0.05068906566478191	-1.0	-0.03754651862042249			-0.02171160981763066	-0.03754651862041795
AMTIVO (IRELAND) LIMITED	0.003325175028294325	No	No	No	78	U1	Ireland	8162268.0	1017581.0	864449.0	2381149.0	1616808.0	2.961	67.9	86.0	117712.0	0.0	71461.0	46251.0	2263437.0	0.0	1183283.0	1080154.0	456750.0	6518.0	1610290.0	0.0				764341.0	0.0	183581.0	580760.0	2381149.0	999702.0	1499096.0	48908.0	Active	-0.5938962159794317	-0.6848332451186755	0.02129270084143713			-0.4943917303715871	0.05248644124155803			-0.1968014005701645	-0.2162148712395903	0.04871970818736682	-0.04775310439671561	-0.5064311833399152	-0.07630163900522206	-0.5297760838494521	-0.5948701176174602	0.0	0.0496219476356965	0.1466666666666667	0.01576428056863178	-0.6113968778425639	-0.4943917303715871
INTERACTIVE INVESTOR	0.5841038823127747	No	No	No	na	NF	United Kingdom																																Active																							
ENTERTAINMENT LEARNING	0.43695372343063354	No	No	No	58	U1	France				1440534.0	148294.0	0.618	10.294		944606.0	899489.0	6719.0	38398.0	495928.0	0.0	225972.0	269956.0	115197.0	17988.0	130306.0	489797.0	489533.0	264.0	264.0	802443.0	0.0	332770.0	469673.0	1440534.0	-106798.0	-306515.0		Active	-0.7387953097505685	1.697914272293901	-0.3011902884338847	0.4072078905255658		-0.0521044035801379	2.104574248742851	-0.1532818612777269		-0.7244499170191123	75.13813615333774	0.1899101372389559	-0.1383612000474327	0.1712215536053355	-0.4311235289137245	-0.1184022824536376	-0.76302743517653	0.007561754327003864	0.3287152025751585		-1.494023498936072	0.6981816771562804	-0.0521044035801379
BILBUS LIMITED	0.2181774526834488	No	No	No	62	U1	United Kingdom				85745.6058235102	55227.6835035212	2.784	64.409		778.56107339018	0.0	0.0	778.56107339018	84967.04475012	0.0	0.0	84967.04475012	1902.22053667263	107.470086817663	55120.2134167035	0.0				30517.922319989	0.0	0.0	30517.922319989	85745.6058235102	0.0	54449.122430131		Inactive	-0.05784169270083168	0.2862613583703978				0.2829031409766579				-0.2656009486562603	-0.7866835016498857	2.713139722496031	-0.001577017138445691	0.2862613583703978		-0.6536020903322136	-0.05794520075039305	-0.001577017138449638	2.713139722496031			-0.05860026524977052	0.2829031409766579
ACTITO	0.024884438142180443	No	No	No	62	U1	Belgium	20343148.0	-1587331.0	-1587832.0	53667209.0	27887867.0	0.937	51.964	72.0	29518304.0	3718045.0	57224.0	25743036.0	24148904.0		14096413.0	10052493.0	1482357.0	30280351.0	-2392484.0	0.0	0.0	0.0	0.0	25779343.0	2012343.0	9156621.0	14610378.0	53667209.0	4939792.0	-1630439.0	2290946.0	Active	-38.54116449779972	-0.1144388110488161	0.0712602799710215	-1.0	0.6696392038312701	0.9219166692093009	0.04695843527603595	0.1649970562090176	0.645858383156568	-20.53533834586466	-0.5341554358227388	-0.02683851325819957	7.647449983550738	-0.01474345243850843	-0.2996867045232035	-0.01264488935721802	1.973311477121194	489.0367523303988	-0.002049335014227547	0.1076923076923077	0.1194252710244963	0.2333012105790265	0.9219166692093009
KINAMU BUSINESS SOLUTIONS AG	0.27350062131881714	No	No	No	na	NF	Austria																																Active																							
FRONTIER MEA LTD	0.2201186716556549	No	No	No	82	U1	United Kingdom				284190.306822575	275246.871769324	5.951	96.853	1.0	230968.35180962	0.0	0.0	230968.35180962	53221.9550129552	0.0	0.0	53221.9550129552	2238.77535444676	3.4999093607818	275243.371859963	0.0				8943.43505325108	0.0	0.0	8943.43505325108	284190.306822575	0.0	44278.5199597041		Active	-0.4414682750612813	12.21529210264739				-0.4333511743998898				-0.01432918451878163	0.022520339809806	0.02518454079940902	-0.5357427489400568	12.21529210264739		11.88095238095238	-0.4414715078483681	0.02518454079941121	0.02518454079940902	0.0		-10.42812068366873	-0.4333511743998898
VOLTEA B.V.	0.6428842544555664	No	No	No	28	U1	Netherlands				64304.0	-9845720.0	0.411		8.0	7916.0	6245.0	1671.0	0.0	56388.0	0.0	1252.0	55136.0	55136.0	20000.0	-9865720.0	9772765.0	9762410.0	10355.0	10355.0	137259.0				64304.0		-80871.0		Inactive	0.1174825849471519	-0.4039609097984952	-0.9893950431144014	0.02031374175262231		-0.9374030196540345		-0.7171007927519819			-0.4039609097984952		-0.9248885093462378	-0.938833687681694	-0.9799435875892697	-0.884225352112676	0.1172165050605138	0.0	-0.4714688928336266	-0.6363636363636364		-1.122128239861911	-0.9374030196540345
THERASOLVE	0.6856362819671631	No	No	No	71	U1	Belgium		-1067427.0	-1067550.0	796868.0	587751.0	2.522	73.758	2.0	269451.0	217883.0	48591.0	2977.0	527417.0	0.0	0.0	527417.0	464784.0	1230384.0	-642633.0	0.0	0.0	0.0	0.0	209117.0	0.0	148020.0	61098.0	796868.0	-148020.0	318300.0	51778.0	Inactive	-0.6449280221542789	-0.6987532992418812			-0.0633852930466409	-0.5901610003168164	-0.4210573662451647	0.1693958276308092	-0.06330120190156305	-0.1336246388047079	-0.7185186351559798	0.8308711156393276	0.3920583995908309	-0.6987532992418812	10.39563789868668	-0.583622255241869	-2.512373004610312	0.0	-0.2765194106067264	1.0	-0.4210573662451647	-0.782245518690764	-0.5901610003168164
SIMPLELIFEFORMS LIMITED	0.5179227590560913	No	No	No	na	NF	Ireland																																Inactive																							
BLUEPRINTER APS	0.79313725233078	No	No	No	62	U1	Denmark		-3174632.70643426	-3089369.75905311	4228988.39644716	1780973.52077052	0.708	42.113		3430959.48515423	3351479.35597086	79480.1291833706	0.0	797894.427148795	362434.768441935	28779.6068447399	406814.536006254	27300.2812592627	256326.778719973	1524646.74205055	1320499.81125468	0.0	1320499.81125468		1127380.58027783	221495.38538919	223781.615839473	682103.579049163	4228988.39644716	167432.759447202	-329486.153129032	1024500.21001509	Inactive																							
FIGHTME LIMITED	0.5606399774551392	No	No	No	62	U1	United Kingdom				209.266730838872	-8785.65580148961	0.023			0.0				209.266730838872	0.0	0.0	209.266730838872		1182.29791434391	-9967.95371583352	0.0				8994.92253232848	0.0	0.0	8994.92253232848	209.266730838872	0.0	-8785.65580148961		Active	0.01580150913407404	0.01580150913407243				0.01580150913407243						0.01580150913407379		0.01580150913407243		0.0	0.01580150913407331	0.01580150913406831	0.01580150913407379			0.01580150913407404	0.01580150913407243
GREEN MAN GAMING LIMITED	0.04238252714276314	No	No	No	93	U2	United Kingdom	49436751.2853017	-54169.0518582827	291590.853620117	13979072.9784917	-16096276.1330378	0.399		70.0	2039983.44232256	2011170.11686603	28813.3254565333	0.0	11939089.5361692	92202.6414609067	663859.018518528	11183027.8761897	6213305.50144685	0.0	-16096276.1330378	155591.95746528	0.0	155591.95746528	155591.95746528	29919757.1540642	3224787.38509521	9919851.6881753	16775118.0807937	13979072.9784917	-9163790.02819587	-17980667.6178951	1857883.22543727	Active	0.004255873150314107	0.6572498051805031	-0.9158682116865808	0.01863731197532352	-0.9831778096757414	-0.1845926638761428	-0.6995712797117639	-0.1571730159331729	-1.104295928745348		-0.07922975371244881	inf	-0.1547172797954453	-0.1894873711688752	0.06108053330762352	-0.1053811659192825	0.004255873150314107		-0.09386202176337809	-0.2134831460674157	-0.6339847583371397	-0.01684232218961859	-0.1845926638761428
ECONTRATOS SL	0.8695592880249023	No	No	No	73	U1	Spain	70592.99	-89596.75	-115553.19	7074.49	-153285.16	18.444		4.0	441.0	0.0	0.0	441.0	6633.49	0.0	6049.43	584.06	584.06	39300.0	-192585.16	160000.0	160000.0	0.0	0.0	359.65	0.0	0.0	359.65	7074.49	6049.43		4884.52	Inactive	3.062474342049991	-0.9379500483334341	-0.8378920334247209	0.6	0.05283644544352631	-0.9163398264615096		-1.0	0.6637827601732361		-0.9379500549255584	-0.9838679943070369	-0.9883432600650398	-0.8580465281105105	-1.0	7.799618320610686	1.500067958796848	0.0	-0.9838679943070369	0.3333333333333333	-0.8378920334247209		-0.9163398264615096
SOFTGAMES MOBILE ENTERTAINMENT SERVICES GMBH	0.01089453510940075	No	No	No	62	U1	Germany		2844683.14	1939736.53	12364059.97	9970857.52	6.064	80.644	57.0	214378.03	54850.74	72145.0	87382.29	12149681.94	0.0	0.0	12149681.94	4877261.53	34212.0	9936645.52	389675.75	0.0	389675.75	389675.75	2003526.7	15462.64	323389.83	1664674.23	12364059.97	-323389.83	10146155.24	111330.55	Active	0.09539173110527936	0.06001020379446891		-0.8141103073586116	-0.4028180951661096	0.05018135080473748	0.01096670776309919	-0.1883912963576204	-0.4151804113650909	0.04305762141887096	-0.4875852406726667	6.171893213953591	-0.3115847719148412	0.06001020379446891	-0.5388416228274835	-0.6960858016338395	0.0957516142572883	0.0	2.487802480796365	-0.03389830508474576	0.01096670776309919	-0.06808414636772335	0.05018135080473748
AVOCADO STORE GMBH	0.009780763648450375	No	No	No	62	U1	Germany				4465334.6	1386665.19	1.48	31.054	56.0	340929.35	326119.35	14810.0	0.0	4124405.25	691417.88	0.0	3432987.37	3250612.29	31342.0	1355323.19	292699.05	1665.0	291034.05	291034.05	2785970.36	0.0	0.0	2785970.36	4465334.6	691417.88	1338434.89		Active	-0.3163435468643029	-0.1124754510853652		-0.4795816384640308		-0.06525431993420377	-1.0	0.1670947131885508		-0.2686120728231942	-0.1369592330351959	0.5794236753218246	0.1944146216836083	-0.08175592133651399	1.465046604527297	-0.2794547224926971	-0.3213085008303826	0.0	0.2742732646432969	0.12	2.437000646769728	-0.419409913318173	-0.06525431993420377
ISN SOLUTIONS LIMITED	0.004787204321473837	No	No	No	62	U1	United Kingdom				942443.537027567	-44782.8229575624	0.953	-4.752	15.0	1644.66461705892	0.0	1644.66461705892	0.0	940798.872410508	0.0	202566.898223575	738231.974186932	210717.61172872	23085.2363557745	-67868.0593133369	0.0				987226.359985129	181030.666244344	180305.722975858	625889.970764927	942443.537027567	22261.1752477177	-46427.4875746213	548.605716692395	Active	0.7140951623625245	0.3272087318164489	-0.6602054769169955			-0.1836975602098207	-0.3126232466167654			1.099867432611578	-0.06951986615947763	-0.08847211569555449	-0.2361558359491442	-0.1835995450966375	-0.2361558359491442	-0.02356557377049183	0.3910502250174797	0.01863731197532099	-0.1638306598178496	0.07142857142857142	-0.9333169079321496	0.6417446922582192	-0.1836975602098207
SKY LABS AS	0.4339662790298462	No	No	No	61	U1	Norway	543164.163254726	125735.740936915	106959.915503306	578669.160164725	35416.0119553376	0.931	6.12	4.0	78929.6547848857	77594.8804649609	1334.77431992479	0.0	499739.50537984	0.0	140507.243410749	359143.277014429	311091.401497137	170317.203222403	-134901.191267065	6317.93178097732	6317.93178097732	0.0	0.0	536846.231473749	0.0	37017.7411392474	499828.490334501	578580.175210064			3470.41323180444	Active	-0.8802769095576488	0.4119594652719649	-0.09677970266344176	-0.767679692694267	0.7150731252220155	0.12095652742581	5.382022831218399	-0.2707419089026781	0.623177787596412	-0.893199308936705	0.5252428062738875	1.665583989336497	-0.2581973316475635	0.2193957776121471	inf	-0.5608490566037736	-2.095530040354454	-0.01367294238701813	1.777095435157845	0.0			0.120577746212064
THE CONSULTING CONSORTIUM LIMITED	0.005792310927063227	No	No	No	66	U2	United Kingdom	16670383.9730731	1846863.45477266	1418176.92792489	8034023.63078786	3909984.21710346	2.496	48.668	50.0	303817.988750596	258942.412197946	44875.5765526504	0.0	7730205.64203727	0.0	2789657.92963097	4940547.71240629	694649.62266864	4495.00665645647	3905489.21044701	1027583.89482626	945673.979381378	81909.9154448794	81909.9154448794	3096455.51885814	872929.827121272	872237.302791756	1351288.38894511	8034023.63078786	1917420.62683921	4633750.12317912	565714.39548352	Active	0.5666081942207315	0.1320447696339728	0.243674960921086	-0.4525923312156105	-2.516431810217904	0.08010154608759425	0.0640657064987155	-0.6726675766816392	-2.505925543393496	0.4504380997794599	0.07669701864755708	-0.01447958115016916	-0.6343358333351917	0.1699412374431947	0.1275965512827016	0.157699443413729	0.5676350650807382	-0.00161087592880754	0.01019639695138979	-0.07407407407407407	0.3471133283841547	0.3081767709931721	0.08010154608759425
SPONSORMYEVENT	0.9064955115318298	No	No	No	62	U1	Luxembourg				3081.0	-119652.0	0.025			0.0				3081.0	0.0	603.0	2478.0	2478.0	42073.0	-161725.0	0.0				122733.0	0.0	0.0	122733.0	3081.0	603.0	-119652.0		Active	-0.1096592727083318	-0.3197913807301674	-0.9198671096345515			-0.7241224928366762					-0.3197913807301674	-0.1568045507945341		-0.7241224928366762		-0.6753246753246753	-0.08351373100157541	0.0	-0.1568045507945341		-0.9198671096345515	-0.1096592727083318	-0.7241224928366762
RUMMBLE LABS LIMITED	0.7875442504882812	No	No	No	64	U1	United Kingdom				1.10877628758722	1.10877628758722		100.0		0.0				1.10877628758722	0.0	0.0	1.10877628758722	1.10877628758722	1.10877628758722	0.0	0.0				0.0				1.10877628758722				Inactive	-0.0158350851680711	-0.0158350851680711				-0.0158350851680711				0.0	-0.0158350851680711			-0.0158350851680711				-0.0158350851680711					-0.0158350851680711
IDEAGEN LIMITED	0.02278865873813629	No	No	No	62	U2	United Kingdom	2063953.66653139	-41218231.1590521	-33408202.403895	850570048.503776	356409930.965491	0.208	41.902		748932030.844715	14193776.6035671	3050298.87111527	731687955.370033	101638017.65906	0.0	655223.386200442	100982794.27286	8643098.48904047	3565117.24598705	352844813.719504	5694593.25113848	5434843.98018045	259749.270958032	259749.270958032	488465524.287146	483424984.380447	1256624.85139156	3783915.05530755	850570048.503776	-601401.46519112	-386827506.628086	3809655.97405114	Active	0.03890715444841029	-0.4253733997268135	-0.1764817216943309	-0.01060213334222091	-0.01338207544096415	0.3175145592828038	0.2918934411174806	inf	-0.2497926369620922	-0.2114791117802032	-0.7693884197711509	2.252515568885731	0.5966833741031842	-0.4242516317127428	-0.6208951952140244	-0.6504201680672269	0.03885708064136496	0.0438870270095415	0.6459459966766298		2.396579268880825	2.217212508536845	0.3175145592828038
MEDIAN TECHNOLOGIES	0.005625819321721792	Yes	No	No	58	C2	France	23896000.0	-22906000.0	-22982000.0	35935000.0	-10293000.0	1.405	-28.643	242.0	4009000.0	1745000.0	1909000.0	355000.0	31926000.0	102000.0	6581000.0	25243000.0	19630000.0	920000.0	-11213000.0	23507000.0	22277000.0	1230000.0	981000.0	22721000.0	11000.0	3808000.0	18902000.0	35935000.0	2875000.0	9205000.0	1347000.0	Active	0.4191369088652971	-0.01224761308498983	0.1051217464315701	0.2609698530200622	0.1632134877107455	0.03401145224872673	0.03703703703703703	0.8120456905503635	0.1369910453668431	0.3724484906564446	-0.09430654240103349	-0.03982525652748146	0.2365823565700185	0.01317000412554346	-0.03243791180942727	0.04151223128243147	0.3941315429566082	0.1645569620253164	-0.02752097243622667	0.2670157068062827		0.1298637535289063	0.03401145224872673
ROQ.AD GMBH	0.5182549357414246	No	No	No	62	LF	Germany								1.0																								Active																				0.0			
AUTOQUAKE LIMITED	0.8317604660987854	No	No	No	45	U1	United Kingdom	68603113.1485859	-3646507.35175884	-3646507.35175884	3652500.37227779	1279632.97885447	1.358	35.034	97.0	430837.581839481	1.12418317744388	430836.457656304	0.0	3221662.79043831	140212.622623511	422584.953133865	2658865.21468093	2040945.56518395	17259945.1860959	-15980312.2072414	0.0				2372867.39342332	0.0	1203576.3659845	1169291.02743882	3652500.37227779	-640778.790227126	848795.397014987	1143250.44831651	Inactive	-1.111236951507043	-0.4252315633902577	inf	-1.0		-0.310117419458505	inf	0.07320940332110142			-0.5075577069335503	-0.5869134033450518	0.4968198212988953	-0.3565097014584996	0.4968213629168933	-0.2323346523459581	0.3891491400850932	16477327.46940739	-0.1617144980495256		-2.68374288172703	-0.6099151116143555	-0.310117419458505
BEEBRITE SL.	0.5260220766067505	No	No	No	62	U1	Spain	11690.0	-137644.58	-137644.58	382542.71	213581.74	1.917	55.832	3.0	357952.76	354327.23	3575.53	50.0	24589.95	0.0	12826.31	11763.64	11763.64	5414.0	208167.739	156133.07	156133.07	0.0	0.0	12827.9	446.77	0.0	12381.13	382542.71	12826.31			Inactive	0.0463224915225201		0.5936135238930642	0.218260597148969	2.921658894268027	0.04519486308970518		0.0	2.921658894268027	0.001075808649501583		0.03737910567314137	0.0	2.055194897975666	0.0	7.02092050209205	0.04758456341689501	0.0	-0.6195146490078325	2.0	0.5936135238930642		0.04519486308970518
ARKIMEDIA S.R.L. IN LIQUIDAZIONE	0.9020701050758362	No	No	No	60	U1	Italy	10068.0	-121260.0	-121260.0	20006.0	-1065805.0	0.0			20000.0	15000.0	5000.0	0.0	6.0	0.0	0.0	6.0	6.0	178275.0	-1244080.0	502205.0	0.0	502205.0	0.0	583606.0	0.0	0.0	583606.0	20006.0	0.0	-583600.0	127115.0	Inactive	0.1283792725598039	-0.9999350557978937	-1.0	0.8145669760770046	-0.5913497993145352	-0.8670017218111592	-1.0	-0.6598870825113938	-0.5913497993145352		-0.8846153846153846	0.960468545821618	-0.6494917630564319	-0.9999357347128949	-0.6075353218210361	-1.0	0.1079959387969577	0.0	-0.2867239872648053		-1.0	-0.1948590175514112	-0.8670017218111592
STICHTING ADMINISTRATIEKANTOOR SPEPHARM	0.009301844984292984	No	No	No	66	NF	Netherlands																																Active																							
APPLAYER LIMITED	0.9923566579818726	No	No	No	62	U1	United Kingdom				37995.8490045283	-382839.987079598	0.09			0.0				37995.8490045283	0.0	14680.8697981308	23314.9792063974	8980.1658975759	421396.447596807	-804236.434676406	0.0				420835.836084126	0.0	44235.2475067747	376600.588577352	37995.8490045283	-29554.3777086438	-382839.987079598		Inactive	53.65982942203273	-0.123961380851347	4.994194008320698			0.3073489019444398	0.2494211511847331				-0.02026523952810868	567.2523594419213		0.3073489019444398		-0.8883374689826303	0.6985329347613768	-0.09665560556618646	10.66806250267675		-0.1032010721563582	53.65982942203273	0.3073489019444398
COGNITUM SP. Z O.O.	0.3693159818649292	No	No	No	62	U1	Poland	306165.679225558	-55750.9582808301	-55750.9582808301	277825.608766136	217428.737295237	2.249	78.261	1.0	141468.056637606	140306.578340089	0.0	1161.47829751729	136357.55212853	0.0	129388.682343426	6968.86978510376	6968.86978510376	25087.9312263735	192108.51040936					60629.1671304027	0.0	13937.7395702075	46691.4275601952	277825.608766136	115450.942773219	75728.3849981275	68759.5152130237	Inactive	2.532262176819478	-0.6014263349830501	0.709536265111201		-0.4850287159957961	-0.1035891410278248	0.2931501131661076	-0.3440123166133864	-0.4850287159957961	2.940436030411358	-0.6014263349830501	0.7405569603552713	-0.347352139018102	0.4635201473557266	-1.0	-0.09241323648103313	2.221190191531231	13.96359416663636	0.6123193289953203	-0.6666666666666666	0.7786778770578107	0.3628241494358326	-0.1035891410278248
LONG ACCESS P.C.	0.9014478921890259	No	No	No	na	U1	Greece	0.0	0.0	0.0	49126.0	45590.0	10.956	92.802	3.0	10395.0	3981.0	6414.0	0.0	38731.0	0.0	0.0	38731.0	544.0	1243.0	44347.0	0.0	0.0	0.0	0.0	3535.0	0.0	492.0	3043.0	49125.0	-492.0	35196.0		Active	0.0	0.0			-1.0	0.0	0.0	0.0	-1.0	0.0	0.0	0.0	0.0	0.0	0.0	0.0	0.0	0.0	0.0	0.0	0.0	0.0	0.0
MOPAPP LIMITED	0.9369263648986816	No	No	No	58	U1	United Kingdom				79434.7235031619	-77.6172849238676	0.987	-0.098		945.736763995433	0.0	945.736763995433	0.0	78488.9867391664	0.0	0.0	78488.9867391664	78162.9941424862	1818.63269137001	-1895.05586421812	0.0				79511.14667601	0.0	0.0	79511.14667601	79433.5293910861	0.0	-1022.15993684355	945.736763995433	Inactive	-1.000417892772468	-0.6840953751859777				-0.6827522107725846				-1.001321128621308	-0.4714145763944331	0.229831339823139	-0.5100675325735116	-0.684093854512901	-0.5100675325735116	-0.7431693989071038	-1.010306008480284	-0.02023311668933851	0.229831339823139			-1.005561123047634	-0.682756979838296
TWINLINX CORPORATION	0.277386337518692	No	No	No	26	U1	France	359106.0	-346991.0	49277.0	787226.0	-370786.0	0.281	-47.1	1.0	532678.0	532666.0	11.0	1.0	254548.0	0.0	171658.0	82890.0	18398.0	79668.0	-450454.0	253696.0	67125.0	186571.0	3971.0	904315.0	290326.0	370060.0	243929.0	787225.0	-198402.0	-649767.0	480537.0	Inactive	-0.1173085941870624	-0.3574418604651163	0.0001165243127978653	-0.2873968085435082	-0.5438674210357501	-0.4031857848886355	-0.2193749261690602	-0.4736668405742111	-1.075311051438685	0.4789926521384162	7.133510167992926	-0.05549790522802425	-0.4769508124928197	-0.1533072998090727	-0.9906542056074766	0.294930875576037	-0.09860705059321916	0.0	-0.3461666101509873	-0.6666666666666666	-0.3439477808860584	-0.399730613353485	-0.403186543011735
AUDACY	0.16020116209983826	No	No	No	70	U1	France	101641.0	12453.0	10524.0	45981.0	21459.0	1.793	46.669		2026.0	215.0	1811.0	0.0	43955.0	0.0	26694.0	17261.0	15776.0	7500.0	13959.0	0.0	0.0	0.0	0.0	24521.0	0.0	10472.0	14049.0	45981.0	16222.0	19434.0	2186.0	Active	0.7682102834541858	9.570116350275567	0.1545847750865052	-1.0	-30.30117647058823	0.6230497705612424	0.1414868105515588	0.0	6.620564808110065	0.089429945375601	10.82608695652174	1.581113356604813	-0.4336035784176684	0.7757443542196906	-0.4613325401546698	0.05906674542232715	2.01100086281277	0.0	0.6775672162550455		0.1632009178258999	0.9173243883188634	0.6230497705612424
CELLARTIS AB	0.21927355229854584	No	No	No	na	NF	Sweden																																Active																							
WINDCENTRALE B.V.	0.48274266719818115	No	No	No	35	U1	Netherlands				713829.0	-65786.0	0.916	-9.216		0.0				713829.0	0.0	713829.0	0.0				0.0				779615.0				713829.0		-65786.0		Active	6.3421875		1.66060246891493			1.66060246891493				1.759281437125748				1.66060246891493		-0.05371900826446274			1.811895865193179			6.3421875	1.66060246891493
AGRIVI LTD	0.20728634297847748	No	No	No	16	U1	United Kingdom				3812208.10877661	-102056.798767041	0.203	-2.677		3018995.69948654	0.0	966.975202321259	3018028.72428422	793212.409290071	0.0	518454.30040166	274758.108888411	2405.3364091114	375.725763953195	-102432.524530994	0.0				3914264.90754365	0.0	3289143.67630191	625121.231241747	3812208.10877661	-2770689.37590025	-3121052.49825358	893.213089152534	Active	-0.8130280146521347	0.2685143363980305	-0.1693460243497739			0.001792654762637543	-0.1153592278498463			-0.8133714445064139	-0.978347615472205	-0.012712963615893	0.01833602268737083	-0.05654222210107264	-0.4704853130438087	0.05181347150259072	-0.8124629001310872	0.04755761420806071	-0.1004226096490287		-0.1044681442763925	-0.1109318533260638	0.001792654762637543
VIROCLINICS BIOSCIENCES B.V.	0.09267963469028473	No	No	No	72	U1	Netherlands	74948000.0	13984000.0	10366000.0	95995000.0	80981000.0	5.58	84.36	290.0	12919000.0	245000.0	12674000.0	0.0	83076000.0	321000.0	79483000.0	3272000.0	3272000.0			127000.0			127000.0	14887000.0				95995000.0		68189000.0		Active	0.1467960065141967	0.445868316394167	0.1305776424903631	0.1869158878504673	-0.4318911232988015	0.1653980162921417		1.98780487804878	-0.4301577703259854	-0.01595744680851058	0.445868316394167		0.3426522552483891	0.1419538412899146	0.3285115303983229	-0.1064851881505204			0.2779637737144819	0.1153846153846154		0.1160229132569558	0.1653980162921417
RESOLUTION GAMES AB	0.014646315015852451	No	No	No	58	C2	Sweden	16071777.2594842	-6457027.48418829	-6488119.84649299	22978156.9710674	19836837.0276104	5.868	86.329	172.0	8337169.1143352	6987670.46752186	37941.6942906649	1311556.95252268	14640897.7339429	0.0	690791.179900111	13950196.6768321	7744521.6519708	10273.9979789449	19826563.0296314	646270.521991349	0.0	646270.521991349	0.0	2494959.29867641	0.0	260725.229413049	2234234.06926336	22978156.9710674			1907448.83530148	Active	-0.2436969536036485	-0.3013970007240862	-0.7788164962099534	0.08329483576813691	0.7057425234041788	-0.2203315350296584	-0.4409636301854531	0.2524196845710099	0.7139561425448882	-0.02996763899501103	-0.3124019419711945	0.02485357883291776	0.3068176161773316	-0.3659740327738611	-0.1660510686514614	-0.3274498567335243	-0.2437931360568489	0.002323418675444376	-0.05726977228338041	0.075			-0.2203315350296584
IKOR METERING SA	0.6643827557563782	No	No	No	26	U1	Spain	158309.18	-29730.21	-29730.21	3200931.96	1636449.71	0.792	51.124	1.0	2850241.63	533.34	49542.99	2800165.3	350690.33	159864.4	156218.42	34607.51	34607.51	270000.0	1366449.71	1121513.25	1121513.25	0.0	0.0	442969.0	0.0	346510.65	96458.349	3200931.96	-30427.83		18776.7	Inactive	-0.01784338426820634	-0.6478718165260834	-0.1055958365299836	0.1214538129479138	-0.9625579667343801	-0.03496161471448005	-0.2395929478528213	-0.4289721627408993	-0.9625579667343801	0.01773734397706698	-0.6478718165260834	-0.5052707619555629	-0.007371079752887735	-0.2127968816289515	-0.2953434886499403	0.1562043795620437	-0.0212940236932201	0.0	-0.3192036430533164	-0.8571428571428571	-0.7195152235834186		-0.03496161471448005
BSAVE LTD	0.984258770942688	No	No	No	82	U1	United Kingdom				56302.6424877166	51263.5676226522	11.173	91.05		0.0				56302.6424877166	0.0	0.0	56302.6424877166	56302.6424877166	11.6375862934511	51251.9300363588	0.0				5039.07486506434	0.0	0.0	5039.07486506434	56302.6424877166	0.0	51263.5676226522		Inactive	1.993198389891354	-0.4334242061776783		-1.0		-0.4334242061776783				4.282854656222803	-0.4334242061776783	-0.2932817289339569		-0.4334242061776783		-0.198321016000574	1.994572780485293	-0.0092887054570696	-0.2932817289339569			-0.4442569749943842	-0.4334242061776783
MITRIONICS AB	0.4644320011138916	No	No	No	62	LF	Sweden	0.0901227892889903							0.0																								Active																							
REGIOHELDEN GMBH	0.055091965943574905	No	No	No	73	LF	Germany								165.0																								Active																				0.0			
FREEPPIE - S.R.L.	0.9915209412574768	No	No	No	63	U1	Italy	3507.0	-93420.0	-93420.0	10040.0	-2701.0	0.791	-26.902	1.0	0.0	0.0	0.0	0.0	10040.0	0.0	0.0	10040.0	1955.0	14000.0	-16701.0	50.0	0.0	50.0	0.0	12691.0	0.0	0.0	12691.0	10040.0	0.0	-2651.0	56288.0	Inactive	-1.07760825216217	0.1890099478919943		-0.8533724340175953	1.683865777982073	-0.8141876260803583	-1.0	-1.0	1.683865777982073	-1.417661579543867	-0.5979020979020979	2.158536585365854	-1.0	0.1890099478919943		0.7695749440715884	-1.704921492486915	0.2600126001260012	-0.3281274816030494		-1.0	-0.7461943513642891	-0.8141876260803583
99DRONES B.V.	0.28311747312545776	No	No	No	62	U1	Netherlands				30975.0	30975.0		100.0	1.0	0.0				30975.0	0.0	30975.0	0.0				0.0				0.0				30975.0				Inactive	1.616794795978711		1.548124383020731			0.2721784130113356				1.056935988152049			-1.0	1.548124383020731					-1.0				0.2721784130113356
BITPOSTER LIMITED	0.06196213141083717	No	No	No	62	U1	United Kingdom				6137190.02503768	-2262051.15147591	0.725	-36.858	25.0	89720.2661581703	0.0	89720.2661581703	0.0	6047469.75887951	0.0	4583970.50027614	1463499.25860337	1296095.04785519	303.227503315253	-2262354.37897922	53128.1740510113	53128.1740510113	0.0	0.0	8346113.00246258	24137.1355530757	7146455.61512072	1175520.25178879	6137190.02503768	-2562485.11484457	-2298643.24358307	13004.8392653191	Active	12.81935177195113	-0.3035022461312975	0.07047310292097161	-0.3311536618297597		-0.04884002099622374	0.7195390073887364			13.52818289318092	-0.1877758852282303	-0.5010746863908809	0.302100684982805	-0.05262816513137055	0.302100684982805	-0.2579324462640737	12.79468609591341	-0.03634335726571333	0.276832510920656	0.5625	-21.31119011823787	14.00822492116044	-0.04884002099622374
BENSON GROUP LIMITED	0.009465059265494347	No	No	No	41	C1	United Kingdom	176847471.459837	-325017.127344343	-440892.798832326	46524082.1024252	1308547.21704722	1.018	2.813	288.0	4293052.31683528	3877595.64101251	414043.557877793	0.0	42231029.7855899	0.0	3534207.98038349	38696821.8052065	5793783.57439916	795585.403021152	511548.696081096	3744762.55418482	3744762.55418482	0.0	0.0	41470772.3311932	1201150.25322909	37711878.5975586	2556330.36246051	46524082.1024252	-34177670.6171751	760257.454396767	590683.300999719	Inactive	1.319871532824004	0.005739834176749522	-0.1962613609030588	1.231219253364339	-0.6996178024898222	-0.03038477203907181	-0.06569005435400378	-0.1380533266329659	-0.5673267170390477	1.392006802721089		-0.1391044596986174	-0.1596779342734169	-0.01497805143441456	-0.3214277007466956	0.08644610458911414	-3.233784717568533	0.00317732345427861	-0.09332884662325422	0.111969111969112	-0.04972644134443681	-1.265229882437055	-0.03038477203907181
REFINED LABS GMBH	0.6210150718688965	No	No	No	62	U1	Germany				516839.7	235431.66	7.165	45.552	23.0	21512.93	7751.57	13761.36	0.0	495326.77	500.0	0.0	494826.77	276131.9	41319.0	194112.66	212274.79	0.0	212274.79	212274.79	69133.25	0.0	0.0	69133.25	516839.7	500.0	426193.52		Active	-0.5152485509857415	-0.4778822941505616		0.06951482950347314		-0.4719093444257094		inf		-0.08207556675062973	0.5006012852162418		-0.3052440631647684	-0.4773547178981193	-0.5555795254794729	1.226538222498446	-0.5631595837571677	0.0	-0.7652858987558938	0.09523809523809523		-0.3475177556866024	-0.4719093444257094
MIKESTAR GMBH	0.8941181898117065	No	No	No	74	U1	Germany				301556.45	-540622.06	1.928		8.0	119624.5	112855.5	6769.0	0.0	181931.95	3300.85	0.0	178631.1	118502.99	121060.0	-661682.06	747791.98	690835.09	56956.89	56956.89	94386.53	0.0	0.0	94386.53	301556.45	3300.85	87545.42		Inactive	0.2454341071872325	0.6068978067684677		0.4125584632256918		1.588196565526749		2506.9			1.151743476523255	3.450708442652171	21.37226482139517	0.6365910047920578	0.2766880422482082	-0.6322014498283098	0.3619110231192981	1.338645803148846	3.450708442652171	0.0		-0.02682014995646309	1.588196565526749
JIVA TECHNOLOGY LIMITED	0.5473186373710632	No	No	No	74	U1	United Kingdom				1527.26688053713	-1590247.06650523	0.641			0.0				1527.26688053713	0.0	0.0	1527.26688053713	1527.26688053713	1398.72873450876	-1591645.79523974	1589390.53504124	0.0	1589390.53504124		2383.7983445262	0.0	0.0	2383.7983445262	1527.26688053713	0.0	-856.531463989072		Active	0.0272724193387998	37.31111214026225		0.02823599154192852		37.31111214026225						0.02592878722967034		37.31111214026225		36.70588235294117	0.02727123701793089	0.02592878722967283	0.02592878722967034			-0.6249347625738908	37.31111214026225
ESCAPADA RURAL SERVICIOS PARA PROPIETARIOS SL	0.08676616102457047	No	No	No	79	U1	Spain	3754915.7	841117.89	633410.06	3901409.87	1303556.74	1.454	33.412	47.0	227682.1	148084.75	52839.54	26757.81	3673727.77	0.0	162226.8	3511500.969	1975431.61	3176.0	1300380.74	70732.17	25716.17	45016.0	45016.0	2527120.96	76657.37	192.44	2450271.15	3901409.87	162034.36		34180.1	Active	0.9451812251013463	0.1429753915464313	0.7114064329178847	-0.3901304001399561	0.4565001356121532	0.1819989791098161	0.0	0.9101602094194915	0.4794321210349649	0.6456681278628773	-0.3557199898992444	0.04098152437201876	0.7035565155347837	0.159988908623353	0.7991940330524764	0.1548848292295473	0.9496820189302504	0.0	0.004994424138656329	0.04444444444444445	0.712853643411649		0.1819989791098161
THREAD AND CO LIMITED	0.7401376366615295	No	No	No	47	NF	United Kingdom																																Inactive																							
99 FAHRENHEIT S.R.L.	0.7674518823623657	No	No	No	70	U1	Italy	46657.0	-81252.0	-81252.0	107800.0	-71254.0	0.15	-66.098	3.0	81308.0	9242.0	6159.0	65907.0	26492.0	0.0	0.0	26492.0	64.0	10000.0	-81254.0	2715.0	0.0	2715.0	0.0	176339.0	13323.0	48782.0	114234.0	107800.0	-48782.0	-149847.0	3207.0	Active	2.4223823246878	0.07529325810772415		12.85204081632653	2.620371608073787	1.232207566313958	1.104759028347068	0.2682859887470839	2.620371608073787	0.5331694191872332	-0.979002624671916	2.042994139584443	2.437098410551235	0.07529325810772415	0.212640283520378	-0.5798319327731093	1.636404931862427	0.0	1.558715556393923	2.0	1.104759028347068	2.384078590785908	1.232207566313958
RESOURCEKRAFT LIMITED	0.093330517411232	No	No	No	58	U1	Ireland				1820016.0	714538.0	2.46	39.26	15.0	322381.0	245315.0	77066.0	0.0	1497635.0	52335.0	521608.0	923692.0	724313.0	27325.0	687213.0	496703.0	486827.0	9876.0		608775.0	8847.0	27480.0	572448.0	1820016.0	546463.0	888860.0	58784.0	Active	-0.1091559436522789	0.423298098554655	-0.04608041257852433	-0.07317177846569525		0.119158596907214	-0.2615086936658515	-0.1387953702110928		-0.2040063257775436	0.3833696852093066	1.3402286069367	-0.06855912860073388	0.1699121805197301	0.2580355539594182	-0.4460707047962171	-0.08169695771102063	-0.4915333085225158	1.112129980432158	0.0	-0.07992793824240026	-0.1038796327848226	0.119158596907214
CORTEC GMBH	0.15834583342075348	No	No	No	72	U1	Germany		-3988186.11	-3992088.3	5739068.39	0.0	4.53	0.0	66.0	589234.5	12109.0	577125.5	0.0	5149833.89	1188635.54	0.0	3961198.35	2810734.89	162971.0	-162970.999999996	4602187.55	3919626.46	682561.09	682561.09	1136880.84	9836.64	0.0	1127044.2	5739068.39	1188635.54	4012953.05	158319.26	Active	-1.0	-0.05721804206668561		-0.5625754226653501	-0.3539668804675706	0.03077653532838231		-0.5447059708226801	-0.3533515373267925		-0.01548807839760226	-0.0187334290426867	-0.103348550559233	0.04872565683124268	-0.08473263193953254	0.05964912280701751	-0.9739867298467032	0.0	-0.01016911009003012	-0.08333333333333333	0.676596468188556	0.06670656155123841	0.03077653532838231
ARCHIMADES PHARMA LIMITED	0.5841038823127747	No	No	No	na	NF	United Kingdom																																Active																							
SCM WORLD LIMITED	0.5279659032821655	No	No	No	64	U1	United Kingdom				1.1670623724615	1.1670623724615		100.0		0.0	0.0	0.0	1.1670623724615	0.0					1.1670623724615	0.0	0.0				0.0				1.1670623724615		0.0		Inactive	-0.1426002084015084					-0.1426002084015084				0.0								-0.1426002084015084					-0.1426002084015084
QMENTA IMAGING S.L.	0.23793470859527588	No	No	No	62	U1	Spain	2880108.69	4824.04	74579.42	3337774.95	1810823.74	3.179	54.252	25.0	294944.38	44180.13	33145.269	217618.98	3042830.57		3042830.57			635484.0	1175339.74	569640.63	569640.63	0.0	0.0	957310.58	89990.52	438603.85	428716.21	3337774.95	2604226.719		3858.48	Active	0.04137228478517819		0.07042592360641675	-0.2332308812973153	-0.9119880929488524	0.07471788250666282	0.2014652433071768	-0.01832404543515371	-0.6204841627745806	-0.03104125736738702		1.472524469107878	0.4858411177123445	0.04664661155330291	-0.0353227342419377	-0.3178111587982833	0.06519996982775604	0.0	0.5343248459485479	0.04166666666666666	0.05111800097634868		0.07471788250666282
SOCIALANCE LIMITED	0.8803836703300476	No	No	No	62	U1	United Kingdom				1167.14973661594	1167.14973661594		100.0		1167.14973661594	0.0	0.0	1167.14973661594	0.0					1167.14973661594	0.0	0.0				0.0				1167.14973661594		0.0		Active	-0.02293600231502198					-0.02293600231502198				0.0			-0.02293600231502198					-0.02293600231502198					-0.02293600231502198
GERGANA BAY LIMITED	0.232163205742836	No	No	No	79	U1	United Kingdom				30096.3344463696	-1539.81787755333		-5.116		29119.0975331568	0.0	29119.0975331568	0.0	977.236913212742	0.0	0.0	977.236913212742		0.0	-1539.81787755333	31636.1523239229	0.0	31636.1523239229		0.0				30096.3344463696				Inactive	-1.221045936503059	-0.8597144169999498		inf		3.320428103859717				-1.05116			inf	-0.8597144169999498			-1.221045936503059						3.320428103859717
CLINTEC INTERNATIONAL LTD.	0.030601104721426964	No	No	No	70	U2	United Kingdom	43418142.6071908	-1344102.29772708	-1352374.29875969	40686662.4686516	7861862.07400585	1.238	19.323	96.0	53958.6553474046	0.0	2587.61679135069	51371.0385560539	40632703.8133041	0.0	10344447.8731728	30288255.9401314	1412302.46271713	113.144590789274	7861748.92941506	0.0				32824800.3946457	31826581.1109614	52450.4379521836	945768.84573209	40686662.4686516	10291997.4352206	7807903.41865844	186424.947905762	Active	-0.1889981838536944	0.7020498429721619	0.02346088554788334		-1.567986967775696	0.4419861443690333	-0.9134026093257985		-1.685594635506118	-0.4375818610472393	-0.6720694125328773	-0.04367978268666279	-0.8277317669080155	0.4562396036911167	-0.9900027452520238	-0.1779548472775564	-0.1889999323814224	-0.04609491185225244	0.7722350564816814	-0.0303030303030303	0.08318119826573395	-0.167670861340745	0.4419861443690333
BEEM LIMITED	0.8543495535850525	No	No	No	41	U1	United Kingdom				25135.2310730242	3372.77861043776	1.155	13.419		0.0				25135.2310730242	0.0	0.0	25135.2310730242	23792.4967312638	118.094489160986	3254.68412127677	0.0				21762.4524625865	0.0	0.0	21762.4524625865	25135.2310730242	0.0	3372.77861043776		Inactive	-1.456718690257635	-0.1018572761794736				-0.1018572761794736				-1.508526603001364	-0.05306654572628101	-0.3847303376907242		-0.1018572761794736		0.4601769911504425	-1.433687894318134	-0.01476055648553974	-0.3847303376907242			-1.456718690257635	-0.1018572761794736
BLINK LTD	0.548762321472168	No	No	No	51	U1	United Kingdom	10950723.6342869	-843019.335310957	-843019.335310957	1995387.22544079	-937650.587781998	0.664	-46.991	46.0	48479.7709520507	0.0	48479.7709520507	0.0	1946907.45448874	0.0	267176.755989984	1679730.69849876	534444.542845019	99200.3016592275	-1036850.88944123	0.0				2933037.81322279	637038.661883365	1306460.97047779	989538.180861636	1995387.22544079	-1039284.21448781	-986130.358734048	30141.7198935632	Inactive	7.495517047103516	-0.1278264490224638	inf	-1.0		0.001402435490349348	inf			7.483661310705903	-0.3341716258752584	-0.5280613638584155	-0.2729420592605948	0.01090084828698146	-0.2729420592605948	-0.2774755168661588	3.586434548877181	-0.1426002084015141	0.3988483639092745	0.09523809523809523	-inf	4.772298298188915	0.001402435490349348
DEPAUL UK	0.018022529780864716	No	No	No	87	C2	United Kingdom	23403335.4688146	-1877476.28674771	-1877476.28674771	11863022.3569639	8094239.38724935	1.883	68.231	308.0	5461853.97354046	0.0	5312024.68116649	149829.292373973	6401168.38342345	0.0	1384192.15493186	5016976.22849159	1952390.9329347	0.0	8094239.38724935	368810.565843627	368810.565843627	0.0	0.0	3399972.40387094	0.0	1160600.74938916	2239371.65448177	11863022.3569639	223591.405542699	3001195.97955251	176337.551793984	Active	-0.1731518906608083	-0.2233091226084116	0.3949639813937971	-0.123752849913702	1.380717620097269	-0.05226124449407853	0.5952842506363085		1.380717620097269	-0.1275589141636938	-0.5028603841872101	0.4177738518395757	0.07824932353161636	-0.140979102534021	0.08003206139734581	-0.4170278637770898	-0.1731518906608083		0.4737518736278575	0.04406779661016949	-0.1554887242597744	-0.4166413986400407	-0.05226124449407853
RIPSTONE LTD.	0.01170619111508131	No	No	No	58	U1	United Kingdom				6596699.06757054	3548095.94737788	1.801	53.786	46.0	2352742.86988908	2301415.96445383	51326.9054352502	0.0	4243956.19768145	198696.692348254	2138484.67672827	1906774.82860493	351414.23246599	29752.6398664163	3518343.30751147	692672.343975062	0.0	692672.343975062		2355930.7762176	0.0	1977434.3228885	378496.453329095	6596699.06757054	359747.04618802	1888025.42146386	433075.806941879	Active	-0.03013806220861574	-0.1484839697605839	3.573480939608029	-0.1348082583174315		0.28412379022149	25.00597548714522	0.3726311709287246		-0.244727160389811	-0.8126932820129832	-0.3714059220639229	0.3612373697360731	0.2450236622872512	-0.007981935937611748	-0.6416633505769995	-0.03053061893052461	0.01863731197531973	2.473955958777699	0.09523809523809523	-0.6709912727357358	-0.3085589325821576	0.28412379022149
FDM DIGITAL SOLUTIONS LTD	0.33034250140190125	No	No	No	74	U1	United Kingdom		-73550.0470933653	-229055.564582276	819014.165969887	-566907.941022385	1.23	-69.218		329134.61668998	0.0	329134.61668998	0.0	489879.549279907	55961.2407016791	0.0	433918.308578228	94362.4883371284	0.0	-566907.941022385	987776.11823484	0.0	987776.11823484		398145.988757433	0.0	0.0	398145.988757433	819014.165969887	55961.2407016791	91733.5605224743	110647.779885161	Active	0.7100591160901732	-0.009023823713434721	-1.0	-0.02017837154453001	-1.299563864981645	-0.3849914483660027	-1.0		-4.615089250344423	1.780509359685065	-0.3274200703171969	0.954951751854511	0.3162776034721795	-0.547104900726087	0.3162776034721795	-0.2549969715324046	0.7100591160901732		-0.3922429786980807		-0.8781775007808824	-0.7849432372094116	-0.3849914483660027
SMITHFIELD CAFE LIMITED	0.07544548809528351	No	No	No	56	U1	United Kingdom				184269.470539168	127821.054034269	0.749	69.366	2.0	141966.813455376	0.0	141966.813455376	0.0	42302.6570837923	0.0	0.0	42302.6570837923		0.0	127821.054034269	0.0				56448.4165048993	0.0	0.0	56448.4165048993	184269.470539168	0.0	-14145.7594211071		Active	0.02085074902057251	0.1227280583832454				0.04264530620238132				-0.02090420201278805		0.09561076255038653	0.02094589482368668	0.1227280583832454	0.02094589482368668	0.02462380300957595	0.02085074902057251		0.09561076255038653	-0.3333333333333333		0.02180643697028883	0.04264530620238132
WOOL AND THE GANG LTD	0.0856083333492279	No	No	No	47	U1	United Kingdom	4975573.78487659	454387.294982549	-482249.780699017	3119898.8127023	1937182.10722572	2.612	62.091	26.0	30387.6855594783	14511.5432329285	15874.9897935316	1.15253301826133	3089511.12714283	823714.195618357	40266.0460589962	2225530.88546547	875269.302591223	32893.2923411785	1904288.81488454	0.0				1182716.70547658	398938.931473996	390324.899695511	393452.874307072	3119898.8127023	473655.341981842	1906794.42166624	16037.4969491065	Active	-0.1844011049206783	0.3940628615430474	-0.6355803294338166		-3.860553157470385	-0.1640524427728831	3.633698355067106	-0.8674459745438997	7.357176053422211	-0.02434003771213073	0.3916673757139375	-0.1842676820813548	-0.7566096824785337	-0.1435436495994102	0.03258097844775282	-0.01730624529721589	-0.1871995520171593	0.01863731197532214	-0.1284361973405329	0.1304347826086956	-0.7541556927276557	-0.1526538880618811	-0.1640524427728831
WEESTEER AB	0.20133502781391144	No	No	No	62	U1	Sweden	1351.84183933485	90.1227892889903	90.1227892889903	156993.898941421	138789.095505045	1.05	88.404		153208.741791284	0.0	0.0	153208.741791284	3785.15715013759	0.0	0.0	3785.15715013759		14599.8918648164	124189.203640229	14599.8918648164	0.0	14599.8918648164	0.0	3604.91157155961	0.0	1982.70136435779	1622.21020720183	156993.898941421				Active	0.002323418675439375	0.5034851280131605		0.04758963758335901	0.00232341867544129	0.0104440945211888	1.756389401357469		0.00232341867544129	-0.008034111310592552		-0.306083787070846	0.002323418675442061	0.5034851280131605		0.2382075471698114	0.002323418675442909	0.002323418675437412	0.2149374771823519				0.0104440945211888
ZEUS CREATIVE TECHNOLOGIES SL.	0.8342474699020386	No	No	No	26	U1	Spain	8507.11	-133206.85	-133206.85	139876.28	29393.74	2.731	21.014		34602.41	24058.02	6802.13	3742.26	105273.87	0.0	12768.69	92505.18	79024.58	59375.0	-29981.26	71939.47	71939.47	0.0	0.0	38543.07	37877.29	0.0	665.78	139876.28	12768.69		12246.88	Inactive	0.3836482901949523	1.191835785958962	0.4094674712972296	-0.04652789927104041	0.5615000085573304	0.4377646092250655		-0.2674325661245242	0.5615000085573304	-0.0376442571899615	0.8724238190161554	0.1214458967794098	-0.2481605660739353	1.05357693929774	-0.2794903354828868	-0.9683725347137778	-0.1193469694677678	0.07392200839241789	63.92229820778871		0.4094674712972296		0.4377646092250655
SCANTRUST SA	0.24334335327148438	No	No	No	62	LF	Switzerland								4.0										300450.267802263														Active																		0.003782304982702959		0.0			
SCLOBY S.R.L.	0.43949344754219055	No	No	No	62	U1	Italy	1432461.0	-422636.0	-327806.0	2262786.0	495248.0	1.343	21.887	19.0	164047.0	112922.0	51019.0	106.0	2098739.0	16778.0	463339.0	1618622.0	1345668.0	1436903.0	-941655.0	205333.0	84542.0	120791.0	0.0	1562205.0	31549.0	74882.0	1455774.0	2262786.0	405235.0	536534.0	52061.0	Inactive	-0.398278602081035	-0.2500379933576491	1.968124019089715	0.08982585757580583	-0.3114995520078195	-0.1012794574280737	0.3894311055033955	-0.254635344127684	-0.4659835464690071	-0.3304680330376261	-0.3262220370739406	0.02966110685948461	-0.1145087201299788	-0.1002287220930108	0.5158961255051105	-0.1324289405684755	0.5340123254666035	0.0	0.03709690803777405	0.1176470588235294	2.366885733513904	-0.3506003389009925	-0.1012794574280737
CELTIC RENEWABLES LIMITED	0.011605585925281048	No	No	No	20	U1	United Kingdom		-5601815.27821208	-5112755.17990816	35956064.7022976	16374384.6554103	0.375	45.54	47.0	33862033.2240837	244234.424432778	205170.470311828	33412628.3293391	2094031.47821393	0.0	0.0	2094031.47821393	1723086.42122048	525.555056327168	16373859.100354	14000760.1922963	14000760.1922963	0.0	0.0	5580919.854591	4754582.49382308	218547.921054787	607789.439713133	35956064.7022976	-218547.921054787	-3486888.37637708	82501.7710462011	Active	-0.2130943994051478	-0.9353949019313036		0.206808610149428	1.949673189762225	0.09431818077131043	1.82415500615554	-0.0749102107739658	1.69215533376288	-0.2809208760322749	0.8378009029158279	0.6443999029837204	75.2215994582523	-0.9353949019313036	0.6589643602904828	-0.9948284421888791	-0.2131001452318579	0.01863731197532232	11.4853647732577	0.2051282051282051	1.82415500615554	-1.109081866581935	0.09431818077131043
NCC GROUP ACCUMULI SECURITY LIMITED	0.03433597832918167	No	No	Yes	62	U1	United Kingdom	19499080.8903863	6556403.91999279	5231234.90174182	36789932.5346391	18178541.2835528	0.442	49.412	108.0	28588930.2085899	54395.58415528	327530.857786047	28207003.7666486	8201002.32604923	0.0	1090226.38881433	7110775.9372349	745335.238212772	16202.9399611472	18162338.3435917	48608.8198834417	3472.05856310298	45136.7613203387		18562782.4312029	10280765.4053479	425905.850407298	7856111.17544767	36789932.5346391	664320.538407036	-10361780.1051536	355307.326290871	Active	0.3817072298587031	1.01101215421539	-0.3029586800269484	-0.8030229305978478	1.155031089538803	0.257431737921841	-0.6789744838795752	-0.7613937561365679	0.9304777833862274	0.09885026797429226	-0.3120757446041999	0.06795554880336094	0.1834146240811258	0.6080409144972907	-0.05836975268903938	0.3726708074534161	0.3822040556823379	-0.01511465298923893	0.1708105603843461	0.009345794392523364	1.798634599921667	-0.03652988289037422	0.257431737921841
RIFTCAT SP. Z O.O.	0.6230475902557373	No	No	No	63	U1	Poland	167200.661010575	-38126.0105998637	-38126.0105998637	199788.815322191	179554.340422822	9.884	89.872	6.0					200001.809794816	0.0	21938.4306803685	178063.379114447	178063.379114447	35357.0824557395	144197.257967082	0.0				20234.474899369	0.0	0.0	20234.474899369	199788.815322191	21725.4362077436			Active	-0.192118400078138	-0.2081247365143393	-0.2945402741011997		3.869917099199465	-0.2187922290988873	-1.0		2.89593367935957	0.03414072838156607	-0.2081247365143393	-0.362703126989279		-0.2186238205202175		0.2932094727201361	-0.2262887978612607	-0.02057533200457791	-0.3958094580547713	0.0	-0.2599902508479018		-0.2187922290988873
TALKLIFE LTD	0.5841038823127747	No	No	No	na	NF	United Kingdom																																Active																							
HYPER GAMES AS	0.37511104345321655	No	No	No	62	U1	Norway	1010958.06991103	-42445.8233736082	-42445.8233736082	467526.951792322	70476.0840920287	0.605	15.074	13.0	227089.604296537	87739.1652963892	4182.29286909766	135168.14613105	240437.347495785	0.0	17085.1112950373	223441.221155409	219436.898195635	17796.9909323305	52679.0931596982	0.0	0.0	0.0	0.0	397139.852654955	0.0	6050.97691699236	391088.875737962	467615.936746983			800.864591954871	Active	-0.4154781018301392	2.96935428745677	-0.9525037036900721		-1.483104703421479	0.09701628376138703	-0.7159101272332817	inf	-1.573027915226504	-0.4671803753843979	9.348634943179313	0.3755695354189424	21.31987459969072	-0.4220341939081974	inf	-0.5554739162380603	-0.4812652862986218	-0.06417453676845362	0.2994987686379543	0.08333333333333333			0.09722508016103552
CAPSEO	0.7143545150756836	No	No	No	63	U1	France				1070050.0	10515.0	1.848	0.983		487531.0	454715.0	2620.0	30196.0	582519.0	0.0	63141.0	519378.0	46950.0	27544.0	-17029.0	744369.0	617869.0	126500.0	0.0	315165.0	68141.0	94617.0	152407.0	1070050.0	-31476.0	267354.0		Inactive	-0.7073150364638423	8.534070049195977	-0.6678450248559931	5.246645351325495		3.181467196554945	3.023515904065317	40.62151029748284		-0.9299807678609587		0.9716810266759812	42.02250264737028	1.381799150348978	inf	-0.2382522671063479	-2.09680535875306	0.3501960784313726	2.126202709941079		-1.188955390535422	0.859763350654229	3.181467196554945
OCTORATE S.R.L.	0.027578849345445633	No	No	No	62	U1	Italy	3198177.0	685623.0	1084797.0	4606878.0	3152159.0	2.12	68.423	27.0	1820919.0	546152.0	24267.0	1250500.0	2785959.0	0.0	381001.0	2404958.0	750166.0	21875.0	3130284.0	140280.0	0.0	140280.0	0.0	1314439.0	0.0	112618.0	1201821.0	4606878.0	268383.0	1471520.0	303701.0	Active	0.2277808007671685	0.4609325833140969	0.91114934514464	0.3485219899062725	1.463133276331578	0.2793979810692962	1.058717072189825	-0.3489183847179074	9.525980263732425	-0.04033717162933568	-0.4595890904375639	0.37393995376838	0.03739517341962536	0.5095655085755528	0.4759153387665734	0.06747230614300107	0.2297382662970715	0.0	0.4142435839639176	0.2272727272727273	0.8553444771662035	0.60627349613801	0.2793979810692962
NOW NATIVE LTD	0.41377362608909607	No	No	No	58	NF	United Kingdom																																Active																							
GREEN ENERGY OPTIONS LTD	0.30218926072120667	No	No	No	26	C2	United Kingdom	29103579.1945615	-2192771.34298824	-1325512.22453786	20585467.2531951	1908840.3854194	1.12	9.273	66.0	1389539.36386033	1132473.7678926	257065.595967734	0.0	19195927.8893348	5370227.37766033	4404113.33304395	9421587.17863052	4198956.55906176	16845.4738978843	1891994.91152151	1533985.06357027	1419166.5957006	114818.467869677	114818.467869677	17142641.8042055	7985018.63826692	5753249.96061633	3404373.20532221	20585467.2531951	4021090.75008794	2053286.08512934	124263.677175388	Active	-0.2808712015480223	-0.06311914435638097	-0.3133015243205358	-0.6777215521849009	-0.517663604469575	-0.02199073756157648	0.2124608366143103	inf	-0.5321904867864831	-0.2646895567361828	0.6008221336832257	-0.1028549162816842	-0.09406345145349239	-0.01632591817243241	0.2236550261609722	-0.217330538085255	-0.2825927807490464	-0.01553352094652396	0.2573317324256232	-0.01492537313432836	-0.1468239214590476	-0.6508240396701038	-0.02199073756157648
DJENEE AB	0.7537786364555359	No	No	No	63	U1	Sweden	279727.107763712	-12219.2620998933	-12219.2620998933	68333.8734355574	8459.48914608001	0.97	12.38	2.0	10245.3812991413	0.0	7895.52320300801	2443.85241997867	58088.492136416	0.0	0.0	58088.492136416	11467.3075091307	4699.71619226667	3759.77295381334	0.0	0.0	0.0	0.0	59874.3842894774	0.0	5169.68781149334	54704.696477984	68333.8734355574			3759.77295381334	Inactive	-0.6051599685936964	-0.3919758673688856	-1.0		-1.678223717610825	-0.5578609912264616	-0.9169263714133841		-1.859393066835638	-0.1069754021496068	-0.8751324797579212	-0.2283986932041641	-0.1515892515122664	-0.5922955064175498	-0.3461788727250464	-0.09430438842203547	-0.7729024655963733	-0.03483547878459003	-0.5499196193160928	0.0			-0.5578609912264616
FLAYR	0.30364885926246643	No	No	No	68	NF	France																																Active																							
CORSO12 S.R.L. - IN LIQUIDAZIONE	0.9893456101417542	No	No	No	63	U1	Italy	31170.0	-240026.0	-318677.0	35474.0	-22493.0	0.551	-63.407	2.0	7413.0	5142.0	2271.0	0.0	28061.0	0.0	13315.0	14746.0	2059.0	60000.0	-82493.0	7003.0	0.0	7003.0	0.0	50964.0	1007.0	9610.0	40347.0	35474.0	3705.0	-22903.0	88677.0	Inactive	-1.233856294771425	-0.8829468871301904	15.85443037974684	0.7038929440389294	0.2368011542227031	-0.8381712262838322	0.531718202103921	-0.9425603217158177	1.259271337724118	-2.445074980628105	-0.9321872015281757	-0.6410632789772879	-0.9198074426655127	-0.7786411290004497	-0.2222602739726027	-0.4831144465290806	-2.468291120089707	0.5	-0.5714213633382108	-0.5	-1.675601750547046	-3.916465045205654	-0.8381712262838322
DEALFRONT GERMANY GMBH	0.16629134118556976	No	No	No	62	U1	Germany				8015433.401	-8502003.689	0.942		133.0	437193.32	57021.32	380172.0	0.0	7578240.08	3390.59	0.0	7574849.49	4941562.45	29412.0	-8531415.69	8471166.21	7645371.99	825794.22	814049.9	8046270.88			5910218.5	8015433.401	3390.59	-468030.8		Active	-8.130578343916266	1.553662780177645		6.065559903024488		0.555436834048876		0.2447515138814304			1.421815612832095	1.916552426916168	0.2610737058653514	0.5766687185943155	0.2635588319362923	-0.4586206896551724	-8.33621325221877	0.0	1.913305745819126	0.6024096385542169	-0.9981575083413939	-1.228912429189524	0.555436834048876
AMMADO AG IN LIQUIDATION	0.9308947324752808	No	No	No	63	LF	Switzerland								4.0										173122.568076348														Inactive																		0.06084783321313796		0.0			
KOBOJO	0.40702638030052185	No	No	No	62	U1	France	5040847.0	-5940535.0	-5780709.0	2091787.0	-1082496.0	0.784	-51.75	5.0	266879.0	81104.0	82957.0	102818.0	1824908.0	0.0	395730.0	1429178.0	1033904.0	117033.0	-1199529.0	845892.0	845892.0	0.0	0.0	2328389.0	300191.0	432429.0	1595769.0	2091785.0	-36699.0	-503481.0	71693.0	Inactive	-0.4610744994446433	-0.1239851077627687	-0.2603039309145965	-0.7425488664160205	9.888037433880374	-0.1042303304578997	0.3472525555268233	5.342691796355674	9.484987267200163	-0.3983607510317968	7.298317709002183	1.309625847238686	0.5815895366271386	-0.1576482013843884	0.5649311450669685	-0.6170004885197851	-0.4194839605771628	1.028442179700499	1.200410901554678	-0.8913043478260869	-1.171475429751564	-1.454289202306631	-0.1042311869214589
AQUATOOLS SAS	0.27792394161224365	No	No	No	na	NF	France																																Active																							
OPEN FINANCE S.L.	0.6430994868278503	No	No	No	62	U1	Spain	4314259.0	-262237.0	-219026.0	5431698.0	1368550.0	2.019	25.196		3409203.0	3310677.0	35857.0	62669.0	2022495.0	0.0	1303604.0	718891.0	617480.0	3600.0	1364950.0	3061478.0	3061478.0	0.0	0.0	1001670.0	0.0	623640.0	378030.0	5431698.0	679964.0		488164.0	Active	-0.1379625290379799	-0.2401637013760513	-0.09351268320395971	0.008348454002808179	0.2652867240838581	0.0001644323447444716	0.5252210279173851	0.1134658770635266	-0.09442496609664935	-0.1380973557281155	-0.2602239168069391	-0.05068393045932704	0.1190156006235129	-0.1517077455041448	-0.3340452797949594	-0.3165199729180772	-0.1382760849911867	0.0	0.2410760527222221		-0.339326349254468		0.0001644323447444716
TAP HOME, S. R. O.	0.31063514947891235	No	No	No	26	U1	Slovakia	1129434.0	-1637.0	-1637.0	787855.0	349535.0	2.387	44.365	12.0	92529.0	5261.0	87268.0	0.0	695326.0	482110.0	53626.0	159590.0	144481.0	63622.0	285913.0	146986.0	128922.0	18064.0	0.0	291334.0	80016.0	139061.0	72257.0	787855.0	396675.0	403992.0	22885.0	Active	-0.004661533379654414	-0.09646773746100584	-0.1853989761662439	-0.3621534362374751	-1.053545728117231	-0.1262046011354776	-0.01069967630633515	-0.2060066405070933	-1.067416193064822	0.1390828797370854	-0.1126117826257862	-0.2735361537842838	-0.0515391002183339	-0.1352634655324653	-0.04028329172669386	-0.05013927576601667	-0.005692922969918275	0.0	-0.08967797171550523	0.0	-0.1852982977884394	-0.165402350141306	-0.1262046011354776
NAGI OU	0.9092177748680115	No	No	No	63	U1	Estonia		-940.0	-940.0	14673.0	841.0	1.261	5.732		6904.0	0.0	0.0	6904.0	7769.0	0.0	0.0	7769.0	1045.0	3196.0	-2355.0	7669.0	7669.0	0.0	0.0	6163.0	0.0	0.0	6163.0	14673.0	0.0	1606.0		Active	-0.5275280898876404	-0.06386311603807687		0.0	0.261744966442953	-0.0348615404854305			0.261744966442953	-0.5104202254868466	-0.1441441441441441	0.0710809871393813	0.0	-0.06386311603807687		-0.1255201109570042	0.663135593220339	0.0	0.0710809871393813			-0.368958742632613	-0.0348615404854305
UPTEMPO GMBH	0.21986758708953857	No	No	No	62	U1	Germany	12578579.18	-14332538.48	-14354937.2	10692092.22	-2087944.14	1.362	-19.528	99.0	3975928.21	3622500.0	350343.0	3085.21	6716164.01	275718.24	2010776.16	4429669.61	1121113.03	2656097.0	-4744041.13899999	7849655.57	6482960.0	1366695.57	1366695.57	4930380.79	0.0	205496.43	4724884.36	10692092.22	2080997.97	1785783.22	2269522.5	Active	-1.174489833775652	-0.6350049680229339	inf	3.763997399338053	3.200826501199166	-0.4768994651342185	-0.5715933344018322	-0.4582701341950194	3.20663446975731	-1.333572477879129	-0.6125474010051885	-0.2555097581219476	-0.5058401299201574	-0.4581120172148218	3.313956404958754	-0.25	-1.509569721125328	0.0	-0.2777210831804687	-0.03883495145631068	-10.37748224134752	-0.679269535304048	-0.4768994651342185
JOBIJOBA	0.32318300008773804	No	No	No	62	U1	France	1896180.0	-117638.0	38495.0	2184373.0	1567474.0	3.338	71.759		125032.0	0.0	52362.0	72670.0	2059342.0	0.0	295569.0	1763773.0	532841.0	115813.0	1451661.0	0.0	0.0	0.0	0.0	616900.0	0.0	78812.0	538088.0	2184374.0	216757.0	1442442.0	14478.0	Inactive	11.75779723922386	7.249485510093357	5.345541982438438	-1.0	-33.65001387732445	7.272385403096313	29.30065359477124		0.8438951956698759	0.5422093273157103	1.772946080548718	11.94663394446851	33.05010893246187	6.908895742041532	14.82411604714415	-0.433853459972863	62.49112141357593	0.15813	12.96870683603922		3.928759834462686	5.671177504393673	7.272389190171782
OFFSET OPTIONS SL.	0.926597535610199	No	No	No	46	U1	Spain	1601.15	-168654.53	-168654.53	87033.7	-56460.09	0.652	-64.872	2.0	55313.44	50837.42	3322.56	1153.46	31720.26	0.0	13151.04	18569.22	15070.04	10000.0	-66460.09	94850.02	94850.02	0.0	0.0	48643.77	0.0	4155.029	44488.74	87033.7	8996.011		15417.02	Active	6.105866672707776	-0.6550573832523603	1.538453075145781	inf	14.26898862529378	0.09697720822031163	5.545620529947385	2.044282667966521	14.26898862529378	5.477483774338492	-0.7200582990512472	-0.4865717218684057	1.721306539486748	-0.4624915548998865	0.3433766359787975	-0.03550295857988169	5.016905435306132	2.225806451612903	-0.4427026688280123		0.9789067191676109		0.09697720822031163
MY SUPPORT ASSISTANT LIMITED	0.09434433281421661	No	No	No	78	NF	United Kingdom																																Inactive																							
SMARTSHARE SYSTEMS A/S	0.15396663546562195	No	No	No	26	U1	Denmark		-133505.129530274	-121160.936649083	263655.858821094	-1442526.27897485	0.664		2.0	210253.807008984	207436.110807843	0.0	2817.69620114146	53536.2278216877	40118.6268638712	6977.15249806456	6306.27245017374	1878.4641340943	165975.72384819	-1608502.00282304	1625676.53204904	1625676.53204904	0.0	0.0	80639.781756477	0.0	6708.80047890823	73930.9812775687	263655.858821094			66014.596712457	Active	0.08929853310007882	-0.8037787428408653	0.8530682249040458	0.08874433530925832	0.02989308860969309	-0.03746257945110753	0.1086732969511384	0.07200001763573377	0.04891593531105589		-0.9408081205865071	-0.251984914342762	0.06800679691952752	-0.3051927034290501	-1.0	-0.09536784741144408	0.07908867257241824	-0.002194032743974347	-0.23216211738685	0.0			-0.03746257945110753
NORTAL AS	0.031601279973983765	No	No	No	62	U1	Estonia	66244000.0	11852000.0	11509000.0	95867000.0	31773000.0	0.67	33.143		54510000.0	650000.0	2638000.0	51222000.0	41357000.0		24990000.0	10157000.0	8126000.0	1881000.0	29248000.0	2365000.0	2172000.0	193000.0		61729000.0	50511000.0	0.0	11218000.0	95867000.0	24990000.0	-20372000.0	890000.0	Active	0.1905796829917188	-0.4290933618121522	-0.08575400599985367	-0.9544999807610912	-0.4786892456564768	0.03742059756084364		0.6290726817042607	-0.4907071422249756	0.1476505419162713	-0.3535915997136266	-0.1454254589776796	0.1896292093145064	-0.1122821327380441	-0.06586402266288952	-0.8023598820058997	0.2099950355783551	0.0	3.49134167636787		-0.08575400599985367	-1.620265497503349	0.03742059756084364
FLINQER B.V.	0.6568427085876465	No	No	No	62	U1	Netherlands				5114.0	-1198511.0	0.004		3.0	0.0				5114.0	0.0	5114.0	0.0				0.0				1203625.0				5114.0		-1198511.0		Inactive	0.0002921143318802732		-0.3854842585916847			-0.3924201021741713							-1.0	-0.3854842585916847		-0.4285714285714285			-0.002447417406914431			0.0002128092828243714	-0.3924201021741713
FLINC GMBH	0.6247560977935791	No	No	No	62	LF	Germany								19.0																								Active																				0.0			
XMS PENVISION AB	0.4601544439792633	No	No	No	62	U1	Sweden	0.0	-2433.31531080274	-2433.31531080274	101298.015160825	99675.8049536233	2.278	98.399		97602.9807999765	0.0	0.0	97602.9807999765	3695.0343608486	0.0	0.0	3695.0343608486	3695.0343608486	24062.7847401604	75613.0202134629	0.0	0.0	0.0	0.0	1622.21020720183	0.0	1081.47347146788	450.613946444951	101298.015160825				Active	-0.02242530771160823	0.0023234186754407			-1.089611696371646	-0.01433812546701654	3.009293674701748		-1.089611696371646	-0.008204569965629434	0.0537246196331562	-0.164730484437134	-0.01495801957758409	0.0023234186754407		-0.444390243902439	-0.03004688781003985	0.002323418675442262	0.8041821536157995				-0.01433812546701654
EKINOPS	0.0006488226354122162	Yes	No	Yes	74	C1	France	129232000.0	3363000.0	3628000.0	192612000.0	119386000.0	2.509	61.983	551.0	78839000.0	45556000.0	14032000.0	19251000.0	113773000.0	25930000.0	29984000.0	57859000.0	47177000.0	13401000.0	105985000.0	27882000.0	22554000.0	5328000.0	3998000.0	45344000.0	9630000.0	18217000.0	17497000.0	192612000.0	37697000.0	68429000.0	12109000.0	Active	0.05115517362823132	0.205571645865022	0.002641698712589868	0.3074181749976554	-0.6643712574850299	0.0542124822803724	0.02735168057748703	-0.07995556901948904	-0.6982199301280985	-0.002895613146083679	0.1987549231355609	-0.08224495148177288	-0.01224065350305703	0.1057624087626712	0.1808465875620635	0.1658921933085501	0.05604822638501395	0.01399818401937046	-0.05147997071436042	0.09325396825396826	0.01428725178926976	0.2422212540391388	0.0542124822803724
ROOMLE GMBH	0.3964828550815582	No	No	No	63	U1	Austria				746360.64	67934.49	1.689	9.102	21.0	52562.87	3086.79	49476.08	0.0	693797.77	17388.0	329991.09	346418.68	284198.58	740600.0	-672665.51	267549.01	200000.0	67549.01	67549.01	410877.14		42468.97	568408.17	746360.64	304910.12	282920.63		Active	-1.102217928272975	-0.1656673679756666	inf	-0.7099806001181024		0.6221954116965023	inf	-0.7400527845803002			0.9291328619853987	1.81144807774205	0.1709675170049462	0.6709783650717482	0.4986516216131893	-0.1777020447906523	-0.1199935817855627	6.422135723061936	1.032271537267227			0.3280899122191417	0.6221954116965023
CRYO-INNOVATION KUTATAS-FEJLESZTESI ES SZOLGALTATO KORLATOLT FELELOSSEGU TARSASAG	0.5631814002990723	No	No	No	na	U1	Hungary	1039005.74426219	6388.04691455304	4320.33699221087	927823.468779368	98053.1580084341	0.814	10.568	17.0	252704.411679808	217210.405744578	35494.0059352297	0.0	675119.05709956	0.0	0.0	675119.05709956	75617.6648185328	60518.3391905025	37534.8188179316	0.0				829770.310770934	0.0	1344.85198201117	828425.458788923	927823.468779368	-1344.85198201117	-154651.253671374	179426.789309975	Inactive	0.02521645306824629	1.396155541611481			0.2397363575733972	0.1487353009607415	-0.8624016545731468	-0.553793876378564	0.06006466049161977	-0.1075078118402162	14.02534045424289	0.1796293029475076	-0.5153619004001091	1.358394354021966	0.02479464946030373	1.024875621890547	0.1075223827958289	-0.01995578469724027	0.1653261592728107	0.1333333333333333	-0.7444474014855904	-0.6367878675784853	0.1487353009607415
INTELIGENT DATA SENSOR DEVICES SP. Z O.O.	0.2026975303888321	No	No	No	62	NF	Poland																																Active																							
CLAVISTER AB	0.014219529926776886	No	No	No	62	U2	Sweden	11965782.9794778	-6069589.61303492	-6069589.61303492	48050677.4424217	6982263.10016452	0.271	14.531	82.0	42313100.1851274	7842575.24671722	36499.7296620411	34434025.2087481	5737577.25729428	1464765.69431396	2487118.61600827	1785602.82418276	848596.183945133	355083.789798622	6627179.3103659	19915063.6087132	19769154.8128543	145908.795858875	0.0	21153440.8563332	6000014.81970382	1170154.29612825	13983271.7405012	48050677.4424217			3342654.25472865	Active	0.4164676661598199	-0.2190092066141096	0.1284265240968563	-0.2790306951270048	-0.4131729364534208	0.1831347629597574	0.9351921588225913	-0.06367681588153598	-0.4131729364534208	0.1972480843701079	-0.09425361705873707	0.8753662497720229	0.2121698615889026	0.005529665882247093	inf	-0.617231638418079	0.4485359077157121	0.002323418675442481	1.624184047033662	-0.1458333333333333			0.1831347629597574
DARK OASIS STUDIOS LIMITED	0.5179227590560913	No	No	No	na	NF	Ireland																																Inactive																							
H2HCARE LIMITED	0.972992479801178	No	No	No	na	U1	Ireland				287014.0	-193397.0	1.039	-67.382		52881.0	0.0	52881.0	0.0	234133.0	0.0	133948.0	100185.0	64556.0	142056.0	-335453.0	255115.0	255115.0	0.0	0.0	225296.0	32263.0	0.0	193033.0	287014.0	133948.0	8837.0		Inactive	-1.296650284690522	-0.8559978957021441	0.3156664374815834	24.44788029925187		-0.6699683553037062				-1.898846128193157	-0.885691418534153	0.2868266147579779	-0.2668348884606319	-0.706426976323118	-0.2668348884606319	-0.7294270833333334	-1.657909652720166	-2.111798618883703e-05	0.08474445701629793		0.3156664374815834	-0.9850178185726831	-0.6699683553037062
JALOUSIER	0.9037927985191345	No	No	No	16	U1	Bulgaria	6135.3144484397	1533.82861210993	1533.82861210993	3067.65722421985	2556.38102018321	6.0	83.333	3.0	0.0	0.0	0.0	0.0	3067.65722421985	0.0	0.0	3067.65722421985	2556.38102018321	511.276204036642	2045.10481614657	0.0	0.0	0.0	0.0	511.276204036642	0.0	0.0	511.276204036642	3067.65722421985	-2556.38102018321	2556.38102018321		Active	1.499907769663093	1.99988932359571			1.999889323595708	1.99988932359571			1.999889323595708	-0.16667	1.499907769663093	inf		1.99988932359571			2.999852431460938	-3.689213476656742e-05	inf	0.0	1.499907769663093	1.499907769663093	1.99988932359571
ALLECRA THERAPEUTICS	0.2103816121816635	No	No	No	72	U1	France	2297215.0	426739.0	659769.0	25978502.0	10110904.0	3.706	38.92	2.0	136286.0	0.0	1192.0	135094.0	25842216.0	0.0	2291899.0	23550317.0	187981.0	1500000.0	8610904.0	8895067.0	8893456.0	1611.0	1611.0	6972531.0	6163544.0	645904.0	163083.0	25978502.0	1645995.0	18869685.0	4061.0	Active	0.06980844099676917	0.1225705671488602	-0.4051596627532303	-0.09118841519676824	3.605080557264182	0.04040850443226364	0.1781517050170091		0.007225557068619129	0.02824231856489928	2.037929474126507	0.2969755290637103	-0.009808480339446075	0.04068688465200627	-0.6727971452099918	-0.1447034387260559	0.08297796478112873	0.0	0.2166758800335869		-0.5019275402226505	-0.01211423647249265	0.04040850443226364
KOCHABO GMBH	0.6632264852523804	No	No	No	73	U1	Austria				1367535.35	299662.87		21.913	6.0	847854.14	49979.1	5319.03	792556.01	519681.21	0.0	0.0	519681.21	211279.13	64570.0	235092.87	1067872.48	1027644.62	40227.86	40227.86	0.0				1367535.35		519681.21		Inactive	-0.7086505788737486	0.05156790558606308		0.4115002737818018		-0.2339105215045504		-0.3248336673877306		-0.6196848207157485	-0.4271397562416482		-0.343201430914509	0.05156790558606308	0.9379488244488406		-0.7581680697304379	0.1448378574847964		5.0		0.05156790558606308	-0.2339105215045504
ZONEFOX LIMITED	0.992860734462738	No	No	No	62	U1	United Kingdom				2.21755257517443	2.21755257517443		100.0		0.0				2.21755257517443	0.0	0.0	2.21755257517443		2.21755257517443	0.0	0.0				0.0				2.21755257517443				Inactive	-0.01583508516807118	-0.01583508516807118				-0.01583508516807118				0.0				-0.01583508516807118				-0.01583508516807118					-0.01583508516807118
GEOSATIS SA	0.04411589354276657	No	No	No	26	LF	Switzerland								15.0										1472512.80577765														Active																		0.003782304982707995		0.0			
LOW CARBON TECHNOLOGY LIMITED	0.9898779392242432	No	No	No	na	U1	Ireland				2.0	2.0		100.0		0.0				2.0	0.0	0.0	2.0	2.0	2.0	0.0	0.0				0.0				2.0				Inactive																							
CINETRAFIC	0.26311713457107544	No	No	No	62	U1	France	112895.0	8920.0	8550.0	194865.0	126536.0	2.778	64.935	2.0	5070.0	2070.0	0.0	3000.0	189794.0	0.0	86896.0	102898.0	88394.0	12621.0	113915.0	0.0	0.0	0.0	0.0	68329.0	0.0	42301.0	26028.0	194865.0	44595.0	121465.0	4801.0	Inactive																							
CAILABS	0.2299436628818512	No	No	No	72	U1	France				13008618.0	10087687.0	6.847	77.546	43.0	3435742.0	2882114.0	484516.0	69112.0	9572875.0	181592.0	882777.0	8508506.0	6599963.0	656070.0	9431617.0	1522738.0	1507738.0	15000.0	0.0	1398193.0	483484.0	443514.0	471195.0	13008617.0	620855.0	8174682.0		Active	1.877744825575524	1.709203644025189	-0.1045587747513077	-0.1461697188547846		0.9515768495893002	0.7338989014425896	0.6622347926239375		0.4745669246420356	2.907726803366822	-0.261877907796419	0.3958895360553327	1.276887988872525	-0.2647463193004926	1.241977734119188	2.099554897410163	0.418468390556084	0.01549173737692131		-0.2316008341739017	1.89112910498832	0.9515764067883674
USPEAK SL.	0.9944571256637573	No	No	No	62	U1	Spain	5000.0	-589555.9	-635822.78	49541.77	-146274.97	0.253		4.0	0.0				49541.77	0.0	32924.18	16617.59		632689.0	-778963.97	0.0				195816.74	0.0	0.0	195816.74	49541.77	32924.18		41232.63	Inactive	-1.403151775215919	-0.6627776982964962	-0.04169996908914261		2.513461150406099	-0.8742740020792013	-1.0		4.052252025812539			5.302030026380655	-1.0	-0.4076410380331325		-0.9055617767823815	-3.164819861148313	209.8963333333333	5.27275770485386	-0.4285714285714285	-0.03763840960415482		-0.8742740020792013
HALLDIS S.P.A.	0.13224242627620697	No	No	No	55	U1	Italy	9418760.0	-9269.0	-16827.0	6140559.0	87807.0	0.543	1.43	22.0	3226634.0	709344.0	80332.0	2436958.0	2913925.0	0.0	1421466.0	1492459.0	413001.0	50000.0	37807.0	691033.0	0.0	691033.0	413917.0	5361719.0	15062.0	1486732.0	3859925.0	6140559.0	-65266.0	-2447794.0	435264.0	Active	-1.04092866162293	-0.6065463522219999	-0.02419692540883111	-0.7554191883065516	-1.000884081628137	-0.04908224658800268	-0.504172108305397	-0.1694544943622888	-1.001604967262559	-1.043042470577612	-0.8350222539660475	0.4392437186604184	1.672012401796339	-0.4449604290791078	-0.3437732304047706	-0.4026402640264026	-1.017221266421514	0.0	-0.07196523477809945	-0.2903225806451613	-0.9576681346763785	3.63986640306166	-0.04908224658800268
SABIEDRIBA AR IEROBEZOTU ATBILDIBU NANOOPTOMETRICS	0.8043663501739502	No	No	No	26	U1	Latvia		-45.0	-95.0	6.0	-102395.0	0.0			0.0	0.0	0.0	0.0	6.0	0.0	0.0	6.0	6.0	2800.0	-105195.0	85000.0	85000.0	0.0	0.0	17401.0	0.0	9220.0	8181.0	6.0				Inactive	0.0009286412512218964	-0.6470588235294118		0.0	-0.6691176470588235	-0.6470588235294118	0.0		-0.489247311827957		-0.6470588235294118	0.01037421267135976		-0.6470588235294118		-1.0	0.0009039010466222645	0.0	0.004850724721372062				-0.6470588235294118
CLOUDPLAN GMBH	0.46978116035461426	No	No	No	62	LF	Germany								2.0																								Active																				0.0			
VISUA LABS  LIMITED	0.00796180684119463	No	No	No	73	U1	Ireland				2629005.0	-2662766.0	0.977		6.0	10658.0	1.0	10657.0	0.0	2618347.0	0.0	1806125.0	812222.0	592207.0	141.0	-2662907.0	2610876.0	1987579.0	623297.0		2680895.0	62500.0	745833.0	1872562.0	2629005.0	1060292.0	-62548.0	10476.0	Active	0.1215991036527834	0.1618973232167176	3.835999732244461	0.007808085081415924		1.405971446874714	17.31838388800196	0.0			0.2829357694815675	1.422720680228278	-0.4717747930812311	1.441296829998051	-0.4717981760507534	-0.201797385620915	0.1215918821373411	0.0	2.059921336054384	-0.3333333333333333	2.186356533237168	-1.318487099714345	1.405971446874714
BUYERS EDGE LTD	0.028531789779663086	No	No	No	64	U1	United Kingdom				91281.3796708646	79147.8869194846	4.254	86.708	1.0	39663.0396383998	0.0	0.0	39663.0396383998	51618.3400324648	0.0	0.0	51618.3400324648	51136.5172768303	1.17231814022995	79146.7146013444	0.0				12133.49275138	846.413697246022	0.0	11287.0790541339	91281.3796708646	0.0	39484.8472810849		Active	1.747900415450058	0.3339419163483102				1.358930148634935				0.1648977617755327	0.4458126141931594	0.3457287119116045	inf	0.3339419163483102		0.08770135515213488	1.747970132150165	0.01293061645444917	0.2264660599325655	0.0		0.370856916976828	1.358930148634935
SWOON EDITIONS LTD	0.0050996895879507065	No	No	No	47	U1	United Kingdom	15689442.3503887	217321.625923357	366921.564226697	6835228.45356292	2764841.42336559	1.26	40.45	24.0	1706277.87968216	1695788.67668296	10489.2029991964	0.0	5128950.57388077	1359023.13887907	695241.340072766	3074686.09492893	2741865.67764655	137.151429173099	2764704.27193642	0.0				4070387.03019733	0.0	517397.427623915	3552989.60257342	6835228.45356292	1536867.05132792	1058563.54368343	710578.09694677	Active	0.174505738714105	0.1856314795391886	0.3096628971330199		-1.094649283331543	0.04406009593218771	-0.1472185558366786	-0.08739620847111294	-1.179435244102424	0.1249548071307395	0.1232178336349895	-0.009208829383882455	-0.0905423958518081	0.09812869643548926	-0.4160240518874083	0.1310592459605026	0.174514654274896	0.01863731197532029	-0.02917980649073036	-0.07692307692307693	0.04504661033552625	1.215041398979197	0.04406009593218771
DIGITAL ASSESS LIMITED	0.8185966610908508	No	No	No	58	U2	United Kingdom				4542780.29814167	4529598.00648976		99.71		962920.804319457	0.0	0.0	962920.804319457	3579859.49382221	0.0	0.0	3579859.49382221		79323.4736624474	4450274.53282732	0.0				13182.2916519073	5.50236529350194	0.0	13176.7892866138	4542780.29814167	0.0	3566677.20217031		Inactive	0.7973967595741164	1.102056201729428				0.782899282816394				0.008128930499666226		-0.5274696890189248	0.1396239298044757	1.102056201729428			0.8006423175022325	0.6323316126205862	-0.5272723697534561			1.129179156673653	0.782899282816394
QWIST GMBH	0.021243158727884293	No	No	No	66	LF	Germany								90.0																								Active																				0.0			
SOFTEC INTERNET SL	0.05485881492495537	No	No	No	62	U1	Spain	983044.55	198715.94	148886.29	2029511.27	1007149.13	2.091	49.625	5.0	989631.81	0.0	5028.43	984603.379	1039879.46	0.0	254955.04	784924.419	163868.33	1189160.0	-182010.869	525027.189	522005.34	3021.85		497334.95	102331.39	164770.59	230232.97	2029511.27	90184.45		25429.51	Active	0.167541118604474	-0.1270839292833467	1.824374775325677	-0.2548653262951036	-0.1334687693967289	-0.01124803253701328	0.1154386527861833		-0.06718537188920347	0.1808166373197543	-0.4411427868300701	-0.07044305859896095	-0.06913498223440163	0.05094848028321979	0.05542833754866874	0.02550269740068663	-0.4426007059316115	0.0	0.02465596498028489	0.25	-2.569827141281823		-0.01124803253701328
MARKOR TECHNOLOGY UK LIMITED	0.3195355236530304	No	No	No	62	U1	United Kingdom				82848.6834846977	-376244.403811413	0.18		2.0	0.0				82848.6834846977	0.0	0.0	82848.6834846977		0.0	-376244.403811413	0.0				459093.08729611	0.0	0.0	459093.08729611	82848.6834846977	0.0	-376244.403811413		Active	1.363208449072532	1.535008638879486				1.535008638879486						1.392468513946969		1.535008638879486		0.05882352941176459	1.363208449072532		1.392468513946969			1.363208449072532	1.535008638879486
NOMAD GAMES LIMITED	0.04640955477952957	No	No	No	62	U1	United Kingdom				405798.306780648	106569.601107837	1.357	26.262	16.0	80197.8090772855	40856.607628584	39341.2014487015	0.0	325600.497703362	67663.7006662602	12634.2043645352	245302.592672567	231993.322575058	1531.70086998879	105037.900237848	59320.8193318532	22308.5946619112	37012.2246699419		239907.886340957	11639.064361617	5728.74747878787	222540.074500552	405798.306780648	74569.1575520075	85692.6113624049	136454.062762725	Active	-0.07864070695338345	0.06778897295745658	-0.8123861517910018	-0.6642834151220446		-0.1888198881289218	-0.5422383541054129	-0.7040120482895916		0.1358505254963021	0.2202343279715656	0.2253461387120589	-0.5452904738911941	0.005295979068435969	0.02619889866900806	-0.1290115532734275	-0.07967615355380778	-0.001610875928811222	0.1540025201927118	0.06666666666666667	-0.08662171893885486	-0.2612273687939324	-0.1888198881289218
INFERMEDICA SP. Z O.O.	0.06244385987520218	No	No	No	62	U1	Poland	4905964.33205714	-2002448.50174487	-2052584.45826036	22379955.0478692	21021914.5743647	7.098	93.932	40.0	13981032.4242649	13501521.097041	152707.684065533	326803.643158316	8398922.6236043	0.0	1594461.40606376	6804461.21754054	6617256.31568911	3883696.77833532	17137987.8145775	174785.903448501	0.0	174785.903448501	174785.903448501	1183254.57005597	0.0	679595.190382002	503659.379673971	22379955.0478692	914866.215681761			Active	0.5890933008112428	1.17087906577112	-0.3432243760751144	1.02620343454434	-0.09208974963100312	0.5331505259791113	0.1109577111937427	0.5893756223096251	-0.05465991481188222	0.03649103448275864	1.183409745661051	-0.2488375508806316	0.5474281160345263	0.510017036585113	-0.2461029558668637	0.6358607974187599	0.6406109756496365	0.3956212305532952	-0.07703440166535833	0.0	-0.4962755934153369		0.5331505259791113
IMPLANET	0.14149491488933563	Yes	No	No	86	C1	France	7816000.0	-6676000.0	-6676000.0	10637000.0	-174000.0	0.715	-1.636	41.0	4228000.0	3095000.0	1027000.0	106000.0	6409000.0	3780000.0	1669000.0	960000.0	248000.0	410000.0	-584000.0	1844000.0	1674000.0	170000.0	170000.0	8967000.0	4143000.0	2870000.0	1954000.0	10637000.0	2579000.0	-2558000.0	3064000.0	Active	-1.049138661395086	-0.6588486140724946	-0.1164637374272102	-0.4123645634161887	0.8858757062146893	-0.265146804835924	0.0180915218162469	-0.3980941267989109	0.8858757062146893	-1.06687650737849	-0.5329566854990584	0.3265444670739986	-0.346825274215974	-0.1990752311922019	-0.1267006802721088	-0.3031189083820663	-1.180860947661815	0.3141025641025641	0.1502052334530528	-0.02380952380952381	0.08864499788940482	-13.41747572815534	-0.265146804835924
GO VOCAL	0.29780447483062744	No	No	No	47	U1	Belgium		-1000866.0	-1000866.0	3456979.0	-618204.0	0.657	-17.883	34.0	1447952.0	1000246.0	82189.0	365517.0	2009027.0	0.0	1012076.0	996950.0	721073.0	3101339.0	-3719543.0	1015177.0	1015177.0	0.0	0.0	3060006.0	561512.0	368557.0	2129936.0	3456979.0	643519.0	-1050979.0	570645.0	Active	0.9480809226696918	1.457612077168452	0.04092417251714002	4.326217208814271	-0.5450731094029752	0.07239567887370782	-0.664072020570014	0.02123649491651403	-0.5450731094029752	0.8166395774075579	2.126115814983894	0.1563126524492035	-0.2154823832571456	0.4579878006741924	0.02554216266127624	0.5985401459854016	0.3681445055812073	0.2915051073631065	-0.08665916096973923	-0.3061224489795918	-6.154543634106292	-0.4671570001809979	0.07239567887370782
STORYTOYS LIMITED	0.002660087775439024	No	No	No	58	U1	Ireland	14604790.0	109402.0	1011690.0	8814246.0	-4001303.0	0.596	-45.396	19.0	1743224.0	646853.0	1096371.0	0.0	7071022.0	0.0	1199609.0	5871413.0	4060295.0	281.0	-4001584.0	958220.0	958220.0	0.0	0.0	11857329.0	8507299.0	129323.0	3220707.0	8814246.0	1070286.0	-4786307.0	235343.0	Active	-0.1826048356059052	1.676575209390467	0.5540164338984456	inf	-0.9546781336349213	1.966306405447836	-0.2540377471678087	inf	-0.5800635078762219		1.476707828268041	0.4423041527897757	295.2147833474936	1.384371975707874	185.2992353440952	0.5809018567639257	-0.1825943540853798	0.0	0.5072921193957829	0.1875	0.7880506601489867	-0.0234165049163724	1.966306405447836
BUYTECH LIMITED	0.32563358545303345	No	No	No	46	LF	Cyprus	0.0	0.0	0.0	0.0	0.0				0.0	0.0	0.0	0.0	0.0	0.0	0.0	0.0		10000.0	0.0	0.0	0.0	0.0	0.0	0.0	0.0	0.0	0.0	0.0	0.0	0.0		Active																							
SENIOR COTTAGE	0.8300548195838928	No	No	No	47	LF	France	180000.0																															Inactive																							
CRITICAL PHARMACEUTICALS LIMITED	0.921830952167511	No	No	No	28	U1	United Kingdom	506025.407013209	-900918.466671144	-783789.752846163	340057.467025459	-7853607.35505734	0.038		10.0	58760.423391064	0.0	58760.423391064	0.0	281297.043634395	0.0	75705.0019768326	205592.041657563	60674.4056819009	19640.4926661546	-7873247.84772349	786573.196604484	786573.196604484	0.0	0.0	7407091.62547831	7050828.33034885	221412.739178651	134850.555950809	340057.467025459	-145707.737201818	-7125794.58184392	16244.3411622916	Inactive	-0.05920374041159505	-0.07238196314141233	0.2360337285021391	0.1668461880873164	-0.1425902120959154	-0.01114495544649502	-0.1152102387202137		-0.1777248517175816		-0.4662209131301541	-0.2542887724038562	-0.03683127828665245	-0.005605359491763193	-0.03683127828665245	0.08571428571428559	-0.05920233251244526	-0.05863902056295784	-0.07614814117454036	0.4285714285714285	-0.2290392084792646	-0.07872810429608659	-0.01114495544649502
CLOAPP AB	0.9714933633804321	No	No	No	70	U1	Sweden	0.0	-8423.60603160454	-8423.60603160454	19527.4503459924	15985.7069008859	5.514	81.863		0.0	0.0	0.0	0.0	19527.4503459924	0.0	1818.73312046007	17708.7172255323	6892.04129858554	14932.7561469353	1052.95075395057	0.0	0.0	0.0	0.0	3541.74344510646	0.0	287.168387441064	3350.29785347908	19527.4503459924				Inactive	-0.3571329763091677	-0.481141970186226	-0.0183767003523226		-0.9176521922125876	-0.4573139481622579	inf		-0.9176521922125876	0.1846004688449629	-0.6137875542369797	-0.6986244255467654		-0.4573139481622579		0.7034291010194624	-0.8909307444835911	-0.01837670035232534	-0.6814029641494374				-0.4573139481622579
FLOW TRADERS NV	0.022372016683220863	No	No	Yes	64	C1	Netherlands	476200000.0	194400000.0	159500000.0					609.0																								Inactive					3.353473373046088				3.412049459212747											-0.05727554179566564			
FRAGMENTUM LTD	0.9830965995788574	No	No	No	62	U1	United Kingdom				13504.7502293635	-603361.641347799	0.003		5.0	11481.3472584836	0.0	11481.3472584836	0.0	2023.40297087985	0.0	0.0	2023.40297087985	1434.18261800114	117.168100763644	-603478.809448562	0.0				616866.391577162	0.0	0.0	616866.391577162	13504.7502293635	0.0	-614842.988606282		Inactive	0.4763600712497926	-0.8607982855045236				-0.5561684799261671					0.3623975375769775	0.4048120545315829	-0.27753410903108	-0.8607982855045236	-0.27753410903108	-0.9090909090909092	0.4762083495079368	-0.03465626166973119	0.4048120545315829	0.0		0.4481416498420163	-0.5561684799261671
KING.COM	0.5841038823127747	No	No	No	na	NF	United Kingdom																																Active																							
WATER INNOVATE LIMITED	0.9055911898612976	No	No	No	37	U1	United Kingdom				609.499447241648	609.499447241648		100.0		0.0				609.499447241648	0.0	0.0	609.499447241648	158.852905843017	799.89761098257	-190.398163740921	0.0				0.0				609.499447241648				Inactive	-0.0298461228910189	-0.0298461228910189				-0.0298461228910189				0.0	-0.7471502834152199			-0.0298461228910189			-0.02984612289102125	-0.02984612289101819					-0.0298461228910189
FABULOUS & CIE	0.862415611743927	No	No	No	90	U1	France				9755.0	8738.0	1.235	89.575		8499.0	0.0	8499.0	0.0	1256.0	0.0	0.0	1256.0	1256.0	7500.0	1238.0	0.0	0.0	0.0	0.0	1017.0	0.0	-45.0	1062.0	9755.0	45.0	239.0		Active	0.005060961582700713	-0.8636264929424539				0.05917480998914224	-1.211267605633803			-0.05108213184741043	-0.8616892412729875	2.504950495049505	inf	-0.8636264929424539	inf	-0.9308084486525856	0.03685092127303183	0.0	0.9709302325581395		-1.211267605633803	-0.972509776857603	0.05917480998914224
VIBEWRITE UG (HAFTUNGSBESCHRAENKT)	0.5182549357414246	No	No	No	62	LF	Germany								1.0																								Inactive																							
DELVER LTD	0.8676977753639221	No	No	No	62	U1	United Kingdom				27968.0811456395	13035.0368457028	1.814	46.607	1.0	877.369634178015	0.0	877.369634178015	0.0	27090.7115114615	0.0	14208.4151283889	12882.2963830726	12381.4497497969	14.2084151283889	13020.8284305744	0.0				14933.0442999367	0.0	0.0	14933.0442999367	27968.0811456395	14208.4151283889	12157.6672115248	421.516315475537	Inactive	-4.360082207117338	12.82639425932646	inf			10.96431662531002					12.4554155829648	1.4019675703198	-0.3759404515440676	28.07609381005418	-0.3759404515440676	11.09333333333334	-4.343166274883441	-0.07612236888508098	1.4019675703198		inf	-3.300285042746853	10.96431662531002
HEALTH-CONNECTED LIMITED	0.3687281310558319	No	No	Yes	86	U1	United Kingdom				1238975.05468429	-113853.348555272	0.134	-9.189	2.0	1226629.58076197	0.0	1226629.58076197	0.0	12345.4739223245	0.0	0.0	12345.4739223245		0.0	-113853.348555272	1260393.98782396	0.0	1260393.98782396		92434.4154155998	0.0	0.0	92434.4154155998	1238975.05468429	0.0	-80088.9414932753		Active	3.26509940142068	-0.7819952260958095		21.99893900305366		0.3062088980410241	-1.0	-1.0		2.26545842217484		0.3509512384855643	0.3753023483997151	-0.7819952260958095	2033.802333802694	1.161290322580645	3.239164867842002	-1.0	-0.8995735920881345		-1.0	-0.9072819343806764	0.3062088980410241
APICA AB	0.08924592286348343	No	No	No	58	C2	Sweden	9173148.10777988	-5483430.99149933	-5484872.95612795	13013009.7910159	1699084.94646533	0.214	13.057	36.0	11207129.3392431	11141790.3170086	36499.7296620411	28749.1697831879	1805880.45177279	0.0	905193.295618619	900687.156154169	567322.958574194	313717.429514975	1385367.51695036	2887714.41439783	0.0	2887714.41439783	0.0	8426210.43015273	1488107.49673981	818855.663479766	6119247.26993315	13013009.7910159			2092470.92171178	Active	-1.137722769004133	-0.5618013890532653	-0.7171858185471772	-0.7412738999202593	2.379626826593989	0.4813912716806497	1.003323929187211	2.232963080889827	2.370243274065595		-0.6666512087615215	-0.3442019156013013	2.176425239703512	-0.6564217003366831	0.03821223673543218	-0.5946969696969697	-1.110335679240632	0.4328902753220565	-0.1539975203714106	-0.2340425531914894			0.4813912716806497
TIKK LIMITED	0.8142949938774109	No	No	No	62	U1	United Kingdom				7928.34590511313	-7674.98577974461	0.308	-96.804	1.0	3180.69670901832	0.0	3180.69670901832	0.0	4747.64919609481	0.0	0.0	4747.64919609481		0.0	-7674.98577974461	194.014510417336	0.0	194.014510417336		15409.3171744404	0.0	0.0	15409.3171744404	7928.34590511313	0.0	-10661.6679783456		Inactive	-1.583434214084221	-0.8146907885402112		inf		-0.6956754773099217	-1.0			-2.917138669940983		1.449919036189858	6.360553055901489	-0.8146907885402112	6.360553055901489	-0.8449144008056394	-1.589488818560312	-1.0	0.194758673839542		-1.0	-1.838002506651625	-0.6956754773099217
TOPCOM EUROPE	0.16178233921527863	No	No	No	46	C2	Belgium	31851000.0	-5986000.0	-6013000.0	15030000.0	-10437000.0	1.014	-69.441	59.0	851000.0	0.0	636000.0	215000.0	14179000.0	2615000.0	10064000.0	1500000.0	1352000.0	3753000.0	-14190000.0	11484000.0	11400000.0	84000.0	84000.0	13983000.0	6309000.0	5336000.0	2338000.0	15030000.0	7343000.0	196000.0	112000.0	Inactive	0.7636025684352822	0.948051948051948	-0.03987788589963747	-0.07461724415793715	3.114089347079038	-0.1068457333016401	0.2235725750974547		-0.1539327423666807	0.974550727934486	1.083204930662558	0.3891859774212715	-0.1116910229645094	-0.1065532451165721	-0.07153284671532846	-0.3394136807817589	0.4672732912832179	0.0	0.352844427244582	-0.2027027027027027	-0.3162305615047956	-0.9645825804119985	-0.1068457333016401
SCALEOGY LIMITED	0.9792657494544983	No	No	No	63	U1	United Kingdom				465.14328683371	-5738.89698123679	0.075			0.0				465.14328683371	0.0	0.0	465.14328683371	17.8901264166812	127.786617262008	-5866.6835984988	0.0				6204.0402680705	0.0	0.0	6204.0402680705	465.14328683371	0.0	-5738.89698123679		Inactive	1.033072801519449	-0.7137798489235918				-0.7137798489235918					-0.9889915326509073	0.3948264002455802		-0.7137798489235918		-0.7945205479452054	0.9951091471927558	0.08512035298198435	0.3948264002455802			1.033072801519449	-0.7137798489235918
NANOTETHER DISCOVERY SERVICES LTD	0.7969591617584229	No	No	No	72	NF	United Kingdom																																Active																							
SHAKE-ON B.V.	0.7798240184783936	No	No	No	82	U1	Netherlands				0.0	-256012.0													207689.0	-463701.0	256012.0	256012.0	0.0	0.0	0.0				0.0				Inactive	-6.828521992532556			inf		-1.0													-1.0				-1.0
TEACHNGO B.V.	0.7364474534988403	No	No	No	62	U1	Netherlands				33861.0	9059.0	1.365	26.753		0.0				33861.0	0.0	1111.0	32750.0	32750.0	1.0	9058.0	0.0				24802.0				33861.0		9059.0		Inactive	-0.8786340130221592	544.8333333333334	-0.9863508483113628	-1.0		-0.6083577186874704				-0.6901149052495019	544.8333333333334		-1.0	-0.5843082853530084		-0.8528619165678559	-0.8786457844884179	0.0	1.824507459287097			-0.8753508723650173	-0.6083577186874704
LETSBUILD DENMARK APS	0.0498434416949749	No	No	No	62	U1	Denmark		-1416093.60508795	-1416093.60508795	549048.23119385	-10569178.4504816	0.649		11.0	44680.6111895288	0.0	402.528028734494	44278.0831607943	504367.620004321	0.0	222597.999890175	281769.620114146	246212.977575932	35690.8185477918	-10604869.2690294	10340542.5301604	600303.466852709	9740239.06330771	0.0	777684.151515042	294382.165014493	32068.0662891813	451233.920211368	549048.23119385			1610.11211493798	Active	0.1521786922134411	-0.3111793125451499	-0.2357524932235711	0.1999736666279668	-0.4918282015914646	-0.261125222943964	-0.699274115795473		-0.4333381307350363		3.059809201584934	-0.2380514378106231	0.04159682475315536	-0.2796710906634527	-0.7861844355879941	0.2040816326530612	0.1515790814364805	-0.002194032743973991	-0.4013164196463854	-0.3125			-0.261125222943964
TOLINGO GMBH	0.01862388476729393	No	No	No	74	U1	Germany				4600704.42	3275875.55	3.656	71.204	41.0	757119.1	747058.68	10060.42	0.0	3843585.32	0.0	0.0	3843585.32	1160503.15	219057.0	3056818.55	273617.6	190000.0	83617.6	83617.6	1051211.27	0.0	0.0	1051211.27	4600704.42		2792374.05		Active	0.2059961986557064	0.03706718266451337		-0.3893036677209652		0.1220578760198673		1.020579459374897		0.07480980557903617	-0.3874034076230363	0.1232416093298149	0.9214689976856919	0.03706718266451337	-0.5861002977814092	-0.07676767676767672	0.2240659213962558	0.0	0.1232416093298149	-0.1276595744680851		0.00795578112772455	0.1220578760198673
SOAPBOX	0.7233514785766602	No	No	No	74	NF	United Kingdom																																Inactive																							
THE GENTRONIX LIMITED PARTNERSHIP	0.5841038823127747	No	No	No	na	NF	United Kingdom																																Active																							
SUGRU LIMITED	0.5841038823127747	No	No	No	na	NF	United Kingdom																																Inactive																							
KYMAB LIMITED	0.14991755783557892	No	No	No	74	U2	United Kingdom	1633139.28687631	-226989072.880533	-221390067.47782	23783671.3648409	-558254723.121279	0.026		145.0	8682031.22656263	920873.881590806	7761157.34497182	0.0	15101640.1382783	0.0	904738.419335147	14196901.7189431	32270.9245113174	70304.5141139414	-558325027.635393	818298.442965547	0.0	818298.442965547	818298.442965547	581220096.043154	569706291.190724	5298194.28494735	6215610.56748337	23783671.3648409	-4393455.86561221	-566118455.904876	3943967.98849028	Active	0.7428141222377233	-0.4117129537759865	6.4731802794451	-0.1400327092717262	0.5255353807699631	-0.2796724155327681	-0.4890139979102394	inf	0.5139701280327732		-0.9481421004812562	-0.4507587459025266	-0.0093732415298086	-0.377346300671176	-0.1144456934105582	-0.6231884057971016	0.7426581190967205	0.01863731197532201	0.649392700996419	-0.02027027027027027	-0.5712658238655257	0.7252837986818341	-0.2796724155327681
SECUSTREAM TECHNOLOGIES AS	0.8780446648597717	No	No	No	85	U1	Norway	2463.58645654344	-479167.565797699	-608711.153637608	1251193.971617	626264.20714048	21.934	50.053	6.0	24122.6173869878	2360.93702085413	16115.9614032217	5645.71896291205	1227071.35423001	0.0	0.0	1227071.35423001	134470.760752996	1485850.58160276	-859586.374462282	568985.822025845	0.0	568985.822025845	821.19548551448	55943.9424506739	0.0	-2668.88532792206	58510.1783429067	1251193.971617	2668.88532792206	1171127.41177934	4927.17291308688	Inactive	1.469110873065654	8.961739495386334	-1.0	inf	0.03953089050427729	3.001839497786626	-1.143615914818359	-0.9853675973049477	0.998273059185509	-0.3830062620186381	6.236032631232719	0.4471379089914961	-0.8705431910278211	8.714181356832954	-0.1148383563078486	9.249532710280373	1.801061803820403	1.650851033183169	-0.05204094195999315		-1.172806141407457	16.40098076062534	3.001839497786626
STARHOME MACH GMBH	0.37273988127708435	No	No	No	62	LF	Switzerland								4.0										128284.707313266														Active																		0.003782304982703156		0.0			
ALTERA DENMARK TECHNOLOGY CENTRE APS	0.08085324615240097	No	No	No	58	U1	Denmark	6292647.58818797	1461170.22601916	1759859.51014143	4269737.09211985	1866774.4047282	1.599	43.721		426583.705193996	32948.6153129032	370100.36465759	23534.7252235023	3843153.38692586	0.0	0.0	3843153.38692586	3292037.3642635	12950285.1435564	-11083510.7388282	0.0				2402962.68739165	0.0	65224.8099051349	2337737.87748652	4269737.09211985	-65224.8099051349	1440190.69953421	213291.852596998	Inactive	16.45139437168029	0.1462516153417202			0.09063073137554718	0.114952595679557	-0.2807856409770611	-0.6312139265139177	0.3588849387849249	14.65377730039384	0.01478250035346512	-0.3563256956813672	-0.105174125162033	0.1462516153417202	0.01722786814873793	0.7746947835738068	-0.1374687253160546	-0.0005144783887442348	-0.3544853863894324		-0.2807856409770611	-4.89501108112628	0.114952595679557
COPRIX MEDIA BG LTD OOD	0.7476359009742737	No	No	No	62	U1	Bulgaria	2045.15797885791	-26075.7642304383	-26075.7642304383	1022.57898942895	511.289494714477	2.0	50.0		0.0	0.0	0.0	0.0	1022.57898942895	0.0	0.0	1022.57898942895	1022.57898942895	511.289494714477	0.0	0.0	0.0	0.0	0.0	511.289494714477	0.0	511.289494714477	0.0	1022.57898942895	-1022.57898942895	511.289494714477		Inactive	-0.9807687308633944	2.599510348814676e-05	-1.0		0.888937990751036	-0.9636354183598733	-0.499987002448254	-1.0	0.888937990751036	-0.4711513036120366		-1.0	-1.0	-0.3333160032643455		1.0	-1.0	2.599510348814666e-05	-0.6666580016321715		-inf	inf	-0.9636354183598733
BIZIMPLY LIMITED	0.014180989004671574	No	No	No	62	U1	Ireland				1954553.0	-2079967.0	0.388		42.0	466367.0	417930.0	48437.0	0.0	1488186.0	0.0	314148.0	1174038.0	258686.0	16282.0	-2096249.0	199754.0	199754.0	0.0	0.0	3834766.0	2553385.0	23459.0	1257922.0	1954553.0	290689.0	-2346580.0	362819.0	Active	-0.2246523461162108	0.4756061541091285	0.4029098898743335	-0.2088950495049505		0.4561255817453216	-0.1775120959259519	0.4919677281165215			-0.4421949426100307	0.1036727030251983	0.4450238582140423	0.4596398239627603	0.1364852182074144	0.437037037037037	-0.2232970606249122	0.0	0.01652625289535476	0.05	0.4876307547440175	-0.1475862419697297	0.4561255817453216
GET LENSES CO UK	0.5841038823127747	No	No	No	na	NF	United Kingdom																																Active																							
SOUPOLOGIE	0.1430681049823761	No	No	No	56	LF	United Kingdom	142493.86724217							3.0																								Active																							
SALESOAR S.R.L.	0.053214751183986664	No	No	No	62	U1	Italy	1006113.0	189724.0	129641.0	822411.0	528869.0	2.825	64.307	2.0	5458.0	76.0	5382.0	0.0	816953.0	0.0	332676.0	484277.0	475828.0	14557.0	514312.0	4326.0	0.0	4326.0	0.0	289216.0	72997.0	79194.0	137025.0	822411.0	253482.0	527737.0	6438.0	Active	0.3247259091899636	-0.213955987235714	0.2836604131778578	-0.9360532150776053	0.3522447845021133	-0.06949502903829118	-0.5305575644050314	-0.9771359807460891	0.3625480839972253	0.4236661500996237	-0.2181571414957	0.2427444222746236	-0.3636469628075085	-0.06661251108247188	0.02455739577384352	0.3458789899952358	0.3370143914815739	0.0	-0.306359934189383	1.0	1.802020693314468	0.1515049028806333	-0.06949502903829118
ISVWORLD B.V.	0.07201829552650452	No	No	No	62	U1	Netherlands				831482.0	378559.0	0.502	45.528		660599.0	0.0	660599.0	0.0	170883.0	0.0	170883.0	0.0				112181.0	112181.0	0.0	0.0	340742.0				831482.0		-169859.0		Active	0.1164165811421359		1.712600800050797	inf		0.1744460986075838				-0.04942060757907932			0.02421307881460258	1.712600800050797	0.02421307881460258	1.935672514619883			-0.07631710920451619			-0.444721950709221	0.1744460986075838
INCREDIBLUE LIMITED	0.872355580329895	No	No	No	79	U1	United Kingdom				676.991038590305	-1995.34200847669	0.253		1.0	0.0				676.991038590305	0.0	0.0	676.991038590305	334.93240856573	1187.70357647422	-3183.04558495091	0.0				2672.33304706699	619.981266919542	2052.35178014745	0.0	676.991038590305	-2052.35178014745	-1995.34200847669		Inactive	-2.661157768092859	-0.7107660830161285				-0.7107660830161285	0.8705823009988533				-0.2466378050818677	-1.0		-0.7107660830161285		-0.8768257059396299	-55.6095922295961	0.03921238944381073	1.345263667250308	0.0	0.8705823009988533	-2.661157768092859	-0.7107660830161285
APEPTICO FORSCHUNG UND ENTWICKLUNG GMBH	0.18323279917240143	No	No	No	72	U1	Austria				1621463.3	-2972134.54	0.729			0.0	0.0	0.56	0.0	1621462.74	0.0	0.0	1621462.74	1467441.68	107350.01	-3079484.55	2370571.76	2293700.51	76871.25	76871.25	2223026.08	0.0	0.0	2223026.08	1621463.3		-601563.34		Active	-0.0009193378216984106	-0.3509233530626612		-0.02629925730754473		-0.350923274396273					-0.3744525501611908	-0.2683507612737474		-0.3509233530626612	0.0	-0.1131386861313868	-0.0008873183871209966	0.0	-0.2683507612737474			0.113449295581943	-0.350923274396273
WESUSTAIN GMBH	0.05103243142366409	No	No	No	62	U1	Germany				2053920.15	-1538731.57	2.596	-74.917	17.0	954628.5	950178.0	4450.5	0.0	1099291.65	0.0	0.0	1099291.65	867709.1	95015.0	-1633746.57	3169264.79	3134664.79	34600.0	34600.0	423386.93	0.0	0.0	423386.93	2053920.15		675904.72		Active	-0.3750380053536215	-0.0009482293856284895		-0.1753938158173426		0.01223026218157565		0.03045117715126033			0.1102292974987437	-0.1693316203326508	0.02784314449197712	-0.0009482293856284895	-0.3327246066516134	0.5288574793875148	-0.3611027876691527	0.0	-0.3464800729927424	0.0625		0.4937819742859571	0.01223026218157565
AJNS NEW MEDIA GMBH	0.46690449118614197	No	No	No	62	U1	Germany	2162499.3	-4250990.65	-4250990.65	1546910.46	-2902421.91			5.0	817958.76	394131.0	375689.0	48138.76	728951.7	86611.4	0.0	642340.3	43840.64	90355.0	-2992776.91	4449332.37	3743978.25	705354.12	705354.12	0.0				1546910.46	86611.4	728951.7	480508.18	Active	0.7405209995355728	0.2162996498609837		0.3144721808343445	0.09982724653850349	-0.1742191366943044		-0.5005544031011092	0.09805823975261449		-0.8372435941866369		-0.3558430649379311	0.207959499090797	-0.1314294195804244		0.7182228260314788	0.2172794266237353	-1.0	-0.9264705882352942	2.04370943499531	0.6289087489882611	-0.1742191366943044
RELEX SAATIO PAREMPAAN TULEVAISUUTEEN SR	0.1789882779121399	No	No	No	94	LF	Finland	100000.0							2.0																								Active																				0.0			
JAEGER	0.01839534379541874	No	No	No	47	LF	United Kingdom	15896519.2235248							130.0																								Active																							
THE KIMONO COMPANY LIMITED	0.9882093667984009	No	No	No	47	U1	United Kingdom				2.90381699225022	2.90381699225022		100.0		0.0				2.90381699225022	0.0	0.0	2.90381699225022	2.90381699225022	2.90381699225022	0.0	0.0				0.0				2.90381699225022				Inactive	-0.03746802812490976	-0.03746802812490976				-0.03746802812490976				0.0	-0.03746802812490976			-0.03746802812490976				-0.03746802812490976					-0.03746802812490976
RELAVANCE HOLDING SA	0.16200649738311768	No	No	No	64	LF	Switzerland								4.0										106903.922761055														Active																		0.003782304982701487		0.0			
STOPANGO SP. Z O.O. W LIKWIDACJI	0.9397580027580261	No	No	No	63	U1	Poland	72369.152845596	-26007.664303886	-26007.664303886	177304.42447171	-40029.1876677203	0.236	-22.577		125967.556671865	112398.340513316	13569.2161585492	0.0	51336.8677998446		48623.0245681348	2939.99683435234		1130.76801321244	-41159.9556809327	0.0				217333.61213943	0.0	0.0	217333.61213943	177304.42447171		-165996.744339586	10855.3729268394	Inactive	1.558360190717003	1.912483493951832	2.853439699690135		0.5381657947391988	0.4853713184311236	-1.0	0.09971836390811188	0.5381657947391988	0.7223832773878548		3.305994827211857	0.1913003900357414	2.767143892461907	2.840637574441963	1.336633663366336	1.434314562108997	-0.103851232630199	0.6097176924156474			0.3675118404354055	0.4853713184311236
HYPIOS SAS	0.8219788074493408	No	No	No	63	U1	France	95004.0	-464042.0	-368473.0	575312.0	-52575.0	0.434	-9.139		306159.0	299624.0	1734.0	4801.0	269153.0	0.0	86523.0	182630.0	8002.0	140494.0	-193069.0	7705.0	7705.0	0.0	0.0	620181.0	0.0	445666.0	174515.0	575312.0	-359143.0	-351028.0	142379.0	Inactive	-0.7212368969411616	-0.07315587809891141	0.2537929835238882	inf	-0.4561629675813396	-0.1771524031282717	-0.2670147940429101	-0.2922412612025266	-0.5436968587697116	-0.6612048192771085	-0.8884054332970741	0.4298179494322185	-0.2931279697449656	0.01164801130597548	-0.6514572864321608	0.4466666666666667	-0.3382654355262166	0.3618906369655199	-0.3014201812623483		-0.3336938735375858	-0.4353921379399087	-0.1771524031282717
SIM4TEC GMBH	0.2927025854587555	No	No	No	62	U1	Germany				515233.0	299468.06		58.123	7.0	137838.0	9661.0	128177.0	0.0	377395.0	70548.49	0.0	306846.509	264876.909	83530.0	215938.06	215764.94	187174.87	28590.07	28590.07	0.0				515233.0	70548.49	377395.0		Inactive	0.9388302757297757	-0.258915541880793		-0.357296276207576		0.01589285445991576		-0.6606841809497049		0.9084879330159251	-0.2921635676013862		0.4801885528133441	-0.08852940845451128	0.9826319970697567		2.044463753510412	0.0	-1.0	0.0		-0.04950416150926427	0.01589285445991576
DINNR LTD	0.6185305714607239	No	No	No	56	U1	United Kingdom				43040.1990970266	27704.1290124702	2.806	64.368		0.0				43040.1990970266	0.0	0.0	43040.1990970266	41662.8942695757	173.028244654642	27531.1007678156	0.0				15336.0700845564	0.0	0.0	15336.0700845564	43040.1990970266	0.0	27704.1290124702		Inactive																							
NONOBA	0.6088275909423828	No	No	No	62	NF	Denmark																																Active																							
VRAPIT B.V.	0.41816845536231995	No	No	No	62	U1	Netherlands				13270.0	-38738.0	0.255			0.0				13270.0	0.0	13270.0	0.0				0.0				52008.0				13270.0		-38738.0		Inactive	0.06713313682818656		-0.2827027027027027			-0.290753607696419							-1.0	-0.2827027027027027		-0.2410714285714286			-0.05458908218356329			0.06099531647996494	-0.290753607696419
CAMPING-CAR PARK	0.40163227915763855	No	No	No	82	U1	France				7836010.0	995067.0	1.09	12.699		1559770.0	505049.0	1052252.0	2469.0	6276240.0	1171240.0	613733.0	4491267.0	4021071.0	104794.0	890273.0	1081179.0	1026967.0	54212.0	35000.0	5759764.0	273949.0	2698629.0	2787186.0	7836010.0	-913656.0	516476.0		Active	0.1442233833614674	0.4287486197696387	-0.3956697739865433	0.320019339171712		0.2893312581642322	0.1635060709823342	0.2230832754140522		-0.112516597945349	0.400804516495828	0.3468075976720677	-0.0168415917160472	0.3974876466459798	-0.1000316452989626	0.0654936461388076	0.1639837876707851	0.0	0.3123569392577132		-0.05983414333975096	4.052691306814847	0.2893312581642322
MIND CANDY LIMITED	0.022040629759430885	No	No	No	58	U2	United Kingdom	4160211.99604157	-4387256.39050698	-4387256.39050698	2575680.78921043	-20213315.3947483	0.073		26.0	921556.181137617	874861.305902759	46694.875234858	0.0	1654124.60807281	0.0	173801.979153809	1480322.628919	986780.329707062	164.812221611371	-20213480.2069699	0.0				22788996.1839587	21235337.8790878	189026.940325041	1364631.36454593	2575680.78921043	-15224.9611712322	-21134871.5758859	1152141.15703513	Active	0.1010332852439911	-0.1392376157662107	11.20099337933907		-0.4722857532856111	-0.1684839397575384	0.0628464357143837	-0.3219360218896876	-0.4722857532856111		0.3252407967121707	-0.2579611541771654	-0.3241474443075537	-0.04607838491070578	-0.3630667382563436	-0.09876543209876551	0.1010325590796991	0.01863731197532474	0.06212359404315082	-0.2352941176470588	-0.9069406292535585	0.07163706175419711	-0.1684839397575384
LE CICOGNE S.R.L. IN LIQUIDAZIONE	0.9726563096046448	No	No	No	62	U1	Italy	139756.0	1837.0	1837.0	1290.0	-52872.0	0.024		2.0	0.0	0.0	0.0	0.0	1290.0	0.0	0.0	1290.0	917.0	73370.0	-126242.0	0.0	0.0	0.0	0.0	54162.0	0.0	0.0	54162.0	1290.0	0.0	-52872.0	840.0	Inactive	-0.05323663712060166	-0.9497722228711599	-1.0	-1.0	-1.008737009821407	-0.9749582637729549	-1.0	-1.0	-1.008737009821407		-0.8362792358507409	-0.4587101867860605	-1.0	-0.9608414534195429	-1.0	-0.923076923076923	-0.02300816468676237	0.0	-0.4868349992894026	-0.5	-1.0	-0.2717555990193108	-0.9749582637729549
ETHICALBOX LTD	0.7401376366615295	No	No	No	47	NF	United Kingdom																																Inactive																							
BASIC-FIT N.V.	0.003914972301572561	Yes	No	No	93	C1	Netherlands	1049273000.0	-1716000.0	-2679000.0	3234575000.0	403976000.0	0.315	12.489	8182.0	3057700000.0	248782000.0	2716071000.0	92847000.0	176875000.0	23790000.0	41349000.0	111736000.0	70934000.0	3960000.0	400016000.0	2269883000.0	2262494000.0	7389000.0	836000.0	560716000.0	18000000.0	120488000.0	422228000.0	3234575000.0	-55349000.0	-383841000.0	390938000.0	Active	-0.00350028984077258	0.2866733455395493	0.1599899006901195	0.1405593249550662	-0.4536771728748806	0.1347781348812782	-0.1922610228803958	0.00551293761973664	-0.2733930024410089	-0.1218534664604134	0.6302918869225466	0.4442107135405443	0.1295434135579934	0.2336099874459478	0.1450938480218557	0.0	-0.003534818837420753	0.0	0.2327248663871661	0.0817028027498678	-0.4024592995638468	0.2323174274991252	0.1347781348812782
CELLCRYPT LIMITED	0.4306221008300781	No	No	No	58	U1	United Kingdom				6132494.49633844	5730827.51921022	15.268	93.45		0.0				6132494.49633844	0.0	0.0	6132494.49633844		0.0	5730827.51921022	0.0				401666.977128221	0.0	0.0	401666.977128221	6132494.49633844	0.0	5730827.51921022		Active	-0.03535780788687055	-0.02869481374636593				-0.02869481374636593				-0.006865329025675914		0.07749141754654695		-0.02869481374636593		-0.09854165436618058	-0.03535780788687055		0.07749141754654695			-0.03535780788687055	-0.02869481374636593
AMAZON TRANSPORT NETHERLANDS B.V.	0.08946868032217026	No	No	No	49	U2	Netherlands		1400000.0	1049000.0	36259000.0	25884000.0	4.341	71.386	35.0	9256000.0	0.0	9009000.0	247000.0	27003000.0	0.0	27003000.0	0.0		2137000.0	23747000.0	4155000.0	4059000.0	96000.0	96000.0	6220000.0				36259000.0		20783000.0	2639000.0	Active	0.04219681108068932		-0.03228927752293578	-0.3270165208940719	0.1904761904761905	-0.1055332165675802			0.1813063063063063	0.1651623222942203			-0.2673157603102984	-0.03228927752293578	-0.2539748261013581	0.4820757937862754	0.04616943477686242	0.0	-0.3471187152303978	0.0		0.1309245252217446	-0.1055332165675802
RETIDOC	0.11966801434755325	No	No	No	62	U1	Bulgaria	29143.3258039124	0.0	0.0	32722.3307271999	0.0		0.0	2.0												0.0							0.0					Active																				0.0			
CLIMPACT	0.8443820476531982	No	No	No	70	U1	France	595897.0	-84800.0	-84800.0	232393.0	-65300.0	1.034	-28.099	4.0	63866.0	45307.0	18544.0	15.0	168526.0	0.0	0.0	168526.0	73483.0	19500.0	-84800.0	134785.0	134785.0	0.0	0.0	162908.0	52134.0	49911.0	60863.0	232393.0	-49911.0	5618.0	25001.0	Inactive																							
OMNI3D SP. Z O.O.	0.7243909239768982	No	No	No	28	U1	Poland	1197743.40152605	-391658.412595786	-391658.412595786	4565361.80178447	366130.471434229	0.223	8.02	23.0	3666824.26918803	103261.671905759	218252.397858721	3345310.19942355	898997.495500252	359461.009328957	433285.055390758	106251.430780536	100731.875934794	33117.3290744529	333013.142359776	159837.109074616	0.0	159837.109074616		4039394.22127563	908426.735028395	266548.502758964	2864418.98348827	4565361.80178447	525967.580508845		210663.009945825	Active	-0.2762244174754512	0.03710177436697005	0.2572650971195939	1.98975472708308	-66.6721288466518	0.7054566917601477	-0.2889580134883822	-0.5068065487568737	-66.6721288466518	-0.5755940096311584	0.3950792860340803	1.068018673524407	0.8806624601773001	0.2363078640511616	2.473510968108592	-0.3498542274052479	-0.3026393597386114	0.1690560378178293	0.9077340566389612	-0.1481481481481481	1.106992700506532		0.7054566917601477
FERMENTALG	0.03394173085689545	Yes	No	Yes	47	C1	France	5302000.0	-13273000.0	-14148000.0	50244000.0	30846000.0	5.191	61.392	69.0	28975000.0	14989000.0	10815000.0	3171000.0	21269000.0	6806000.0	1078000.0	13385000.0	11162000.0	2053000.0	28793000.0	15301000.0	14338000.0	963000.0	282000.0	4097000.0	1016000.0	1436000.0	1645000.0	50244000.0	6448000.0	17172000.0	3485000.0	Active	-0.2652215340638399	-0.2782031924072476	-0.1979166666666667	0.3939145486016216	0.3442373911282155	-0.1267987486965589	-0.05650459921156373	0.04343891402714932	0.4328539598946729	-0.1585295649551796	-0.2980757137466986	-0.2623318385650224	-0.07250320102432778	-0.1912927756653992	-0.1404387219837864	-0.09548701864436314	-0.285444844273483	0.2183976261127596	-0.1060440759327951	0.01470588235294118	0.03432787937119024	-0.2092830501450477	-0.1267987486965589
IOMET PHARMA LTD.	0.0846175104379654	No	No	No	72	U1	United Kingdom		410090.840958693	410090.840958693	9338065.69842018	9152152.90231048	50.228	98.009		0.0				9338065.69842018	0.0	0.0	9338065.69842018	9298016.32856862	593.554504404587	9151559.34780608	0.0				185912.796109699	29525.5908618189	0.0	156387.20524788	9338065.69842018	0.0	9152152.90231048		Active	0.06642167097074012	0.06896177717069991			-2.899207053138847	0.06896177717069991			-3.286712296596408	-0.002381849088484622	0.06701640072808213	0.01863731197532133		0.06896177717069991		-0.1172583479789103	0.06642491557678196	0.01863731197532173	0.2109539945472426			0.06642167097074012	0.06896177717069991
A J TEAM PRODUCTS LIMITED	0.8755210638046265	No	No	No	na	U1	Ireland				143801.0	31521.0	1.239	21.92		27907.0	0.0	27907.0	0.0	115894.0	46518.0	61927.0	7449.0	6259.0	144.0	31377.0	18745.0	0.0	18745.0		93535.0	77222.0	1344.0	14969.0	143801.0	107101.0	22359.0	4703.0	Inactive	-0.3835970041261709	0.4756339144215531	0.5902775994453147	0.4621684867394696		0.1661179408998021	inf			-0.4713996334523006	0.7366814650388457	-0.3300662370211243	1.042374121779859	0.05692554627366578	1.042374121779859	-0.3291824580400649	-0.3846802502304238	0.0	0.5757509392004583		0.0238709800772437	-0.5554252082794823	0.1661179408998021
GALAPAGOS NV.	0.0008907277369871736	Yes	No	No	72	C1	Belgium	410122000.0	72379000.0	74082000.0	4135719000.0	2896939000.0	9.966	70.047		796269000.0	234872000.0	122898000.0	438499000.0	3339450000.0	51192000.0	47476000.0	3240782000.0	3117573000.0	293937000.0	2603002000.0	903699000.0	0.0	903699000.0	2099000.0	335081000.0	0.0	98877000.0	236204000.0	4135719000.0	-209000.0	3004369000.0		Active	0.03626206642948154	-0.1353376918873692	1.713844746770321	-0.2247259256844459	-0.675991333387052	-0.05087373284411148	-0.2656903299592285	0.1894481497799588	-0.6500564486034285	0.09180603831226523	0.4007578967421853	-0.09682402514472749	0.5375194055903547	-0.1302392183990432	-0.02709763222267082	0.02837684449489202	0.04052279534655218	0.0	-0.1542181690599451		-0.9951599082929993	-0.1274802697973616	-0.05087373284411148
INTYMNA.PL SP ZOO	0.2848224341869354	No	No	No	na	NF	Poland																																Active																							
TOCARIO GMBH	0.4279686212539673	No	No	No	62	LF	Germany								5.0																								Inactive																				0.0			
SHOPITIZE LTD (FOREIGN CO)	0.5841038823127747	No	No	No	na	NF	United Kingdom																																Active																							
WONDER SWAMP	0.21240395307540894	No	No	No	59	U1	Bulgaria	1533.82861210993	-1022.55240807328	-1022.55240807328	3578.93342825649	-21984.8767735756	0.214		1.0	511.276204036642	0.0	511.276204036642	0.0	3067.65722421985	0.0	1533.82861210993	1533.82861210993	1533.82861210993	511.276204036642	-22496.1529776122	11248.0764888061	0.0	11248.0764888061	0.0	14315.733713026	0.0	511.276204036642	13804.4575089893	3578.93342825649	-1533.82861210993	-11248.0764888061	511.276204036642	Active	0.04874179605378281	-0.4000221352808584	-3.689213476656732e-05	-3.689213476474833e-05	-0.9473703627439354	-0.3000258244943373	-0.5000184460673813		-0.9473703627439354		-3.689213476656732e-05	-3.689213476872505e-05	-0.5000184460673813	-0.2500276691010762	-0.5000184460673813	-0.2246376811594204	0.04758039871595576	-3.689213476656742e-05	-0.03451837861287592	-0.6666666666666666	-3.689213476656732e-05	0.04758039871595576	-0.3000258244943373
HOLIDU GMBH	0.27027323842048645	No	No	No	79	C2	Germany	68005295.0	-39170118.0	-39554889.0	112736950.0	53352308.0	4.8	47.325	459.0	25133089.0	24397421.0	734738.0	930.0	87603861.0	0.0	4363602.0	83240259.0	78977636.0	249115.0	53103193.0	41132384.0	19996241.0	21136143.0	20773566.0	18252258.0	1.0	3212436.0	15039821.0	112736950.0	1151166.0	69351603.0	2088493.0	Active	1.830830919847071	1.5276334243317	1.441555665720319	2.019047005298036	0.9526820258578789	2.062320755403754	1.326025064369727	13.62138651765659	0.9691601915191012	-0.075593319660123	2.39878387201668	4.07764123201788	10.99988015918298	1.523169029753217	0.7254134836896154	-0.399549662246685	1.84276432839716	0.4939699065050646	3.202632064901795	0.6630434782608695	1.831214123040448	1.283050991580033	2.062320755403754
TABFOUNDRY S.R.O.	0.3545651137828827	No	No	No	68	LF	Czech Republic	3935.08261987967																	7870.16523975934														Active																		0.01224426377752838					
TAILS.COM	0.5841038823127747	No	No	No	na	NF	United Kingdom																																Active																							
THE MEDIA FACTORY LIMITED	0.24786241352558136	No	No	No	62	U1	United Kingdom				171488.823422869	100806.941434968	2.394	58.783		2273.58939223144	0.0	2273.58939223144	0.0	169215.234030637	0.0	0.0	169215.234030637	151805.079966176	119.411207575181	100687.530227393	0.0				70681.8819879011	0.0	0.0	70681.8819879011	171488.823422869	0.0	98533.3520427363	758.261168102399	Inactive	-0.1819350472360751	0.09477640947835472	-1.0			-0.05200282037994335				-0.1370669406928949	-0.01786253857111377	0.2256300048018641	-0.2512810715366699	-0.04860048916466207	-0.2512810715366699	-0.2237354085603113	-0.1821102677992571	-0.001577017138448743	0.2256300048018641		-1.0	-0.1801829893245915	-0.05200282037994335
HUBLO	0.2985679805278778	No	No	No	96	LF	France	540000.0																															Active																							
OKKAM S.R.L.	0.029954956844449043	No	No	No	62	U1	Italy	490356.0	3940.0	1071.0	833950.0	134807.0	1.296	16.165	7.0	404829.0	399896.0	1473.0	3460.0	429121.0	0.0	166530.0	262591.0	17870.0	10000.0	124807.0	368068.0	49961.0	318107.0	0.0	331075.0	72633.0	108800.0	149642.0	833950.0	57730.0	98046.0	589.0	Active	0.3821255741469816	-0.6088006483465078	-0.3335334373874415	-0.4067419062631967	-0.6925238020914625	-0.3456018117087801	-0.2689056431345671	0.1399576395599759	-0.6735751295336787	1.111967598641233	2232.75	-0.4181270973235915	0.1459770537930878	-0.5341292519074687	-0.2856450048496605	-0.2169184290030211	0.4257791080241272	0.0	-0.4049940423023491	-0.2222222222222222	-0.4287099711039861	-0.7311546972384992	-0.3456018117087801
MOBALOO SOCIEDAD LIMITADA	0.8452441096305847	No	No	No	73	U1	Spain	605509.23	-1096621.99	-1096621.99	483683.53	-848356.18	0.156		4.0	390017.43	260515.12	36879.05	92623.26	93666.1	6050.0	87616.1	0.0		113345.0	-961701.179	733314.34	733139.07	175.27	175.27	598725.37	389027.38	28656.75	181041.24	483683.53	65009.35		134093.23	Inactive	-4.287812170811828		-0.8380989135495271	0.3290902719019388	-86.3033895865988	-0.5748984630135798	7.440073395143903	-0.3545958654416674	-101.5329984745253			0.0427099213998848	-0.3463064638803281	-0.8269194434176066	-0.6383364066050808	-0.9054545454545455	-7.646833634664843	0.0	0.825188076792685	-0.4285714285714285	-0.8791142723326993		-0.5748984630135798
CONFERENSUM	0.4770519733428955	No	No	No	58	LF	France	410000.0																															Inactive																							
ALTERNATIVE VISION OF BUSINESS	0.6226877570152283	No	No	No	58	U1	France				454279.0	-1216982.0	0.172		10.0	194306.0	177427.0	1745.0	15134.0	259972.0	13216.0	15151.0	231605.0	65063.0	330290.0	-1547272.0	156201.0	58040.0	98161.0	0.0	1515062.0	367.0	195811.0	1318884.0	454279.0	-167444.0	-1255090.0		Active	1.283135502437944	0.2250667795086086	-0.741635687732342	inf		-0.08432353113101249	-0.08052254189773618	-0.141188599972894			1.01714462873973	0.8416489444147328	-0.1363333303700806	-0.04117137219466317	-0.5109304932735426	-0.3460076045627377	0.7922325531291373	0.0	0.4721560130010834	-0.09090909090909091	0.2793801908633165	0.6557697128006227	-0.08432353113101249
SPOTIFY AB	0.004606203641742468	No	No	No	63	U1	Sweden	8006984809.2525	-183208455.398645	-170767454.951247	5587158807.18217	2429655965.06645	0.934	43.486	1706.0	2718736707.91907	150932330.256633	84131246.0114796	2483672140.30028	2868423090.61378	13371067.632861	30533060.2743742	2824519052.82934	1256635133.37928	10994.9802932568	2429644970.08615	87910184.6891563	0.0	87910184.6891563	7493980.29774741	3069593558.65446	0.0	393931939.103955	2675660628.19982	5587158807.18217			239515551.936199	Active	0.06949081085424813	0.2869157220772438	0.2351010769788812	-0.07550939659565511	-0.5592812531022922	0.08089329578587512	-0.03197918717868548	-0.5278973879843871	-0.600792203786562	-0.01055745164960195	0.3034011282680296	0.1170945932767939	-0.06873069337765754	0.2750629885490717	-0.4073410714151877	0.1631382316313823	0.06949113517850225	0.002323418675441177	0.09544507149397664	-0.07583965330444203			0.08089329578587512
OMIXY LTD	0.5126276612281799	No	No	No	62	U1	United Kingdom				704864.407868712	651364.675873307	12.76	92.41		22227.11906918	10761.0185540706	11466.1005151094	0.0	682637.288799532	0.0	0.0	682637.288799532	654386.830152407	186.099699753748	651178.576173553	0.0				53499.7319954048	0.0	0.0	53499.7319954048	704864.407868712	0.0	629137.556804127	3144.03647682564	Inactive																							
WEAVEWORKS LTD	0.4812021255493164	No	No	No	62	U1	United Kingdom				1846392.99973926	-39016806.711029	0.042		42.0	138819.361331176	0.0	111459.867832421	27359.4934987542	1707573.63840809	0.0	80047.5350915953	1627526.10331649	531205.933634284	2.26289181578547	-39016808.9739208	0.0				40863199.7107682	39975727.4839944	235180.083522768	652292.143251057	1846392.99973926	-155132.548431173	-39155626.0723602	68573.542139655	Inactive	0.3838530698819379	-0.644901682365552	4.57927225332974			-0.6123168061984732	0.5219632307484227				-0.8551673188289678	-0.2113371927047171	-0.1585433461188384	-0.6285992906454355	-0.3243835259797981	-0.7	0.383853033706586	-0.0460949118522607	0.2398958618010695	0.07692307692307693	0.1066916563232346	0.3806977778724335	-0.6123168061984732
IORGA GROUP SOCIETE PAR ACTIONS SIMPLIFIEE	0.27792394161224365	No	No	No	na	NF	France																																Active																							
CUREX.CO SP. Z O.O.	0.1676061451435089	No	No	No	70	U1	Poland	477671.475608602	59105.2331398221	53355.6968421741	1213842.10315946	321514.06976448	1.306	26.487	4.0	48066.1234483379	24378.0339020278	23688.08954631	0.0	1165775.97971112	91992.5807623691	917396.011652726	156387.387296027	93372.4694738046	57495.3629764807	264018.706787999	0.0				892328.03339498	0.0	461112.811071375	431215.222323605	1213842.10315946	548275.78134372		45996.2903811845	Active	0.2912702293960903	0.3672851756187173	0.7812801073423791		-0.3620768769372418	0.6158029783951036	2.023610415936245	inf	-0.365815873718233	-0.2008508327299059	0.2279545582416571	0.2329702489799917	0.2895337572707242	0.6323497456836099	-0.3644881483306975	-0.0809289232934553	0.3488102411904325	0.079753146040078	0.7759398925966511	0.0	0.226360886212267		0.6158029783951036
NANOBIOTIX	0.008507369086146355	Yes	No	Yes	72	C1	France	36208000.0	-39580000.0	-39700000.0	93897000.0	-1843000.0	1.751	-1.963	102.0	6558000.0	8000.0	6251000.0	299000.0	87339000.0	0.0	905000.0	86434000.0	75283000.0	1414000.0	-3257000.0	45867000.0	45544000.0	323000.0	323000.0	49873000.0	3824000.0	6695000.0	39354000.0	93897000.0		37466000.0	1518000.0	Active	-0.9318543168792753	0.6540492957746479	7.96039603960396	-0.06160235688857973	-0.3059914783188091	0.5709983436229483	0.6741685421355339	7.0	-0.3040093967497063	-0.9566178258083051	0.8189571856576785	0.297185048454084	-0.1152185644900162	0.6681437057127032	-0.1220505617977528	0.268840579710145	-0.8840553914065004	0.3518164435946463	0.3146615352172079	0.0		1.598016781083143	0.5709983436229483
SPARUS SOFTWARE SAS	0.27792394161224365	No	No	No	na	NF	France																																Active																							
FLATOUT TECHNOLOGIES GMBH	0.9704211950302124	No	No	No	62	U1	Austria				30424.12	-220090.4	1.876			0.0	0.0	0.14	0.0	30423.98	0.0	0.0	30423.98	2849.53	38182.0	-258272.4	234297.85	220397.85	13900.0	13900.0	16216.67	0.0	0.0	16216.67	30424.12		14207.31		Inactive	1.752689054263108	-0.709189147234657		0.429860633994916		-0.7095251857302424					-0.7816599340427618	-0.2216000890879715	-1.0	-0.709189147234657	-0.9988478314542013	-0.6264436479490243	1.186216661394525	0.0	-0.2216000890879715			-0.8304301682818834	-0.7095251857302424
MINDEREST SL	0.05868015065789223	No	No	No	62	U1	Spain	6216686.17	915704.8	958367.85	4658006.73	3155982.15	2.543	67.754	97.0	838467.4	20800.0	101439.66	716227.74	3819539.33	0.0	1187297.71	2632241.619	2098661.569	12500.0	3143482.15	0.0				1502024.58	0.0	83588.6	1418435.98	4658006.73	1103709.109		48666.96	Active	0.02969685024718834	0.2923451163817619	0.02619350800540945		-0.202732847172698	0.3485596860522845	3.163875841792983	-0.1111111111111111	-0.04638611547328143	-0.2364455964388347	0.0575010375158475	2.843756612047541	2.221482023104822	0.1959281294266027	-0.1418003674094889	-0.6901803118908382	0.02981846046772952	0.0	2.860272501480154	0.04301075268817205	-0.02920899384310561		0.3485596860522845
HOFFMEISTER GMBH	0.2001734972000122	No	No	No	27	U1	Germany	5264843.0			4082332.75	1859025.43	3.57	45.538	43.0	538352.91	399555.67	138797.24	0.0	3543979.84	3065490.99	0.0	478488.85	187293.16	250000.0	1609025.43	1230505.9	980999.9	249506.0	249506.0	992801.42	0.0	0.0	992801.42	4082332.75	3065490.99	2551178.42		Inactive	0.01552565070991774	-0.1871445330789939		-0.1187837816431017		0.02582919594171027		0.240818854912028		-0.01004347826086964	4.085353430037317	0.3192183461764043	0.02883678127319645	0.02537386250737479	-0.3103379808600078	-0.2227302416721098	0.01798130209847413	0.0	0.3192183461764043	-0.06521739130434782	0.06899852516826599	-0.05641660775261666	0.02582919594171027
FRIENDSCLEAR	0.10458812862634659	No	No	No	66	C1	France	50000.0	-402000.0	-402000.0	519000.0	519000.0		100.0		0.0	0.0	0.0	0.0	519000.0	0.0	80000.0	439000.0	439000.0	0.0	519000.0	0.0				0.0		0.0		519000.0		519000.0		Inactive	3.361344537815126	2.919642857142857	10.42857142857143		20.15789473684211	3.0546875	-1.0		20.15789473684211	0.07562735965752032	2.919642857142857		-1.0	3.361344537815126			3.361344537815126		-1.0			3.718181818181818	3.0546875
NOVA LIGNUM B.V.	0.696520209312439	No	No	No	16	U1	Netherlands				6001884.0	1810293.0	0.139	30.162	2.0	5754487.0	2465036.0	3234829.0	54622.0	247397.0	0.0	246809.0	588.0	588.0			2407592.0	2407592.0	0.0	0.0	1783999.0				6001884.0		-1536602.0		Inactive	-0.004513060214462469	-0.998045388213159	-0.2688657167402316	0.1889343209876543		0.295481462407108		0.4927308400348803		-0.2315805564047693	-0.998045388213159		0.4405881528286111	-0.6124715498349773	0.3805294514292543	-0.8281829419035847			1.259837073762694	0.0		9.17347722457627	0.295481462407108
ABTRAN UNLIMITED COMPANY	0.030463220551609993	No	No	No	82	U1	Ireland	60330308.0	-2587010.0	-2602661.0	23634328.0	4619312.0	0.991	19.545	1488.0	5407109.0	186521.0	5145575.0	75013.0	18227219.0	0.0	6422298.0	11804921.0		63641.0	4555671.0	625000.0	625000.0	0.0	0.0	18390016.0	4867051.0	2000385.0	11522580.0	23634328.0	4421913.0	-162797.0	2056183.0	Active	-0.3603808820664381	0.8114586536590636	-0.2409264664201782	52082.33333333334	-1.68762072188999	0.09544374218486314	-0.2679396210340485	-0.2208976420709676	-1.726088207076195	-0.4161139989245383		0.007771219985506037	-0.1804440336558341	0.2169725808896138	-0.1810569153566898	-0.05076628352490425	-0.3635848407142893	0.0	0.2812544829062756	-0.01129568106312292	-0.2280402188135293	-1.260735100748426	0.09544374218486314
EPTECA GMBH	0.07738316059112549	No	No	No	63	LF	Switzerland								4.0										5986619.6746191														Active																		0.003782304982702572		0.0			
IPERCAST NETWORK	0.7420758008956909	No	No	No	62	U1	France	1148645.0	-458015.0	56316.0	1222259.0	-2483440.0	0.304			95177.0	69607.0	15827.0	9743.0	1127082.0	0.0	769693.0	357389.0	4072.0	150000.0	-2633440.0	0.0	0.0	0.0	0.0	3705700.0	2014.0	1672495.0	2031191.0	1222260.0	-902802.0	-2578618.0	110400.0	Inactive	-0.03165343468172076	-0.2500052463474929	0.2756271296554101		-0.4165250491096566	-0.05948099276831045	-0.09940110667645975	-0.2204040947068969	-1.105654175625021		-0.9630100650412412	0.02844645264907654	-0.5666918580299747	0.04368528371913852	-0.8382425084828912	0.08960573476702496	-0.02093721512285873	0.1986862398810903	-0.04101183770826233		-0.2798945208932224	-0.07386242215646394	-0.05948022327591381
DATAMOLINO S. R. O.	0.38435494899749756	No	No	No	62	U1	Slovakia	889636.0	-11697.0	-14030.0	128214.0	53136.0	1.453	41.443	11.0	20988.0	20988.0	0.0	0.0	107226.0	0.0	41795.0	65431.0	41943.0	22000.0	31136.0	1291.0	0.0	1291.0	0.0	73787.0	4185.0	45744.0	23858.0	128214.0	-3949.0	33439.0	1235.0	Active	-0.2088854479945211	-0.1693305742106666	0.0933943754087639	-0.1472919418758256	-1.162593828190158	0.0959023539668701	0.6867878609093255	inf	-1.252756359443684	-0.2781222783487197	-0.2683807497078268	0.1256428402925218	inf	-0.08349146110056926		-0.4000825763831544	-0.3106318912456272	0.0	0.5272384815995363	0.0	-1.355573563839366	-0.5131188118811881	0.0959023539668701
MORNINGCROISSANT	0.08405838161706924	No	No	No	70	U1	France				1211846.0	176517.0	1.352	14.566	8.0	19392.0	0.0	3452.0	15940.0	1192454.0	67862.0	137887.0	986705.0	954751.0	113622.0	62895.0	154037.0	154037.0	0.0	0.0	881777.0	99748.0	21369.0	760660.0	1212330.0	184380.0	310677.0		Active	-0.1384329287042596	-0.2327380545066594	0.1886400468949347	-0.4642191304347826		-0.1710529375953376	0.2888419782870929			0.03938918224632521	-0.2421041183927782	-0.1717263667723614	-0.04326804479747397	-0.1728495513099308	-0.2025872025872026	-0.09078681909885676	-0.3107925967323055	0.0	-0.09051180416098092		0.3259692347522168	-0.3419393785346636	-0.1707218638630285
BASECLICK GMBH	0.6119799613952637	No	No	No	20	U1	Germany				592901.54	-1038634.27	0.558		13.0	75570.0	4184.0	48886.0	22500.0	517331.54	204095.97	0.0	313235.57	60771.97	51596.0	-1090230.27	704151.81	602109.95	102041.86	102041.86	927384.0	0.0	0.0	927384.0	592901.54	204095.97	-410052.46		Active	0.05559140646856576	-0.04503551686430639		6.387094506833644		0.02883373227650237		-0.3465563017335624			-0.2749527994898467	0.04942179584379026	-0.0228480546181	0.03684441401509314	0.009332287236239006	0.6363636363636364	0.05282153116501318	0.0	-0.3669297726166245	0.0	0.1939589165892957	-0.5754935188223834	0.02883373227650237
INDIVIDLABS AB	0.9631693363189697	No	No	No	62	U1	Sweden	0.0	0.0	0.0	1978.10539733563	-14386.2210715318	0.135			0.0	0.0	0.0	0.0	1978.10539733563	0.0	0.0	3236.89974109466	2607.50256921514	4495.6940848537	-18881.9151563855	26974.1645091222	26974.1645091222	0.0	0.0	14655.962716623	0.0	0.0	14655.962716623	1978.10539733563				Active	-0.0795916205431379	-0.6358823993357472		-0.07959162054313795	-1.0	-0.7750112850216557			-1.0		0.3345921502124489	2.000531317029359		-0.7750112850216557		-0.925	-0.07959162054314073	-0.07959162054313751	2.000531317029359				-0.7750112850216557
TRIBER	0.35346853733062744	No	No	No	46	U1	France	68250.0	-1464.0	-1464.0	63139.0	-2367.0	0.94	-3.749	1.0	1689.0	165.0	0.0	1524.0	61450.0	9605.0	44117.0	7727.99999999999	2343.0	15245.0	-17612.0	156.0	156.0	0.0	0.0	65352.0	0.0	3349.0	62003.0	63000.0	50373.0	-3901.99999999999		Inactive	1.63	0.1354687040846297	-0.2986391529681091	0.21875	0.628476084538376	-0.2623690082596353	-0.7892517777358253	0.006097560975609756	-1.129248697801713	2.567078972407232	1.450836820083682	-0.1202502908709101	0.0	-0.267650283643991		-0.03292181069958851	0.09093161546085234	6.559958016268695e-05	-0.2433396241707094	0.0	-0.1770596788158991	0.5855343356359163	-0.2588235294117647
HOLLA@ME LIMITED	0.9098154902458191	No	No	No	62	U1	United Kingdom				17.5627529833412	-594267.360146719	0.009			2.34170039777882	1.17085019888941	1.17085019888941	0.0	15.2210525855624	0.0	0.0	15.2210525855624	15.2210525855624	157280.307216815	-751547.667363534	592549.722904948	0.0	592549.722904948		1735.19999475411	0.0	0.0	1735.19999475411	17.5627529833412	0.0	-1719.97894216855	9406.61049787754	Inactive	0.07622136451019504	-0.7810080260263507		0.05211055750559319		-0.9986897916087046		-0.999912188161009			-0.7810080260263507	-0.271851686537617	-0.9998243950034005	-0.7810080260263507	-0.1745687134839387	-0.6896551724137931	0.01188195186380279	-0.1745687134839392	-0.271851686537617			-0.2565551441495428	-0.9986897916087046
CHIBWE LIMITED	0.5841038823127747	No	No	No	na	NF	United Kingdom																																Inactive																							
BINCODE ENTERTAINMENT LTD OOD	0.6755138635635376	No	No	No	62	U1	Bulgaria	511.295066803152	-73115.1945528507	-73115.1945528507	2556.47533401576	2045.18026721261	5.0	80.0		0.0	0.0	0.0	0.0	2556.47533401576	0.0	0.0	2556.47533401576		511.295066803152	1533.88520040946	0.0	0.0	0.0	0.0	511.295066803152	0.0	511.295066803152	0.0	2556.47533401576	-511.295066803152	2045.18026721261	4601.65560122837	Inactive	-0.9523793954470839	-0.3749795652429757			46.66822515746912	-0.9662151116347555	3.269561123793451e-05	-1.0	46.66822515746912	0.4095177687333721			-1.0	-0.3749795652429757	-1.0	39.0	-0.9638542399176661	3.269561123793451e-05	-0.9843744891310744		3.269561123793451e-05	-1.071430906829374	-0.9662151116347555
CASENGO B.V.	0.738511860370636	No	No	No	62	U1	Netherlands				28529.0	28529.0		100.0		11667.0	0.0	11667.0	0.0	16862.0	0.0	16862.0	0.0				0.0				0.0				28529.0				Active	-0.9915990315431644	-1.0	-0.9944419887936624			-0.9916103045422103		-1.0		0.001341798009332509			-0.7058764212065445	-0.9949827631044146	inf				-1.0				-0.9916103045422103
LOPOLY	0.5179227590560913	No	No	No	na	NF	Ireland																																Active																							
DIALECTICA S.R.L. IN LIQUIDAZIONE	0.7966822981834412	No	No	No	72	U1	Italy	0.0	1441.0	1441.0	214919.0	153472.0	8.623	71.409		0.0	0.0	0.0	0.0	214919.0	0.0	0.0	214919.0	18187.0	21145.0	132327.0	36522.0	0.0	36522.0	36522.0	24925.0	0.0	18846.0	6079.0	214919.0	-18846.0	189994.0		Inactive	0.0392340091279676	-0.06858249835315328	-1.0	-0.106473552869795	-0.7737478411053541	-0.07099816723148213	-0.03748723186925434		-0.7737478411053541	0.1186496436124384	-0.4463959576281505	-0.738109598483543		-0.07099816723148213		0.5950795412504624	0.04579042621292469	0.0	-0.4175313142643485		-0.007060063224446786	0.007647757647757648	-0.07099816723148213
APPSCO INC	0.29138875007629395	No	No	No	na	NF	Norway																																Active																							
MAG INTERACTIVE AB	0.003920744638890028	Yes	No	No	58	C1	Sweden	25144806.2171603	-326497.494315332	-283711.413595814	35468690.5105259	29550802.1253162	3.931	83.315	107.0	21337903.6578008	18878101.0006826	1769579.36732538	690223.2897928	14130786.8527251	0.0	2557725.43979584	11573061.4129292	10748128.1329123	60694.4815155223	29490107.6438007	2322887.19881572	727186.934785539	1595700.26403019		3595001.18639397	0.0	849369.866324781	2745631.32006919	35468690.5105259		10535785.6663311	5280684.54801984	Active	0.03168248804133424	-0.01800166533460744	-0.1799258942979225	-0.35296719111543	-5.388991498077674	-0.03443891350569269	-0.1491231860269328	0.0387432717692515	-6.989281721102251	0.06848348829753131	0.03970307476506214	-0.216017894764874	-0.02252657516018646	-0.05188659610423975	-0.3164013641624269	0.1868961352657006	0.03165588614307523	0.04477209127436627	-0.2011800162947624	-0.04464285714285714		0.01269400716425252	-0.03443891350569269
GAPPLESS B.V.	0.333974152803421	No	No	No	62	U1	Netherlands				219562.0	101377.0	1.491	46.172	4.0	43345.0	36360.0	6985.0	0.0	176217.0	0.0	164327.0	11890.0	11890.0	18000.0	83377.0	0.0				118185.0				219562.0		58032.0		Active	-1.830122090023992	-0.8541265381736987	0.6302605210420842			-0.2732069500855686		-0.6654490582703827		-2.142164502164502	-0.8541265381736987		-0.6381584439435679	-0.0334051901462917	-0.3711173134059602	2.467441860465116	-1.595027226079944	0.0	-0.7214063457639904	0.3333333333333333		-1.239887893581577	-0.2732069500855686
STREAMIENCE AB	0.3729124069213867	No	No	No	58	U1	Sweden	736532.853204018	-573422.252513948	-573422.252513948	1765612.4611941	1391271.24095935	0.409	78.798	7.0	1619243.41775961	1506261.82279481	10427.5985191892	102649.662487065	146369.043434491	0.0	41327.7299109152	105041.313523576	50607.335932579	52042.3265544858	1339228.91440486	16263.2270482768	16263.2270482768	0.0	0.0	358077.993186471	0.0	200898.687066949	157179.306119522	1765612.4611941	-159570.957156034	-211708.94975198	208264.972259403	Inactive	-0.04564060009820656	-0.5893836242705309		-0.4171945035810025	-0.3014418394532889	0.01923449698415501	2.904492705492077	0.1105240416423302	-0.3014418394532889	-0.06365634840472936	-0.6672265269805008	-0.1936236520182386	0.09661548112322857	-0.4275975225840202	-0.3756507139020347	-0.6059730250481695	-0.04618147946048296	-0.03150777737939511	0.4533934904344466	0.1666666666666667		-23.67597147723792	0.01923449698415501
KITE LONDON LIMITED	0.4037870466709137	No	No	No	46	U1	United Kingdom	6629.19628161779	-3318.21933324241	-3318.21933324241		-7349.81357588688													120.706414450433	-7470.51999033731	0.0				7349.81357588688	0.0	0.0	7349.81357588688	0.0				Inactive	0.863374830126669				-0.1831975816674342				-0.1831975816674342			0.8251237339070601					0.838919667901145	0.02211724956857583	0.8251237339070601				-1.0
CROWDCUBE LIMITED	0.5841038823127747	No	No	No	na	NF	United Kingdom																																Active																							
BANGO PLC	0.0021258157212287188	Yes	No	No	61	C1	United Kingdom	41717628.3364561	-9234384.99599112	-7987326.73212638	63052460.3906007	24880531.8203434	0.82	39.46	274.0	37986408.2915256	34090482.4381601	3624432.76253865	271493.090826865	25066052.0990751	0.0	7503164.05348514	17562888.0455899	3402713.40503005	22247953.8162922	2632578.00405117	7602711.52012166	6828956.21126509	773755.308856567		30569217.0501356	1742080.66613905	9561081.68195278	19266054.7020438	63052460.3906007		-5503164.95106056	8268774.5696169	Active	-0.3006604729693342	-0.3649244439927257	-0.4609427102151489	-0.0002283435743783448	0.7021019507247374	-0.2210216693096878	-0.260430465573832	0.1059321403341932	2.298784010072003	-0.1022432543113255	-0.7631593451534328	-0.2241745152267434	-0.03511046758467514	-0.3970716438367345	-0.1536687685050837	-0.2552225249772934	-0.6663218361278709	-0.1964654386305477	-0.1904526455185057	0.46524064171123		-2.443274151217315	-0.2210216693096878
TDX LTD	0.5841038823127747	No	No	No	na	NF	United Kingdom																																Active																							
HET SIERAAD B.V.	0.2646547555923462	No	No	No	56	U1	Netherlands				2095160.0	-140466.0	0.901	-6.704	28.0	940304.0	556108.0	314069.0	70127.0	1154856.0	390337.0	618172.0	146347.0	146347.0	120.0	-140586.0	953600.0	953600.0	0.0	0.0	1282026.0				2095160.0		-127170.0		Active	-0.4046562488079647	-0.3205740071866963	0.3900564412763374	-0.2305122548347167		-0.01508288890090234		-0.1640163917175526		-0.3955459381480479	-0.3205740071866963		-0.201009461578006	0.2151518340032408	-0.2886706045424484	0.06501182033096933	-0.4044505445626342	0.0	0.140673713431561	0.03703703703703703		-0.2672006453843495	-0.01508288890090234
MUSIC KICKUP OY	0.34826013445854187	No	No	No	59	U1	Finland	20000.0	-40000.0	-40000.0	69000.0	-1133000.0	0.169		1.0	0.0				69000.0	0.0	7000.0	62000.0		143000.0	-1276000.0	794000.0	794000.0	0.0	0.0	409000.0	0.0	0.0	409000.0	69000.0			2000.0	Inactive	0.00980392156862745	2.1	0.0	0.0	0.02564102564102564	1.379310344827586			0.02564102564102564			0.1424581005586592	-1.0	1.555555555555556		1.253333333333334	0.008695652173913044	0.0	0.1424581005586592	0.0			1.379310344827586
TALENT GARDEN BRESCIA S.R.L. IN LIQUIDAZIONE	0.9665312767028809	No	No	No	82	U1	Italy	109951.0	-56820.0	-56596.0	36547.0	-46200.0	0.442		1.0	0.0	0.0	0.0	0.0	36547.0	0.0	0.0	36547.0	21864.0	10000.0	-56200.0	0.0	0.0	0.0	0.0	82747.0	0.0	0.0	82747.0	36547.0	0.0	-46200.0	3458.0	Inactive	-5.44358949697028	-0.6432072008747266		-1.0	5.480383211678832	-0.6677303803913012			5.385648200383617		-0.6944448326462161	-0.1359459515903348	-1.0	-0.6432072008747266	-1.0	-0.5869158878504673	-142.5617128463476	0.0	-0.1359459515903348	0.0		-7.930693069306931	-0.6677303803913012
FLOWLINE LTD	0.5841038823127747	No	No	No	na	NF	United Kingdom																																Active																							
DUALSYSTEMS BIOTECH AG	0.15760764479637146	No	No	No	72	LF	Switzerland								35.0										1892199.43287068														Active																		0.003782304982702912		0.0			
ASSET2010 AG IN LIQUIDATION	0.026883171871304512	No	No	No	66	LF	Switzerland	31727027.2524643							130.0		0.0	0.0			0.0	0.0			3238857.9555323							0.0	0.0						Inactive																		-0.002821158701179952		0.0			
SWIFTKEY LIMITED	0.9953743815422058	No	No	No	58	U1	United Kingdom				4589.70245552748	-7832.80353023511	0.02			4342.89770084345	0.0	4342.89770084345	0.0	246.804754684025	0.0	0.0	246.804754684025	246.804754684025	144.330265897091	-7977.1337961322	0.0				12422.5059857626	0.0	0.0	12422.5059857626	4589.70245552748	0.0	-12175.7012310786	203.505674914898	Inactive	0.1458022427378787	-0.9914993742908448				-0.8638365106569976					-0.9914993742908448	-0.6935996343300543	-0.07075477291261331	-0.9914993742908448	-0.07075477291261331	-0.9720670391061452	0.1421347061119254	-0.02690205697827688	-0.6935996343300543			0.05786781537773578	-0.8638365106569976
AQDOT LIMITED	0.13951830565929413	No	No	No	20	U1	United Kingdom				11593758.9162499	10311969.611504	4.534	88.944	28.0	5781657.76899668	5544523.74352982	237029.02818604	104.997280823454	5812101.14725322	172342.536743617	226137.310255287	5413621.30025431	1338542.66830391	26066.1582826492	10285903.4532213	0.0				1281789.30474592	0.0	532478.54342225	749310.761323672	11593758.9162499	-133998.696423345	4530311.8425073	267698.733914571	Active	-0.1433839327078521	-0.4897040447386851	-0.1013611906186076			-0.1833516788715239	-0.6110414235749594	0.935204092400257		0.04894214213269814	-0.8550971201494344	-0.05119734978757848	0.9003033848230075	-0.4789347039458497	0.3368450628523646	-0.1225082252757887	-0.1438086929905173	0.06513360590938097	-0.406229569771125	0.0	-0.8372827065109776	-0.4963823173816337	-0.1833516788715239
LEVICEPT LTD	0.4952947497367859	No	No	No	74	U1	United Kingdom				6776568.52730317	-21240332.2648779	0.914		9.0	5569.82295937821	0.0	5569.82295937821	0.0	6770998.7043438	0.0	0.0	6770998.7043438	604348.950439561	318.441021586073	-21240650.7058995	20609587.4486673	20609587.4486673	0.0	0.0	7407313.34351384	0.0	4109307.68846558	3298005.65504826	6776568.52730317	-4109307.68846558	-636314.639170046	1640.83973668169	Active	0.2175958476632342	2.8700296002085		0.1919763197215116		2.857627053084133	1.264976426792257				-0.6104209683925843	33.1394961872321	-0.2120700833932308	2.8700296002085	-0.2120700833932308	-0.00218340611353712	0.2175936594728733	0.08726239540149593	2.876375197639123	0.2857142857142857	1.264976426792257	2.945210177647503	2.857627053084133
FUSE AS	0.7387732863426208	No	No	No	62	U1	Norway	0.0	-711.879637293219	-711.879637293219	1957.66900255635	1957.66900255635		100.0	0.0	0.0	0.0	0.0	0.0	1957.66900255635	0.0	0.0	1957.66900255635	1957.66900255635	2669.54863984957	-711.879637293219	0.0	0.0	0.0	0.0	0.0	0.0	0.0	0.0	1957.66900255635				Active																							
MOBILE PEOPLE A/S	0.6899431943893433	No	No	No	62	U1	Denmark	3572131.89438959	-2385726.7289938	-2385726.7289938	3378113.99718357	-1518696.50440878	0.776	-44.957	46.0	1096534.22632558	957445.012000591	139089.214324994	0.0	2281579.77085798		655745.142413924		10333.1185617786	68252.9673422744	-1586949.47175105	1956086.53616196				2940588.00334405		345071.77512887		3378113.99718357		-659008.232486064	48402.5027367524	Inactive																							
COUNTRYWIDE HEALTHCARE SUPPLIES LIMITED	0.0005729112890549004	No	No	No	46	U1	United Kingdom	40719986.7518962	2871299.31799233	2384663.53864125	32354266.6765678	22186424.0139122	3.373	68.573	141.0	11034489.7456246	1736951.02683312	8846427.06184119	451111.656950289	21319776.9309432	2985487.63646369	6166020.97763252	12168268.316847	2682719.70297641	1157.96735122208	22185266.046561	3846825.43912732	3214249.87653437	632575.56259295	547139.573452434	6321017.2235283	606666.043109356	4735493.58721449	978857.593204455	32354266.6765678	4416015.02688172	14998759.7074149	632635.776895214	Active	0.1428911913917317	0.2579144216580642	-0.07198002011998254	0.04589454020872614	-0.2533420994113343	0.09657008428250664	-0.1015754189345556	inf	-0.3413920285952808	0.04223789403289049	-0.1864362236033117	-0.05250705571334797	0.0755906815538937	0.1077530928914669	0.0902738149189381	0.1243333333333334	0.1428983753300963	0.02004981095849646	-0.01455867601232064	0.2051282051282051	0.02657168819697067	0.1688958353523687	0.09657008428250664
APOGENIX GMBH	0.6814970374107361	No	No	No	72	U1	Germany	2296963.31	-11470861.24	-11572870.28	4390121.05999999	-52510742.42	0.818		42.0	750090.88	199537.0	550553.88	0.0	3640030.18	432000.0	170.0	3207860.18	1393187.74	1283322.0	-53794064.42	52450741.0	50000000.0	2450741.0	2450741.0	4450122.48	0.0	1098919.25	3351203.23	4390121.05999999	-666749.25	-810092.3	141417.92	Inactive	0.2558886375727532	1.224200332194084	-0.9130803801966428	0.1993646269859494	0.1058868725648996	0.8965657627470167	3.118066599913361	-0.03077154736923914	0.1154209335678214		3.321333823742248	25.29675290500291	-0.1383860097825219	1.520431567149324	-0.1717168987879034	-0.7766857766857767	0.2380710714333071	-0.2166636045064418	10.28638806997196	-0.1764705882352941	1.517009700775814	-1.77157674735697	0.8965657627470167
CLOUDALIZE	0.9076247215270996	No	No	No	62	U1	Belgium		-1711170.0	-1398342.0	14942213.0	2510926.0	0.731	16.804	6.0	12220114.0	11706291.0	500748.0	13075.0	2722099.0	0.0	1664389.0	1057711.0	272616.0	4975674.0	-2464748.0	8708003.0	8708003.0	0.0	0.0	3723284.0	499495.0	2724285.0	499505.0	14942213.0	-1059896.0	-1001185.0	1953982.0	Inactive	0.3359059102942804	0.9853237356057549	-0.1769357517063218	0.1388466500617616	0.607096065870305	0.1420862014381429	-0.1008728937576611	0.1160579935309144	0.3122714292283423	0.1697062508701099	9.803947211984307	0.2960353908824369	0.1606907166125016	0.0654216325172704	21.15503052827183	0.01810584958217272	1.311263898305244	0.6889735995722978	0.04664274817357483	0.0	0.05175958782855827	-0.00122105847014542	0.1420862014381429
CLARK GERMANY GMBH	0.012591753154993057	No	No	No	66	U1	Germany	27203875.59	-14818764.99	-14818915.26	5038041.73	-48059592.69	0.302		226.0	13317.46	6911.33	6406.13	0.0	5024724.27	0.0	744423.34	4280300.93	3331748.28	25000.0	-48084592.69	36436650.03	32914010.55	3522639.48	3522639.48	16660984.39	0.0	506794.67	16154189.72	5038041.73	237628.67	-11636260.12	24041.85	Active	-0.01800311696257618	0.1544084961080963	-0.3101642142262902	-0.1145514102989136	-0.573342928036328	0.04431007208780811	-0.8496365331430973	-0.7431812126574292	-0.5733393847565678		0.2481409059447617	0.7475368582015032	-0.6435303542811684	0.04967829480391395	-0.3868558575803981	-0.2031662269129288	-0.01799392526039442	0.0	0.3207848515714729	0.04147465437788019	-1.103707615352215	0.4865796072578712	0.04431007208780811
NEWVOICEMEDIA LIMITED	0.5841038823127747	No	No	No	na	NF	United Kingdom																																Active																							
MICKSGARAGE	0.32762110233306885	No	No	No	47	NF	Ireland																																Active																							
MARIZCA LTD	0.9187901020050049	No	No	No	32	U1	United Kingdom				726.652614991608	-19181.4563203183				726.652614991608	0.0	726.652614991608	0.0	0.0					445.406669322098	-19626.8629896404	19509.7777676235	0.0	19509.7777676235		398.331167686429	0.0	0.0	398.331167686429	726.652614991608		-398.331167686429	451.44199004462	Inactive	29.53094964829745			0.1480528912284148		-0.957243097474791						-0.3671694327248952	0.1810260733978595	-1.0	0.1810260733978595		20.5280135725195	0.5715052712116884	-0.3671694327248952			-1.025290447053882	-0.957243097474791
COURTANET	0.9015187621116638	No	No	No	63	U1	France	1248149.0	-2344427.0	-2355911.0	1252842.0	29831.0	0.753	2.381	17.0	451163.0	417789.0	18200.0	15174.0	801680.0	0.0	419837.0	381843.0	43727.0	355000.0	-325169.0	158782.0	158782.0	0.0	0.0	1064230.0	70094.0	527328.0	466808.0	1252842.0	-107491.0	-262550.0	484870.0	Active	-0.9226659269667291	-0.5843514740907488	1.531273363077294	-0.305160251360955	1.898293853744411	-0.3787921760585169	0.9295899884735715	-0.5307845134596961	1.835908337476211	-0.8755162858786009	-0.9225750133683684	1.187960797363993	-0.516052457694024	-0.2608028561733768	-0.1795519091195961	-0.02587322121604142	-2.882396869319563	0.6666666666666666	-0.2412058796687125		0.0006143821270653945	-0.1743710691823899	-0.3787924840773806
ANESCO LIMITED	0.04686634987592697	No	No	No	43	U1	United Kingdom	153982012.236956	-7383642.114796	-7383642.114796	96814492.7379461	8623776.66496635	1.246	8.908	237.0	2403271.0944035	1691622.8577112	646316.595291038	65331.6414012602	94411221.6435426	10372564.7089037	11925357.8286372	72113299.1060017	8587610.93490493	6999818.72156359	1623957.94340275	12404845.4110643	0.0	12404845.4110643	12404845.4110643	75785870.6619154	59232466.0218711	4239556.87236035	12313847.767684	96814492.7379461	18058365.6651805	18625350.9816271	951975.346132649	Active	-2.552266310034666	0.3273649906879591	-0.231262002930487	-0.1444323661941671	-0.7276416505595654	0.08770538384447993	1.153480127898877	-0.2063440554409283	-0.7289840458326945	-2.427106696571611	1.129941689196854	-0.5120260280433901	-0.2122789429142919	0.09835287149974244	-0.2623996940222433	0.1601489757914338	-1.13113920977695	0.02518454079940969	-0.05344154874610227	-0.0326530612244898	-0.391159012161062	2.160886673206363	0.08770538384447993
NORDIC TELECOM OY	0.4229269027709961	No	No	No	61	U1	Finland	738000.0	-163000.0	-163000.0	624000.0	198000.0	0.443	31.731	6.0	526000.0	525000.0	1000.0	0.0	98000.0	0.0	37000.0	61000.0	27000.0	3000.0	195000.0	206000.0	206000.0	0.0	0.0	221000.0	69000.0	45000.0	107000.0	624000.0			99000.0	Active	0.7522123893805309	0.22	-0.075	-0.2509090909090909	0.9404761904761905	0.008077544426494346	-0.2622950819672131	-0.003795066413662239	0.9404761904761905	0.7382087099424817	2.857142857142857	-0.144	-0.005671077504725898	0.08888888888888889	-0.5	0.1417525773195876	0.7727272727272727	0.0	-0.04741379310344827	-0.1428571428571428			0.008077544426494346
IZEOS	0.28120163083076477	No	No	No	70	U1	France	3895225.0	282019.0	270351.0	1561190.0	216766.0	1.733	13.885		101259.0	22925.0	31927.0	46407.0	1459931.0	151084.0	421194.0	887653.0	809176.0	21000.0	195766.0	501755.0	501755.0	0.0	0.0	842669.0	0.0	190527.0	652142.0	1561190.0	381751.0	617262.0	40319.0	Inactive	-5.045273863954465	0.656637726383684	-0.01339848306684719	-0.0841196044823388	-1.491141757994883	0.2074392718813033	-0.192161900885316	-0.5116937888727955	-1.337191028893429	-4.350627413127413	0.9504232630787327	0.1585932197969706	-0.2271367293043704	0.2564404221150851	-0.08144887507911848	0.1910652920962199	-3.624736877388215	0.0	0.05502164708121224		-0.0218886275474386	0.6993414749639353	0.2074392718813033
SL REALISATIONS (2010) LIMITED	0.9914617538452148	No	No	No	62	U1	United Kingdom				309399.064240449	-820188.77306838	0.427			60336.8503887128	0.0	60336.8503887128	0.0	249062.213851736	6012.63035765372	0.0	243049.583494083		9513.36392129113	-829702.136989671	546785.881233926	0.0	546785.881233926		582801.956074903	0.0	0.0	582801.956074903	309399.064240449	6012.63035765372	-333739.742223167	19750.5479779723	Inactive	-4.25844021369043	-0.541342956815767		2.043935526331772		-0.5230898956869633						1.680605349491732	-0.4022608472183594	-0.5453541265812043	-0.373739180719838	-0.8305555555555555	-4.466447971289582	-0.230299674656347	1.680605349491732		-0.6641009756350207	-2.010103474998933	-0.5230898956869633
AVAST SOFTWARE S.R.O.	0.01551674585789442	No	No	Yes	58	U1	Czech Republic	474798528.142321	101968297.648139	75063837.8657356	720810379.926498	269360656.088729	0.774	37.369		401354488.883162	7703920.20200971	392544364.75471	1106203.92644242	319455891.043336	0.0	6005107.02925885	313450784.014077	14973260.2900599	790145.661744585	268570510.426985	38756644.7085719				412693079.129197	0.0	5372990.49986318	407320088.629334	720810379.926498	632116.529395668	-93237188.0858611	90629707.4021039	Active	0.05634456305016684	0.3989133971073853	0.7244818720628861	-0.5369509261180944	-0.3807399033518799	-0.3885591909803082	-0.5911406087820346	-0.2352443939682103	-0.4305956082811236	0.7276467868700879	-0.2931737964904444	-0.5074956204717899	-0.5781088156931182	0.4038956802001675	-0.5797328481961063	1.856088560885609	0.05668167420080008	-0.04699686017577318	-0.5088039276358668		-1.065442275696084	-0.847808403709218	-0.3885591909803082
BABELVERSE LTD	0.9897207617759705	No	No	No	62	U1	United Kingdom				1.39321075240125	1.39321075240125		100.0		0.0				1.39321075240125	0.0	0.0	1.39321075240125	1.39321075240125	1.39321075240125	0.0	0.0				0.0				1.39321075240125				Inactive	0.0902634268380958	0.0902634268380958				0.0902634268380958				0.0	0.0902634268380958			0.0902634268380958				0.0902634268380958					0.0902634268380958
ICECAT COMMERCE B.V.	0.06342992186546326	No	No	No	73	U1	Netherlands				1251298.0	848415.0	3.025	67.803	7.0	257718.0	0.0	257718.0	0.0	993580.0	0.0	993580.0	0.0				74374.0	74374.0	0.0	0.0	328509.0				1251298.0		665071.0		Active	0.868031335869795		1.228097557475131	2.302135594725392		0.7562151138881988				0.06367658132530117			-0.03318890326937145	1.228097557475131	-0.03318890326937145	0.5996827075621364			0.3931797555534822			2.164985199920051	0.7562151138881988
TALENTBLOK LIMITED	0.700890839099884	No	No	No	62	NF	United Kingdom																																Inactive																							
BRITE:BILL LIMITED	0.004984639119356871	No	No	No	70	U1	Ireland	28977473.0	11936861.0	9622390.0	62218332.0	37827674.0	2.549	60.798	26.0	39021.0	480.0	38541.0	0.0	62179311.0	0.0	1337981.0	60841330.0		100.0	37827574.0	0.0				24390658.0	21644557.0	2902.0	2743199.0	62218332.0	1335079.0	37788653.0	50287.0	Active	0.3411480188416116	0.3816376512827796	-0.1603075903498015		8.122281414615843	0.3608967145537107	-0.1954532852786249	-0.9640260810912089	-36.60748977741595	-0.01452329237851332		0.6817298184071993	-0.5642448742573816	0.3627123237480939	-0.4942457843973492	-0.0214971209213052	0.3411492283571946	0.0	0.392702504273066	-0.2352941176470588	-0.1602278509835446	0.3440316589601718	0.3608967145537107
AXIOMATICS AB	0.16195495426654816	No	No	No	58	U1	Sweden	6996592.62366147	-1194667.69481486	-1194667.69481486	4642134.7534866	1622120.08441254	0.708	34.943	17.0	2505413.54223393	2461613.86663948	40375.0096014677	3334.54320369264	2136721.21125267	0.0	620495.404254698	1516315.92978726	612204.107640111	28208.433047454	1593911.65136508	0.0	0.0	0.0	0.0	3020014.66907407	0.0	219358.869129402	2800655.79994466	4642134.7534866			475848.327445869	Active	0.8710660871955299	-0.006767682477516072	-0.5861967537578451		0.04406720398882031	-0.001862214160400946	0.1935690807514777	0.5654103640974848	0.04406720398882031	0.8745238989324607	-0.5068243529579688	-0.2220340037275103	0.5421213702571938	-0.2939123504463984	-0.171511270172329	-0.1150000000000001	0.8931110617998533	0.1285152159906981	-0.2018473988923024	0.1333333333333333			-0.001862214160400946
FIDESMO AB	0.18434861302375793	No	No	No	63	U1	Sweden	1483871.72564323	-1888883.54070795	-1888883.54070795	4025875.12032849	2271544.904029	0.995	56.424	9.0	3432236.30728191	3387986.01774101	0.0	44250.2895408942	593638.813046579	0.0	134463.201619174	459175.611427406	397261.255185869	19466.5224864219	2252078.38154258	1157446.9828385	1103373.30926511	54073.6735733942	0.0	596883.233460983	50558.8847911236	40104.6412336007	506309.830225547	4025875.12032849			589583.287528575	Active	-0.1735291230137907	6.142430514897026	1.388924186363838	4.70857634858033	-0.02489340270986809	0.2003643182662861	-0.4036979661623377	0.06562059610480411	-0.02489340270986809	-0.3114826113483832	7.496618518310279	0.9647777271872363	0.06152628133580411	3.923418612091824		2.327759197324414	-0.175486868481117	0.1394834654415567	0.4824448418685684	-0.25			0.2003643182662861
CHECK24 GMBH	0.021243158727884293	No	No	No	66	LF	Germany								130.0																								Active																				0.0			
EZONO AG	0.10791464895009995	No	No	No	26	U1	Germany				3517027.18	-4248499.46	0.49		15.0	94871.82	1584.84	93286.98	0.0	3422155.36	492175.42	1646273.85	1283706.09	1066867.25	1252187.0	-5500686.46	785058.360000001	0.0	785058.36	785058.36	6980468.28	9088.09	659768.31	6311611.88	3517027.18	1478680.96	-3558312.92		Active	0.009240568384976009	-0.3018367973782385	0.598055435688978	-0.223792624039049		-0.03522486401569369	1.98301957299356	-0.5377898583481829			-0.3654684037874557	-0.04595302017048571	-0.2196805826580276	-0.02886073855573564	-0.2104488864844516	-0.04854368932038839	0.008599363507270958	0.006429901614467922	0.01999428312561123	-0.0625	0.0100340148890917	0.07185259135907644	-0.03522486401569369
HEALTH AND HOME (ESSEX) LIMITED	0.3206910192966461	No	No	No	87	U1	United Kingdom	19192.8171323064	-75049.8509101423	-75049.8509101423	715923.504508804	521008.749270549	3.673	72.774		0.0				715923.504508804	0.0	678214.099883601	37709.4046252028	28771.7671019171	116.39064361617	520892.358626933	0.0				194914.755238255	21007.3472662824	0.0	173907.407971972	715923.504508804	678214.099883601	521008.749270549	4725.46013081649	Active	-0.127318239079238	-0.9131785444476227	0.1444073337226336		-0.379676921283154	-0.3060735135333854			-2.261406244792586	0.2575862307320108	-0.880935435696726	-0.5795659491528118	-1.0	-0.3028753435059742		0.5543800253914516	-0.1273427903875195	-0.001610875928806384	-0.5515892307873472		0.1444073337226336	-0.1203444664478349	-0.3060735135333854
ANTERYON B.V.	0.007352401036769152	No	No	No	26	U1	Netherlands		3043489.0	3043489.0	19798028.0	12689677.0	2.182	64.096	181.0	5391395.0	28331.0	5363064.0	0.0	14406633.0	6371286.0	3326709.0	4708638.0	4708638.0	30000.0	12659677.0	504740.0	385410.0	119330.0	119330.0	6603611.0				19798028.0		7803022.0	868434.0	Active	0.3155120965919387	0.4840961934686552	0.07817151783659751	0.05840586973433958	0.2830102856188929	0.1910817115912638		-0.3854046901099855	0.2830102856188929	0.1044750400634122	0.4840961934686552		0.0134143980391088	0.2747135670335296	0.01690029054218171	0.2547441058079355	0.3164964120917769	0.0	0.01612555767867799	0.1830065359477124		0.6245989783564385	0.1910817115912638
VITAL ENERGI	0.5841038823127747	No	No	No	na	NF	United Kingdom																																Active																							
IMPORTADORA TIERRA NOBLE	0.4429331421852112	No	No	No	46	LF	France	180000.0																															Inactive																							
COUCHCOMMERCE GMBH	0.5511032938957214	No	No	No	62	U1	Germany				1090969.63	529.55	6.466	0.049		677450.54	660376.54	17074.0	0.0	413519.09	0.0	0.0	413519.09	359159.62	29315.0	-28785.45	1026483.73	1000000.0	26483.73	26483.73	63956.35			401.6	1090969.63		349562.74		Inactive																							
VEEBEAM LIMITED	0.09515303373336792	No	No	No	62	U1	United Kingdom	753303.04506101	-192562.883836535	-143475.530313667	601383.767558506	370664.953613547	3.294	61.635	9.0	11208.8949934537	0.0	11208.8949934537	0.0	590174.872565052	37414.4112334839	156929.313901093	395831.147430475	300115.412653896	193315.166695144	177349.786918403	51529.5818174298	51529.5818174298	0.0	0.0	179189.232127529	0.0	7073.13326838296	172116.098859146	601383.767558506	187270.591866194	410985.640437523	18332.2601856229	Inactive	-1.269974235590379	0.03656090067999451	79.86882675409386	-0.9695080693314356	-0.8814243690021589	0.3298224495537729	-0.6475730866330045		-0.8994401538525414		1.888529516549731	0.4943044451653367	-0.630106548496777	0.3987653281934863	-0.630106548496777	0.05576923076923074	-1.113242647116726	0.0009067360351849608	0.3248624055317629	-0.3076923076923077	8.3700213819876	0.4336322707105667	0.3298224495537729
CRYOTHERAPEUTICS GMBH	0.38699761033058167	No	No	Yes	32	U1	Germany				248345.48	204769.8	19.575	82.454	1.0	10005.0	0.0	10005.0	0.0	238340.48	0.0	0.0	238340.48	13132.82	209333.0	-4563.20000000037	31400.0	0.0	31400.0	31400.0	12175.68	0.0	0.0	12175.68	248345.48		226164.8		Active	0.01764341048287534	0.2016319655844102		2.52808988764045		0.1701751671258241				-0.1303421507826014	-0.06751502448223763	4.771230305443377	-0.2792825241319695	0.2016319655844102	-0.2792825241319695	-0.7917907590197413	-0.437572411072922	0.0	4.771230305443377	0.0		0.1525049226040269	0.1701751671258241
NEOVACS	0.014414755627512932	Yes	No	No	21	C2	France	534000.0	-9620000.0	-8743000.0	52562000.0	47531000.0	1.033	90.428	22.0	48724000.0	1000.0	526000.0	48197000.0	3838000.0	0.0	573000.0	3265000.0	887000.0	351000.0	47180000.0	1315000.0	0.0	1315000.0	2000.0	3716000.0	651000.0	1981000.0	1084000.0	52562000.0		122000.0	164000.0	Active	-0.05252561495833832	-0.6395849431504581	94.5	327.75	1.214039125431531	-0.04939142386920586	0.0274896265560166	-0.6666666666666666	1.464205186020293	-0.003306586720747698	-0.8687481503403374	-0.4555499748869914	0.05399325084364454	-0.5766133480419194	0.02734375	-0.4160542679479932	-0.05724847637126586	1.900826446280992	-0.2746437634198712	0.04761904761904762		-0.9690512430238457	-0.04939142386920586
AUTO1 GROUP SE	0.0007365341880358756	Yes	No	No	45	C2	Germany	5479297000.0	-118078000.0	-116466000.0	1704687000.0	577447000.0	3.915	33.874	5356.0	381047000.0	16638000.0	118999000.0	245410000.0	1323640000.0	544380000.0	93943000.0	685317000.0	551638000.0	215413000.0	362034000.0	789150000.0	784910000.0	4240000.0	454000.0	338090000.0	682000.0	160092000.0	177316000.0	1704687000.0	478231000.0	985550000.0	42930000.0	Active	-0.1568689004269336	-0.0272292405961675	0.4112124262043894	0.1785799094054903	-0.5059704614869671	0.009347504292734916	0.1172976934082423	0.3460076045627377	-0.5272758267984998	-0.1646774511738015	0.01131509571632329	-0.01413885321279447	0.2690652705340074	-0.04680976090309814	-0.03636731719167544	-0.05708092485549135	-0.2298459836623553	0.002835142734772164	0.01091678901085101	-0.1211027239908106	-0.1157903105626811	-0.0651231309339852	0.009347504292734916
IREX TECHNOLOGIES B.V.	0.23873083293437958	No	No	No	26	U1	Netherlands				8199182.0	4634926.0	0.743	56.529		5550957.0	2372188.0	175225.0	3003544.0	2648225.0	1246950.0	1399086.0	2189.0	2189.0	98827.0	4536099.0	0.0				3564256.0	0.0	1552972.0	2011284.0	8199182.0	1093064.0	-916031.0		Inactive	-7.640104868055356	-0.4287578288100209	0.9630261014509225	-1.0		0.302081632782699	-0.05666490711960526	1.123646976146674		-6.099594046008119	-0.4287578288100209	-0.1470085049607323	0.5943388612408941	-0.05934970640919855	0.7575401959899297	0.05689900426742538	-6.94627625198762	0.5244728276798247	-0.1098650783244988		-0.06192800697548283	-0.2294892090082785	0.302081632782699
OTT FILM 1 LIMITED	0.9530994892120361	No	No	No	62	U1	United Kingdom	11526640.6608179	-4150690.30664296	-4150690.30664296	6004146.37221492	-1087022.68645459	0.73	-18.105	99.0	827856.190825203	0.0	827856.190825203	0.0	5176290.18138972	0.0	766277.826254882	4410012.35513483	356812.55532257	3813470.98418921	-4900493.6706438	0.0				7091169.05866951	4688322.1373366	807519.903786834	1595327.01754608	6004146.37221492	-41242.0775319518	-1914878.8772798	497970.993003468	Inactive	-1.381983416068344	0.05959273997022294	-0.2358051875450299		4.296763188306565	-0.04400629391519758	0.7304902182415196		4.296763188306565	-1.399580666519532	3.402096937223232	-0.238783908859129	-0.2580706140488244	0.002241428528367955	-0.2580706140488244	-0.5146276595744681	6.036229475873607	0.07658307212930063	1.064509215149704	-0.1238938053097345	-1.076932192429217	-2.106919299197087	-0.04400629391519758
FLUIT BIOSYSTEMS GMBH	0.9462677836418152	No	No	No	72	U1	Germany				564562.36	-132513.5		-23.472	7.0	165242.0	584.0	164658.0	0.0	399320.36	116901.62	0.0	282418.74	241887.01	140850.0	-273363.5	697075.86	672575.86	24500.0	24500.0	0.0				564562.36	116901.62	399320.36		Inactive	-0.7556181670769619	7.350381093910126		0.03892679482607565		3.386038447130107		-0.632473253618628			9.79194607217206		0.7412773849542135	10.80685525527585	0.7646718394992926		-0.5330628232047929	2.260416666666667		0.4		10.80685525527585	3.386038447130107
20LINES S.R.L. IN LIQUIDAZIONE	0.981969952583313	No	No	No	63	U1	Italy	5141.0	-74241.0	-74241.0	12815.0	4150.0	0.822	32.384		5690.0	4316.0	0.0	1374.0	7125.0	0.0	2.0	7123.0	5901.0	14815.0	-10665.0	0.0	0.0	0.0	0.0	8665.0	28.0	8216.0	421.0	12815.0	-8214.0	-1540.0	8690.0	Inactive	-1.024182880851237	-0.9282635405966121	inf	-1.0	-0.7787707399637647	-0.8947294921714558	-0.6540485915196429	-0.7813244160713381	-0.8057560733114428		-0.9247254219126708	-0.9984124290589589	-0.7464349376114082	-0.9282433983926521	-1.0	1.396501457725947	-0.9427917006394027	0.0	-0.970083861857528		-0.6541328055918144	-0.99190959763382	-0.8947294921714558
VICIS NEW INVESTMENTS S.A.	0.4791107177734375	No	No	No	70	U2	Poland	4265925.95140296	3015516.79739046	3015516.79739046	4076191.25358057	-1438074.01876773	0.831	-35.28		1599750.9794576	0.0	0.0	1599750.9794576	2476440.27412298	0.0	2529.79597096515	2473910.47815201	1389547.93241559	132239.334845906	-1570313.35361364	2535085.54435899	0.0	2535085.54435899	2535085.54435899	2979179.72798932	0.0	420866.056987839	2558313.67100148	4076191.25358057	-418336.261016873			Active	-0.6513453951877829	1.458701226069672	-0.9783261229809473	-0.4403743215723254	0.1649570682858133	0.1338751487388515	-0.483412220325923		0.1649570682858133		651.3868508374165	0.0772353360134332	-0.3528551711308998	1.20538351224574		1.360795454545455	-0.6302630651373294	0.07975314604007834	-0.06596846385287823		-0.4006496879319807		0.1338751487388515
ALLEGRO RETAIL A.S.	0.07547809928655624	No	No	Yes	47	U1	Czech Republic	277009741.228431	-41989337.2120643	-41989337.2120643	97981550.7717727	33992205.9897232	1.338	34.692	706.0	12371604.426812	967139.521070551	11404464.9057414	0.0	85609946.3449607	23092361.9932945	16001097.4958703	46516486.8557959	22794127.2745903	13709535.3638142	20282670.6259089	0.0				63989344.7820496	0.0	40575897.159274	23413447.6227755	97981550.7717727	-1482437.67010914	21620601.5629112	16215532.0603631	Inactive	4.980360801427912	0.1629863732739419	0.4781159613284921		0.3489847821031266	-0.2142155602483068	-0.3636807930713488	-0.9132488739996711	0.3489847821031266	6.611232996928478	1.011843286528857	-0.5761666657189114	-0.5075103754978317	-0.1402217194834765	-0.1837687626541615	0.5985663082437278	-3.423713485164494	-0.02439900641331291	-0.4623136602762172	-0.2544878563885956	-0.6463569412080299	-2.112367371332964	-0.2142155602483068
AKARI THERAPEUTICS PLC	0.027619441971182823	Yes	No	No	21	C1	United Kingdom	298642.399909552	-12152935.7223799	-11076918.1057361	5042531.67362431	894117.24578981	1.213	17.732	12.0	11764.7006024975	11764.7006024975	0.0	0.0	5030766.97302182	0.0	0.0	5030766.97302182	3479636.44743099	1198189.5075159	-304072.261726089	0.0				4148414.4278345	0.0	1512216.51590564	2636197.91192886	5042531.67362431		882352.545187313	3619.90787769154	Active	-0.8179681242980744	-0.6687973903479952			-0.3346858788519635	-0.668370840879624	0.7031989039079177	-0.2618691975213727	-0.3054708610276914	-0.4510896483407628	-0.7198959657241482	-0.7197201611033609	-0.2618691975213727	-0.6687973903479952		-0.1781842818428184	-1.072152017519602	0.717726230581985	-0.5969854535192755	0.2		-0.8197784808195611	-0.668370840879624
AKARI THERAPEUTICS PLC	0.027619441971182823	Yes	No	No	21	C1	United Kingdom	298642.399909552	-12152935.7223799	-11076918.1057361	5042531.67362431	894117.24578981	1.213	17.732	12.0	11764.7006024975	11764.7006024975	0.0	0.0	5030766.97302182	0.0	0.0	5030766.97302182	3479636.44743099	1198189.5075159	-304072.261726089	0.0				4148414.4278345	0.0	1512216.51590564	2636197.91192886	5042531.67362431		882352.545187313	3619.90787769154	Active	-0.8179681242980744	-0.6687973903479952			-0.3346858788519635	-0.668370840879624	0.7031989039079177	-0.2618691975213727	-0.3054708610276914	-0.4510896483407628	-0.7198959657241482	-0.7197201611033609	-0.2618691975213727	-0.6687973903479952		-0.1781842818428184	-1.072152017519602	0.717726230581985	-0.5969854535192755	0.2		-0.8197784808195611	-0.668370840879624
GLOBALREADER OU	0.055338140577077866	No	No	No	62	U1	Estonia	1618189.0	85994.0	85994.0	969732.0	808516.0	2.109	83.375	20.0	629749.0	539544.0	90205.0	0.0	339983.0	1126.0	28403.0	310454.0	300589.0	5348.0	803168.0	0.0				161216.0	0.0	7666.0	153550.0	969732.0	21863.0	178767.0	196300.0	Active	0.1252613031896386	0.1100289258119071	0.01617115666702443		-0.4355756545481993	0.1287306418665286	inf	0.2522780550075432	-0.4355756545481993	-0.003072986416682669	0.7678378187635269	0.09194217079952496	0.1559184587484673	0.08160824099436581	-0.2084086561244011	-0.05637583892617445	0.126200632110897	0.0	0.1464574992355338	0.05263157894736842	-0.369033189033189	0.02911173795406137	0.1287306418665286
LOCALGUIDING UG (HAFTUNGSBESCHRAENKT)	0.0762539952993393	No	No	No	46	LF	Germany	50000.0				-957.56			1.0										0.0	-957.56	957.56	457.56	500.0	500.0									Active																							
SLICETHEPIE LIMITED	0.4589630365371704	No	No	No	63	U1	United Kingdom				363281.165226636	-367953.584119892	0.514		9.0	5813.69119566631	0.0	5813.69119566631	0.0	357467.47403097	0.0	103309.590685	254157.883345969	75403.8729458021	4709.38800649975	-372662.972126391	35287.6148676443	35287.6148676443	0.0	0.0	695947.134478883	278675.560739139	221078.874856658	196192.698883086	363281.165226636	-117769.284171658	-338479.660447914	3087.51723191386	Inactive	-0.1205551692236115	0.26657974923686	1.484288996683563	-0.2338542307888904		0.4618144101164946	0.8483368500868879				0.3738909451166981	-0.2697953347289557	-0.07188422536822708	0.4756145117261116	-0.07188422536822708	0.3179487179487179	-0.1188754236351802	0.03568201312755939	0.1209616767967601	0.2857142857142857	0.5093894943167777	-0.1059664339334951	0.4618144101164946
ARCTIC SILICON DEVICES AS	0.29138875007629395	No	No	No	na	NF	Norway																																Active																							
MONEYSOFT LIMITED	0.03699151426553726	No	No	No	62	U1	United Kingdom				24673189.6905123	23662100.875276	23.914	95.902	10.0	493766.045982642	0.0	258440.307018849	235325.738963793	24179423.6445296	2274.94108450817	0.0	24177148.7034451	20013320.5365604	1166.63645359393	23660934.2388224	0.0				1011088.81523625	0.0	0.0	1011088.81523625	24673189.6905123	2274.94108450817	23168334.8292934	90137.832314028	Active	0.135359185124387	0.1434023186464554				0.1441770264257949				-0.007708464825602497	0.1168684770320393	0.3983353467359277	0.1840936141169493	0.1433899135738843	0.2555841050505883	-0.1823155303289338	0.1353652012769603	0.02518454079940522	0.3983353467359277	0.0	0.02518454079941147	0.1343641721460919	0.1441770264257949
COMPUTER ROCK GMBH	0.04426389932632446	No	No	No	62	U1	Germany				1377501.89	712886.05	3.062	51.752	14.0	78569.0	3646.0	74923.0	0.0	1298932.89	401.68	0.0	1298531.21	927340.92	68500.0	644386.05	240352.95	0.0	240352.95	240352.95	424262.89			18764.0	1377501.89	401.68	874670.0		Active	0.09616393545468567	0.2779914842245216		0.1878692338824285		0.08429550422655054		-0.5997804610318331		0.01093920925144558	1.081564268833487	3.452776459420978	-0.2469906076289055	0.1139389537461447	-0.2132416255381707	0.09709781440343959	0.1074851911037661	0.0	0.01564848316520131	-0.4615384615384616	-0.9973221333333334	0.1688046289083721	0.08429550422655054
TRAXPAY GMBH	0.06442028284072876	No	No	No	62	U1	Germany				1616649.35	0.0	4.209	0.0	41.0	920178.0	905725.0	14452.0	1.0	696471.35	0.0	0.0	696471.35	518711.96	28567.0	-28567.0	1451167.07	1389567.07	61600.0	61600.0	165482.28	0.0	0.0	165482.28	1616649.35		530989.07		Active		0.06697152515016618		-0.09900836890712619		-0.1366765860385341		-0.2413931446682056			0.1497838314373754	-0.3682799597442447	-0.245652478658964	0.06697152515016618	-0.442007722007722	0.6890048154093097	-3.145520234367014e-14	0.0	-0.3682799597442447	0.05128205128205128		0.3587224767313346	-0.1366765860385341
X5 GROUP AB	0.0377400740981102	No	No	No	59	U1	Sweden	23732199.9071778	3243437.65081912	2542636.60566686	22010893.1084501	6806233.16470378	1.394	30.922	16.0	811271.291567	420376.573484055	42315.1336345336	348579.584448412	21199621.8168831	0.0	74918.597254584	21124703.2196285	5109378.9636911	63385.9891123853	6742847.17559139	0.0	0.0	0.0	0.0	15204659.9437463	0.0	107608.77221405	15097051.1715323	22010893.1084501			419249.32607166	Active	0.5087138049399299	0.492357219424504	0.4127393708395043		14.94557227405942	0.3664695974823007	1.490158658745278	-0.374835895522592	18.75271846218362	0.1040811225764987	0.7340992970530944	0.3067239951463928	-0.5729171830967756	0.4920600554097898	-0.6259472174382026	0.1379591836734692	0.517219436074762	-0.05490352274857369	0.3111339617317366	0.0			0.3664695974823007
VEAM VIDEO B.V.	0.7840034365653992	No	No	No	61	U1	Netherlands				11836.0	11836.0		100.0		0.0				11836.0	0.0	11836.0	0.0		11836.0	0.0	0.0				0.0				11836.0				Inactive	0.0		0.0			0.0				0.0				0.0				0.0					0.0
JAM	0.11052633821964264	No	No	No	56	U1	France	901266.0	21934.0	21709.0	118987.0	-37503.0	0.402	-31.519		70835.0	0.0	10367.0	60468.0	48149.0	7971.0	0.0	40178.0	33575.0	5000.0	-42503.0	36771.0	36771.0	0.0	0.0	119719.0	22309.0	36183.0	61227.0	118987.0	-28212.0	-71570.0	4307.0	Active	-0.3666317638316557	-0.1638815474580151		-0.3749192533913576	-3.81277250577071	-0.02520808756062394	-0.03745577398845468		-3.744500632111252	-0.3502442845657507	-0.2041198501872659	-0.02085365658633318	0.04718891829161924	-0.1152496279009941	0.4448780487804878	-0.09459459459459456	-0.3380832243194418	0.0	-0.02230298080849326		-0.09643532011658072	0.05205133104999338	-0.02520808756062394
DICE	0.012201652862131596	No	No	No	78	LF	United Kingdom	16122335.7758493							70.0																								Active																							
MITODYS LIMITED	0.1579582840204239	No	No	No	21	NF	United Kingdom																																Inactive																							
CABEO SOCIETA' A RESPONSABILITA' LIMITATA	0.805219829082489	No	No	No	62	U1	Italy	0.0	-310.0	-310.0	208032.0	198077.0	0.074	95.215		207515.0	207515.0	0.0	0.0	517.0	0.0	0.0	517.0		100001.0	98076.0	3000.0	0.0	3000.0	0.0	6955.0	0.0	0.0	6955.0	208032.0	0.0	-6438.0		Active	-0.001562602388261328	-0.3748488512696493		0.0	-inf	-0.001487938101774966		0.0	-inf	-7.351242359949162e-05		0.0	0.0	-0.3748488512696493		-0.3781512605042017	-0.003150854796414124	0.0	0.0			0.05058746736292428	-0.001487938101774966
SYNQ AS	0.980726957321167	No	No	No	62	U1	Norway	8414.90482807233	-466976.525760255	-466976.525760255	523244.865273269	-58600.1806099495	0.415	-11.199		493437.852990699	491410.16508032	912.459559670494	1216.61274622732	29807.0122825695	0.0	1926.30351485993	27880.7087677095	27982.0931632285	1313840.38152999	-1372440.56213994	510064.893855806	0.0	510064.893855806	0.0	71881.5364229311	0.0	-1622.1503283031	28286.2463497853	523346.249668788	3548.45384316303	-42074.5241403617	428551.839858575	Inactive	-1.190236548670522	-0.8924332739677637	3.791706493005109	-0.04242004503242406	0.07283355523977858	-0.4041072219080528	-0.9108260495631498	-0.2020955966883414	0.07283355523977858	-1.319232633049229	-0.7909734483847928	-0.1177125150645587	-0.2021882044556092	-0.8851794764192187	-0.4325610731967636	-0.940072202166065	0.529040321902071	0.08976192841215676	0.917493948661281		-0.8091496702643767	-1.189431597484842	-0.4040599699583817
CINT AB	0.0019482250791043043	No	No	No	63	U2	Sweden	128246621.736808	6428007.94603723	5006591.31337128	152114651.129315	49207763.934103	0.968	32.349	52.0	80687834.4783259	14127287.957785	305966.869636122	66254579.6509048	71426816.6509893	0.0	6530477.55745882	64896248.9707412	4729283.49072906	75613.0202134629	49132150.9138895	29143637.2319058	0.0	29143637.2319058	0.0	73763249.9633063	0.0	8877815.72727986	64885524.3588158	152114651.129315			4290926.24362741	Active	0.1048883358619337	-0.1628438166323043	-0.04925373314230567	0.1611801379287167	-1.489840269666564	-0.08067938225551471	-0.241733797234704	-0.1285430080651362	-1.478866114067687	0.2018502006241639	0.5686357018404588	-0.228667670221777	-0.004781868095768142	-0.1535971173925508	-0.3036856954362341	0.0987514188422247	0.1050623596231039	0.002323418675441961	-0.2302656990290965	-0.03703703703703703			-0.08067938225551471
MULTISENSE B.V.	0.16109581291675568	No	No	No	62	U1	Netherlands				42667.0	-389512.0	0.11			917.0	0.0	917.0	0.0	41750.0	0.0	41750.0	0.0				53935.0	53935.0	0.0	0.0	378244.0				42667.0		-336494.0		Active	-0.125768716277483		3.781811934486313	inf		2.866866050389705							-0.601823708206687	3.781811934486313	-0.601823708206687	4.789473684210527			-0.1715748759259016			-0.2486474296138671	2.866866050389705
MOVELLAS LTD	0.8789289593696594	No	No	No	58	U1	United Kingdom				28847.4477225033	-34287.1254405464	0.865			0.0				28847.4477225033	0.0	0.0	28847.4477225033		0.0	-34287.1254405464	29771.7611214929	0.0	29771.7611214929		33362.8120415569	0.0	0.0	33362.8120415569	28847.4477225033	0.0	-4515.36431905354		Inactive	-0.7846163513460906	-0.425081842261036		-0.8213458630078295		-0.4494412623075956						-0.2576628553387246	-1.0	-0.425081842261036		-0.224910394265233	-0.7846181929717744	-1.0	-0.2576628553387246			-1.862751571832133	-0.4494412623075956
EWISE (SWITZERLAND) SARL EN LIQUIDATION	0.6910561919212341	No	No	No	70	LF	Switzerland								4.0										46239.7855766489														Inactive																		0.005877886982932868		0.0			
APPERIO LIMITED	0.30475300550460815	No	No	No	84	U1	United Kingdom				1596982.02102742	-2252130.19499392	0.717		34.0	26072.6019391079	0.0	26064.5342079801	8.06773112782934	1570909.41908831	0.0	152145.883740679	1418763.53534763	678219.579926064	14262.596100984	-2266392.79109491	1657155.76991084	1657155.76991084	0.0	0.0	2191956.4461105	598071.281303153	48401.776634903	1545483.38817244	1596982.02102742	103744.107105776	-621047.027022193	23134.7952755598	Active	3.109879484577515	-0.4734720359650632	-0.7892271918489523	-0.2514985583922939		-0.5382563719440978	-0.5110056519127644				-0.7045205640151644	-0.06032264878393793	-0.3818441635413452	-0.5401873919787517	-0.3819193794016284	-0.6238195173137461	3.042163755316948	0.1222967179215285	0.222777025865755	-0.3333333333333333	-0.833440594436831	-1.382463563396127	-0.5382563719440978
3D BY FLOW	0.3258742392063141	No	No	No	26	LF	Netherlands								1.0																								Inactive																							
TELEFONICA SA	0.009557105600833893	Yes	No	Yes	61	C1	Spain	41131000000.0	-1473000000.0	-892000000.0	104324000000.0	27096000000.0	0.887	25.973	104142.0	83568000000.0	30078000000.0	31392000000.0	22098000000.0	20756000000.0	929000000.0	6946000000.0	12881000000.0	7476000000.0	5750000000.0	21346000000.0	53829000000.0	31703000000.0	22126000000.0	7454000000.0	23399000000.0	759000000.0	10674000000.0	11966000000.0	104324000000.0	-2799000000.0	-2643000000.0	8860000000.0	Active	-0.1454522517976536	-0.09632383892240774	0.02312564442480483	-0.01832804464383412	-1.497635135135135	-0.04850331077506795	0.003761519653940192	-0.01344791393335083	-1.443560417702636	-0.1019017980636239	-0.1110582639714625	0.06062754830703776	-0.04003308329408521	-0.08114569038027358	-0.01878535929734629	-0.09304703476482615	-0.1768788801912621	-0.004329004329004329	0.01294372294372294	0.0047370502937743	0.2174858634188778	4.172211350293543	-0.04850331077506795
BONDORA AS	0.0028358136769384146	No	No	No	66	U1	Estonia	43554216.0	57588.0	57588.0	20867116.0	11665809.0	2.241	55.905	36.0	250000.0	250000.0	0.0	0.0	20617116.0		10398117.0	9984625.0	9804739.0	500000.0	11165809.0	0.0				9201307.0	0.0	0.0	9201307.0	20867116.0	10398117.0	11415809.0		Active	0.004960966887174185	-0.03760044006975032	0.3968134795417085		-1.254286458632307	0.15019563193768		0.0	-1.254286458632307	-0.1262795967804954	-0.01922264748713252	0.4082172497107825	0.0	0.1522942470229539		-0.1815193571950328	0.005184268480074352	0.0	0.4082172497107825	0.6363636363636364	0.3968134795417085	0.005070160194981238	0.15019563193768
OPERA AS	0.949920654296875	No	No	No	68	U1	Norway	90.0967053214397	-11262.08816518	-11262.08816518	2792.99786496463	2792.99786496463		100.0		0.0	0.0	0.0	0.0	2792.99786496463	0.0	0.0	2702.90115964319		2702.90115964319	90.0967053214397	0.0	0.0	0.0	0.0	0.0	0.0	0.0	0.0	2792.99786496463	0.0	2792.99786496463	1081.16046385728	Inactive	-1.302731836327275	-0.7832525798128879		-1.0	-0.4554752311475704	-0.8852141787259085	-1.0		-0.4735400339057078	-3.637339451960862		-1.0	-1.0	-0.7741918270017863	-1.0		-1.007344334072456	-0.1113355772328385	-1.0		-1.0	0.3774298552891028	-0.8856904684407385
VEARSA LIMITED	0.11414555460214615	No	No	No	47	U1	Ireland				361194.0	-609701.0	0.406		7.0	1669.0	0.0	1669.0	0.0	359525.0	0.0	239875.0	119650.0	82088.0	7979.0	-617680.0	86000.0	86000.0	0.0	0.0	884895.0	1425.0	459015.0	424455.0	361194.0	-219140.0	-525370.0	1386.0	Active	0.1326837333729657	-0.7123791162959526	0.8014178538439009	-0.2586206896551724		-0.345915434805048	-0.04113981562911915				-0.732955968704761	-0.0623985261860425	-0.4536824877250409	-0.3453159200084493	-0.4536824877250409	-0.2801418439716311	0.1331083064279425	0.1665204678362573	-0.09194319507682457	-0.3	-0.3658226016495442	0.2351910846744331	-0.345915434805048
YOOCHOOSE GMBH	0.5182549357414246	No	No	No	62	LF	Germany								1.0																								Inactive																				0.0			
TOURIST EYE SL	0.3452334403991699	No	No	No	62	NF	Spain																																Active																							
STAMP IT LTD	0.2132343351840973	No	No	No	82	U1	United Kingdom				3245.98540251143	2567.18475011591	4.782	79.088		0.0				3245.98540251143	0.0	0.0	3245.98540251143		0.0	2567.18475011591	0.0				678.800652395514	0.0	0.0	678.800652395514	3245.98540251143	0.0	2567.18475011591		Active																							
THE KENDAL GROUP LIMITED	0.08642968535423279	No	No	No	46	U2	United Kingdom	375857.002220045	-34292.4662994081	-34292.4662994081	4214717.68187524	2729304.94102445	1.487	64.757		2005348.72718442	0.0	0.0	2005348.72718442	2209368.95469081	0.0	0.0	2209368.95469081		156.309629366647	2729148.63139508	0.0				1485412.74085079	1485412.74085079	0.0	0.0	4214717.68187524	0.0	723956.213840025		Inactive	0.009422379300254746	1.275460272921207				0.1277194452402877				-0.1048986813369087			-0.2751122739703388	1.275460272921207		0.5835995740149097	0.009421661910598535	0.0221053090834793	0.4371907394226227			-12.56512623091817	0.1277194452402877
CONTROLLED POWER TECHNOLOGIES LTD.	0.5841038823127747	No	No	No	na	NF	United Kingdom																																Active																							
NEXWAVE-SOLUTIONS	0.07985690236091614	No	No	No	58	U1	France	3888157.0	594983.0	630116.0	6099817.0	-3272752.0	0.713	-53.653	34.0	218357.0	110050.0	84516.0	23791.0	5881457.0	0.0	3567106.0	2314351.0	1116605.0	2742957.0	-6015709.0	1126051.0	0.0	1126051.0	1126051.0	8246518.0	0.0	726854.0	7519664.0	6099817.0	2840252.0	-2365061.0	66010.0	Inactive	-0.1614496925210659	0.3562014538571751	inf	-0.1050878142481687	-1.755702861845949	2.125778970050552	-0.06502891660492302	-0.05953835767452592	-1.361575605599373		0.957287295393752	0.9692020839907454	-0.1085977653403223	2.446512881666808	-0.1415424932199774	0.921832884097035	-0.09481394788247541	0.0	0.7942647621007898	0.1724137931034483	-4.653489544743558	-0.1815117796970322	2.125778970050552
CRYPTOSENSE	0.7464460730552673	No	No	No	58	U1	France	184182.0	-381021.0	-278838.0	477890.0	131958.0	1.314	27.613	4.0	23259.0	255.0	4972.0	18032.0	454631.0	0.0	25020.0	429611.0	281036.0	58422.0	73536.0	0.0	0.0	0.0	0.0	345932.0	104557.0	64473.0	176902.0	477890.0	-39453.0	108699.0	2954.0	Active	-0.6787748663570239	-0.12067666864523	1.085		0.2813027541446683	-0.05154021263885333	0.8296960581207253	0.0	0.5258811747902746	-0.661314853428186	-0.1302480177765674	2.596153846153846	6.071754332623898	-0.0917733783486825	0.7133011716057891	-0.7557166759620747	-0.7913126394115343	0.0	2.717140892289177		0.6978525627232431	-0.7332579152208801	-0.05154021263885333
MIRACL LIMITED	0.41738104820251465	No	No	No	62	U1	United Kingdom		-2032024.60728699	-2032024.60728699	24115252.8316223	24115252.8316223		100.0		64371.6678195873	0.0	0.0	64371.6678195873	24050881.1638027	0.0	0.0	24050881.1638027	1382386.17236279	49292.625672315	24065960.20595	0.0				0.0				24115252.8316223				Inactive	0.5282342680801853	0.1533124617129822		-1.0		0.09944047964201623				0.3900086180534321	-0.6653272218747098		-0.9404170969168537	0.1533124617129822			0.5300812174849244	-0.03844381994980732	-1.0				0.09944047964201623
TRACEWAVE GMBH	0.23152627050876617	No	No	No	26	LF	Germany								1.0																								Inactive																				0.0			
TALENTSOFT	0.0076597328297793865	No	No	No	58	C2	France	92327000.0	-6877000.0	-7219000.0	122111000.0	7205000.0	0.701	5.9	587.0	42982000.0	38528000.0	2348000.0	2106000.0	79129000.0	0.0	45717000.0	33412000.0	22422000.0	2812000.0	4393000.0	2081000.0	0.0	2081000.0	2081000.0	112825000.0	28918000.0	9723000.0	74184000.0	122111000.0	35994000.0	-33696000.0	12095000.0	Inactive	-0.144095984794488	0.09207386827913058	0.1185681779256686	0.1182160128962923	-0.2594227869911695	0.1021843126635978	inf	0.1127220216606498	-0.2517620232172471	-0.2234798631218741	0.1867259447443633	-0.03588277340957827	0.09302207303427933	0.107225813673635	-0.1122873345935728	-0.01406469760900142	-0.2302435605396881	0.03725562523054224	0.1225139536966103	-0.00676818950930626	-0.1193266619363363	0.1601308314684111	0.1021843126635978
INGE WATERTECHNOLOGIES AG	0.40006372332572937	No	No	No	70	U1	Germany				10614678.43	10354948.8	39.176	97.553	5.0	8411814.97	186.0	8957.0	8402671.97	2202863.46	0.0	0.0	2202863.46	286354.23	6875697.0	3479251.8	203500.0	0.0	203500.0	203500.0	56229.63	0.0	40283.65	15945.98	10614678.43	-40283.65	2146633.83		Inactive																							
DEP-XPLORA APS	0.5724995732307434	No	No	No	72	U1	Denmark		-30893.6644409886	-25252.2126735037	69980.8659728481	-41773.6071354237	1.177	-59.693	0.0	33311.4294841964	33311.4294841964	0.0	0.0	36669.4364886517	0.0	0.0	36669.4364886517	17192.9958628111	13700.6685781776	-55474.2757136013	80592.1681069268	80592.1681069268	0.0	0.0	31162.305001345	0.0	0.0	31162.305001345	69980.8659728481				Inactive	1.524875998252547	-0.0298450510313163		0.4978765970340671	-0.3456569471646052	-0.0146544102844081		-0.001415601977288586	-0.3481462957351761	1.562481219145739	0.5399855776735794	-0.07700565601088118	-0.001415601977288586	-0.02638021192785661		0.05465949820788525	0.8329571394816889	-0.001415601977285963	-0.07700565601088118				-0.0146544102844081
INTELLIGENT FLUIDS GMBH	0.15816281735897064	No	No	No	72	U1	Germany				7837682.23	4878041.67	6.841	62.238	26.0	485339.7	292819.7	192520.0	0.0	7352342.53	755933.43	0.0	6596409.1	6006289.41	2013971.0	2864070.67	1884837.78	1774437.55	110400.23	110400.23	1074802.78	0.0	0.0	1074802.78	7837682.23	755933.43	6277539.75		Active	1.105950968984533	0.432800213966622		-0.135081857942025		0.45349479119265		-0.1180121548302604		0.4488779215941893	21.60418531362511	0.1985196469568123	-0.03973125754445752	0.5045061953894246	0.1101308376724849	0.2554597173793357	1.24227795632963	0.9383576080669176	0.1985145416358895	0.2380952380952381	1.670929565342132	0.5732781046334063	0.45349479119265
YOUR ENERGY LTD	0.8298240900039673	No	No	No	82	NF	United Kingdom																																Inactive																							
MEN ROCK LIMITED	0.5049940943717957	No	No	No	47	U1	United Kingdom				493182.001571768	196039.082704422	2.278	39.75	3.0	6279.24219204993	0.0	6279.24219204993	0.0	486902.759379718	132401.04219156	40150.5764426179	314351.14074554	23251.016998275	242.270891475865	195796.811812946	83393.6010432571	0.0	83393.6010432571	1191.55347105678	213749.317824088	0.0	50147.7450077013	163601.572816387	493182.001571768	122403.873626477	273153.441555629	2562.4805829178	Inactive	1.375610975563982	0.466888342479275	inf	48.56340407118162		0.743778084337623	inf			0.3623277812050175	0.5144203115003566	-0.1763075299273184	-0.2592909409695614	0.774773037480587	-0.2536103151033126	0.6495293265749457	1.37997229624178	-0.04247244282220321	0.07617366107154239	0.0	1.038414813847678	2.607092332751083	0.743778084337623
BAUNAT GROUP	0.06912984699010849	No	No	No	47	U1	Belgium	9330219.0	-2143756.0	-2098294.0	9669057.0	7976189.0	4.367	82.492	17.0	2633665.0	660426.0	453791.0	1519448.0	7035392.0	3863054.0	102479.0	3069859.0	2853531.0	28200000.0	-20223811.0	81998.0	81998.0	0.0	0.0	1610871.0	26891.0	1244118.0	339862.0	9669057.0	2721415.0	5424521.0	357197.0	Active	0.1602601970213615	0.5603459755964912	-0.4781942329920109	-0.2469579112674375	-0.1356770547746376	0.157960220007552	0.2653994885992624	0.5915912152636361	-0.1534064362759298	0.001992031872509978	0.6034505138459412	-0.04862652666466984	0.2150843723687701	0.1379338343305941	-0.08010427583634532	-0.03470380194518126	0.1157646427409491	0.128	0.1786530377806476	0.0	-0.1579775111246975	0.1263781181366628	0.157960220007552
TALENT CLUE	0.12213356047868729	No	No	No	58	NF	Spain																																Active																							
LYYN AB	0.8441925644874573	No	No	No	71	U1	Sweden	62635.3385558483	-61734.1106629584	-61734.1106629584	326785.233961879	300289.133910916	4.383	91.892		265952.35119181	265952.35119181	0.0	0.0	60832.8827700684	32263.9585654585	0.0	28568.9242046099	26676.3456295411	105894.277414564	194394.856496352	12617.1905004586	0.0	12617.1905004586	0.0	13878.9095505045	0.0	1081.47347146788	12797.4360790366	326785.233961879			5046.87620018346	Active	0.8140910543327403	-0.5381736573835548	-1.0	-0.9220415118807992	-4.467634049457975	-0.1325955331462653	-0.9559418277505302	-0.01174192832902616	-4.467634049457975	1.091401520324093	-0.5591564161546352	-0.4843118643046652	-0.01174192832902616	-0.4347800270627192		1.010550458715596	1.682396543527202	0.1379033980131863	-0.7188382395700952				-0.1325955331462653
FRENZI LIMITED	0.35108891129493713	No	No	No	49	NF	United Kingdom																																Inactive																							
JASCHA STOCKHOLM AB	0.7741390466690063	No	No	No	47	U1	Sweden	2378890.10138862	-101367.646222113	-116112.031127148	2180131.91276746	547482.292131681	1.091	25.112	15.0	801822.931743529	509069.289352775	233776.102770615	58977.5396201386	1378308.98102393	606071.82162274	457851.952314234	314288.204554686	22407.5849543619	340963.900928926	206518.391202755	369870.655545376	369870.655545376	0.0	0.0	1262778.9650904	664467.346049259	242991.343336262	355417.278237151	2180131.91276746	820932.430600712	115530.015933528	166650.3504398	Inactive	-0.01184429420933792	-0.0273955968255731	1.150843896483511	-0.1702166911047001	2.912403275194144	0.1996685181924399	0.5547970956114963	-0.1200229896412213	10.43234723271023	-0.1763316714773026	0.02957980926162002	0.248429831265372	-0.06424476587098849	0.4351314547022519	0.06552468773156585	-0.07148936170212772	-0.1505946625133748	0.09665849380441927	0.5445061543654256	0.0	0.7067900581342346	-0.191034732266404	0.1996685181924399
ETORO	0.009579058736562729	No	No	No	66	NF	Cyprus																																Active																							
CITEL TECHNOLOGIES LIMITED	0.6057873964309692	No	No	No	61	NF	United Kingdom																																Inactive																							
HADRIAN ELECTRICAL ENGINEERING LTD	0.44089484214782715	No	No	No	43	U1	United Kingdom				1239137.04669113	148573.8550782	1.104	11.99		56138.48299073	0.0	47998.3419060161	8140.14108471399	1182998.5637004	314752.121942274	0.0	868246.441758125	864.211645160469	81401.4108471399	67172.4442310599	18981.4523193722	0.0	18981.4523193722		1071581.73929356	0.0	0.0	1071581.73929356	1239137.04669113	314752.121942274	111416.824406842	17246.2455781474	Inactive	0.1127682672541162	0.6063054055770762		-0.6071912560581983		0.6736581080751762				-0.3351447266274813	-0.9576420566598315	0.9185519443074326	0.7836906213963225	0.6687729882482576	1.000790322689445	-0.1300236406619384	0.1446842548029444	0.08774134561770151	0.9185519443074326		0.86930364580227	-0.2590315842373965	0.6736581080751762
FYBER GMBH	0.02558778040111065	No	No	No	62	LF	Germany								200.0																								Active																				0.5267175572519084			
ITSCOLLECTED LIMITED	0.11072593927383423	No	No	No	39	U1	United Kingdom				19891.6162246445	-16503.8231915604	0.506	-82.969		1461.91230965747	0.0	1461.91230965747	0.0	18429.7039149871	0.0	0.0	18429.7039149871	15802.3798204477	167.467888993626	-16671.291080554	0.0				36395.4394162049	0.0	0.0	36395.4394162049	19891.6162246445	0.0	-17965.7355012178	487.304103219157	Inactive																							
MARVIN TECHNOLOGIES LTD	0.8974852561950684	No	No	No	29	NF	United Kingdom																																Inactive																							
SOFTWAREONE AG	0.030774511396884918	No	No	No	46	LF	Switzerland								75.0										1266811.48471851														Active																		0.003782304982704851		0.0			
FEELIGO	0.5043681859970093	No	No	No	62	U1	France	58941.0	-202141.0	-202391.0	164333.0	11009.0	3.134	6.699		3544.0	0.0	3544.0	0.0	160789.0	0.0	0.0	160789.0	154518.0	6042.0	4967.0	102014.0	102014.0	0.0	0.0	51310.0	0.0	2349.0	48961.0	164333.0	-2349.0	109479.0	2210.0	Inactive																							
FLISOM AG IN LIQUIDATION	0.2409410923719406	No	No	No	27	U1	Switzerland	1281979.75277029	-16034770.2675392	-16034770.2675392	10662131.5969329	-2225886.55645394	0.115	-20.877		9184152.71508576	4060155.11255288	5123997.60253289	0.0	1477978.8818471	612666.611915971	307355.24879178	557957.021139348	241523.117405487	0.0	-2225886.55645394	46581.5803310952	0.0	46581.5803310952	46581.5803310952	12841436.5730557	10833449.6182679	1794793.04337958	213193.911408209	10662131.5969329	-874771.18267183	-11363457.6912086	8622749.60764641	Inactive																							
LETSDECCO SL.	0.34730127453804016	No	No	No	47	U1	Spain	32911.199	-38430.17	-39644.14	80147.85	-20946.52	4.531	-26.135	1.0	11668.57	8906.81	2761.76	0.0	68479.28	390.03	8862.11	59227.14	59227.14	3630.0	-24576.52	85981.9	85981.9	0.0	0.0	15112.47	648.12		14464.349	80147.85	9252.14		2278.96	Inactive	-2.110367680228832	-0.3416020752264012	5.876409289477564	0.4590865756480131	6.914135204874904	-0.1505840302122526		5.46104574404805	9.885505447675952	-2.307207522632922	-0.3416020752264012	-0.1140705284272742	3.228692677340562	-0.2523854482633936	inf	-0.1806509945750453	-2.613215801776102	0.0	-0.08759569623242851		4.6395199288061		-0.1505840302122526
TRILLION FUND LIMITED	0.07045309990644455	No	No	No	64	U1	United Kingdom				53.6648418061506	-724385.922980023				0.0				53.6648418061506	0.0	0.0	53.6648418061506		0.0	-724385.922980023	724439.587821829	0.0	724439.587821829		0.0				53.6648418061506				Inactive	0.04222438722889395	-0.7123105519090115		0.04202193621222107		-0.7123105519090115								-0.7123105519090115			0.04222438722889395						-0.7123105519090115
NATURALPAD	0.11503876000642776	No	No	No	62	U1	France	894208.0	325813.0	410291.0	1525322.0	760785.0	0.594	49.877		1146543.0	875018.0	16138.0	255387.0	378779.0	0.0	175330.0	203449.0	7500.0	53296.0	707489.0	127063.0	85295.0	41768.0	0.0	637474.0	197892.0	100771.0	338811.0	1525322.0	74559.0	-258695.0	212101.0	Active	0.9784699322813186	0.6219734838519368	0.8821521351740129	-0.714903384460739	-7.618045540411529	0.3076998257911414	0.1448387903024244	-0.04358746786519998	4.735447886378886	0.5129371796038464	-0.5895359019264448	0.365193530449919	0.2096504647457877	0.7328523654197184	-0.414079802490651	-0.08615384615384623	-8.226797278800385	-0.8895259415873805	0.8961154074955384		13.52825409197194	1.199544268065605	0.3076998257911414
INFOHUBBLE B.V.	0.4637977182865143	No	No	No	73	U1	Netherlands				312902.0	-1341115.0	0.243			20737.0	0.0	20737.0	0.0	292165.0	0.0	91544.0	200621.0	200621.0	18000.0	-1359115.0	450000.0	450000.0	0.0	0.0	1204017.0				312902.0		-911852.0		Inactive	5.189323524796706	3.850839015426278	1.816565134453265	inf		2.749934085951919					3.850839015426278		1.164161970361094	2.955659355537503	1.164161970361094	-0.01219512195121952	4.79130482951398	0.0	3.011731817515427			3.030035710497472	2.749934085951919
MYLEARNADFRIEND LIMITED	0.10230718553066254	No	No	No	85	U1	United Kingdom				21095.9646524708	-122922.369841703	0.001		4.0	21032.9951702348	0.0	21032.9951702348	0.0	62.9694822359174	0.0	0.0	62.9694822359174		0.0	-122922.369841703	88081.2365102259	0.0	88081.2365102259		55937.0979839477	0.0	0.0	55937.0979839477	21095.9646524708	0.0	-55874.1285017118		Active	0.1143305064723736	-0.6303351855991195		0.01856924713673083		0.00934042616325879						0.2503876934629981	0.01459665304964318	-0.6303351855991195	0.01459665304964318	-0.75	0.1143305064723736		0.2503876934629981	0.0		0.2537540714597815	0.00934042616325879
I-DRILLS APPS LIMITED	0.9731146097183228	No	No	No	62	U1	United Kingdom				17748.1094252738	8858.20923434569	1.447	49.911	1.0	5615.16801074729	2954.30139695881	2660.86661378848	0.0	12132.9414145265	0.0	0.0	12132.9414145265	347.426783273662	117.373913268129	8740.83532107757	505.881566185636	0.0	505.881566185636	505.881566185636	8384.01862474245	0.0	0.0	8384.01862474245	17748.1094252738	0.0	3748.92278978404	4936.7467920575	Inactive	0.274838653595563	1.055750183673963		inf		0.2563091679387092		-0.5591553454889345		0.01476059774321438		0.2410920696237465	-0.317323866696725	1.055750183673963	0.7462356509391663	0.7603406326034065	0.2786093857638492	0.0452764791903166	0.1679039403811126	0.0		-3.936335157901381	0.2563091679387092
TAGEOS	0.5224393010139465	No	No	No	26	U1	France	414803.0	-226523.0	-122916.0	1363590.0	864967.0	1.055	63.433		837462.0	787702.0	49760.0	0.0	526127.0	0.0	66754.0	459373.0	74287.0	500000.0	364967.0	0.0	0.0	0.0	0.0	498624.0	355000.0	45448.0	98176.0	1363590.0	21306.0	27503.0	222298.0	Active	-0.17244114301241	0.1518303996790532	-0.2757120381923724	-1.0	7.086064110801742	0.15414206817749	0.007805570338832712	0.1509666371023243	-2.419238629671967	-0.2829674677277145	-0.4128670223276033	0.7476191323851398	0.2128482299577693	0.07157448801898225	7.145359305942053	-0.7823844884488449	-0.3305851215052008	0.0	3.923563042469365		-0.5473453865601564	-0.9294273720080469	0.1541410913129001
CHAMELIC LIMITED	0.9835299849510193	No	No	No	74	U1	United Kingdom				91341.5510508269	84862.9435810139	14.099	92.907		0.0				91341.5510508269	0.0	0.0	91341.5510508269	86495.8454247883	36.5951726966454	84826.3484083172	0.0				6478.60746981301	0.0	0.0	6478.60746981301	91341.5510508269	0.0	84862.9435810139		Inactive	-0.2940489019750902	-0.3753750939469011				-0.3753750939469011				0.1302004768624398	-0.3793318911903797	-0.7510473066138523		-0.3753750939469011		1.509165331909593	-0.2941569057489858	0.09395651787913771	-0.7510473066138523			-0.2940489019750902	-0.3753750939469011
ROAMLER B.V.	0.14539054036140442	No	No	No	74	C2	Netherlands		-6684209.0	-6601095.0	12035927.0	-2794873.0	1.12	-23.221	177.0	3215173.0	1943906.0	290011.0	981256.0	8820754.0	0.0	7267404.0	1553350.0	1553350.0			6952335.0	6952335.0	0.0	0.0	7878465.0				12035927.0		942289.0	2214288.0	Active	-1.673255556537849	-0.7945947075293631	-0.2486310015583811	3.982231232612837	-0.6727442581240509	-0.4690577592875202		-0.456421734227149	-0.6750065677170025	-2.26800633429804	-0.7945947075293631		-0.4020762366639025	-0.4898870364079643	-0.5228096559917202	0.108910891089109			-0.5398707812881082	-0.2563025210084033		4.559948783912956	-0.4690577592875202
BELLCO S.R.L.	0.029415054246783257	No	No	No	26	U2	Italy	154382001.0	-130588693.0	-130588693.0	204743595.0	131915162.0	2.592	64.429	508.0	33538131.0	163358.0	22105340.0	11269433.0	171205464.0	42997435.0	53873531.0	74334498.0	8866710.0	5000000.0	126915162.0	6783728.0	0.0	6783728.0	5710574.0	66044705.0	0.0	46899859.0	19144846.0	204743595.0	49971107.0	105160759.0	42840671.0	Active	-0.2335548624230198	0.4243438924934337	3.183990880476256	2.921157527722031	1.858491708616549	-0.0525742420958389	0.5290666832549709	-0.5574908644690828	1.858491708616549	-0.1910274600404304	0.0898549463419095	0.6518520218589796	-0.6603491359859809	0.4587785597274325	-0.6138633518968372	-0.06661865322290243	-0.2405427951569078	0.0	0.5627392138036736	0.09719222462203024	0.4483791092535375	0.4002752807351249	-0.0525742420958389
COGNITO HRM LIMITED	0.43425387144088745	No	No	No	58	U1	Ireland				410809.0	-85861.0	0.572	-20.9	17.0	126889.0	125598.0	1291.0	0.0	283920.0	0.0	46073.0	237847.0	161427.0	4536.0	-90397.0	0.0				496670.0	0.0	398.0	496272.0	410809.0	45675.0	-212750.0	224554.0	Active	-0.9409495146926432	1.844277292132547	-0.9175717912431769	-1.0		-0.5083246661695764	-0.9524662605995462	-0.1807579414258692				-0.3423890790409973	-0.3424043449644743	-0.5581493066903217	-0.9674392796791849	-0.04666666666666671	-0.9378764731633263	3.161467889908257	-0.5361800480937595	-0.3461538461538461	-0.9170411243538562	-0.5032165415465085	-0.5083246661695764
URTURN SA EN LIQUIDATION	0.814201831817627	No	No	No	62	LF	Switzerland								35.0										268393.873576389														Inactive																		0.1118117685104931		0.0			
DEALMARKET AG	0.8349745869636536	No	No	No	63	LF	Switzerland								4.0										1410645.99072766														Inactive																		-0.08439231066892984		0.0			
INEWIT	0.938258171081543	No	No	No	27	U1	Belgium		-1939940.0	-1939940.0	907548.0	-75734.0	1.502	-8.345	9.0	47719.0	7691.0	39878.0	150.0	859829.0	766993.0	14299.0	78537.0	23955.0	3315056.0	-3390790.0	411000.0	411000.0	0.0	0.0	572282.0	280582.0	238468.0	53233.0	907548.0	542824.0	287547.0	40443.0	Inactive	-1.040625338616011	-0.9553183645464361	0.6980168626053913	4.63013698630137	0.1745551991417005	-0.5677953872991426	1.292674954092277	-0.2264131965399316	0.1744890663189103	-1.093996395584591	-0.9856885364310538	-0.09146299836155107	-0.4391081020722404	-0.5732295181398637	-0.4681869707274788	-0.8787732041969329	1.337105834510804	0.0	2.519461271178623	0.0	2.547405567899621	-0.8447478550360153	-0.5677953872991426
"""CLOUDO S. R. O. """"V LIKVIDACII"""""""	0.7339504361152649	No	No	No	70	U1	Slovakia	17022.0	11367.0	11367.0	69019.0	69019.0		100.0		0.0	0.0	0.0	0.0	69019.0	0.0	0.0	69019.0	69019.0	8250.0	60769.0	0.0	0.0	0.0	0.0	0.0	0.0	0.0	0.0	69019.0	0.0	69019.0		Inactive	0.1931714063445414	0.00862207543585322		-1.0	-0.7620672332230921	0.00862207543585322	-1.0		-0.7395876288659794	0.182969964392604	0.07697469025996317	-1.0		0.00862207543585322			0.2253049702590987	0.0	-1.0		-1.0	0.1930064128048675	0.00862207543585322
SPORTID MTU	0.30637359619140625	No	No	No	na	NF	Estonia																																Inactive																							
SOL DE ESPANA, SA OFICINA DE REPRESENTACION EN	0.2973663806915283	No	No	No	73	NF	Spain																																Inactive																							
OH BIBI	0.08620472252368927	No	No	No	58	U1	France				7894846.0	3922396.0	2.858	49.683		676157.0	940.0	603766.0	71451.0	7218689.0	0.0	1856912.0	5361777.0	5044131.0	3187.0	3919209.0	1446918.0	1446103.0	815.0	815.0	2525532.0	440383.0	464528.0	1620621.0	7894846.0	1392384.0	4693157.0		Active	-0.5555451308437308	-0.3558249327985248	2.765814839676575	210.7854215456674		-0.1181916533620283	3.023594425340621	-0.8045738045738046		-0.4959724871160167	-0.3766736939403975	6.87588569762356	3.955636827369871	-0.1812365913067149	13.15895126870222	-0.8958720443035668	-0.5557458248965625	0.0	6.862287957512118		2.687008468248042	-0.4475619262010742	-0.1181916533620283
KRIYA FINANCE LIMITED	0.11894777417182922	No	No	No	63	C2	United Kingdom	19452056.9633895	-13292753.3965133	-13294136.4361352	164054306.678298	14092108.8067907	3.058	8.59	90.0	106498213.836609	0.0	151259.585849636	106346954.25076	57556092.8416887	0.0	127102.493786878	57428990.3479019	28671259.6265704	4415.35399295917	14087693.4527978	131140790.840248	0.0	131140790.840248		18821407.0312592	4108492.07684709	723138.401779782	13989776.5526323	164054306.678298	-596035.907992904	38734685.8104296	92403.1822060842	Active	-0.2926138038225717	1.467545579394137	-0.9396461380909795	-0.1195051879744358	3.722826597494722	-0.1047401076605629	-0.528481213691877		4.062120557532833	-0.2098243031919787	0.5043243937026188	3.72226957514892	-0.3253970987109039	1.267801708947081	-0.3639284244587714	0.7335600907029477	-0.292692310181307	0.09525667756874968	0.3082749413575268	-0.3076923076923077	-2.041441557917742	2.523495927516272	-0.1047401076605629
REVOLUT LTD	0.006926917936652899	No	No	No	64	U2	United Kingdom	1364405468.07435	357527267.594848	271330475.692101	8513239308.4392	1041791883.20169		12.237	4534.0																								Active	0.2619602672240783				-14.6403125506287	0.1362527612109875			14.1155760871441	0.1106371392267198										2.135546334716459			
CAMPANJA AB	0.9816723465919495	No	No	No	62	U1	Sweden	0.0	-26893.6141746879	-26893.6141746879	60849.2205607147	31633.855522025	2.083	51.987		0.0	0.0	0.0	0.0	60849.2205607147	0.0	0.0	60849.2205607147		51368.7378660405	-19734.8823440156	0.0	0.0	0.0	0.0	29215.3650386897	0.0	0.0	29215.3650386897	60849.2205607147				Inactive	-0.4646678987393157	-0.6509856098232006			-0.9868896269219394	-0.6509856098232006	-1.0		-0.9868896269219394	0.5338112940343425		-0.7026692194802456		-0.6509856098232006		0.3785572468563867	-3.730419370922957	-0.00955375760638066	-0.7467275485157713				-0.6509856098232006
FUELUP B.V.	0.7831857204437256	No	No	No	63	U1	Netherlands				1263.0	-301868.0	0.004			0.0				1263.0	0.0	1263.0	0.0				0.0				303131.0				1263.0		-301868.0		Inactive	0.001230526340228924		-0.2270501835985312			-0.2270501835985312								-0.2270501835985312		-0.2			0.0			0.001230526340228924	-0.2270501835985312
