company_name	feature	feature_value	shap_value	rank
MOON WEARABLES DA	Consolidation code NF	True	-0.5453734397888184	1
MOON WEARABLES DA	Capital	0.0	-0.3749895989894867	2
MOON WEARABLES DA	Current assets  (Last avail. yr)	362620.634501137	0.1444517970085144	3
MOON WEARABLES DA	Current assets	-0.014479097142360734	0.1381048858165741	4
HUAWEI TECHNOLOGIES RESEARCH & DEVELOPMENT (UK) LIMITED	Capital	0.01863731197531898	-1.6214265823364258	1
HUAWEI TECHNOLOGIES RESEARCH & DEVELOPMENT (UK) LIMITED	Tangible fixed assets  (Last avail. yr)	78433060.9515453	1.0874478816986084	2
HUAWEI TECHNOLOGIES RESEARCH & DEVELOPMENT (UK) LIMITED	Of which cash and cash equivalent  (Last avail. yr)	46067447.7850467	-0.6029041409492493	3
HUAWEI TECHNOLOGIES RESEARCH & DEVELOPMENT (UK) LIMITED	Number of employees (Last avail. yr)	381.0	-0.576539933681488	4
HUAWEI TECHNOLOGIES RESEARCH & DEVELOPMENT (UK) LIMITED	Long term debt  (Last avail. yr)	12048007.3639939	0.4195011258125305	5
ORECON LIMITED	Capital	-0.167059134971811	1.8140850067138672	1
ORECON LIMITED	Intangible assets	0.4186485980498375	0.5357787609100342	2
ORECON LIMITED	Non current assets	2.666674081825429	-0.4364358186721802	3
ORECON LIMITED	Number of employees (Last avail. yr)	19.0	0.39591726660728455	4
ORECON LIMITED	Debtors  (Last avail. yr)	0.0	0.2592942714691162	5
JOB4FIVER LIMITED	P/L before tax		-0.5135595798492432	1
JOB4FIVER LIMITED	P/L for period   Net income   (Last avail. yr)	864449.0	-0.4065324068069458	2
JOB4FIVER LIMITED	Number of employees (Last avail. yr)	45.0	-0.354245662689209	3
JOB4FIVER LIMITED	Debtors  (Last avail. yr)	328852.84670317493	-0.3379736542701721	4
ENORON LTD	Capital  (Last avail. yr)	0.0	-1.2021156549453735	1
ENORON LTD	Current liabilities  (Last avail. yr)	0.0	0.4591112732887268	2
ENORON LTD	Total shareholders  funds and liabilities	-0.991721913753474	0.4439382255077362	3
ENORON LTD	Current assets  (Last avail. yr)	947.227675225927	0.3243770897388458	4
ENORON LTD	Debtors  (Last avail. yr)	0.0	0.26883018016815186	5
CULL MICRO IMAGING LTD	Capital	0.05823027936565642	1.2251278162002563	1
CULL MICRO IMAGING LTD	Non current liabilities	-0.7452644595372491	-0.5083208680152893	2
CULL MICRO IMAGING LTD	Solvency ratio  Asset based	1.246020366898276	-0.5073314309120178	3
CULL MICRO IMAGING LTD	Of which cash and cash equivalent  (Last avail. yr)	11933.6344258889	0.38292020559310913	4
CULL MICRO IMAGING LTD	Current liabilities	0.1423021726199441	-0.3093808591365814	5
AROMAPASS	Consolidation code NF	True	-0.3855734169483185	1
AROMAPASS	Capital	0.0	-0.3739273250102997	2
AROMAPASS	Number of employees (Last avail. yr)	24.0	0.3446477949619293	3
AROMAPASS	Other current liabilities	-0.05551252642535617	-0.1848386824131012	4
AC IMMUNE SA	Quoted Yes	True	-2.649095058441162	1
AC IMMUNE SA	Capital	0.003782304982704925	-0.9318901896476746	2
AC IMMUNE SA	Capital  (Last avail. yr)	2348527.37949007	-0.4860439896583557	3
AC IMMUNE SA	Number of employees (Last avail. yr)	15.0	0.2618298828601837	4
CARE AND SHARE ASSOCIATES UNLIMITED	Capital	-0.03754651862041981	0.8877047300338745	1
CARE AND SHARE ASSOCIATES UNLIMITED	Capital  (Last avail. yr)	1.13797702478446	-0.6269041299819946	2
CARE AND SHARE ASSOCIATES UNLIMITED	Debtors		-0.4313643276691437	3
CARE AND SHARE ASSOCIATES UNLIMITED	P/L before tax		-0.4290207326412201	4
CARE AND SHARE ASSOCIATES UNLIMITED	Consolidation code LF	True	-0.3886358141899109	5
VIVA LABS AS	Capital	3.477935467892946	0.776790201663971	1
VIVA LABS AS	Debtors  (Last avail. yr)	241416.181997063	-0.6013550162315369	2
VIVA LABS AS	Tangible fixed assets  (Last avail. yr)	0.0	-0.3857573866844177	3
VIVA LABS AS	Solvency ratio  Asset based	-9.751487698729905	0.2930856943130493	4
VIVA LABS AS	Other shareholders funds	0.6613661234278138	0.29012584686279297	5
EQUIPE ZORGBEDRIJVEN NEDERLAND B.V.	Tangible fixed assets	1.535229688397508	0.39485710859298706	1
EQUIPE ZORGBEDRIJVEN NEDERLAND B.V.	Debtors  (Last avail. yr)	898585.0	-0.33897510170936584	2
EQUIPE ZORGBEDRIJVEN NEDERLAND B.V.	Number of employees (Last avail. yr)	55.0	-0.32130420207977295	3
EQUIPE ZORGBEDRIJVEN NEDERLAND B.V.	Tangible fixed assets  (Last avail. yr)	2581992.0	0.3116098642349243	4
EQUIPE ZORGBEDRIJVEN NEDERLAND B.V.	Total assets  (Last avail. yr)	7760791.0	-0.2560257315635681	5
LAND INSIGHT LTD	Number of employees (Last avail. yr)	79.0	-0.7932541966438293	1
LAND INSIGHT LTD	Capital	0.0	-0.38659268617630005	2
LAND INSIGHT LTD	Debtors	-0.28759991876400676	0.20534899830818176	3
LAND INSIGHT LTD	Other current liabilities	-0.2347359075523564	-0.19284451007843018	4
BLACKFORD ANALYSIS LIMITED	Capital	0.140175402450005	1.2553550004959106	1
BLACKFORD ANALYSIS LIMITED	Of which cash and cash equivalent  (Last avail. yr)	4463584.04217435	-0.7941120266914368	2
BLACKFORD ANALYSIS LIMITED	Number of employees (Last avail. yr)	86.0	-0.3977983593940735	3
BLACKFORD ANALYSIS LIMITED	Debtors  (Last avail. yr)	455470.676019715	-0.2799812853336334	4
BLACKFORD ANALYSIS LIMITED	Current liabilities  (Last avail. yr)	11081382.5317102	-0.27562081813812256	5
EPERI GMBH	Shareholders funds	-1.098672396799023	0.4560419023036957	1
EPERI GMBH	Capital	0.0	-0.3394162654876709	2
EPERI GMBH	Other shareholders funds	-1.029374149889873	0.3300335109233856	3
EPERI GMBH	Of which provisions  (Last avail. yr)	256582.39	0.2986792027950287	4
EPERI GMBH	Capital  (Last avail. yr)	74582.0	0.21577410399913788	5
SUPERJAM LIMITED	Capital	0.03408455136207065	-0.5471243262290955	1
SUPERJAM LIMITED	Current liabilities  (Last avail. yr)	0.0	0.5297419428825378	2
SUPERJAM LIMITED	Debtors		-0.423419326543808	3
SUPERJAM LIMITED	Non current assets		-0.3941977918148041	4
SUPERJAM LIMITED	P/L before tax		-0.38228633999824524	5
MERIDIAN MEDICAL OY	Of which cash and cash equivalent  (Last avail. yr)	24000.0	0.44489628076553345	1
MERIDIAN MEDICAL OY	Total assets	0.5176470588235295	-0.4371316432952881	2
MERIDIAN MEDICAL OY	Other shareholders funds  (Last avail. yr)	-873000.0	0.3901374340057373	3
MERIDIAN MEDICAL OY	Debtors	1.428571428571429	-0.37579774856567383	4
MERIDIAN MEDICAL OY	Other current liabilities	2.691275167785235	0.29927679896354675	5
CAMORKA OU	NACE na	True	1.2568588256835938	1
CAMORKA OU	Capital	0.3120666666666667	0.8383700847625732	2
CAMORKA OU	Other current liabilities  (Last avail. yr)	7154.0	0.674740731716156	3
CAMORKA OU	Current liabilities  (Last avail. yr)	8704.0	0.5289146304130554	4
CAMORKA OU	Of which cash and cash equivalent  (Last avail. yr)	589.0	0.47329217195510864	5
TWENTY SOMETHING LONDON LIMITED	Capital	1.247325662592078	1.9252042770385742	1
TWENTY SOMETHING LONDON LIMITED	Current liabilities  (Last avail. yr)	14705.1648695358	0.39901602268218994	2
TWENTY SOMETHING LONDON LIMITED	Non current assets	19.18900307685419	-0.3614542782306671	3
TWENTY SOMETHING LONDON LIMITED	Capital  (Last avail. yr)	577.950017014693	0.3149449825286865	4
TWENTY SOMETHING LONDON LIMITED	Total assets  (Last avail. yr)	42860.5561913807	0.273432195186615	5
3DIVI COMPANY	Number of employees	0.2916666666666667	-0.8331128358840942	1
3DIVI COMPANY	Number of employees (Last avail. yr)	62.0	-0.8201520442962646	2
3DIVI COMPANY	P/L before tax	-1.45062858576576	-0.4257311522960663	3
3DIVI COMPANY	P/L before tax  (Last avail. yr)	46677.4739891243	-0.3233715295791626	4
3DIVI COMPANY	Debtors  (Last avail. yr)	443385.551671012	-0.298159658908844	5
TRENDMINER	Number of employees (Last avail. yr)	46.0	-0.49547329545021057	1
TRENDMINER	Number of employees	-0.1481481481481481	-0.37962186336517334	2
TRENDMINER	Tangible fixed assets  (Last avail. yr)	293829.0	0.36258479952812195	3
TRENDMINER	Of which cash and cash equivalent  (Last avail. yr)	64501.0	0.3137556314468384	4
TRENDMINER	P/L for period   Net income   (Last avail. yr)	-3866211.0	0.29928430914878845	5
MYDECO LTD	Capital	0.02899392018300454	-1.3996464014053345	1
MYDECO LTD	Non current assets	-1.0	0.864165186882019	2
MYDECO LTD	Other current liabilities  (Last avail. yr)	8045.66406001893	0.8014604449272156	3
MYDECO LTD	Number of employees (Last avail. yr)	79.0	-0.7754729986190796	4
MYDECO LTD	Current liabilities  (Last avail. yr)	18868.0362751906	0.40237075090408325	5
RAKUTEN SYMPHONY DEUTSCHLAND GMBH	Of which cash and cash equivalent  (Last avail. yr)	15312401.59	-0.7797002792358398	1
RAKUTEN SYMPHONY DEUTSCHLAND GMBH	Tangible fixed assets  (Last avail. yr)	2691891.04	0.7096289992332458	2
RAKUTEN SYMPHONY DEUTSCHLAND GMBH	Number of employees (Last avail. yr)	81.0	-0.5246208906173706	3
RAKUTEN SYMPHONY DEUTSCHLAND GMBH	Other current assets	2.646124548783112	0.40164414048194885	4
RAKUTEN SYMPHONY DEUTSCHLAND GMBH	Non current liabilities  (Last avail. yr)	23526667.99	-0.3485584259033203	5
APPS4PRO	Consolidation code NF	True	-0.3976574242115021	1
APPS4PRO	Capital	0.0	-0.3858581483364105	2
APPS4PRO	P/L for period   Net income   (Last avail. yr)	-26484.689202563102	-0.15882986783981323	3
CLOUD CYCLE LTD.	Capital	0.2657814782995033	1.2413334846496582	1
CLOUD CYCLE LTD.	Tangible fixed assets	3.151584997874089	0.40239131450653076	2
CLOUD CYCLE LTD.	Tangible fixed assets  (Last avail. yr)	434954.311847023	0.3664499819278717	3
CLOUD CYCLE LTD.	Non current assets	3.151584997874089	-0.328369677066803	4
CLOUD CYCLE LTD.	Other shareholders funds  (Last avail. yr)	647937.489903787	-0.2732601463794708	5
SMARKETS LIMITED	Capital	0.01863731197532364	-1.3533601760864258	1
SMARKETS LIMITED	Of which cash and cash equivalent  (Last avail. yr)	34673955.8543922	-0.7661880254745483	2
SMARKETS LIMITED	Number of employees (Last avail. yr)	91.0	-0.6864360570907593	3
SMARKETS LIMITED	Intangible assets	413.3816585115602	-0.49185943603515625	4
SMARKETS LIMITED	Operating revenue  Turnover   (Last avail. yr)	24199735.7844332	-0.46820563077926636	5
CLEENG B.V.	Other shareholders funds	0.5457599889925383	0.46751415729522705	1
CLEENG B.V.	Solvency ratio  Asset based	0.1029472810294729	-0.3707336187362671	2
CLEENG B.V.	Current liabilities  (Last avail. yr)	12602094.0	-0.3464410901069641	3
CLEENG B.V.	Current assets  (Last avail. yr)	13141064.0	-0.25741884112358093	4
WEBEVENTS LIMITED	Capital	0.01863731197532309	-1.791866421699524	1
WEBEVENTS LIMITED	Number of employees (Last avail. yr)	232.0	-0.6080294251441956	2
WEBEVENTS LIMITED	Of which cash and cash equivalent  (Last avail. yr)	6432286.77491651	-0.5457801818847656	3
WEBEVENTS LIMITED	Operating revenue  Turnover   (Last avail. yr)	24185905.3882141	-0.5105428099632263	4
WEBEVENTS LIMITED	Other current assets  (Last avail. yr)	29887486.2295529	-0.3432309329509735	5
THINGARAGE S.R.L. IN LIQUIDAZIONE	Of which cash and cash equivalent  (Last avail. yr)	1127.0	0.41627737879753113	1
THINGARAGE S.R.L. IN LIQUIDAZIONE	Current liabilities	-0.7161488300728807	0.3421587646007538	2
THINGARAGE S.R.L. IN LIQUIDAZIONE	Current assets  (Last avail. yr)	2745.0	0.3234782814979553	3
THINGARAGE S.R.L. IN LIQUIDAZIONE	Current liabilities  (Last avail. yr)	740.0	0.30564019083976746	4
THINGARAGE S.R.L. IN LIQUIDAZIONE	Debtors  (Last avail. yr)	0.0	0.24815858900547028	5
DYNMARK INTERNATIONAL LIMITED	Consolidation code NF	True	-0.3745284676551819	1
DYNMARK INTERNATIONAL LIMITED	NACE na	True	0.3613632321357727	2
DYNMARK INTERNATIONAL LIMITED	Capital	0.0	-0.35990434885025024	3
DYNMARK INTERNATIONAL LIMITED	Operating revenue  Turnover   (Last avail. yr)	106690.3966795545	0.1762586236000061	4
IMPOSSIBLE SOFTWARE GMBH	Capital	0.0	-0.33766475319862366	1
IMPOSSIBLE SOFTWARE GMBH	Current assets	-0.014479097142360734	0.13789063692092896	2
IMPOSSIBLE SOFTWARE GMBH	Current assets  (Last avail. yr)	362620.634501137	0.13354229927062988	3
SMART HYDRO POWER GMBH	Of which cash and cash equivalent  (Last avail. yr)	543.33	0.4814416766166687	1
SMART HYDRO POWER GMBH	Number of employees (Last avail. yr)	1.0	-0.3168831765651703	2
SMART HYDRO POWER GMBH	Other current liabilities	-0.9828483209769483	0.2987452447414398	3
SMART HYDRO POWER GMBH	Debtors	2.100304680090475	-0.2866959571838379	4
SMART HYDRO POWER GMBH	Solvency ratio  Asset based	0.3471349585322944	-0.271052747964859	5
WHIPCAR LTD	Capital	2.206175882977049	1.253055214881897	1
WHIPCAR LTD	Of which cash and cash equivalent  (Last avail. yr)	1441306.39312453	-0.37439313530921936	2
WHIPCAR LTD	Debtors	4.682047414143084	-0.3159739375114441	3
WHIPCAR LTD	Net current assets  (Last avail. yr)	1644760.71616406	-0.25301042199134827	4
WHIPCAR LTD	Capital  (Last avail. yr)	3566206.51021394	-0.24539484083652496	5
USE IT BETTER SP. Z O.O.	Capital	0.07975314604007841	1.0329476594924927	1
USE IT BETTER SP. Z O.O.	Debtors	1.159506292080153	-0.444293349981308	2
USE IT BETTER SP. Z O.O.	P/L before tax  (Last avail. yr)	197784.048639094	-0.3620668947696686	3
USE IT BETTER SP. Z O.O.	Capital  (Last avail. yr)	6439.48065336584	0.3161241412162781	4
CHRISTOPHER O LTD	Number of employees (Last avail. yr)	300.0	-1.1089808940887451	1
CHRISTOPHER O LTD	Number of employees	0.13206666409474946	-0.8644424676895142	2
CHRISTOPHER O LTD	P/L before tax	-1.4701884840050896	-0.3840537965297699	3
CHRISTOPHER O LTD	Operating revenue  Turnover   (Last avail. yr)	42493961.0	-0.3491829037666321	4
SARANTEL PLC	Consolidation code NF	True	-0.3745284676551819	1
SARANTEL PLC	NACE na	True	0.3613632321357727	2
SARANTEL PLC	Capital	0.0	-0.35990434885025024	3
SARANTEL PLC	Operating revenue  Turnover   (Last avail. yr)	106690.3966795545	0.1762586236000061	4
FAIRPHONE B.V.	Capital	0.8087818696883853	1.1224477291107178	1
FAIRPHONE B.V.	Of which cash and cash equivalent  (Last avail. yr)	4888196.0	-0.5397019386291504	2
FAIRPHONE B.V.	Number of employees (Last avail. yr)	129.0	-0.47749441862106323	3
FAIRPHONE B.V.	Tangible fixed assets  (Last avail. yr)	750755.0	0.42994174361228943	4
FAIRPHONE B.V.	Total assets  (Last avail. yr)	40925806.0	-0.3948703706264496	5
BUTLER BARCELONA S.L.	Consolidation code NF	True	-0.6307399868965149	1
BUTLER BARCELONA S.L.	Capital	0.0	-0.40620338916778564	2
BUTLER BARCELONA S.L.	Tangible fixed assets  (Last avail. yr)	6224.0	-0.21378958225250244	3
BUTLER BARCELONA S.L.	Operating revenue  Turnover   (Last avail. yr)	595897.0	0.20519083738327026	4
FUNNEL ANALYTICS TECHNOLOGIES LIMITED	NACE na	True	1.7203092575073242	1
FUNNEL ANALYTICS TECHNOLOGIES LIMITED	Capital	0.0	-0.3529861271381378	2
FUNNEL ANALYTICS TECHNOLOGIES LIMITED	Consolidation code NF	False	0.22997604310512543	3
FUNNEL ANALYTICS TECHNOLOGIES LIMITED	Debtors  (Last avail. yr)	0.0	0.19803452491760254	4
TELEPATH LIMITED	Capital	8.113464852508752	1.601901650428772	1
TELEPATH LIMITED	Of which cash and cash equivalent	19.75271921911293	0.4157159924507141	2
TELEPATH LIMITED	Capital  (Last avail. yr)	1092.37402473912	0.3154089152812958	3
TELEPATH LIMITED	Other shareholders funds  (Last avail. yr)	-443082.256717778	0.3052041828632355	4
TELEPATH LIMITED	Shareholders funds	-12.11275981089953	0.27134644985198975	5
SMARTER GRID SOLUTIONS LIMITED	Capital	0.02518454079940786	-0.9333627223968506	1
SMARTER GRID SOLUTIONS LIMITED	Number of employees (Last avail. yr)	132.0	-0.6801453232765198	2
SMARTER GRID SOLUTIONS LIMITED	Number of employees	0.2222222222222222	-0.5732434988021851	3
SMARTER GRID SOLUTIONS LIMITED	Of which cash and cash equivalent  (Last avail. yr)	108576.52146308	0.4465004503726959	4
SMARTER GRID SOLUTIONS LIMITED	Intangible assets	1.333602803647079	0.35909295082092285	5
AO REALISATIONS LIMITED	Number of employees (Last avail. yr)	24.0	0.423515647649765	1
AO REALISATIONS LIMITED	Capital	0.0	-0.35980963706970215	2
AO REALISATIONS LIMITED	Debtors	0.1732240543755596	-0.1838611662387848	3
AO REALISATIONS LIMITED	Creditors  (Last avail. yr)	242991.343336262	0.18266773223876953	4
SHINE ANALYTICS LIMITED	Of which cash and cash equivalent  (Last avail. yr)	5347366.0	-0.714813232421875	1
SHINE ANALYTICS LIMITED	Solvency ratio  Asset based	1.569180665066849	-0.6512811779975891	2
SHINE ANALYTICS LIMITED	Number of employees (Last avail. yr)	144.0	-0.6422948241233826	3
SHINE ANALYTICS LIMITED	Other shareholders funds	1.453267759663773	0.47679051756858826	4
TRIOGEN GROUP B.V.	Number of employees (Last avail. yr)	300.0	-0.9441990256309509	1
TRIOGEN GROUP B.V.	Number of employees	0.13206666409474946	-0.858333945274353	2
TRIOGEN GROUP B.V.	P/L before tax	-1.4701884840050896	-0.3757116496562958	3
TRIOGEN GROUP B.V.	Tangible fixed assets  (Last avail. yr)	868659.0	0.31578686833381653	4
TRIOGEN GROUP B.V.	Operating revenue  Turnover   (Last avail. yr)	42493961.0	-0.28774940967559814	5
VOXPOPME LIMITED	Solvency ratio  Asset based	4.461821527138914	-0.6960526704788208	1
VOXPOPME LIMITED	Capital	-0.9913176468583352	0.6126273274421692	2
VOXPOPME LIMITED	Debtors  (Last avail. yr)	219759.23325698	-0.5324499011039734	3
VOXPOPME LIMITED	Operating revenue  Turnover   (Last avail. yr)	338463.742979049	0.37835392355918884	4
VOXPOPME LIMITED	Other shareholders funds	-2.573148005056368	0.3691036105155945	5
NAROM LIMITED	Capital  (Last avail. yr)	0.0	-0.6834728717803955	1
NAROM LIMITED	Capital	0.0	-0.35222381353378296	2
NAROM LIMITED	Total assets	1.152359990217657	-0.2583230435848236	3
NAROM LIMITED	Number of employees (Last avail. yr)	24.0	0.2469514161348343	4
HUCKLETREE LTD	Number of employees (Last avail. yr)	62.0	-0.43954747915267944	1
HUCKLETREE LTD	Tangible fixed assets  (Last avail. yr)	11575453.3630954	0.43795955181121826	2
HUCKLETREE LTD	Of which cash and cash equivalent  (Last avail. yr)	1970480.04894387	-0.43724769353866577	3
HUCKLETREE LTD	Working capital  (Last avail. yr)	-3171284.78526668	0.4025460183620453	4
HUCKLETREE LTD	Of which provisions  (Last avail. yr)	1134600.64695192	0.397883802652359	5
WISE CONNECT, S.A.	Capital	0.25	0.8441374897956848	1
WISE CONNECT, S.A.	Solvency ratio  Asset based	1.218444505516077	-0.5628499984741211	2
WISE CONNECT, S.A.	Non current liabilities	-0.4991641112577307	-0.5344605445861816	3
WISE CONNECT, S.A.	Number of employees	0.2222222222222222	-0.3919399380683899	4
BINX HEALTH LIMITED	Capital  (Last avail. yr)	0.0	-0.8878603577613831	1
BINX HEALTH LIMITED	Number of employees (Last avail. yr)	93.0	-0.711483895778656	2
BINX HEALTH LIMITED	Tangible fixed assets  (Last avail. yr)	9004048.95186484	0.6251466274261475	3
BINX HEALTH LIMITED	Non current liabilities  (Last avail. yr)	132307894.180926	-0.49896419048309326	4
BINX HEALTH LIMITED	Of which cash and cash equivalent  (Last avail. yr)	10005506.7895595	-0.39972224831581116	5
LUMEJET HOLDINGS LIMITED	Capital	0.3565493359287414	1.196510910987854	1
LUMEJET HOLDINGS LIMITED	Of which cash and cash equivalent  (Last avail. yr)	3183.04865712143	0.44442158937454224	2
LUMEJET HOLDINGS LIMITED	Total assets  (Last avail. yr)	10504425.6677813	-0.2943701148033142	3
LUMEJET HOLDINGS LIMITED	Current liabilities	0.4353577173003227	-0.2845408022403717	4
LUMEJET HOLDINGS LIMITED	Tangible fixed assets  (Last avail. yr)	0.0	-0.27491509914398193	5
MELTY	Capital	0.0	-0.39148324728012085	1
MELTY	Number of employees (Last avail. yr)	24.0	0.3052314817905426	2
MELTY	Creditors  (Last avail. yr)	242991.343336262	0.19065718352794647	3
MELTY	P/L for period   Net income   (Last avail. yr)	-216024.32592571	0.17574849724769592	4
SEVEN ENERGY (UK) LIMITED	Capital		-1.4150141477584839	1
SEVEN ENERGY (UK) LIMITED	Capital  (Last avail. yr)	0.0	-1.0763959884643555	2
SEVEN ENERGY (UK) LIMITED	Debtors		-0.40597328543663025	3
SEVEN ENERGY (UK) LIMITED	P/L before tax	-1.617439776176678	-0.39773431420326233	4
SEVEN ENERGY (UK) LIMITED	Tangible fixed assets	-0.6063340340672303	-0.3530937135219574	5
DESKOM	Intangible assets	0.6062581681714112	0.3441208302974701	1
DESKOM	P/L for period   Net income   (Last avail. yr)	-1082326.0	0.3354979455471039	2
DESKOM	Non current assets	0.2332523364871867	-0.31757208704948425	3
DESKOM	Number of employees (Last avail. yr)	22.0	0.23845961689949036	4
DESKOM	NACE 63	True	-0.23410461843013763	5
ICONTEXT	Number of employees (Last avail. yr)	131.0	-0.7432975172996521	1
ICONTEXT	Non current assets	0.2716971311873803	-0.40588250756263733	2
ICONTEXT	Number of employees	0.07377049180327869	-0.387458860874176	3
ICONTEXT	Intangible assets  (Last avail. yr)	4518421.86117679	-0.2816386818885803	4
ICONTEXT	Tangible fixed assets	-0.5090239796867586	-0.25773218274116516	5
MORGAN EVERETT LTD	Capital	-0.06738982925768215	1.949305534362793	1
MORGAN EVERETT LTD	Intangible assets	0.7548423032659494	0.4031357765197754	2
MORGAN EVERETT LTD	Other current liabilities	1.935099084691348	0.40062275528907776	3
MORGAN EVERETT LTD	Non current assets	0.9033535270183912	-0.3607592284679413	4
MORGAN EVERETT LTD	P/L for period   Net income   (Last avail. yr)	-1170679.134888444	0.3364657759666443	5
SATISPAY SPA	Number of employees (Last avail. yr)	246.0	-1.740735411643982	1
SATISPAY SPA	Capital	0.01623698446969908	-0.9214035868644714	2
SATISPAY SPA	Number of employees	0.3442622950819672	-0.8192147612571716	3
SATISPAY SPA	Other shareholders funds	-0.1313789799400161	-0.2280932515859604	4
UPSTEEM.COM OU	P/L before tax	-10.50667779632721	-0.39462029933929443	1
UPSTEEM.COM OU	Solvency ratio  Asset based	0.03556125889031483	-0.3266773223876953	2
UPSTEEM.COM OU	Other shareholders funds	3.649471323293816	0.3169105350971222	3
UPSTEEM.COM OU	Of which cash and cash equivalent  (Last avail. yr)	8537.0	0.3079715073108673	4
UPSTEEM.COM OU	P/L before tax  (Last avail. yr)	11389.0	-0.28539925813674927	5
FILO S.R.L.	Number of employees	0.2105263157894737	-0.9474148154258728	1
FILO S.R.L.	Capital	0.1110985978940256	0.686812162399292	2
FILO S.R.L.	P/L for period   Net income   (Last avail. yr)	-1317915.0	0.3771515488624573	3
FILO S.R.L.	Of which provisions  (Last avail. yr)	321320.0	0.37482360005378723	4
FILO S.R.L.	Tangible fixed assets  (Last avail. yr)	235525.0	0.31951963901519775	5
ONEWELCOME B.V.	Current liabilities  (Last avail. yr)	13388529.0	-0.40762320160865784	1
ONEWELCOME B.V.	Other non current assets  (Last avail. yr)	4889476.0	-0.3517521023750305	2
ONEWELCOME B.V.	Tangible fixed assets	1.775132106122971	0.34203583002090454	3
ONEWELCOME B.V.	Tangible fixed assets  (Last avail. yr)	304074.0	0.3155883252620697	4
ONEWELCOME B.V.	Intangible assets  (Last avail. yr)	6046999.0	-0.3029120862483978	5
WHAT SALON	NACE na	True	0.9275635480880737	1
WHAT SALON	Consolidation code NF	True	-0.7330662608146667	2
WHAT SALON	Capital	0.0	-0.39596909284591675	3
WHAT SALON	Operating revenue  Turnover   (Last avail. yr)	106690.3966795545	0.20157626271247864	4
WHAT SALON	Tangible fixed assets  (Last avail. yr)	2800.121461145825	-0.17260442674160004	5
ADVERDOSE LTD	Capital	0.02899392018299779	-1.1720118522644043	1
ADVERDOSE LTD	Shareholders funds	-48.55145965623838	0.4859607517719269	2
ADVERDOSE LTD	Current liabilities  (Last avail. yr)	19900.5221912297	0.3969578742980957	3
ADVERDOSE LTD	Non current assets  (Last avail. yr)	0.0	0.3532072901725769	4
ADVERDOSE LTD	Other current liabilities  (Last avail. yr)	0.0	-0.3317028284072876	5
FISHLABS GMBH	Number of employees (Last avail. yr)	93.0	-1.0803264379501343	1
FISHLABS GMBH	Of which provisions  (Last avail. yr)	1386880.99	0.45166832208633423	2
FISHLABS GMBH	Capital	0.0	-0.30794841051101685	3
FISHLABS GMBH	Of which cash and cash equivalent  (Last avail. yr)	45510.85	0.24246957898139954	4
FISHLABS GMBH	Current assets	-0.014479097142360734	0.20624637603759766	5
LEONDRA GMBH	Of which provisions  (Last avail. yr)	222095.24	0.5483671426773071	1
LEONDRA GMBH	Number of employees	-0.2	-0.37969785928726196	2
LEONDRA GMBH	Capital	0.0	-0.32832780480384827	3
LEONDRA GMBH	Current assets  (Last avail. yr)	818598.24	-0.21124395728111267	4
LEONDRA GMBH	Other current assets	-0.9996772001459701	-0.1641419529914856	5
SIX3 LIMITED	Capital	0.05675133052668929	1.6407028436660767	1
SIX3 LIMITED	Tangible fixed assets	4.091782619097373	0.5734832882881165	2
SIX3 LIMITED	Solvency ratio  Asset based	7.438519126243463	-0.3434414565563202	3
SIX3 LIMITED	Number of employees (Last avail. yr)	19.0	0.3372601866722107	4
SIX3 LIMITED	Debtors  (Last avail. yr)	0.0	0.2995944023132324	5
MARCANDI LIMITED	Capital	-0.0639119807761828	1.9469558000564575	1
MARCANDI LIMITED	Working capital  (Last avail. yr)	-729895.468209739	0.3992158770561218	2
MARCANDI LIMITED	Number of employees (Last avail. yr)	19.0	0.387956827878952	3
MARCANDI LIMITED	Woco Yes	True	-0.34006184339523315	4
MAGICTAB LTD	Capital  (Last avail. yr)	0.0	-1.289020299911499	1
MAGICTAB LTD	Other shareholders funds  (Last avail. yr)	-24839.3916095683	0.4321662187576294	2
MAGICTAB LTD	Capital	0.0	-0.3434573709964752	3
MAGICTAB LTD	Current assets  (Last avail. yr)	27385.3370469076	0.2638629674911499	4
MAGICTAB LTD	Tangible fixed assets  (Last avail. yr)	931.246678755158	-0.26343145966529846	5
ENTEROME BIOSCIENCE SA	Consolidation code NF	True	-0.3129059672355652	1
ENTEROME BIOSCIENCE SA	Number of employees (Last avail. yr)	19.0	0.2728874981403351	2
ENTEROME BIOSCIENCE SA	Capital	0.001161709337719604	-0.20027415454387665	3
NEUWAY PHARMA GMBH	Intangible assets	0.4103247928374131	0.5991412401199341	1
NEUWAY PHARMA GMBH	Tangible fixed assets  (Last avail. yr)	1157158.89	0.34458014369010925	2
NEUWAY PHARMA GMBH	Number of employees	0.1111111111111111	-0.34004679322242737	3
NEUWAY PHARMA GMBH	Of which cash and cash equivalent  (Last avail. yr)	2284480.44	-0.29734522104263306	4
NEUWAY PHARMA GMBH	Other shareholders funds	0.9136628588498489	0.2880014479160309	5
CLOUD HEALTH CARE CO.LTD.	Capital	-0.1315497842867305	1.7863973379135132	1
CLOUD HEALTH CARE CO.LTD.	Number of employees (Last avail. yr)	19.0	0.3310002088546753	2
CLOUD HEALTH CARE CO.LTD.	Other current liabilities  (Last avail. yr)	415655.994558068	0.2520129382610321	3
CLOUD HEALTH CARE CO.LTD.	Solvency ratio  Asset based	-0.01200657685101384	0.16240739822387695	4
CLOUD HEALTH CARE CO.LTD.	Other shareholders funds	-0.06011931766797736	-0.14830784499645233	5
FOODPANDA GMBH	Solvency ratio  Asset based	0.06627680311890831	-0.40940821170806885	1
FOODPANDA GMBH	Non current liabilities  (Last avail. yr)	455897800.0	-0.3204329013824463	2
FOODPANDA GMBH	Long term debt  (Last avail. yr)	449820900.0	0.2961649000644684	3
FOODPANDA GMBH	Shareholders funds  (Last avail. yr)	64041900.0	0.2813965976238251	4
FOODPANDA GMBH	Current liabilities	-0.7226046022680487	0.26762980222702026	5
ELASTIC.IO GMBH	Solvency ratio  Asset based	1.254978306819446	-0.6281740665435791	1
ELASTIC.IO GMBH	Tangible fixed assets  (Last avail. yr)	0.0	-0.37495318055152893	2
ELASTIC.IO GMBH	Other shareholders funds	1.686102352101428	0.35374006628990173	3
ELASTIC.IO GMBH	Number of employees	-0.5	-0.31095457077026367	4
ELASTIC.IO GMBH	Total assets	0.07504667094571667	-0.2959495484828949	5
TOPPAN DIGITAL LANGUAGE (APAC) LTD	Capital	0.01863731197532589	-1.7698653936386108	1
TOPPAN DIGITAL LANGUAGE (APAC) LTD	Other current liabilities  (Last avail. yr)	5589.78513856747	0.3945227861404419	2
TOPPAN DIGITAL LANGUAGE (APAC) LTD	Total shareholders  funds and liabilities	-0.9730381501472884	0.34399279952049255	3
TOPPAN DIGITAL LANGUAGE (APAC) LTD	Of which provisions  (Last avail. yr)	83946.745	0.3229924738407135	4
TOPPAN DIGITAL LANGUAGE (APAC) LTD	Capital  (Last avail. yr)	168.269820666155	-0.29249078035354614	5
MONACO TELEMATIQUE S.A.M. EN ABREGEMC-TEL	Capital	0.0	-0.3427892029285431	1
MONACO TELEMATIQUE S.A.M. EN ABREGEMC-TEL	Number of employees (Last avail. yr)	28.0	-0.27031710743904114	2
MONACO TELEMATIQUE S.A.M. EN ABREGEMC-TEL	Current assets	-0.014479097142360734	0.13758869469165802	3
MONACO TELEMATIQUE S.A.M. EN ABREGEMC-TEL	Current assets  (Last avail. yr)	362620.634501137	0.13716183602809906	4
AXWAY IRELAND LIMITED	Number of employees (Last avail. yr)	51.0	-0.7126131653785706	1
AXWAY IRELAND LIMITED	Operating revenue  Turnover   (Last avail. yr)	16914023.0	-0.578996479511261	2
AXWAY IRELAND LIMITED	Number of employees	-0.25	-0.4795575439929962	3
AXWAY IRELAND LIMITED	P/L before tax	-1.499688020038739	-0.32624712586402893	4
TICKET SURF INTERNATIONAL	Consolidation code NF	True	-1.0182303190231323	1
TICKET SURF INTERNATIONAL	Capital	0.0	-0.3925921320915222	2
TICKET SURF INTERNATIONAL	NACE na	True	0.373117595911026	3
TICKET SURF INTERNATIONAL	Other current liabilities	0.0	-0.17583775520324707	4
VENUU OY	Shareholders funds	-1.442508710801394	0.5683110952377319	1
VENUU OY	Number of employees	0.1428571428571428	-0.5215722322463989	2
VENUU OY	Tangible fixed assets  (Last avail. yr)	2000.0	-0.5204727053642273	3
VENUU OY	Debtors  (Last avail. yr)	297000.0	-0.41734611988067627	4
QDEGA LOYALTY SOLUTIONS GMBH	Capital	0.0045147513931828465	-0.42845770716667175	1
QDEGA LOYALTY SOLUTIONS GMBH	Operating revenue  Turnover   (Last avail. yr)	338463.742979049	0.344508558511734	2
QDEGA LOYALTY SOLUTIONS GMBH	Non current assets	0.01611118980830259	-0.2637895345687866	3
QDEGA LOYALTY SOLUTIONS GMBH	Other shareholders funds	-0.13877544497150876	-0.1990026831626892	4
SPLENDOR TELECOM UK LIMITED	Capital  (Last avail. yr)	0.0	-0.8629639148712158	1
SPLENDOR TELECOM UK LIMITED	Of which provisions  (Last avail. yr)	194294.17	0.3755148649215698	2
SPLENDOR TELECOM UK LIMITED	Current liabilities  (Last avail. yr)	19971.1517202147	0.3625042140483856	3
SPLENDOR TELECOM UK LIMITED	Capital	0.0	-0.29776516556739807	4
SPLENDOR TELECOM UK LIMITED	Non current assets  (Last avail. yr)	0.0	0.29311826825141907	5
DWEHO	Of which cash and cash equivalent  (Last avail. yr)	703.0	0.8095216155052185	1
DWEHO	Capital	7.349473684210526	0.7683337330818176	2
DWEHO	Other shareholders funds	17821.14893617021	0.3862050175666809	3
DWEHO	Non current assets	9.113305886475123	-0.37555113434791565	4
DWEHO	Debtors	14.51120375195414	-0.34259679913520813	5
AUTOOFFER HOLDING APS	Capital	-0.002655758154377719	0.5793688893318176	1
AUTOOFFER HOLDING APS	Other current liabilities  (Last avail. yr)	669.817789994148	-0.49884143471717834	2
AUTOOFFER HOLDING APS	P/L before tax  (Last avail. yr)	14334.1007058748	-0.42097917199134827	3
AUTOOFFER HOLDING APS	Current liabilities  (Last avail. yr)	4822.68808795787	0.4204336702823639	4
AUTOOFFER HOLDING APS	Debtors  (Last avail. yr)	0.0	0.3700498938560486	5
OPENCLASSROOMS	Of which cash and cash equivalent  (Last avail. yr)	27012084.0	-0.958671510219574	1
OPENCLASSROOMS	Number of employees	0.1549295774647887	-0.702349066734314	2
OPENCLASSROOMS	Other current assets  (Last avail. yr)	30052215.0	-0.4700069725513458	3
OPENCLASSROOMS	Operating revenue  Turnover   (Last avail. yr)	20886628.0	-0.39018240571022034	4
TRUSTLY GROUP AB	Of which cash and cash equivalent  (Last avail. yr)	40350586.3255703	-0.9041920900344849	1
TRUSTLY GROUP AB	Number of employees (Last avail. yr)	386.0	-0.8747246861457825	2
TRUSTLY GROUP AB	Capital	0.002323418675438269	-0.7240146994590759	3
TRUSTLY GROUP AB	Other current assets  (Last avail. yr)	59909574.7938027	-0.45804929733276367	4
TRUSTLY GROUP AB	Solvency ratio  Asset based	0.2790195719773185	-0.40567517280578613	5
INVENOX GMBH	Number of employees (Last avail. yr)	93.0	-0.7638577818870544	1
INVENOX GMBH	Other shareholders funds	22.74435095984101	0.3804146349430084	2
INVENOX GMBH	Current liabilities  (Last avail. yr)	14691601.78	-0.33522850275039673	3
INVENOX GMBH	Number of employees	0.5245901639344263	0.29241716861724854	4
INVENOX GMBH	Other current assets  (Last avail. yr)	3833344.82	-0.26131531596183777	5
STARTUPYARD BATCH 6 S.R.O.	Number of employees	-0.1683168316831683	-0.3358248174190521	1
STARTUPYARD BATCH 6 S.R.O.	Current liabilities  (Last avail. yr)	14158.3189663338	0.3041464388370514	2
STARTUPYARD BATCH 6 S.R.O.	Working capital  (Last avail. yr)	-12951.6440544304	0.27056628465652466	3
STARTUPYARD BATCH 6 S.R.O.	Debtors	0.1240036375608755	-0.2171875387430191	4
MR. SNOW GMBH	Tangible fixed assets	8.333863806356128	0.8002471327781677	1
MR. SNOW GMBH	Shareholders funds	-1.559428183347718	0.49192482233047485	2
MR. SNOW GMBH	P/L for period   Net income   (Last avail. yr)	6866.60034651031	-0.3897456228733063	3
MR. SNOW GMBH	Number of employees	0.1111111111111111	-0.32961246371269226	4
MR. SNOW GMBH	Capital	0.0	-0.32753947377204895	5
DSTNY A/S	Capital	-0.002194032743976095	-1.9288345575332642	1
DSTNY A/S	Number of employees (Last avail. yr)	63.0	-0.5694688558578491	2
DSTNY A/S	Current liabilities  (Last avail. yr)	6940656.6234593	-0.3249082565307617	3
DSTNY A/S	Intangible assets  (Last avail. yr)	8178027.78378913	-0.288156658411026	4
BRAZECO	Solvency ratio  Asset based	0.2443230277185499	-0.5123060345649719	1
BRAZECO	Debtors	2.399574406345215	-0.49587202072143555	2
BRAZECO	Debtors  (Last avail. yr)	210879.0	-0.3951833248138428	3
BRAZECO	Current assets  (Last avail. yr)	1091570.0	-0.23311065137386322	4
CRUNCH ACCOUNTING LTD	Capital	0.02518454079940823	-1.2783327102661133	1
CRUNCH ACCOUNTING LTD	Of which provisions  (Last avail. yr)	408626.66031889804	0.4682237207889557	2
CRUNCH ACCOUNTING LTD	Number of employees	0.12	-0.4477175772190094	3
CRUNCH ACCOUNTING LTD	Non current assets  (Last avail. yr)	0.0	0.41776663064956665	4
CRUNCH ACCOUNTING LTD	Of which cash and cash equivalent  (Last avail. yr)	1623.95794340275	0.3352200388908386	5
EASY PROPERTY LIMITED	Capital	89.0356430538094	1.7110685110092163	1
EASY PROPERTY LIMITED	Number of employees (Last avail. yr)	79.0	-0.696214497089386	2
EASY PROPERTY LIMITED	Current assets	89.0356430538094	0.6372153759002686	3
EASY PROPERTY LIMITED	Current liabilities  (Last avail. yr)	0.0	0.5695359706878662	4
EASY PROPERTY LIMITED	Debtors  (Last avail. yr)	0.0	0.26993387937545776	5
WORKANGEL LTD	Capital	0.0	-0.3431236445903778	1
WORKANGEL LTD	Other shareholders funds	-0.23004085086562226	-0.182451531291008	2
WORKANGEL LTD	Current assets  (Last avail. yr)	375841.450745115	0.14365316927433014	3
WORKANGEL LTD	Capital  (Last avail. yr)	25000.0	0.1391240805387497	4
BOREAN PHARMA APS	Capital  (Last avail. yr)	0.0	-1.320072054862976	1
BOREAN PHARMA APS	NACE na	True	1.011085867881775	2
BOREAN PHARMA APS	Non current assets  (Last avail. yr)	0.0	0.4003954231739044	3
BOREAN PHARMA APS	Tangible fixed assets  (Last avail. yr)	2800.121461145825	-0.34220901131629944	4
MAXWARE AS	Number of employees (Last avail. yr)	18.0	0.3355363607406616	1
MAXWARE AS	Capital  (Last avail. yr)	2388349.62154828	-0.26195868849754333	2
MAXWARE AS	Other current assets  (Last avail. yr)	0.0	-0.23506402969360352	3
MAXWARE AS	Debtors  (Last avail. yr)	0.0	0.22805911302566528	4
MAXWARE AS	Other non current assets  (Last avail. yr)	8559723.98683722	-0.2160414159297943	5
MULTIBIND BIOTEC GMBH	Solvency ratio  Asset based	0.706145412579342	-0.6463420987129211	1
MULTIBIND BIOTEC GMBH	Capital	0.033222913344045826	-0.5419243574142456	2
MULTIBIND BIOTEC GMBH	Tangible fixed assets  (Last avail. yr)	1614.0	-0.38125649094581604	3
MULTIBIND BIOTEC GMBH	Non current liabilities	-0.9443623126202172	-0.2562609016895294	4
MULTIBIND BIOTEC GMBH	Operating revenue  Turnover   (Last avail. yr)	6506301.348434435	-0.22790013253688812	5
CARNET DE MODE	Capital	0.0	-0.3444627821445465	1
CARNET DE MODE	Number of employees (Last avail. yr)	24.0	0.25452178716659546	2
CARNET DE MODE	Creditors  (Last avail. yr)	242991.343336262	0.19757233560085297	3
CARNET DE MODE	Other current liabilities	-0.05551252642535617	-0.160307377576828	4
WAUWAA LIMITED	Number of employees (Last avail. yr)	24.0	0.423515647649765	1
WAUWAA LIMITED	Capital	0.0	-0.35980963706970215	2
WAUWAA LIMITED	Debtors	0.1732240543755596	-0.1838611662387848	3
WAUWAA LIMITED	Creditors  (Last avail. yr)	242991.343336262	0.18266773223876953	4
D-LABS GMBH	Solvency ratio  Asset based	0.1065529553803076	-0.39310792088508606	1
D-LABS GMBH	Of which cash and cash equivalent  (Last avail. yr)	2292448.59	-0.3607789874076843	2
D-LABS GMBH	Capital	0.0	-0.2750180661678314	3
D-LABS GMBH	Tangible fixed assets	-0.3311974115882039	-0.24878287315368652	4
SPOTT	Other shareholders funds  (Last avail. yr)	-167574.0	0.33192187547683716	1
SPOTT	Debtors  (Last avail. yr)	543485.0	-0.3250078856945038	2
SPOTT	Tangible fixed assets  (Last avail. yr)	3593.0	-0.31243443489074707	3
SPOTT	P/L for period   Net income   (Last avail. yr)	-561297.0	0.3091333210468292	4
SPOTT	Number of employees	-0.5	0.21151822805404663	5
INTERCLOUD	Operating revenue  Turnover   (Last avail. yr)	16660000.0	-0.5090951323509216	1
INTERCLOUD	Of which provisions  (Last avail. yr)	194294.17	0.4140753448009491	2
INTERCLOUD	Capital	0.0	-0.30887937545776367	3
INTERCLOUD	NACE 61	True	0.22245024144649506	4
HYPERWAVE GMBH	Of which provisions  (Last avail. yr)	130133.88	0.3635849952697754	1
HYPERWAVE GMBH	Capital	0.0	-0.360904335975647	2
HYPERWAVE GMBH	Number of employees (Last avail. yr)	15.0	0.313934326171875	3
HYPERWAVE GMBH	Other shareholders funds	-0.762560023598246	0.23901104927062988	4
HYPERWAVE GMBH	Intangible assets	-0.9999154119438335	0.20550179481506348	5
NETVIBES	Capital	0.6363635801534033	0.7981206178665161	1
NETVIBES	Tangible fixed assets  (Last avail. yr)	2615.0	-0.4426751136779785	2
NETVIBES	Debtors  (Last avail. yr)	493737.0	-0.4381661117076874	3
NETVIBES	Shareholders funds	-1.669576306015597	0.3991832733154297	4
NETVIBES	Of which provisions  (Last avail. yr)	389315.0	0.3876332938671112	5
AVECTO LTD	Capital	0.0186373119753199	-1.7049700021743774	1
AVECTO LTD	Number of employees (Last avail. yr)	258.0	-0.7930893898010254	2
AVECTO LTD	Intangible assets	0.5606489308291225	0.5409371256828308	3
AVECTO LTD	Operating revenue  Turnover   (Last avail. yr)	44647626.2243883	-0.4639172852039337	4
AVECTO LTD	Number of employees	0.1072961373390558	-0.4452191889286041	5
52MASTERWORKS GMBH	Number of employees	-0.8	0.37121400237083435	1
52MASTERWORKS GMBH	Capital	0.0	-0.30484798550605774	2
52MASTERWORKS GMBH	Creditors  (Last avail. yr)	242991.343336262	0.24097199738025665	3
52MASTERWORKS GMBH	Net current assets	-0.191034732266404	0.21279466152191162	4
VOLUMENTAL AB	Number of employees (Last avail. yr)	85.0	-0.7178484201431274	1
VOLUMENTAL AB	Tangible fixed assets  (Last avail. yr)	1661357.91791186	0.43762680888175964	2
VOLUMENTAL AB	Of which cash and cash equivalent  (Last avail. yr)	1342546.68578978	-0.377047598361969	3
VOLUMENTAL AB	Debtors  (Last avail. yr)	468219.431643397	-0.3118508458137512	4
VOLUMENTAL AB	Intangible assets  (Last avail. yr)	3337775.77393037	-0.2691817581653595	5
REGISTER SOCIETA' PER AZIONI	Of which cash and cash equivalent	209.125	0.6728372573852539	1
REGISTER SOCIETA' PER AZIONI	Operating revenue  Turnover   (Last avail. yr)	61765000.0	-0.4910915195941925	2
REGISTER SOCIETA' PER AZIONI	Tangible fixed assets  (Last avail. yr)	4189000.0	0.4184897243976593	3
REGISTER SOCIETA' PER AZIONI	Current liabilities  (Last avail. yr)	48650000.0	-0.2858833968639374	4
REGISTER SOCIETA' PER AZIONI	Other current liabilities  (Last avail. yr)	38679000.0	-0.28466489911079407	5
HELPLING GMBH & CO. KG	Current liabilities  (Last avail. yr)	0.0	0.968425452709198	1
HELPLING GMBH & CO. KG	Number of employees (Last avail. yr)	108.0	-0.9142244458198547	2
HELPLING GMBH & CO. KG	Shareholders funds	-2.081848634622923	0.5022748708724976	3
HELPLING GMBH & CO. KG	Number of employees	0.1134020618556701	-0.332442969083786	4
HOWCLOUD LTD	Consolidation code NF	True	-0.3745284676551819	1
HOWCLOUD LTD	NACE na	True	0.3613632321357727	2
HOWCLOUD LTD	Capital	0.0	-0.35990434885025024	3
HOWCLOUD LTD	Operating revenue  Turnover   (Last avail. yr)	106690.3966795545	0.1762586236000061	4
DEEPL GMBH	Number of employees (Last avail. yr)	85.0	-0.7965099215507507	1
DEEPL GMBH	Of which cash and cash equivalent  (Last avail. yr)	5439388.45	-0.6876084208488464	2
DEEPL GMBH	Current liabilities  (Last avail. yr)	6727739.63	-0.44142067432403564	3
DEEPL GMBH	Number of employees	0.8888888888888888	0.4218282103538513	4
DEEPL GMBH	Total assets	0.2716694960950946	-0.3645378053188324	5
THUMBAD AS	Capital	-0.06417453676845251	1.3333444595336914	1
THUMBAD AS	Solvency ratio  Asset based	0.5048844231305979	-0.3525075912475586	2
THUMBAD AS	Debtors	0.4765246197653245	-0.2944081723690033	3
THUMBAD AS	Current liabilities	-0.5947699173365285	0.2818937301635742	4
THUMBAD AS	Tangible fixed assets  (Last avail. yr)	0.0	-0.20264528691768646	5
SPIL GAMES B.V.	Of which cash and cash equivalent  (Last avail. yr)	2530826.0	-0.6643564701080322	1
SPIL GAMES B.V.	Operating revenue  Turnover   (Last avail. yr)	29498349.0	-0.41737663745880127	2
SPIL GAMES B.V.	Current liabilities  (Last avail. yr)	17939914.0	-0.2721846401691437	3
SPIL GAMES B.V.	P/L for period   Net income   (Last avail. yr)	-969397.0	0.23781387507915497	4
SPIL GAMES B.V.	NACE 63	True	-0.20941387116909027	5
HEALTH IMPACT SOLUTIONS NEDERLAND B.V.	Number of employees	0.5	-0.5818508267402649	1
HEALTH IMPACT SOLUTIONS NEDERLAND B.V.	Solvency ratio  Asset based	1.723498929818632	-0.5088704824447632	2
HEALTH IMPACT SOLUTIONS NEDERLAND B.V.	Other shareholders funds	1.456935400569131	0.5060270428657532	3
HEALTH IMPACT SOLUTIONS NEDERLAND B.V.	Of which cash and cash equivalent  (Last avail. yr)	3812.0	0.4798656105995178	4
HEALTH IMPACT SOLUTIONS NEDERLAND B.V.	Other shareholders funds  (Last avail. yr)	-727845.0	0.3375544250011444	5
OPTOMED OYJ	Quoted Yes	True	-2.63967227935791	1
OPTOMED OYJ	Number of employees (Last avail. yr)	114.0	-0.5206977725028992	2
OPTOMED OYJ	Of which cash and cash equivalent  (Last avail. yr)	7118000.0	-0.48053497076034546	3
OPTOMED OYJ	Current liabilities  (Last avail. yr)	5052000.0	-0.30374640226364136	4
FLUENTLY LTD	Number of employees	0.06103286384976525	-0.41372376680374146	1
FLUENTLY LTD	Capital	0.0	-0.39224469661712646	2
FLUENTLY LTD	Current liabilities	0.2074898702033407	-0.20373985171318054	3
FLUENTLY LTD	Tangible fixed assets	0.00729832652482159	0.17550456523895264	4
CRITEO	Quoted Yes	True	-2.5730934143066406	1
CRITEO	Tangible fixed assets  (Last avail. yr)	103207284.033441	0.890362560749054	2
CRITEO	Of which cash and cash equivalent  (Last avail. yr)	305308634.292841	-0.8059815764427185	3
CRITEO	Capital	0.01525540342701315	-0.7763606309890747	4
CRITEO	Operating revenue  Turnover   (Last avail. yr)	1860900812.72246	-0.4281061589717865	5
NEARBOX SP ZOO	Consolidation code NF	True	-0.5488560795783997	1
NEARBOX SP ZOO	Capital	0.0	-0.3423171639442444	2
NEARBOX SP ZOO	Current assets	-0.014479097142360734	0.13815359771251678	3
KEBONY INC	Consolidation code NF	True	-1.0460712909698486	1
KEBONY INC	Capital	0.0	-0.3817235827445984	2
KEBONY INC	NACE na	True	0.373117595911026	3
KEBONY INC	Other shareholders funds	-0.04639479905437352	-0.16863684356212616	4
AEROB	Number of employees	0.15	-0.5154055953025818	1
AEROB	Solvency ratio  Asset based	1.333496812162825	-0.43026116490364075	2
AEROB	Woco Yes	True	-0.3824736475944519	3
AEROB	Of which cash and cash equivalent	8.580701659189652	0.36084628105163574	4
AEROB	P/L before tax  (Last avail. yr)	489756.688852958	-0.31426894664764404	5
SIMFY DEUTSCHLAND GMBH	Non current assets  (Last avail. yr)	0.0	0.8001675605773926	1
SIMFY DEUTSCHLAND GMBH	Solvency ratio  Asset based	0.6022958268563914	-0.3679106533527374	2
SIMFY DEUTSCHLAND GMBH	Of which cash and cash equivalent  (Last avail. yr)	28367.22	0.27892497181892395	3
SIMFY DEUTSCHLAND GMBH	Capital	0.0	-0.274014949798584	4
SIMFY DEUTSCHLAND GMBH	Other shareholders funds	0.7243600894888091	0.26614663004875183	5
INPROVA ENERGY LIMITED	Capital	0.01863731197532162	-1.9930098056793213	1
INPROVA ENERGY LIMITED	Non current assets  (Last avail. yr)	0.0	0.6368855237960815	2
INPROVA ENERGY LIMITED	Of which cash and cash equivalent  (Last avail. yr)	1152.53301826133	0.4604780375957489	3
INPROVA ENERGY LIMITED	Operating revenue  Turnover   (Last avail. yr)	338463.742979049	0.4242790937423706	4
INPROVA ENERGY LIMITED	Other current liabilities  (Last avail. yr)	0.0	-0.376343697309494	5
IMPATIENTS N.V.	Capital	-0.001033546061958973	-1.3489837646484375	1
IMPATIENTS N.V.	Of which cash and cash equivalent  (Last avail. yr)	5781000.0	-0.8048770427703857	2
IMPATIENTS N.V.	Number of employees (Last avail. yr)	70.0	-0.5004851818084717	3
IMPATIENTS N.V.	Number of employees	0.2727272727272727	-0.45829081535339355	4
IMPATIENTS N.V.	Current liabilities  (Last avail. yr)	9210000.0	-0.3407263159751892	5
ENTELEC CONTROL SYSTEMS	Number of employees	0.2307692307692308	-0.6907719969749451	1
ENTELEC CONTROL SYSTEMS	Operating revenue  Turnover   (Last avail. yr)	542928.5011100225	0.309341162443161	2
ENTELEC CONTROL SYSTEMS	Current liabilities	0.4964811395873894	-0.2902584671974182	3
ENTELEC CONTROL SYSTEMS	Debtors	1.373208873925451	-0.26891282200813293	4
ENTELEC CONTROL SYSTEMS	Working capital  (Last avail. yr)	-288270.0	0.2577737271785736	5
BEIBAMBOO OY	Debtors	10.90476190476191	-0.5591603517532349	1
BEIBAMBOO OY	Other current liabilities  (Last avail. yr)	9000.0	0.41950589418411255	2
BEIBAMBOO OY	Total assets	0.09870791948668366	-0.40522974729537964	3
BEIBAMBOO OY	P/L for period   Net income   (Last avail. yr)	4000.0	-0.356040358543396	4
BEIBAMBOO OY	Creditors	-1.0	0.30982673168182373	5
YANADO	Other current liabilities  (Last avail. yr)	0.0	-0.41974398493766785	1
YANADO	Capital	0.0	-0.32177501916885376	2
YANADO	P/L before tax  (Last avail. yr)	0.0	-0.3174629211425781	3
YANADO	Debtors  (Last avail. yr)	8388.0	-0.1859041005373001	4
WATCHFUL SOFTWARE	Consolidation code NF	True	-1.0460712909698486	1
WATCHFUL SOFTWARE	Capital	0.0	-0.39511367678642273	2
WATCHFUL SOFTWARE	NACE na	True	0.373117595911026	3
SHOPCADE	Consolidation code NF	True	-0.3745284676551819	1
SHOPCADE	NACE na	True	0.3613632321357727	2
SHOPCADE	Capital	0.0	-0.35990434885025024	3
SHOPCADE	Operating revenue  Turnover   (Last avail. yr)	106690.3966795545	0.1762586236000061	4
CYTOGUIDE APS	Capital	0.004394410148856206	-1.1150215864181519	1
CYTOGUIDE APS	Non current assets  (Last avail. yr)	0.0	0.5644984245300293	2
CYTOGUIDE APS	Other current liabilities  (Last avail. yr)	2825.62074762971	0.43886715173721313	3
CYTOGUIDE APS	Non current assets	-1.0	0.35810786485671997	4
MIPAGAR B.V.	Of which cash and cash equivalent  (Last avail. yr)	50.0	0.5150107145309448	1
MIPAGAR B.V.	Current liabilities  (Last avail. yr)	11248.0	0.5109231472015381	2
MIPAGAR B.V.	Number of employees (Last avail. yr)	18.0	0.3269408047199249	3
MIPAGAR B.V.	Current assets	-0.2720901544326465	-0.2913367450237274	4
MIPAGAR B.V.	Current assets  (Last avail. yr)	13901.0	0.2775576114654541	5
UAB CGTRADER	Of which cash and cash equivalent  (Last avail. yr)	2265036.0	-0.3762226402759552	1
UAB CGTRADER	P/L for period   Net income   (Last avail. yr)	-804790.0	0.3362399637699127	2
UAB CGTRADER	Non current assets	-0.5523528640293777	0.32917100191116333	3
UAB CGTRADER	Creditors  (Last avail. yr)	1657676.0	0.2409575879573822	4
UAB CGTRADER	Capital	0.0	-0.2389191836118698	5
FRONTIFY AG	Capital	0.003782304982701695	-1.0775808095932007	1
FRONTIFY AG	Of which provisions  (Last avail. yr)	194294.17	0.4592113792896271	2
FRONTIFY AG	NACE 61	True	0.22245024144649506	3
BLACKLANE GMBH	Of which cash and cash equivalent  (Last avail. yr)	17182974.87	-0.8340352773666382	1
BLACKLANE GMBH	Number of employees (Last avail. yr)	220.0	-0.5563897490501404	2
BLACKLANE GMBH	Operating revenue  Turnover   (Last avail. yr)	239778019.56	-0.5163804888725281	3
BLACKLANE GMBH	Other current assets  (Last avail. yr)	26481311.64	-0.4491123855113983	4
BLACKLANE GMBH	Current liabilities  (Last avail. yr)	16550267.2	-0.36971762776374817	5
MYFAB FRANCE	Working capital  (Last avail. yr)	-69708.0	0.4612656533718109	1
MYFAB FRANCE	Other shareholders funds  (Last avail. yr)	-564114.0	0.3773341774940491	2
MYFAB FRANCE	Other current liabilities	16.67619948641708	0.37555474042892456	3
MYFAB FRANCE	Debtors		-0.32529106736183167	4
DIGITAL PUBLISHING AG	Number of employees (Last avail. yr)	239.0	-0.774120032787323	1
DIGITAL PUBLISHING AG	Operating revenue  Turnover   (Last avail. yr)	29735883.7	-0.4794806241989136	2
DIGITAL PUBLISHING AG	Of which cash and cash equivalent  (Last avail. yr)	4826659.3	-0.45072346925735474	3
DIGITAL PUBLISHING AG	Current liabilities  (Last avail. yr)	14802919.23	-0.44175630807876587	4
DIGITAL PUBLISHING AG	P/L before tax	-4.349494576629744	-0.4015563130378723	5
EVENTYARD LTD OOD	Other shareholders funds  (Last avail. yr)	-59821.5228159688	0.5552316308021545	1
EVENTYARD LTD OOD	Debtors  (Last avail. yr)	0.0	0.3231908082962036	2
EVENTYARD LTD OOD	Current ratio (Last avail. yr)	0.007	0.29046106338500977	3
EVENTYARD LTD OOD	Current assets  (Last avail. yr)	511.295066803152	0.28151220083236694	4
SOURCE ADVISORS LIMITED	Capital	0.01526272408299041	-1.2746686935424805	1
SOURCE ADVISORS LIMITED	Number of employees	0.1794871794871795	-0.8241778612136841	2
SOURCE ADVISORS LIMITED	Solvency ratio  Asset based	0.03117840654037141	-0.41695159673690796	3
SOURCE ADVISORS LIMITED	Number of employees (Last avail. yr)	46.0	-0.3477824032306671	4
SOURCE ADVISORS LIMITED	Debtors	2.998846528912448	-0.3310336768627167	5
MILI	Debtors  (Last avail. yr)	281000.0	-0.6161053776741028	1
MILI	Number of employees (Last avail. yr)	38.0	-0.5905547142028809	2
MILI	Number of employees	0.4074074074074074	-0.48306936025619507	3
MILI	Of which cash and cash equivalent  (Last avail. yr)	1158.96353040664	0.4749768078327179	4
MILI	Of which cash and cash equivalent	113.8597992451409	0.46618589758872986	5
NIMBOOKS SL.	Consolidation code NF	True	-0.6099609136581421	1
NIMBOOKS SL.	Capital	0.0	-0.38970890641212463	2
NIMBOOKS SL.	Current assets  (Last avail. yr)	362620.634501137	0.14511457085609436	3
NINA DATA OY	Number of employees	-0.1666666666666667	-0.3841168284416199	1
NINA DATA OY	Debtors  (Last avail. yr)	802000.0	-0.3732811212539673	2
NINA DATA OY	Woco Yes	True	-0.34877023100852966	3
NINA DATA OY	Capital	0.0	-0.26941466331481934	4
MOBOZ TECHNOLOGY S.R.L. IN LIQUIDAZIONE	Of which cash and cash equivalent  (Last avail. yr)	158.0	0.4069913625717163	1
MOBOZ TECHNOLOGY S.R.L. IN LIQUIDAZIONE	P/L before tax  (Last avail. yr)	-486.0	-0.31330686807632446	2
MOBOZ TECHNOLOGY S.R.L. IN LIQUIDAZIONE	Capital	0.0	-0.29562908411026	3
MOBOZ TECHNOLOGY S.R.L. IN LIQUIDAZIONE	Debtors  (Last avail. yr)	0.0	0.2696342170238495	4
MOBOZ TECHNOLOGY S.R.L. IN LIQUIDAZIONE	Tangible fixed assets  (Last avail. yr)	5960.0	-0.19933494925498962	5
GOLF POST AG	Number of employees	-0.1923076923076923	-0.4560643136501312	1
GOLF POST AG	Tangible fixed assets	1.523084479371316	0.40342336893081665	2
GOLF POST AG	Of which cash and cash equivalent  (Last avail. yr)	12424.48	0.3247627019882202	3
GOLF POST AG	Number of employees (Last avail. yr)	21.0	0.2746845483779907	4
LOVE HOME SWAP	Capital	0.06626820329303285	1.4272894859313965	1
LOVE HOME SWAP	Other current liabilities	5.658831531535304	0.7109768390655518	2
LOVE HOME SWAP	Current liabilities	5.403227054816045	0.4812142252922058	3
LOVE HOME SWAP	Consolidation code LF	True	-0.44805631041526794	4
LOVE HOME SWAP	Non current assets	1.672012401796339	-0.4393872022628784	5
BUNDLE AMSTERDAM	Debtors	4.682047414143084	-0.3717169761657715	1
BUNDLE AMSTERDAM	Capital	0.0	-0.3431495130062103	2
BUNDLE AMSTERDAM	Other current liabilities	-0.1009454957992435	-0.23678338527679443	3
BUNDLE AMSTERDAM	Non current assets	0.1129324538359461	-0.21419553458690643	4
ADGIBBON UG (HAFTUNGSBESCHRAENKT)	Total assets  (Last avail. yr)	24558.83	0.418201744556427	1
ADGIBBON UG (HAFTUNGSBESCHRAENKT)	Shareholders funds	-1.231404105442018	0.3889410197734833	2
ADGIBBON UG (HAFTUNGSBESCHRAENKT)	Current liabilities  (Last avail. yr)	10109.47	0.3409247398376465	3
ADGIBBON UG (HAFTUNGSBESCHRAENKT)	Capital	0.0	-0.33069297671318054	4
ADGIBBON UG (HAFTUNGSBESCHRAENKT)	Current assets	30.91157629387076	0.31831029057502747	5
ZKATTER LIMITED	Capital	0.06456638617358659	1.4913368225097656	1
ZKATTER LIMITED	Current liabilities  (Last avail. yr)	0.0	0.49653592705726624	2
ZKATTER LIMITED	Capital  (Last avail. yr)	1166.52646560102	0.36592644453048706	3
ZKATTER LIMITED	Total assets	0.06456638617358659	-0.29346275329589844	4
ZKATTER LIMITED	Non current assets	0.06456638617358659	-0.2613070011138916	5
BREEZE TECH LTD	Capital	0.0	-0.3581107258796692	1
BREEZE TECH LTD	Tangible fixed assets	-0.1732387036569349	0.1668114811182022	2
BREEZE TECH LTD	Current assets  (Last avail. yr)	362620.634501137	0.14832600951194763	3
BREEZE TECH LTD	Current assets	-0.014479097142360734	0.1381048858165741	4
TALENT.IO	Consolidation code NF	True	-1.0182303190231323	1
TALENT.IO	Capital	0.0	-0.3925921320915222	2
TALENT.IO	NACE na	True	0.373117595911026	3
TALENT.IO	Other current liabilities	0.0	-0.17583775520324707	4
MIMESIS REPUBLIC	Capital	1.122581459964638	0.8349403738975525	1
MIMESIS REPUBLIC	Non current assets	33.0266298959825	-0.48364919424057007	2
MIMESIS REPUBLIC	Solvency ratio  Asset based	0.3509294984216065	-0.4468470811843872	3
MIMESIS REPUBLIC	Number of employees (Last avail. yr)	49.0	-0.39062610268592834	4
DIGIT GAME STUDIOS LIMITED	Of which cash and cash equivalent  (Last avail. yr)	31029675.0	-0.8365306854248047	1
DIGIT GAME STUDIOS LIMITED	Number of employees (Last avail. yr)	108.0	-0.5599125027656555	2
DIGIT GAME STUDIOS LIMITED	Tangible fixed assets  (Last avail. yr)	638755.0	0.35598811507225037	3
DIGIT GAME STUDIOS LIMITED	Capital  (Last avail. yr)	1.0	-0.28449976444244385	4
FLATTIRE B.V.	Non current assets	2.195078257590043	-0.4797290563583374	1
FLATTIRE B.V.	Current assets	-0.8781725888324873	-0.3581352233886719	2
FLATTIRE B.V.	Other current assets  (Last avail. yr)	0.0	-0.30907148122787476	3
FLATTIRE B.V.	Tangible fixed assets	2.195078257590043	0.27107006311416626	4
FLATTIRE B.V.	Current assets  (Last avail. yr)	24.0	0.25211915373802185	5
PARALLEL GRAPHICS LIMITED	Solvency ratio  Asset based	1.132638253220513	-0.5411556363105774	1
PARALLEL GRAPHICS LIMITED	Of which cash and cash equivalent  (Last avail. yr)	3565226.0	-0.44620510935783386	2
PARALLEL GRAPHICS LIMITED	Debtors  (Last avail. yr)	587488.0	-0.4285711646080017	3
PARALLEL GRAPHICS LIMITED	Current assets  (Last avail. yr)	4208038.0	-0.22101940214633942	4
API VIDEO	P/L before tax  (Last avail. yr)	44823.0	-0.6903470754623413	1
API VIDEO	Tangible fixed assets	3.790383014154871	0.5494370460510254	2
API VIDEO	Solvency ratio  Asset based	0.5458902669749841	-0.4429141879081726	3
API VIDEO	Other shareholders funds	2.983051608077786	0.44228166341781616	4
API VIDEO	P/L before tax	-1.347796736423101	-0.32274383306503296	5
MOBEYE	Tangible fixed assets	-0.551917079434966	-0.4729897677898407	1
MOBEYE	Debtors  (Last avail. yr)	1358807.0	-0.3500494062900543	2
MOBEYE	Non current assets	-0.8758436871974418	0.3175170123577118	3
MOBEYE	Other shareholders funds  (Last avail. yr)	-103649.0	0.3148343861103058	4
MOBEYE	Intangible assets	-1.0	0.3133576214313507	5
BOOKEEN	Of which cash and cash equivalent  (Last avail. yr)	3080578.0	-0.4639429450035095	1
BOOKEEN	P/L for period   Net income   (Last avail. yr)	80058.0	-0.343560129404068	2
BOOKEEN	Total assets  (Last avail. yr)	7946116.0	-0.2410615086555481	3
BOOKEEN	Number of employees	0.08695652173913043	-0.2390977144241333	4
BOOKEEN	Operating revenue  Turnover   (Last avail. yr)	12397473.0	-0.2257273942232132	5
MEKITEC OY	Number of employees (Last avail. yr)	64.0	-0.7246853113174438	1
MEKITEC OY	Solvency ratio  Asset based	41.73584905660378	-0.4711909890174866	2
MEKITEC OY	Current assets	-0.4772974798495349	-0.3316071927547455	3
MEKITEC OY	Shareholders funds	32.58466145078721	-0.26101285219192505	4
LIMITED LIABILITY COMPANY MART MANIA	Capital	0.2409971538316409	1.3054721355438232	1
LIMITED LIABILITY COMPANY MART MANIA	Capital  (Last avail. yr)	157.96450452438	0.3695702850818634	2
LIMITED LIABILITY COMPANY MART MANIA	Current assets	-0.014479097142360734	0.20766064524650574	3
LIMITED LIABILITY COMPANY MART MANIA	Number of employees	0.0	0.12869597971439362	4
LIMITED LIABILITY COMPANY MART MANIA	Number of employees (Last avail. yr)	13.0	0.10763626545667648	5
FITSPRINT LTD	Capital	0.3028639826589759	1.498600721359253	1
FITSPRINT LTD	Debtors	103.5631863005791	-0.6068068742752075	2
FITSPRINT LTD	Current assets	26.31253732109254	0.30296120047569275	3
FITSPRINT LTD	Of which cash and cash equivalent	1002.500032254346	0.2949281930923462	4
FITSPRINT LTD	Total assets  (Last avail. yr)	45879.8400474727	0.29336392879486084	5
WAR DUCKS LIMITED	Other shareholders funds	3.536566487955901	0.4395565092563629	1
WAR DUCKS LIMITED	Operating revenue  Turnover   (Last avail. yr)	103078.0	0.3481864333152771	2
WAR DUCKS LIMITED	Total shareholders  funds and liabilities	-0.8890809891380796	0.3167724609375	3
WAR DUCKS LIMITED	Working capital  (Last avail. yr)	-8628.0	0.3041883707046509	4
ALINA HOMECARE	Capital		-1.254776120185852	1
ALINA HOMECARE	Consolidation code LF	True	-0.435655802488327	2
ALINA HOMECARE	P/L before tax		-0.4007317125797272	3
ALINA HOMECARE	Capital  (Last avail. yr)		-0.3766915202140808	4
TRANSMIT EHF.	Of which cash and cash equivalent  (Last avail. yr)	6.64447114980056	0.4285588562488556	1
TRANSMIT EHF.	P/L before tax  (Last avail. yr)	-139.533894145812	-0.3753058910369873	2
TRANSMIT EHF.	Current liabilities  (Last avail. yr)	17003.2016723396	0.311297208070755	3
TRANSMIT EHF.	Capital	0.00663602229366979	-0.24757108092308044	4
TRANSMIT EHF.	Current assets  (Last avail. yr)	16451.7105669062	0.21761688590049744	5
MEETWISE GMBH	Other shareholders funds	0.9781200082887468	0.3431508243083954	1
MEETWISE GMBH	Capital	0.0	-0.2916712462902069	2
MEETWISE GMBH	Of which provisions  (Last avail. yr)	328618.0	0.2309054136276245	3
MEETWISE GMBH	Other shareholders funds  (Last avail. yr)	1400692.12	-0.21610787510871887	4
MEETWISE GMBH	Current assets  (Last avail. yr)	1797652.08	-0.20783193409442902	5
MAGINE SWEDEN AB	Capital	0.03925966080246371	0.8786835074424744	1
MAGINE SWEDEN AB	Non current assets  (Last avail. yr)	0.0	0.6079831123352051	2
MAGINE SWEDEN AB	Of which cash and cash equivalent  (Last avail. yr)	2200.80062742734	0.2950989007949829	3
MAGINE SWEDEN AB	Tangible fixed assets  (Last avail. yr)	0.0	-0.26786378026008606	4
MAGINE SWEDEN AB	Debtors  (Last avail. yr)	0.0	0.25717824697494507	5
AMEE LTD	Capital	0.01863731197531447	-2.166905403137207	1
AMEE LTD	Current liabilities  (Last avail. yr)	0.0	0.7453653812408447	2
AMEE LTD	Non current assets  (Last avail. yr)	0.0	0.4297780394554138	3
AMEE LTD	Debtors  (Last avail. yr)	0.0	0.28030669689178467	4
AMEE LTD	Of which cash and cash equivalent  (Last avail. yr)	3118.75434741517	0.27576568722724915	5
KAAK OU	Other current liabilities  (Last avail. yr)	2323.0	0.6261257529258728	1
KAAK OU	Current liabilities  (Last avail. yr)	6008.0	0.5483200550079346	2
KAAK OU	P/L before tax	-2.279918864097363	-0.5316575765609741	3
KAAK OU	Of which cash and cash equivalent  (Last avail. yr)	644.0	0.42134493589401245	4
KAAK OU	P/L before tax  (Last avail. yr)	-1893.0	-0.2900451719760895	5
DANCETRIPPIN B.V.	P/L before tax  (Last avail. yr)	1621207.5492055234	-0.5482328534126282	1
DANCETRIPPIN B.V.	Solvency ratio  Asset based	0.1040811225764987	-0.3694707155227661	2
DANCETRIPPIN B.V.	Current assets	-0.4309749907320273	-0.3155488073825836	3
DANCETRIPPIN B.V.	Current liabilities	0.286577790769295	-0.2823975384235382	4
DANCETRIPPIN B.V.	Total assets  (Last avail. yr)	21714.0	0.2592995762825012	5
SHIJI DEUTSCHLAND GMBH	Number of employees (Last avail. yr)	101.0	-1.0351214408874512	1
SHIJI DEUTSCHLAND GMBH	Of which provisions  (Last avail. yr)	743962.29	0.5156732797622681	2
SHIJI DEUTSCHLAND GMBH	Other current liabilities	1.72191114174509	0.4394753873348236	3
SHIJI DEUTSCHLAND GMBH	Number of employees	0.08602150537634409	-0.36669614911079407	4
SHIJI DEUTSCHLAND GMBH	Of which cash and cash equivalent  (Last avail. yr)	2520038.7	-0.3125046193599701	5
ENCLOTHED LIMITED	Capital	-0.201905708688089	1.5786306858062744	1
ENCLOTHED LIMITED	Other shareholders funds	7.296031449332063	0.410766065120697	2
ENCLOTHED LIMITED	Debtors	0.1732240543755596	-0.3634789288043976	3
ENCLOTHED LIMITED	Number of employees (Last avail. yr)	24.0	0.3577568531036377	4
ENCLOTHED LIMITED	Current assets	-0.5138782180786714	-0.2785711884498596	5
BOLDMIND LTD	Capital	0.01863731197532324	-1.9095531702041626	1
BOLDMIND LTD	Other current liabilities	15.12408378422412	0.3273591101169586	2
BOLDMIND LTD	Debtors	0.5727409520279545	-0.26265984773635864	3
BOLDMIND LTD	Number of employees	-0.4	0.2214391678571701	4
BOLDMIND LTD	Working capital  (Last avail. yr)	-20739.8316636127	0.22081603109836578	5
INDEEMO LIMITED	Intangible assets	2.246918192005977	0.6293888092041016	1
INDEEMO LIMITED	Debtors  (Last avail. yr)	458472.0	-0.5532335638999939	2
INDEEMO LIMITED	Number of employees	0.05555555555555555	-0.3768353760242462	3
INDEEMO LIMITED	Non current assets	0.6616461741253754	-0.29488107562065125	4
VIRTUAL VIEW APP LIMITED	Capital	0.3671184976510906	0.646148681640625	1
VIRTUAL VIEW APP LIMITED	Number of employees	-0.1666666666666667	-0.41476887464523315	2
VIRTUAL VIEW APP LIMITED	Working capital  (Last avail. yr)	-128220.450814592	0.3704695701599121	3
VIRTUAL VIEW APP LIMITED	Of which cash and cash equivalent  (Last avail. yr)	5395.0070584813	0.3410015404224396	4
VIRTUAL VIEW APP LIMITED	Operating revenue  Turnover   (Last avail. yr)	338463.742979049	0.3069280683994293	5
POLYGON DIGITAL SOLUTIONS LTD	Capital	0.01863731197532235	-1.87104070186615	1
POLYGON DIGITAL SOLUTIONS LTD	Intangible assets	0.7181176181513271	0.5521382093429565	2
POLYGON DIGITAL SOLUTIONS LTD	Non current assets	0.6656612104479018	-0.48763296008110046	3
POLYGON DIGITAL SOLUTIONS LTD	Number of employees (Last avail. yr)	17.0	0.45151472091674805	4
POLYGON DIGITAL SOLUTIONS LTD	Working capital  (Last avail. yr)	-122662.936600536	0.4190438687801361	5
EFFICITY	Operating revenue  Turnover   (Last avail. yr)	57806768.0	-0.5441222190856934	1
EFFICITY	Number of employees (Last avail. yr)	49.0	-0.4379556179046631	2
EFFICITY	Current assets	-0.306600046698952	-0.32508528232574463	3
EFFICITY	Solvency ratio  Asset based	0.4437476877543471	-0.3247070908546448	4
EFFICITY	Other current assets  (Last avail. yr)	46790280.0	-0.29383599758148193	5
I-MOB HOLDINGS LIMITED	Capital	0.04127067960071615	0.7034268379211426	1
I-MOB HOLDINGS LIMITED	P/L before tax  (Last avail. yr)	84934.869715928	-0.6552593111991882	2
I-MOB HOLDINGS LIMITED	Current assets	-0.3887260351126531	-0.35700908303260803	3
I-MOB HOLDINGS LIMITED	Other shareholders funds  (Last avail. yr)	-774425.789469322	0.3152756989002228	4
I-MOB HOLDINGS LIMITED	Current liabilities	0.1289879481157961	-0.2982766330242157	5
ISOTERA LTD	Capital	0.2372687458043884	0.8796428442001343	1
ISOTERA LTD	Solvency ratio  Asset based	0.4475356882359069	-0.5718338489532471	2
ISOTERA LTD	Non current liabilities	-0.6170528564385537	-0.4019111394882202	3
ISOTERA LTD	Debtors	0.3750695193278877	-0.39837878942489624	4
ISOTERA LTD	Stock  (Last avail. yr)	883276.139858665	-0.25578737258911133	5
AMBITIOUS MINDS LTD	Capital  (Last avail. yr)	0.0	-0.8248438239097595	1
AMBITIOUS MINDS LTD	Current liabilities  (Last avail. yr)	0.0	0.5178000926971436	2
AMBITIOUS MINDS LTD	Number of employees	0.06103286384976525	-0.3629932701587677	3
AMBITIOUS MINDS LTD	Other current assets  (Last avail. yr)	26.5082594200107	-0.2826675772666931	4
AMBITIOUS MINDS LTD	Non current assets  (Last avail. yr)	0.0	0.274019330739975	5
ZOE MAJESTE	Working capital  (Last avail. yr)	-27733.0	0.3581993281841278	1
ZOE MAJESTE	Other shareholders funds  (Last avail. yr)	-124040.0	0.32033923268318176	2
ZOE MAJESTE	Tangible fixed assets  (Last avail. yr)	3856.0	-0.2624589800834656	3
ZOE MAJESTE	Capital	0.0	-0.2546450197696686	4
ZOE MAJESTE	Capital  (Last avail. yr)	333333.0	0.2449643909931183	5
DARENTA	Capital	-0.1363924868786341	1.3990479707717896	1
DARENTA	Debtors  (Last avail. yr)	687279.0	-0.7854538559913635	2
DARENTA	Solvency ratio  Asset based	0.2582493066175899	-0.4059942662715912	3
DARENTA	Number of employees	0.1176470588235294	-0.28541862964630127	4
DARENTA	P/L before tax  (Last avail. yr)	317250.5	-0.24947412312030792	5
E-BLINK	Capital	0.08830597519103398	0.9577727317810059	1
E-BLINK	Of which provisions  (Last avail. yr)	1709618.0	0.5134973526000977	2
E-BLINK	Tangible fixed assets  (Last avail. yr)	501367.0	0.4577154219150543	3
E-BLINK	P/L for period   Net income   (Last avail. yr)	-5380327.0	0.3505890667438507	4
EXACASTER, UAB	Number of employees (Last avail. yr)	77.0	-0.9783958196640015	1
EXACASTER, UAB	Solvency ratio  Asset based	0.2765083314237076	-0.4792364537715912	2
EXACASTER, UAB	Non current liabilities	-0.8727925456320518	-0.268708199262619	3
EXACASTER, UAB	Tangible fixed assets	-0.3636669142877357	-0.2525821030139923	4
EXACASTER, UAB	Other shareholders funds	0.328281332180663	0.24640552699565887	5
UBIQUIGENT LTD	Capital	0.01863731197532167	-1.7108417749404907	1
UBIQUIGENT LTD	Debtors  (Last avail. yr)	200645.625682134	-0.354383260011673	2
UBIQUIGENT LTD	Capital  (Last avail. yr)	5.76266509130667	-0.2542325556278229	3
UBIQUIGENT LTD	Tangible fixed assets  (Last avail. yr)	155249.655158856	0.2101338803768158	4
UBIQUIGENT LTD	Current assets	-0.5538541815503972	-0.19952461123466492	5
LOTTO24 AG	Quoted Yes	True	-2.483630418777466	1
LOTTO24 AG	Of which cash and cash equivalent  (Last avail. yr)	41329000.0	-0.8762233853340149	2
LOTTO24 AG	Number of employees (Last avail. yr)	140.0	-0.5940964818000793	3
LOTTO24 AG	Operating revenue  Turnover   (Last avail. yr)	156085000.0	-0.5195091366767883	4
LOTTO24 AG	Current liabilities  (Last avail. yr)	40441000.0	-0.4520166218280792	5
LEON-NANODRUGS GMBH	Number of employees	0.125	-0.4647895395755768	1
LEON-NANODRUGS GMBH	Of which provisions  (Last avail. yr)	453079.0	0.45391687750816345	2
LEON-NANODRUGS GMBH	Non current liabilities	1.770663078727662	0.3706987798213959	3
LEON-NANODRUGS GMBH	Tangible fixed assets  (Last avail. yr)	663752.0	0.3000527024269104	4
LEON-NANODRUGS GMBH	Capital	0.0	-0.2823139429092407	5
SIDESTAGE UG (HAFTUNGSBESCHRAENKT) C/O YND CONSULT	Consolidation code NF	True	-0.5680665373802185	1
SIDESTAGE UG (HAFTUNGSBESCHRAENKT) C/O YND CONSULT	Capital	0.0	-0.3691927194595337	2
SIDESTAGE UG (HAFTUNGSBESCHRAENKT) C/O YND CONSULT	Other shareholders funds	-0.23004085086562226	-0.2178322821855545	3
MONEYMATIKA LIMITED LIABILITY COMPANY	Other current liabilities  (Last avail. yr)	0.0	-0.4892818331718445	1
MONEYMATIKA LIMITED LIABILITY COMPANY	Tangible fixed assets  (Last avail. yr)	0.0	-0.36760851740837097	2
MONEYMATIKA LIMITED LIABILITY COMPANY	Total assets	5.268044688030284	-0.3506743013858795	3
MONEYMATIKA LIMITED LIABILITY COMPANY	Of which cash and cash equivalent	509.4476736071401	0.3496207594871521	4
MONEYMATIKA LIMITED LIABILITY COMPANY	Non current liabilities	0.6199054589088977	0.2643032670021057	5
BETTER BILL GMBH	Number of employees	-0.25	-0.4916524291038513	1
BETTER BILL GMBH	Capital	0.0	-0.2996714115142822	2
BETTER BILL GMBH	Other shareholders funds	-0.23004085086562226	-0.21791894733905792	3
ARIESO LIMITED	Capital	0.1764164967570497	0.9331710338592529	1
ARIESO LIMITED	Current liabilities  (Last avail. yr)	0.0	0.7568545341491699	2
ARIESO LIMITED	Non current assets  (Last avail. yr)	0.0	0.45067018270492554	3
ARIESO LIMITED	Of which provisions  (Last avail. yr)	194294.17	0.23962344229221344	4
ARIESO LIMITED	Solvency ratio  Asset based  (Last avail. yr)	100.0	0.22136761248111725	5
LUNAR WAY A/S	Capital	-0.002194032743975395	-2.013622760772705	1
LUNAR WAY A/S	Number of employees (Last avail. yr)	282.0	-1.0818012952804565	2
LUNAR WAY A/S	Tangible fixed assets  (Last avail. yr)	2826820.16979277	0.4870744049549103	3
LUNAR WAY A/S	Current liabilities  (Last avail. yr)	5704761.39923483	-0.36334511637687683	4
LUNAR WAY A/S	Non current assets  (Last avail. yr)	5426748.70738887	-0.2910822033882141	5
BILETO S.R.O.	Current liabilities  (Last avail. yr)	0.0	0.4804907441139221	1
BILETO S.R.O.	Debtors  (Last avail. yr)	281000.0	-0.4600192606449127	2
BILETO S.R.O.	Non current assets	0.6340395632370218	-0.34589311480522156	3
BILETO S.R.O.	P/L before tax  (Last avail. yr)	0.0	-0.3231716752052307	4
ZOOVU (GERMANY) GMBH	Other shareholders funds	-10.37314539423538	0.4811166822910309	1
ZOOVU (GERMANY) GMBH	Tangible fixed assets	3.968029031526423	0.41680148243904114	2
ZOOVU (GERMANY) GMBH	Shareholders funds	-14.60447325409474	0.3607730269432068	3
ZOOVU (GERMANY) GMBH	Capital	0.0	-0.32492586970329285	4
ZOOVU (GERMANY) GMBH	Of which cash and cash equivalent  (Last avail. yr)	1665379.71	-0.3066937327384949	5
THE FILTER LIMITED	Capital	0.08456491343593431	1.3355984687805176	1
THE FILTER LIMITED	Capital  (Last avail. yr)	2.37224000993587	1.1989644765853882	2
THE FILTER LIMITED	Current liabilities  (Last avail. yr)	0.0	0.628180205821991	3
THE FILTER LIMITED	Debtors  (Last avail. yr)	0.0	0.3107094168663025	4
THE FILTER LIMITED	Non current assets  (Last avail. yr)	0.0	0.2459491640329361	5
SLURP SMOOTHIE AND JUICE BARS LIMITED	Number of employees	-0.1683168316831683	-0.4663880169391632	1
SLURP SMOOTHIE AND JUICE BARS LIMITED	Capital	0.0	-0.4050801396369934	2
SLURP SMOOTHIE AND JUICE BARS LIMITED	Tangible fixed assets	-0.04017038965425686	0.2255745530128479	3
SLURP SMOOTHIE AND JUICE BARS LIMITED	Operating revenue  Turnover   (Last avail. yr)	576220.815196489	0.2151634395122528	4
VIDEOPATH UG (HAFTUNGSBESCHRAENKT)	Current liabilities  (Last avail. yr)	0.0	0.609467089176178	1
VIDEOPATH UG (HAFTUNGSBESCHRAENKT)	Non current assets  (Last avail. yr)	0.0	0.3459821939468384	2
VIDEOPATH UG (HAFTUNGSBESCHRAENKT)	Total assets  (Last avail. yr)	5758.42	0.3038023114204407	3
VIDEOPATH UG (HAFTUNGSBESCHRAENKT)	Capital	0.0	-0.2572185695171356	4
VIDEOPATH UG (HAFTUNGSBESCHRAENKT)	Current assets  (Last avail. yr)	5758.42	0.2430301457643509	5
MOVVO, S.A.	Capital	0.524512	1.0791579484939575	1
MOVVO, S.A.	Solvency ratio  Asset based	4.572740631888318	-0.7133258581161499	2
MOVVO, S.A.	Number of employees (Last avail. yr)	40.0	-0.4556013345718384	3
MOVVO, S.A.	Non current liabilities	-0.8147012916403258	-0.37575215101242065	4
SIGFOX, S.A.S.	Consolidation code NF	True	-1.0182303190231323	1
SIGFOX, S.A.S.	Capital	0.0	-0.3925921320915222	2
SIGFOX, S.A.S.	NACE na	True	0.373117595911026	3
SIGFOX, S.A.S.	Other current liabilities	0.0	-0.17583775520324707	4
GIZLO OY	Other current liabilities  (Last avail. yr)	5262.0	0.6811011433601379	1
GIZLO OY	Other shareholders funds  (Last avail. yr)	-23992.0	0.34739843010902405	2
GIZLO OY	Depreciation   Amortization  (Last avail. yr)	2515.0	-0.24039487540721893	3
GIZLO OY	Capital	0.0	-0.24033431708812714	4
AD. IQ LIMITED	Other shareholders funds	0.570334390048732	0.4622337222099304	1
AD. IQ LIMITED	Capital	0.02078948313360232	-0.3569161891937256	2
AD. IQ LIMITED	P/L for period   Net income   (Last avail. yr)	-897604.398633264	0.291556179523468	3
AD. IQ LIMITED	Current assets	-0.4125537368088257	-0.2634435296058655	4
AD. IQ LIMITED	Non current liabilities	3.616495064099977	0.25225308537483215	5
ALOQA GMBH	Capital	0.6598588934274043	1.7093697786331177	1
ALOQA GMBH	Current liabilities  (Last avail. yr)	23562.59	0.3713199496269226	2
ALOQA GMBH	Non current liabilities	-0.716687898089172	-0.3120819330215454	3
ALOQA GMBH	Non current assets	1.942525304765423	-0.2980458438396454	4
ALOQA GMBH	Other shareholders funds	-11.33522901401558	0.27910012006759644	5
BLUEID GMBH	Capital	0.1641271513754092	0.8622679710388184	1
BLUEID GMBH	Number of employees	-0.25	-0.48413142561912537	2
BLUEID GMBH	Current liabilities	-0.6484967685280439	0.24908584356307983	3
BLUEID GMBH	Tangible fixed assets  (Last avail. yr)	7864.5	-0.20400673151016235	4
BLUEID GMBH	Debtors  (Last avail. yr)	0.0	0.20287597179412842	5
SABIEDRIBA AR IEROBEZOTU ATBILDIBU CONELUM	Number of employees (Last avail. yr)	19.0	0.3005179762840271	1
SABIEDRIBA AR IEROBEZOTU ATBILDIBU CONELUM	Current ratio (Last avail. yr)	0.005	0.2852410674095154	2
SABIEDRIBA AR IEROBEZOTU ATBILDIBU CONELUM	Current assets  (Last avail. yr)	295.0	0.28334367275238037	3
SABIEDRIBA AR IEROBEZOTU ATBILDIBU CONELUM	Capital	0.0	-0.23261860013008118	4
SABIEDRIBA AR IEROBEZOTU ATBILDIBU CONELUM	Debtors  (Last avail. yr)	0.0	0.19987988471984863	5
ENIGMA SOFTWARE PRODUCTIONS S.L.	Capital	1.320588235294118	1.543504238128662	1
ENIGMA SOFTWARE PRODUCTIONS S.L.	Solvency ratio  Asset based	1.165647536263676	-0.37201905250549316	2
ENIGMA SOFTWARE PRODUCTIONS S.L.	Number of employees	-0.2105263157894737	-0.3657855987548828	3
ENIGMA SOFTWARE PRODUCTIONS S.L.	Operating revenue  Turnover   (Last avail. yr)	215002.84	0.3412216901779175	4
BAYES HOLDING GMBH	Number of employees	0.5	-0.6114901304244995	1
BAYES HOLDING GMBH	Current liabilities	0.4040559066853148	-0.2948305010795593	2
BAYES HOLDING GMBH	Of which cash and cash equivalent  (Last avail. yr)	26875.65	0.2875015437602997	3
BAYES HOLDING GMBH	Other non current assets  (Last avail. yr)	4512000.0	-0.2798093557357788	4
BAYES HOLDING GMBH	Long term debt  (Last avail. yr)	5616334.59	0.2771868109703064	5
FANTASY SHOPPER LIMITED	Of which cash and cash equivalent  (Last avail. yr)	2142298.3396378	-0.39874398708343506	1
FANTASY SHOPPER LIMITED	Capital	0.0	-0.30808892846107483	2
FANTASY SHOPPER LIMITED	Current assets	-0.02155007272279522	0.22369103133678436	3
FANTASY SHOPPER LIMITED	Current assets  (Last avail. yr)	2153118.43987509	-0.21641238033771515	4
FANTASY SHOPPER LIMITED	NACE 63	True	-0.1931292712688446	5
CHARGEPOINT TECHNOLOGY LIMITED	Capital	0.0186373119753225	-1.6960461139678955	1
CHARGEPOINT TECHNOLOGY LIMITED	Of which cash and cash equivalent  (Last avail. yr)	5600842.54034467	-0.7747628092765808	2
CHARGEPOINT TECHNOLOGY LIMITED	Tangible fixed assets  (Last avail. yr)	5559745.51797951	0.5156322121620178	3
CHARGEPOINT TECHNOLOGY LIMITED	Number of employees (Last avail. yr)	115.0	-0.451541543006897	4
CHARGEPOINT TECHNOLOGY LIMITED	Current liabilities  (Last avail. yr)	12864400.6698803	-0.410146027803421	5
SLIDESLIVE S.R.O.	Capital	-0.02439900641330981	0.763264536857605	1
SLIDESLIVE S.R.O.	P/L before tax  (Last avail. yr)	147661.372116781	-0.4775362014770508	2
SLIDESLIVE S.R.O.	Solvency ratio  Asset based	0.3202709805524732	-0.43802258372306824	3
SLIDESLIVE S.R.O.	P/L before tax	-2.377918463282398	-0.27865177392959595	4
TRADE WAVE LTD	Debtors  (Last avail. yr)	281000.0	-0.40468093752861023	1
TRADE WAVE LTD	Capital	3.279979008134348e-05	-0.27278265357017517	2
TRADE WAVE LTD	P/L before tax  (Last avail. yr)	0.0	-0.20348571240901947	3
TRADE WAVE LTD	Number of employees (Last avail. yr)	30.0	-0.18477793037891388	4
MEDIHOME LIMITED	Capital  (Last avail. yr)	0.0	-1.1534991264343262	1
MEDIHOME LIMITED	Current liabilities  (Last avail. yr)	0.0	0.5211175680160522	2
MEDIHOME LIMITED	Number of employees	0.09477124183006536	-0.40722033381462097	3
MEDIHOME LIMITED	Tangible fixed assets  (Last avail. yr)	789816.5	0.3242098093032837	4
MEDIHOME LIMITED	Non current assets  (Last avail. yr)	0.0	0.31091928482055664	5
INFINIT	Consolidation code NF	True	-0.49069297313690186	1
INFINIT	Working capital  (Last avail. yr)	-337000.0	0.33066368103027344	2
INFINIT	Net current assets	0.3774298552891028	-0.23737064003944397	3
SPINELAB AG IN LIQUIDATION	Number of employees (Last avail. yr)	160.0	-1.3082791566848755	1
SPINELAB AG IN LIQUIDATION	Of which provisions  (Last avail. yr)	420952.55	0.6212117075920105	2
SPINELAB AG IN LIQUIDATION	Operating revenue  Turnover   (Last avail. yr)	80587464.62044808	-0.45126867294311523	3
SPINELAB AG IN LIQUIDATION	Capital  (Last avail. yr)	6034407.40603823	-0.33290404081344604	4
SPINELAB AG IN LIQUIDATION	Debtors	0.3954269807550669	-0.3025420308113098	5
OFFERTI B.V.	Other current assets  (Last avail. yr)	0.0	-0.3169386386871338	1
OFFERTI B.V.	Current liabilities  (Last avail. yr)	1118.0	0.3136524260044098	2
OFFERTI B.V.	Current ratio	0.2939176426142804	-0.27294018864631653	3
OFFERTI B.V.	Current assets  (Last avail. yr)	11487.0	0.2621646523475647	4
OFFERTI B.V.	Non current assets  (Last avail. yr)	0.0	0.2616828978061676	5
ANTESY A/S	Capital		-1.1431422233581543	1
ANTESY A/S	Capital  (Last avail. yr)		-0.3956591784954071	2
ANTESY A/S	P/L before tax		-0.3641074299812317	3
ANTESY A/S	Non current assets		-0.3253178596496582	4
HENABLE SOCIETA' COOPERATIVA SOCIALE	Of which cash and cash equivalent  (Last avail. yr)	150.0	0.5071911215782166	1
HENABLE SOCIETA' COOPERATIVA SOCIALE	Other shareholders funds	1.580231102832028	0.5019012689590454	2
HENABLE SOCIETA' COOPERATIVA SOCIALE	Other shareholders funds  (Last avail. yr)	-88649.0	0.4674251973628998	3
HENABLE SOCIETA' COOPERATIVA SOCIALE	Working capital  (Last avail. yr)	-44008.0	0.32395076751708984	4
HENABLE SOCIETA' COOPERATIVA SOCIALE	Operating revenue  Turnover   (Last avail. yr)	38192.0	0.32149428129196167	5
A-GAS (UK) LIMITED	Capital	0.01863731197532162	-1.6492894887924194	1
A-GAS (UK) LIMITED	Tangible fixed assets  (Last avail. yr)	7074247.66608807	0.6250933408737183	2
A-GAS (UK) LIMITED	Number of employees (Last avail. yr)	77.0	-0.5932995080947876	3
A-GAS (UK) LIMITED	Current liabilities  (Last avail. yr)	21244641.1256112	-0.38837483525276184	4
A-GAS (UK) LIMITED	Operating revenue  Turnover   (Last avail. yr)	31214051.7335717	-0.3536476492881775	5
MIRVRACHA	Capital	-0.2430102161725596	-0.7779871821403503	1
MIRVRACHA	Other current liabilities  (Last avail. yr)	0.0	-0.6092352867126465	2
MIRVRACHA	Debtors  (Last avail. yr)	273264.018714541	-0.5242774486541748	3
MIRVRACHA	Non current assets	-0.9050704472769726	0.37282320857048035	4
MIRVRACHA	Tangible fixed assets  (Last avail. yr)	726.497649636176	-0.36194857954978943	5
HIGZ GMBH	Capital	0.0	-0.3326032757759094	1
HIGZ GMBH	Current assets	-0.014479097142360734	0.13890519738197327	2
HIGZ GMBH	Current assets  (Last avail. yr)	362620.634501137	0.13292527198791504	3
FITONIC AG IN LIQUIDATION	Capital  (Last avail. yr)	102711.092473696	0.2089095115661621	1
FITONIC AG IN LIQUIDATION	Other shareholders funds	-0.23004085086562226	-0.169313445687294	2
FITONIC AG IN LIQUIDATION	Non current assets  (Last avail. yr)	54100.0	-0.16359573602676392	3
FITONIC AG IN LIQUIDATION	Current assets  (Last avail. yr)	375841.450745115	0.137315571308136	4
FISHBRAIN AB	Consolidation code NF	True	-1.0460712909698486	1
FISHBRAIN AB	Capital	0.0	-0.4113945960998535	2
FISHBRAIN AB	NACE na	True	0.373117595911026	3
FEATURESPACE LIMITED	Capital	0.07644647449446912	1.0782477855682373	1
FEATURESPACE LIMITED	Of which cash and cash equivalent  (Last avail. yr)	33125833.165608	-0.8345321416854858	2
FEATURESPACE LIMITED	Number of employees (Last avail. yr)	378.0	-0.7841596603393555	3
FEATURESPACE LIMITED	Other current assets  (Last avail. yr)	48224000.7219022	-0.4624781310558319	4
FEATURESPACE LIMITED	Other shareholders funds  (Last avail. yr)	33360854.2410928	-0.4560645520687103	5
YATEDO FRANCE	Non current assets	0.2979292284034478	-0.5031280517578125	1
YATEDO FRANCE	Shareholders funds	-1.288983900531507	0.36422982811927795	2
YATEDO FRANCE	Debtors  (Last avail. yr)	161825.0	-0.355912446975708	3
YATEDO FRANCE	Operating revenue  Turnover   (Last avail. yr)	9085950.585212905	-0.27069979906082153	4
YATEDO FRANCE	Current liabilities	0.7219237450082379	-0.22299446165561676	5
SCIENCE FANTASY SOCIEDAD LIMITADA.	Number of employees	0.125	-0.6950775980949402	1
SCIENCE FANTASY SOCIEDAD LIMITADA.	P/L before tax  (Last avail. yr)	2703.43	-0.30138102173805237	2
SCIENCE FANTASY SOCIEDAD LIMITADA.	Other shareholders funds  (Last avail. yr)	-196456.649	0.278672993183136	3
SCIENCE FANTASY SOCIEDAD LIMITADA.	Debtors	2.091927562922038	-0.2664000689983368	4
4SCOTTY GMBH	Non current assets  (Last avail. yr)	4.0	0.6916847229003906	1
4SCOTTY GMBH	Of which cash and cash equivalent  (Last avail. yr)	1546.76	0.659206748008728	2
4SCOTTY GMBH	Non current assets	-0.9999960924525721	0.39716726541519165	3
4SCOTTY GMBH	Other shareholders funds  (Last avail. yr)	-457517.2	0.3421035408973694	4
4SCOTTY GMBH	Current assets  (Last avail. yr)	9549.86	0.2715710997581482	5
ODYSSEY AIRLINES LTD	Capital	0.02518454079940894	-1.2260757684707642	1
ODYSSEY AIRLINES LTD	Non current assets  (Last avail. yr)	0.0	0.8121792078018188	2
ODYSSEY AIRLINES LTD	Solvency ratio  Asset based	7.483661310705903	-0.43527331948280334	3
ODYSSEY AIRLINES LTD	Working capital  (Last avail. yr)	-984659.833016536	0.3700098693370819	4
ODYSSEY AIRLINES LTD	Debtors		-0.29949963092803955	5
LIGHTSPEED NETHERLANDS B.V.	Number of employees (Last avail. yr)	117.0	-0.6937414407730103	1
LIGHTSPEED NETHERLANDS B.V.	Solvency ratio  Asset based	0.7143214665582179	-0.49737653136253357	2
LIGHTSPEED NETHERLANDS B.V.	Tangible fixed assets  (Last avail. yr)	1118757.0	0.4800299406051636	3
LIGHTSPEED NETHERLANDS B.V.	Other shareholders funds	1.108521687248042	0.4696445167064667	4
LIGHTSPEED NETHERLANDS B.V.	Number of employees	0.21875	-0.4490775167942047	5
SURFINGBIRD LIMITED LIABILITY COMPANY	Capital	-0.2430102161725617	-1.2400972843170166	1
SURFINGBIRD LIMITED LIABILITY COMPANY	Non current assets	-1.0	0.72249835729599	2
SURFINGBIRD LIMITED LIABILITY COMPANY	Tangible fixed assets  (Last avail. yr)	0.0	-0.32920223474502563	3
SURFINGBIRD LIMITED LIABILITY COMPANY	Non current assets  (Last avail. yr)	0.0	0.2854418158531189	4
SURFINGBIRD LIMITED LIABILITY COMPANY	Of which cash and cash equivalent  (Last avail. yr)	23328.6467494283	0.24688804149627686	5
STUFFLE GMBH	Non current assets	-1.0	0.8764589428901672	1
STUFFLE GMBH	Current liabilities  (Last avail. yr)	0.0	0.6406636238098145	2
STUFFLE GMBH	Non current assets  (Last avail. yr)	0.0	0.39508920907974243	3
STUFFLE GMBH	Total shareholders  funds and liabilities	-0.904166631196885	0.3147623538970947	4
STUFFLE GMBH	Total assets  (Last avail. yr)	2138.95000000007	0.31193020939826965	5
BRAINLAB AG	Number of employees (Last avail. yr)	2266.0	-0.736360490322113	1
BRAINLAB AG	Of which cash and cash equivalent  (Last avail. yr)	86336000.0	-0.6658086776733398	2
BRAINLAB AG	Tangible fixed assets  (Last avail. yr)	91073000.0	0.6521445512771606	3
BRAINLAB AG	Capital  (Last avail. yr)	18864000.0	0.4013688564300537	4
BRAINLAB AG	Operating revenue  Turnover   (Last avail. yr)	458028000.0	-0.38947221636772156	5
CLINICAL RESEARCH SERVICES TURKU - CRST OY	Of which cash and cash equivalent  (Last avail. yr)	7000.0	0.4556145966053009	1
CLINICAL RESEARCH SERVICES TURKU - CRST OY	Shareholders funds	-1.152304609218437	0.43935537338256836	2
CLINICAL RESEARCH SERVICES TURKU - CRST OY	P/L for period   Net income   (Last avail. yr)	-784000.0	0.31586331129074097	3
CLINICAL RESEARCH SERVICES TURKU - CRST OY	Debtors	-0.5210688591983555	0.2614068388938904	4
CLINICAL RESEARCH SERVICES TURKU - CRST OY	Other shareholders funds  (Last avail. yr)	-136000.0	0.25932297110557556	5
STAROFSERVICE	Non current assets	2.196866171736417	-0.826147735118866	1
STAROFSERVICE	Other shareholders funds  (Last avail. yr)	-676549.0	0.37070050835609436	2
STAROFSERVICE	Working capital  (Last avail. yr)	-142781.0	0.3282337486743927	3
STAROFSERVICE	Capital	0.0	-0.23228268325328827	4
STAROFSERVICE	Total shareholders  funds and liabilities	-0.6017529157589399	0.23212580382823944	5
LENDABLE LTD	Capital	0.01863731197532337	-1.946670651435852	1
LENDABLE LTD	Non current assets  (Last avail. yr)	0.0	0.5646003484725952	2
LENDABLE LTD	Of which cash and cash equivalent  (Last avail. yr)	7106465.57408055	-0.4486054480075836	3
LENDABLE LTD	Operating revenue  Turnover   (Last avail. yr)	64925624.0771874	-0.4474254846572876	4
LENDABLE LTD	Tangible fixed assets  (Last avail. yr)	449.0318052574795	-0.35899293422698975	5
INTELLECTUAL INVESTMENTS LTD	Capital	0.02518454079940515	-1.528093934059143	1
INTELLECTUAL INVESTMENTS LTD	Capital  (Last avail. yr)	1.16663645359393	-1.4277516603469849	2
INTELLECTUAL INVESTMENTS LTD	Tangible fixed assets  (Last avail. yr)	0.0	-0.37947434186935425	3
INTELLECTUAL INVESTMENTS LTD	Operating revenue  Turnover   (Last avail. yr)	338463.742979049	0.37245678901672363	4
INTELLECTUAL INVESTMENTS LTD	Current liabilities  (Last avail. yr)	0.0	0.33438003063201904	5
SHARELOOK SP. Z O.O.	Debtors  (Last avail. yr)	242293.5	-0.48688846826553345	1
SHARELOOK SP. Z O.O.	Capital	0.0	-0.2903014123439789	2
SHARELOOK SP. Z O.O.	Non current assets	0.04544051749075739	-0.194574236869812	3
SPORTLYZER OU	Operating revenue  Turnover   (Last avail. yr)	173817.0	0.38952359557151794	1
SPORTLYZER OU	Current assets	-0.3390861327814043	-0.33795976638793945	2
SPORTLYZER OU	Capital	0.0	-0.2686857283115387	3
SPORTLYZER OU	Of which cash and cash equivalent  (Last avail. yr)	34468.0	0.25394925475120544	4
SPORTLYZER OU	Other shareholders funds	-0.1441216652895604	-0.17801295220851898	5
CISCO OPTICAL GMBH	Number of employees (Last avail. yr)	83.0	-0.7494038343429565	1
CISCO OPTICAL GMBH	Tangible fixed assets  (Last avail. yr)	5381952.51	0.5768241286277771	2
CISCO OPTICAL GMBH	Operating revenue  Turnover   (Last avail. yr)	25299005.15	-0.4795840084552765	3
CISCO OPTICAL GMBH	P/L before tax	-4.092109382041325	-0.47139355540275574	4
CISCO OPTICAL GMBH	Total assets	0.2055345614137135	-0.3099019527435303	5
TRIMCO GROUP (DENMARK) A/S	Capital	-0.002194032743976122	-1.738651156425476	1
TRIMCO GROUP (DENMARK) A/S	Number of employees (Last avail. yr)	104.0	-0.6744381785392761	2
TRIMCO GROUP (DENMARK) A/S	Number of employees	0.06122448979591837	-0.45950230956077576	3
TRIMCO GROUP (DENMARK) A/S	Debtors  (Last avail. yr)	941110.531181247	-0.351068913936615	4
TRIMCO GROUP (DENMARK) A/S	Current liabilities  (Last avail. yr)	9694350.86803197	-0.3477267026901245	5
MIRRIAD LIMITED	Capital	0.0	-0.35136663913726807	1
MIRRIAD LIMITED	Current liabilities	0.1400517080517778	-0.28393441438674927	2
MIRRIAD LIMITED	Consolidation code NF	True	-0.16542762517929077	3
MIRRIAD LIMITED	Tangible fixed assets  (Last avail. yr)	8345.4832950169	-0.15908268094062805	4
TERAJOULE ENERGY GMBH	Current liabilities  (Last avail. yr)	0.0	0.6330346465110779	1
TERAJOULE ENERGY GMBH	Intangible assets	1.8421302837061135	0.603329598903656	2
TERAJOULE ENERGY GMBH	Of which cash and cash equivalent  (Last avail. yr)	31653.65	0.3285575211048126	3
TERAJOULE ENERGY GMBH	Number of employees (Last avail. yr)	1.0	-0.2526182532310486	4
TERAJOULE ENERGY GMBH	Total shareholders  funds and liabilities	-0.7487046611090231	0.2520183026790619	5
ENTROPYSOFT	Capital	0.01759530791788856	-0.8809178471565247	1
ENTROPYSOFT	Of which cash and cash equivalent  (Last avail. yr)	3253212.0	-0.5969706177711487	2
ENTROPYSOFT	Solvency ratio  Asset based	0.2698995703617365	-0.4751615822315216	3
ENTROPYSOFT	Debtors	0.7171841300095301	-0.33549779653549194	4
ENTROPYSOFT	Tangible fixed assets  (Last avail. yr)	0.0	-0.3016200065612793	5
BULLITT GROUP LIMITED	Consolidation code NF	True	-0.3745284676551819	1
BULLITT GROUP LIMITED	NACE na	True	0.3613632321357727	2
BULLITT GROUP LIMITED	Capital	0.0	-0.35990434885025024	3
BULLITT GROUP LIMITED	Operating revenue  Turnover   (Last avail. yr)	106690.3966795545	0.1762586236000061	4
WIN LOCAL GMBH	Number of employees (Last avail. yr)	44.0	-0.40521249175071716	1
WIN LOCAL GMBH	Of which cash and cash equivalent  (Last avail. yr)	2478389.43	-0.3462461233139038	2
WIN LOCAL GMBH	Current liabilities	0.1474781049162767	-0.3277769982814789	3
WIN LOCAL GMBH	Tangible fixed assets	-0.3839649394173756	-0.32717859745025635	4
WIN LOCAL GMBH	Of which provisions  (Last avail. yr)	178796.55	0.3041762411594391	5
B2X CARE SOLUTIONS GMBH	Capital	0.01654074512806437	-0.8107057809829712	1
B2X CARE SOLUTIONS GMBH	Number of employees (Last avail. yr)	467.0	-0.8060495853424072	2
B2X CARE SOLUTIONS GMBH	Operating revenue  Turnover   (Last avail. yr)	65457906.0	-0.6115646362304688	3
B2X CARE SOLUTIONS GMBH	Other current assets  (Last avail. yr)	12371112.56	-0.42095106840133667	4
B2X CARE SOLUTIONS GMBH	Of which cash and cash equivalent  (Last avail. yr)	2542034.89	-0.4111446142196655	5
BMEYE B.V.	Number of employees	-0.1666666666666667	-0.6011621356010437	1
BMEYE B.V.	Debtors  (Last avail. yr)	305767.0	-0.3886563181877136	2
BMEYE B.V.	Non current assets	6.433667809922097	-0.3529820740222931	3
BMEYE B.V.	Capital	0.0	-0.2557845413684845	4
FENIX BIOTECH S.L	Consolidation code NF	True	-1.0686148405075073	1
FENIX BIOTECH S.L	Capital	0.0	-0.39644289016723633	2
FENIX BIOTECH S.L	NACE na	True	0.36815547943115234	3
FENIX BIOTECH S.L	Other shareholders funds	-0.04639479905437352	-0.16863684356212616	4
CHEMIST DIRECT LIMITED	Capital	-0.02293600231502189	1.084811806678772	1
CHEMIST DIRECT LIMITED	Number of employees (Last avail. yr)	24.0	0.35530218482017517	2
CHEMIST DIRECT LIMITED	Debtors	0.1732240543755596	-0.31917497515678406	3
CHEMIST DIRECT LIMITED	Tangible fixed assets  (Last avail. yr)	0.0	-0.308775395154953	4
CHEMIST DIRECT LIMITED	Current liabilities  (Last avail. yr)	0.0	0.296726793050766	5
TAPTAP DIGITAL SL	Of which cash and cash equivalent  (Last avail. yr)	10944844.0	-0.7901815176010132	1
TAPTAP DIGITAL SL	Number of employees (Last avail. yr)	124.0	-0.6494314670562744	2
TAPTAP DIGITAL SL	Operating revenue  Turnover   (Last avail. yr)	25300647.0	-0.5683760046958923	3
TAPTAP DIGITAL SL	Number of employees	0.1272727272727273	-0.4262177050113678	4
TAPTAP DIGITAL SL	Current liabilities  (Last avail. yr)	10980362.0	-0.38993874192237854	5
FLASHPOINT	NACE na	True	0.9275635480880737	1
FLASHPOINT	Consolidation code NF	True	-0.7330662608146667	2
FLASHPOINT	Capital	0.0	-0.39596909284591675	3
FLASHPOINT	Operating revenue  Turnover   (Last avail. yr)	106690.3966795545	0.20157626271247864	4
FLASHPOINT	Tangible fixed assets  (Last avail. yr)	2800.121461145825	-0.17260442674160004	5
DIVITEL B.V.	Of which cash and cash equivalent  (Last avail. yr)	624.0	0.6499788165092468	1
DIVITEL B.V.	Number of employees	0.103448275862069	-0.4770420789718628	2
DIVITEL B.V.	Solvency ratio  Asset based	0.1920200517596234	-0.3190295994281769	3
DIVITEL B.V.	Number of employees (Last avail. yr)	32.0	-0.3009229898452759	4
DIVITEL B.V.	Non current assets	0.2549277712773573	-0.29670825600624084	5
SELLBOX SP. Z O.O.	Consolidation code NF	True	-0.5715491771697998	1
SELLBOX SP. Z O.O.	Capital	0.0	-0.339811772108078	2
SELLBOX SP. Z O.O.	Other shareholders funds	-0.23004085086562226	-0.17934605479240417	3
XERCISE4LESS (LEEDS) LTD	Capital	-0.0158350851680711	0.8654173016548157	1
XERCISE4LESS (LEEDS) LTD	Number of employees (Last avail. yr)	70.0	-0.7907229065895081	2
XERCISE4LESS (LEEDS) LTD	Other current liabilities	-1.0	0.4767482578754425	3
XERCISE4LESS (LEEDS) LTD	Capital  (Last avail. yr)	1.10877628758722	-0.47244754433631897	4
XERCISE4LESS (LEEDS) LTD	Of which cash and cash equivalent  (Last avail. yr)	3235108.250723425	-0.40160971879959106	5
UAB WEBROBOTS	Non current assets	0.825674690007294	-0.42163029313087463	1
UAB WEBROBOTS	Other shareholders funds	-0.1358698291912896	-0.32836663722991943	2
UAB WEBROBOTS	Capital	0.0	-0.2935222387313843	3
UAB WEBROBOTS	Tangible fixed assets	-1.0	-0.23076115548610687	4
UAB WEBROBOTS	Other shareholders funds  (Last avail. yr)	1014087.0	-0.22374224662780762	5
DECALOG	Debtors  (Last avail. yr)	876574.0	-0.48138681054115295	1
DECALOG	Tangible fixed assets  (Last avail. yr)	164255.0	0.27168115973472595	2
DECALOG	Of which provisions  (Last avail. yr)	53000.0	-0.26447510719299316	3
DECALOG	Non current liabilities  (Last avail. yr)	734798.0	-0.2489043027162552	4
DECALOG	Capital	0.0	-0.21994219720363617	5
CICERO NETWORKS LIMITED	Other current liabilities  (Last avail. yr)	5471.0	0.5397284030914307	1
CICERO NETWORKS LIMITED	Debtors	0.7258621207119061	-0.3589373230934143	2
CICERO NETWORKS LIMITED	Number of employees	-0.2	-0.33825692534446716	3
CICERO NETWORKS LIMITED	Tangible fixed assets	-0.5768446799836935	-0.2968425452709198	4
CROWDCANDO LTD	Current liabilities  (Last avail. yr)	10034.8038717796	0.38026419281959534	1
CROWDCANDO LTD	Debtors	4.682047414143084	-0.32824528217315674	2
CROWDCANDO LTD	Of which cash and cash equivalent  (Last avail. yr)	12169.6353265405	0.3081215023994446	3
CROWDCANDO LTD	Tangible fixed assets  (Last avail. yr)	2423.45384767493	-0.30576735734939575	4
CROWDCANDO LTD	Other current liabilities  (Last avail. yr)	10034.8038717796	0.26382237672805786	5
TIEMPO	Of which cash and cash equivalent  (Last avail. yr)	1706340.0	-0.517742931842804	1
TIEMPO	Total assets	0.1374651084465522	-0.27195367217063904	2
TIEMPO	Debtors  (Last avail. yr)	511933.0	-0.2269948124885559	3
TIEMPO	P/L before tax	0.7312025883440223	0.1862037032842636	4
TIEMPO	Non current assets  (Last avail. yr)	4781105.0	-0.182333841919899	5
SPORT STYLIST LTD	Current liabilities  (Last avail. yr)	23022.7817846914	0.2974430024623871	1
SPORT STYLIST LTD	Debtors  (Last avail. yr)	0.0	0.2951592206954956	2
SPORT STYLIST LTD	Capital	3.279979008134348e-05	-0.29074349999427795	3
SPORT STYLIST LTD	P/L before tax  (Last avail. yr)	0.0	-0.2865159213542938	4
SPORT STYLIST LTD	Tangible fixed assets  (Last avail. yr)	1456.63316465457	-0.27155640721321106	5
SCOTTISH & NEWCASTLE LIMITED	Capital	0.01863731197532065	-1.8039690256118774	1
SCOTTISH & NEWCASTLE LIMITED	Of which cash and cash equivalent  (Last avail. yr)	4702334.71450624	-0.32005631923675537	2
SCOTTISH & NEWCASTLE LIMITED	Other current assets  (Last avail. yr)	56648150.3805628	-0.3082926869392395	3
SCOTTISH & NEWCASTLE LIMITED	P/L before tax  (Last avail. yr)	20202751.2771029	-0.29672378301620483	4
SCOTTISH & NEWCASTLE LIMITED	Other current liabilities	-1.0	0.2912905216217041	5
STREAMCORE SYSTEM	Capital	0.0	-0.2490835189819336	1
STREAMCORE SYSTEM	Current assets	-0.014479097142360734	0.184326633810997	2
STREAMCORE SYSTEM	Consolidation code LF	True	-0.1715981662273407	3
BUZZSUMO LIMITED	Capital	0.0186373119753145	-1.942266821861267	1
BUZZSUMO LIMITED	Non current assets	3.469434814104055	-0.6161884665489197	2
BUZZSUMO LIMITED	Tangible fixed assets  (Last avail. yr)	0.0	-0.3697699308395386	3
BUZZSUMO LIMITED	Intangible assets	3.471996241586509	0.36051708459854126	4
BUZZSUMO LIMITED	Total assets	0.142540199514038	-0.32276639342308044	5
DEZIDE APS	Capital	-0.002194032743975147	-1.8935075998306274	1
DEZIDE APS	Solvency ratio  Asset based	0.496513372760173	-0.5061749815940857	2
DEZIDE APS	Other shareholders funds	0.7377439171307391	0.43714722990989685	3
DEZIDE APS	Debtors  (Last avail. yr)	165439.019809877	-0.3936578631401062	4
DEZIDE APS	Of which cash and cash equivalent	8.170007404205476	0.37360531091690063	5
ADWINGS	Capital	0.0	-0.3431236445903778	1
ADWINGS	Other shareholders funds	-0.23004085086562226	-0.182451531291008	2
ADWINGS	Current assets  (Last avail. yr)	375841.450745115	0.14365316927433014	3
ADWINGS	Capital  (Last avail. yr)	25000.0	0.1391240805387497	4
INTELICLINIC SP. Z O.O.	Capital	0.07975314604007354	0.5915423631668091	1
INTELICLINIC SP. Z O.O.	Debtors  (Last avail. yr)	256659.30032701	-0.5479505062103271	2
INTELICLINIC SP. Z O.O.	Of which cash and cash equivalent  (Last avail. yr)	689.944355717768	0.39755380153656006	3
INTELICLINIC SP. Z O.O.	Shareholders funds	-1.470443627933473	0.3166368901729584	4
NIOX HEALTHCARE LIMITED	Capital	0.01863731197532033	-1.5394195318222046	1
NIOX HEALTHCARE LIMITED	Of which cash and cash equivalent  (Last avail. yr)	8185289.49569199	-1.0826196670532227	2
NIOX HEALTHCARE LIMITED	Debtors  (Last avail. yr)	288133.254565333	-0.36429259181022644	3
NIOX HEALTHCARE LIMITED	P/L for period   Net income	-1.90485335691425	0.31382790207862854	4
NIOX HEALTHCARE LIMITED	Other current assets  (Last avail. yr)	12464644.5924963	-0.29158416390419006	5
FILAO	Solvency ratio  Asset based	1.128044971892567	-0.5113829374313354	1
FILAO	Other shareholders funds	2.585335535311562	0.40388205647468567	2
FILAO	Tangible fixed assets	2.400346008544293	0.3015401363372803	3
FILAO	P/L before tax  (Last avail. yr)	328583.0	-0.28623971343040466	4
ITALIAONLINE S.P.A.	Tangible fixed assets  (Last avail. yr)	11960000.0	1.095658302307129	1
ITALIAONLINE S.P.A.	Number of employees (Last avail. yr)	761.0	-0.6088041663169861	2
ITALIAONLINE S.P.A.	Of which cash and cash equivalent  (Last avail. yr)	38960000.0	-0.5470578074455261	3
ITALIAONLINE S.P.A.	Working capital	-0.3364832676012339	0.39520806074142456	4
ITALIAONLINE S.P.A.	Operating revenue  Turnover   (Last avail. yr)	288242000.0	-0.3791135549545288	5
TAME GMBH	Capital	0.0	-0.330894410610199	1
TAME GMBH	Current assets	-0.014479097142360734	0.13890519738197327	2
TAME GMBH	Capital  (Last avail. yr)	25000.0	0.13307571411132812	3
TAPCROWD	Debtors  (Last avail. yr)	1060984.0	-0.5513673424720764	1
TAPCROWD	P/L for period   Net income   (Last avail. yr)	18661.0	-0.41806867718696594	2
TAPCROWD	Non current assets	-0.7322128851540616	0.3107803463935852	3
TAPCROWD	Tangible fixed assets  (Last avail. yr)	478.0	-0.3045271039009094	4
TAPCROWD	Other shareholders funds  (Last avail. yr)	-400816.0	0.2906574010848999	5
MICROPELT ABWICKLUNGSGESELLSCHAFT GMBH	Shareholders funds	-1.371317337031175	0.525846004486084	1
MICROPELT ABWICKLUNGSGESELLSCHAFT GMBH	Number of employees	0.2272727272727273	-0.41842085123062134	2
MICROPELT ABWICKLUNGSGESELLSCHAFT GMBH	Other current liabilities	3.569153827554024	0.40083757042884827	3
MICROPELT ABWICKLUNGSGESELLSCHAFT GMBH	Tangible fixed assets  (Last avail. yr)	5295145.0	0.39255326986312866	4
MICROPELT ABWICKLUNGSGESELLSCHAFT GMBH	Of which provisions  (Last avail. yr)	237558.0	0.3172793686389923	5
SIMSCALE GMBH	Of which cash and cash equivalent  (Last avail. yr)	26002729.99	-1.0143306255340576	1
SIMSCALE GMBH	Number of employees	0.1384615384615385	-0.7324238419532776	2
SIMSCALE GMBH	Number of employees (Last avail. yr)	74.0	-0.6394108533859253	3
SIMSCALE GMBH	Other current assets  (Last avail. yr)	27334600.25	-0.34718674421310425	4
SIMSCALE GMBH	P/L for period   Net income   (Last avail. yr)	-11905368.4	0.3357159197330475	5
SWEETMOUNTFORD LIMITED	NACE na	True	1.6831250190734863	1
SWEETMOUNTFORD LIMITED	Of which cash and cash equivalent  (Last avail. yr)	3333.0	0.40158453583717346	2
SWEETMOUNTFORD LIMITED	Non current assets  (Last avail. yr)	0.0	0.33345136046409607	3
SWEETMOUNTFORD LIMITED	Net current assets  (Last avail. yr)	-142928.0	0.26166626811027527	4
BUILDABRAND LTD	Capital	0.08959219112475961	1.54555082321167	1
BUILDABRAND LTD	Debtors	4.682047414143084	-0.5422515869140625	2
BUILDABRAND LTD	Non current assets	0.2391021549248398	-0.48008668422698975	3
BUILDABRAND LTD	Current assets	-0.7370761707893205	-0.290535569190979	4
BUILDABRAND LTD	Debtors  (Last avail. yr)	0.0	0.2725503742694855	5
CALCIVIS LIMITED	Capital	0.01863731197532102	-2.042344570159912	1
CALCIVIS LIMITED	Non current assets	17.37151928298871	-0.49750080704689026	2
CALCIVIS LIMITED	Shareholders funds	-2.413113315559389	0.36878731846809387	3
CALCIVIS LIMITED	Current liabilities	10.88822440073415	0.2885919213294983	4
CALCIVIS LIMITED	Number of employees (Last avail. yr)	7.0	-0.2399592101573944	5
COMMUNITY LINK LONDON LIMITED	Consolidation code NF	True	-0.3745284676551819	1
COMMUNITY LINK LONDON LIMITED	NACE na	True	0.3613632321357727	2
COMMUNITY LINK LONDON LIMITED	Capital	0.0	-0.35990434885025024	3
COMMUNITY LINK LONDON LIMITED	Operating revenue  Turnover   (Last avail. yr)	106690.3966795545	0.1762586236000061	4
ZWIPE AS	Quoted Yes	True	-3.0975117683410645	1
ZWIPE AS	Capital	0.4557008071199605	0.8174049854278564	2
ZWIPE AS	Of which cash and cash equivalent  (Last avail. yr)	3755432.04158572	-0.4229881167411804	3
ZWIPE AS	Total assets  (Last avail. yr)	8475016.06693043	-0.31711387634277344	4
ZWIPE AS	Operating revenue  Turnover   (Last avail. yr)	263484.450753153	0.31311559677124023	5
PLOT LEARNING LIMITED	Capital	0.06125347420538565	0.9796944856643677	1
PLOT LEARNING LIMITED	Of which cash and cash equivalent  (Last avail. yr)	5261189.91716668	-0.7770466804504395	2
PLOT LEARNING LIMITED	Total assets	0.6346970903919805	-0.6546131372451782	3
PLOT LEARNING LIMITED	Total assets  (Last avail. yr)	6665097.96435191	-0.5211081504821777	4
PLOT LEARNING LIMITED	Debtors	348.3810482600567	-0.518133819103241	5
MAEGLIN SOFTWARE	Other shareholders funds  (Last avail. yr)	-77789.0	0.44862374663352966	1
MAEGLIN SOFTWARE	Tangible fixed assets  (Last avail. yr)	5923.0	-0.42148149013519287	2
MAEGLIN SOFTWARE	P/L for period   Net income   (Last avail. yr)	-581555.0	0.31203493475914	3
MAEGLIN SOFTWARE	Capital	0.0	-0.2663761079311371	4
MAEGLIN SOFTWARE	Debtors  (Last avail. yr)	198850.0	-0.2658526599407196	5
LOPHIUS BIOSCIENCES GMBH	Capital	0.1834183914231019	1.047645092010498	1
LOPHIUS BIOSCIENCES GMBH	Solvency ratio  Asset based	0.3389947924131669	-0.6835798621177673	2
LOPHIUS BIOSCIENCES GMBH	Of which provisions  (Last avail. yr)	299997.74	0.41324469447135925	3
LOPHIUS BIOSCIENCES GMBH	Other shareholders funds	-2.820655126279509	0.34810417890548706	4
LOPHIUS BIOSCIENCES GMBH	Working capital	-8.68007553021013	0.29707664251327515	5
YK RENNES	Debtors  (Last avail. yr)	242293.5	-0.47939422726631165	1
YK RENNES	Capital	0.0	-0.31626489758491516	2
YK RENNES	Non current assets	0.04544051749075739	-0.20820851624011993	3
YK RENNES	Number of employees (Last avail. yr)	19.0	0.20331567525863647	4
MEDICHANICAL ENGINEERING APS	Capital	-0.5826807725891817	0.708231508731842	1
MEDICHANICAL ENGINEERING APS	Of which provisions  (Last avail. yr)	254522.083689147	0.4273366928100586	2
MEDICHANICAL ENGINEERING APS	Operating revenue  Turnover   (Last avail. yr)	80587464.62044808	-0.3132096827030182	3
MEDICHANICAL ENGINEERING APS	Number of employees	1.0	-0.2884105443954468	4
MEDICHANICAL ENGINEERING APS	Number of employees (Last avail. yr)	2.0	-0.2801884412765503	5
MATCH CAPITAL LIMITED	Current liabilities  (Last avail. yr)	0.0	0.5757509469985962	1
MATCH CAPITAL LIMITED	Capital	0.008356460718575329	-0.49164655804634094	2
MATCH CAPITAL LIMITED	Number of employees (Last avail. yr)	19.5	0.38528311252593994	3
MATCH CAPITAL LIMITED	Of which cash and cash equivalent  (Last avail. yr)	147.642987692056	0.38396281003952026	4
MATCH CAPITAL LIMITED	Debtors  (Last avail. yr)	0.0	0.33965635299682617	5
YOUHELP GMBH	Current liabilities  (Last avail. yr)	0.0	0.5905250906944275	1
YOUHELP GMBH	Capital	0.0	-0.2887040376663208	2
YOUHELP GMBH	Debtors  (Last avail. yr)	0.0	0.22499874234199524	3
YOUHELP GMBH	Capital  (Last avail. yr)	20163.04	0.21623755991458893	4
YOUHELP GMBH	Other shareholders funds	-0.23004085086562226	-0.20237796008586884	5
PROXLY LTD	Capital	2.237175769016162	1.0471572875976562	1
PROXLY LTD	Non current assets	-1.0	0.794157087802887	2
PROXLY LTD	Current liabilities  (Last avail. yr)	9973.03709447227	0.5008444786071777	3
PROXLY LTD	Other shareholders funds  (Last avail. yr)	-48486.8429663391	0.42774498462677	4
PROXLY LTD	Debtors  (Last avail. yr)	0.0	0.3774558901786804	5
BRAINSONIC	Of which cash and cash equivalent  (Last avail. yr)	6618127.0	-0.7478794455528259	1
BRAINSONIC	Operating revenue  Turnover   (Last avail. yr)	19820597.0	-0.4746059775352478	2
BRAINSONIC	Solvency ratio  Asset based	0.248721466882874	-0.4465121030807495	3
BRAINSONIC	Current liabilities  (Last avail. yr)	8052814.0	-0.4287620484828949	4
HOUSEKEEP LIMITED	Capital	-0.0146028295912944	1.0615655183792114	1
HOUSEKEEP LIMITED	Capital  (Last avail. yr)	2.29352892079078	0.6942341923713684	2
HOUSEKEEP LIMITED	Number of employees (Last avail. yr)	48.0	-0.5819761157035828	3
HOUSEKEEP LIMITED	Debtors  (Last avail. yr)	249890.296800299	-0.5437726974487305	4
HOUSEKEEP LIMITED	Working capital  (Last avail. yr)	-337512.27569019	0.4006998538970947	5
ASOKO INSIGHT LIMITED	Capital	0.01863731197532117	-2.092630386352539	1
ASOKO INSIGHT LIMITED	Debtors  (Last avail. yr)	371509.798172395	-0.5049270987510681	2
ASOKO INSIGHT LIMITED	Tangible fixed assets  (Last avail. yr)	1572.05503690846	-0.3578847050666809	3
ASOKO INSIGHT LIMITED	Tangible fixed assets	-0.4157185477147448	-0.3321968913078308	4
ASOKO INSIGHT LIMITED	Debtors	0.5601594059496132	-0.2932708263397217	5
SOCIALEXPRESS	Shareholders funds	-1.158632385504903	0.43015116453170776	1
SOCIALEXPRESS	Other shareholders funds	0.4849538058669491	0.4194222390651703	2
SOCIALEXPRESS	Of which cash and cash equivalent  (Last avail. yr)	9.0	0.3589339852333069	3
SOCIALEXPRESS	Number of employees	-0.5	0.278018981218338	4
SOCIALEXPRESS	Non current assets	-0.8947423819798958	0.273210734128952	5
GREEN APPLE MEDIA LIMITED	NACE na	True	1.6324776411056519	1
GREEN APPLE MEDIA LIMITED	Capital  (Last avail. yr)	1.0	-1.1711082458496094	2
GREEN APPLE MEDIA LIMITED	Of which cash and cash equivalent  (Last avail. yr)	1495.0	0.512994647026062	3
GREEN APPLE MEDIA LIMITED	Other current liabilities  (Last avail. yr)	0.0	-0.4971117675304413	4
GREEN APPLE MEDIA LIMITED	Current liabilities  (Last avail. yr)	13091.0	0.32281938195228577	5
CCURE A/S	Capital	-0.002194032743973705	-1.2735918760299683	1
CCURE A/S	Non current assets  (Last avail. yr)	0.0	0.6765387058258057	2
CCURE A/S	Other shareholders funds	0.912529505710008	0.44045621156692505	3
CCURE A/S	Non current assets	-1.0	0.40394294261932373	4
HANSEN TECHNOLOGIES CDE LIMITED	Capital	-0.001610875928806384	-1.3596256971359253	1
HANSEN TECHNOLOGIES CDE LIMITED	Number of employees (Last avail. yr)	102.0	-0.5664103627204895	2
HANSEN TECHNOLOGIES CDE LIMITED	Of which cash and cash equivalent  (Last avail. yr)	3776167.56632508	-0.47600144147872925	3
HANSEN TECHNOLOGIES CDE LIMITED	Operating revenue  Turnover   (Last avail. yr)	23241005.9274525	-0.36210310459136963	4
HANSEN TECHNOLOGIES CDE LIMITED	Non current assets  (Last avail. yr)	207887.656375713	-0.25335976481437683	5
JOBLEADS GMBH	P/L before tax		-0.5894704461097717	1
JOBLEADS GMBH	Shareholders funds	-3.562675445738908	0.4828673303127289	2
JOBLEADS GMBH	Number of employees (Last avail. yr)	44.0	-0.4589037001132965	3
JOBLEADS GMBH	Of which provisions  (Last avail. yr)	176378.34	0.37058839201927185	4
JOBLEADS GMBH	Other current assets	-0.5506753656456854	0.33429598808288574	5
CONCURRENT TOOLS LIMITED	Capital  (Last avail. yr)	1.15552202359878	-0.6954829692840576	1
CONCURRENT TOOLS LIMITED	Current liabilities  (Last avail. yr)	0.0	0.4994739890098572	2
CONCURRENT TOOLS LIMITED	Capital	0.03546110915966243	0.4107358455657959	3
CONCURRENT TOOLS LIMITED	Debtors  (Last avail. yr)	0.0	0.2928098440170288	4
CONCURRENT TOOLS LIMITED	Shareholders funds	0.03546110915966243	-0.25653254985809326	5
KOMPAN.PL SP. Z O.O.	Capital	0.07975314604007752	0.964775025844574	1
KOMPAN.PL SP. Z O.O.	Debtors  (Last avail. yr)	849551.483340479	-0.6034852862358093	2
KOMPAN.PL SP. Z O.O.	Number of employees	-0.16	-0.5136878490447998	3
KOMPAN.PL SP. Z O.O.	Tangible fixed assets	33.39785022384816	0.49563735723495483	4
DOVIDEQ MEDICAL B.V.	Solvency ratio  Asset based	6.944200944032366	-0.5818434357643127	1
DOVIDEQ MEDICAL B.V.	Debtors  (Last avail. yr)	310442.0	-0.3120238780975342	2
DOVIDEQ MEDICAL B.V.	Shareholders funds	6.488506913243862	-0.26252493262290955	3
DOVIDEQ MEDICAL B.V.	Current liabilities	0.2962477379023755	-0.24094589054584503	4
BAASBOX SOCIETA' A RESPONSABILITA' LIMITATA	Debtors  (Last avail. yr)	473777.0	-0.5178812742233276	1
BAASBOX SOCIETA' A RESPONSABILITA' LIMITATA	P/L before tax  (Last avail. yr)	8861.0	-0.4587683379650116	2
BAASBOX SOCIETA' A RESPONSABILITA' LIMITATA	Of which cash and cash equivalent  (Last avail. yr)	27181.0	0.2868519127368927	3
BAASBOX SOCIETA' A RESPONSABILITA' LIMITATA	Debtors	0.5694476190476191	-0.2793158292770386	4
BAASBOX SOCIETA' A RESPONSABILITA' LIMITATA	Tangible fixed assets  (Last avail. yr)	5292.0	-0.2623078525066376	5
VC4AFRICA B.V.	Debtors  (Last avail. yr)	245947.0	-0.6835359930992126	1
VC4AFRICA B.V.	Number of employees	0.3333333333333333	-0.5408273339271545	2
VC4AFRICA B.V.	P/L before tax  (Last avail. yr)	6330.74611451501	-0.4543503522872925	3
VC4AFRICA B.V.	P/L for period   Net income   (Last avail. yr)	6866.60034651031	-0.35605859756469727	4
VC4AFRICA B.V.	Non current assets	-0.8596459645964597	0.33982911705970764	5
FRIENDZ SRL	Consolidation code NF	True	-0.5717440247535706	1
FRIENDZ SRL	Debtors  (Last avail. yr)	242293.5	-0.4901416599750519	2
FRIENDZ SRL	Capital	0.0	-0.3244764804840088	3
FRIENDZ SRL	Number of employees (Last avail. yr)	19.0	0.27986273169517517	4
BEATLY AB	Capital	0.002323418675441172	-0.8928399085998535	1
BEATLY AB	Of which cash and cash equivalent  (Last avail. yr)	13788.7867612155	0.5125889778137207	2
BEATLY AB	Tangible fixed assets  (Last avail. yr)	0.0	-0.4261228144168854	3
BEATLY AB	Other current liabilities	0.7680866301194819	0.39255502820014954	4
BEATLY AB	Number of employees	0.1666666666666667	-0.3308182954788208	5
LAYA TECHNOLOGIES GMBH	Other current liabilities  (Last avail. yr)	1562.0	0.5375021696090698	1
LAYA TECHNOLOGIES GMBH	Solvency ratio  Asset based	0.3958634169109818	-0.4014287292957306	2
LAYA TECHNOLOGIES GMBH	Of which cash and cash equivalent  (Last avail. yr)	53396.91	0.26906174421310425	3
LAYA TECHNOLOGIES GMBH	Of which provisions  (Last avail. yr)	172652.76	0.2517106831073761	4
LAYA TECHNOLOGIES GMBH	Current liabilities  (Last avail. yr)	101849.79	0.24426746368408203	5
CALLRESTO	Other current liabilities  (Last avail. yr)	9039.0	0.5979188680648804	1
CALLRESTO	Current liabilities  (Last avail. yr)	16924.0	0.4689653515815735	2
CALLRESTO	Of which cash and cash equivalent  (Last avail. yr)	9502.0	0.3067513704299927	3
CALLRESTO	Other shareholders funds  (Last avail. yr)	-166297.0	0.25173988938331604	4
CALLRESTO	Current assets  (Last avail. yr)	23326.0	0.24710869789123535	5
BLINQ AG	Capital	0.003782304982701986	-1.0027107000350952	1
BLINQ AG	Capital  (Last avail. yr)	131878.817196493	0.30107876658439636	2
BLINQ AG	Current assets  (Last avail. yr)	362620.634501137	0.14012682437896729	3
OPPEX OY	Capital	-0.1666666666666667	1.1550344228744507	1
OPPEX OY	Other current liabilities  (Last avail. yr)	0.0	-0.6985750198364258	2
OPPEX OY	Non current assets	-1.0	0.47447827458381653	3
OPPEX OY	Of which cash and cash equivalent  (Last avail. yr)	457.0	0.42064017057418823	4
OPPEX OY	Current liabilities  (Last avail. yr)	0.0	0.33595597743988037	5
CUREVAC AG	Consolidation code NF	True	-1.0460712909698486	1
CUREVAC AG	Capital	0.0	-0.38696345686912537	2
CUREVAC AG	NACE na	True	0.373117595911026	3
CUREVAC AG	Total assets  (Last avail. yr)	78304.0	0.2878614366054535	4
FIRST V1SION	Consolidation code NF	True	-0.6944465637207031	1
FIRST V1SION	Debtors  (Last avail. yr)	325433.392122544	-0.3465549349784851	2
FIRST V1SION	Capital	0.0	-0.29318028688430786	3
FIRST V1SION	Stock  (Last avail. yr)	482110.0	-0.2266569435596466	4
MORELE.NET SP. Z O.O.	Tangible fixed assets  (Last avail. yr)	6722982.35005222	0.9877256751060486	1
MORELE.NET SP. Z O.O.	Capital	0.08279054650941314	0.864331841468811	2
MORELE.NET SP. Z O.O.	Working capital	-2.666185497031478	0.5588082671165466	3
MORELE.NET SP. Z O.O.	Number of employees (Last avail. yr)	267.0	-0.5083242058753967	4
IHS (HOLDINGS) LIMITED	Depreciation   Amortization  (Last avail. yr)	1546454.15	0.3869924545288086	1
IHS (HOLDINGS) LIMITED	Non current assets	0.3136149336604062	-0.33845213055610657	2
IHS (HOLDINGS) LIMITED	Capital	0.0	-0.30155709385871887	3
IHS (HOLDINGS) LIMITED	Number of employees	0.09477124183006536	-0.29995641112327576	4
MADS AMSTERDAM B.V.	Number of employees	-0.1683168316831683	-0.5149076581001282	1
MADS AMSTERDAM B.V.	Capital	0.0	-0.2958318293094635	2
MADS AMSTERDAM B.V.	Current assets  (Last avail. yr)	31487.0	0.26322034001350403	3
MADS AMSTERDAM B.V.	Current liabilities	1.255880137879095	-0.21144403517246246	4
APPYOURSELF GMBH	Non current assets	0.3777592243125095	-0.45415520668029785	1
APPYOURSELF GMBH	Tangible fixed assets  (Last avail. yr)	2222.0	-0.3696849048137665	2
APPYOURSELF GMBH	Intangible assets	0.4640717986248868	0.3350825011730194	3
APPYOURSELF GMBH	Total assets	0.329421909620662	-0.25149956345558167	4
APPYOURSELF GMBH	Of which cash and cash equivalent  (Last avail. yr)	43581.93	0.22484922409057617	5
WAKATI	Other current liabilities  (Last avail. yr)	199.0	-0.5968703031539917	1
WAKATI	Current liabilities  (Last avail. yr)	199.0	0.40580204129219055	2
WAKATI	P/L before tax  (Last avail. yr)	8002.0	-0.37484773993492126	3
WAKATI	Total assets  (Last avail. yr)	42569.0	0.3071914315223694	4
WAKATI	Number of employees (Last avail. yr)	18.0	0.30070802569389343	5
SOCIAL INSIGHT, LLC.	Capital	0.2409971538316393	1.4022679328918457	1
SOCIAL INSIGHT, LLC.	Capital  (Last avail. yr)	156.400499529089	0.3386111855506897	2
SOCIAL INSIGHT, LLC.	Current liabilities	0.1400517080517778	-0.27045732736587524	3
SOCIAL INSIGHT, LLC.	Tangible fixed assets  (Last avail. yr)	8345.4832950169	-0.18235260248184204	4
SOCIAL INSIGHT, LLC.	Net current assets  (Last avail. yr)	511.276204036642	0.12863728404045105	5
ASYNC TECHNOLOGIES LIMITED	Tangible fixed assets  (Last avail. yr)	3194751.0	0.47101014852523804	1
ASYNC TECHNOLOGIES LIMITED	Number of employees (Last avail. yr)	112.0	-0.46541112661361694	2
ASYNC TECHNOLOGIES LIMITED	Current liabilities  (Last avail. yr)	7142066.0	-0.3837798833847046	3
ASYNC TECHNOLOGIES LIMITED	Of which cash and cash equivalent  (Last avail. yr)	1687498.0	-0.3752160668373108	4
ENGINEERING RESEAUX COMMUNICATIONS	Operating revenue  Turnover   (Last avail. yr)	17741000.0	-0.6640220880508423	1
ENGINEERING RESEAUX COMMUNICATIONS	Other current assets  (Last avail. yr)	41332000.0	-0.4898233115673065	2
ENGINEERING RESEAUX COMMUNICATIONS	Of which cash and cash equivalent  (Last avail. yr)	2227000.0	-0.4842585623264313	3
ENGINEERING RESEAUX COMMUNICATIONS	Number of employees (Last avail. yr)	65.0	-0.4360429644584656	4
ZONG SA	Capital	0.003782304982703978	-1.0371631383895874	1
ZONG SA	Operating revenue  Turnover   (Last avail. yr)	29465451.42123215	-0.4309619665145874	2
ZONG SA	Of which cash and cash equivalent  (Last avail. yr)	1388521.9947157851	-0.39872199296951294	3
ZONG SA	P/L before tax	-1.581816117861174	-0.3824511766433716	4
SELLPLEX LTD	Capital	0.0	-0.3431236445903778	1
SELLPLEX LTD	Other shareholders funds	-0.23004085086562226	-0.182451531291008	2
SELLPLEX LTD	Current assets  (Last avail. yr)	375841.450745115	0.14365316927433014	3
SELLPLEX LTD	Capital  (Last avail. yr)	25000.0	0.1391240805387497	4
VISUP S.R.L.	Debtors  (Last avail. yr)	246958.0	-0.46362045407295227	1
VISUP S.R.L.	Of which cash and cash equivalent  (Last avail. yr)	714.0	0.35561543703079224	2
VISUP S.R.L.	Debtors	0.4872508280638362	-0.35060858726501465	3
VISUP S.R.L.	Other current liabilities	-0.1345814633710675	-0.2289901226758957	4
VISUP S.R.L.	Current liabilities	0.1915044758559069	-0.21873739361763	5
SPORTSFIX LIMITED	Capital  (Last avail. yr)	0.0	-0.9597813487052917	1
SPORTSFIX LIMITED	Capital	-1.0	0.4308881163597107	2
SPORTSFIX LIMITED	Current liabilities  (Last avail. yr)	0.0	0.33971354365348816	3
SPORTSFIX LIMITED	Current assets  (Last avail. yr)	565.954186719695	0.31195470690727234	4
SPORTSFIX LIMITED	Current ratio	0.08416952385410197	-0.3058072328567505	5
TRAXAIR	Operating revenue  Turnover   (Last avail. yr)	250000.0	0.47278398275375366	1
TRAXAIR	Capital	0.0	-0.31722256541252136	2
TRAXAIR	Other shareholders funds	-0.23004085086562226	-0.17692890763282776	3
ROCK CONTROL LIMITED	Current liabilities  (Last avail. yr)	0.0	0.6807994842529297	1
ROCK CONTROL LIMITED	Non current assets  (Last avail. yr)	0.0	0.42375293374061584	2
ROCK CONTROL LIMITED	Of which cash and cash equivalent  (Last avail. yr)	529.544201327423	0.37712088227272034	3
ROCK CONTROL LIMITED	Debtors  (Last avail. yr)	0.0	0.3116866648197174	4
ROCK CONTROL LIMITED	Current assets  (Last avail. yr)	529.544201327423	0.2578984498977661	5
ROUGE REEL LIMITED	NACE na	True	1.7203092575073242	1
ROUGE REEL LIMITED	Capital	0.0	-0.3631627857685089	2
ROUGE REEL LIMITED	Consolidation code NF	False	0.23265740275382996	3
ROUGE REEL LIMITED	Debtors  (Last avail. yr)	0.0	0.1993834525346756	4
TECSPORT GAMES LIMITED	Capital	12.28267702066251	1.1542983055114746	1
TECSPORT GAMES LIMITED	Number of employees	-0.2134831460674157	-0.8387258052825928	2
TECSPORT GAMES LIMITED	Number of employees (Last avail. yr)	70.0	-0.7400078177452087	3
TECSPORT GAMES LIMITED	Of which cash and cash equivalent  (Last avail. yr)	1969.60539237291	0.46308013796806335	4
TECSPORT GAMES LIMITED	Solvency ratio  Asset based	2.097738597163664	-0.3482562005519867	5
FLASHBACKR LTD.	Capital  (Last avail. yr)	0.0	-0.7887550592422485	1
FLASHBACKR LTD.	Capital	-1.0	0.5962340831756592	2
FLASHBACKR LTD.	Current ratio	-0.9512437810945273	0.39730188250541687	3
FLASHBACKR LTD.	Total shareholders  funds and liabilities	-0.8353070141178103	0.3663206994533539	4
FLASHBACKR LTD.	Debtors  (Last avail. yr)	0.0	0.31291550397872925	5
HORIZON ENERGY INFRASTRUCTURE LIMITED	Capital	0.01863731197531448	-1.6227648258209229	1
HORIZON ENERGY INFRASTRUCTURE LIMITED	Tangible fixed assets  (Last avail. yr)	241207872.726823	1.0284004211425781	2
HORIZON ENERGY INFRASTRUCTURE LIMITED	Number of employees	0.2352941176470588	-0.5519806742668152	3
HORIZON ENERGY INFRASTRUCTURE LIMITED	Of which cash and cash equivalent  (Last avail. yr)	5909036.78462586	-0.4812743365764618	4
HORIZON ENERGY INFRASTRUCTURE LIMITED	Current liabilities  (Last avail. yr)	19673738.621721	-0.43218281865119934	5
HOME24 SE	Quoted Yes	True	-2.652256488800049	1
HOME24 SE	Of which cash and cash equivalent  (Last avail. yr)	50600000.0	-0.7939865589141846	2
HOME24 SE	Tangible fixed assets  (Last avail. yr)	161300000.0	0.6687250137329102	3
HOME24 SE	Number of employees (Last avail. yr)	2731.0	-0.6640823483467102	4
HOME24 SE	Capital	0.002976190476190476	-0.6624430418014526	5
OMEICOS THERAPEUTICS GMBH	Capital	0.6147614654089051	1.672836422920227	1
OMEICOS THERAPEUTICS GMBH	Of which cash and cash equivalent  (Last avail. yr)	2661223.15	-0.41178837418556213	2
OMEICOS THERAPEUTICS GMBH	Tangible fixed assets	-0.3306118478423252	-0.38845953345298767	3
OMEICOS THERAPEUTICS GMBH	Number of employees	-0.3333333333333333	-0.3655482232570648	4
OMEICOS THERAPEUTICS GMBH	Other shareholders funds	-1.062518310146452	0.3385730981826782	5
FOOTBALL SCOUT	Other current liabilities  (Last avail. yr)	0.0	-0.5564492344856262	1
FOOTBALL SCOUT	Capital	0.0	-0.3163900375366211	2
FOOTBALL SCOUT	Other shareholders funds	-0.23004085086562226	-0.1966816484928131	3
FOOTBALL SCOUT	Number of employees (Last avail. yr)	12.5	0.14960460364818573	4
THREE IRELAND SERVICES (HUTCHISON) LIMITED	Current liabilities  (Last avail. yr)	0.0	0.7266319990158081	1
THREE IRELAND SERVICES (HUTCHISON) LIMITED	Non current assets  (Last avail. yr)	0.0	0.5483913421630859	2
THREE IRELAND SERVICES (HUTCHISON) LIMITED	Debtors	4.682047414143084	-0.5050085186958313	3
THREE IRELAND SERVICES (HUTCHISON) LIMITED	P/L for period   Net income   (Last avail. yr)	55000.0	-0.3216477930545807	4
FREE TO PERFORM IT SERVICES LTD	Number of employees (Last avail. yr)	61.0	-0.7546205520629883	1
FREE TO PERFORM IT SERVICES LTD	Capital	0.007214331569259561	-0.43658265471458435	2
FREE TO PERFORM IT SERVICES LTD	Total assets	0.1165947972569891	-0.3134922981262207	3
FREE TO PERFORM IT SERVICES LTD	Current liabilities	0.7020914823483776	-0.3048648238182068	4
FREE TO PERFORM IT SERVICES LTD	Tangible fixed assets  (Last avail. yr)	5062.91235306495	-0.25060153007507324	5
KAPPA PRIME LIMITED	Capital	0.0	-0.3581107258796692	1
KAPPA PRIME LIMITED	Tangible fixed assets	-0.1732387036569349	0.1668114811182022	2
KAPPA PRIME LIMITED	Current assets  (Last avail. yr)	362620.634501137	0.14832600951194763	3
KAPPA PRIME LIMITED	Current assets	-0.014479097142360734	0.1381048858165741	4
AITO B.V.	Capital	0.4961113851556269	0.7813347578048706	1
AITO B.V.	Tangible fixed assets  (Last avail. yr)	0.0	-0.562035083770752	2
AITO B.V.	Debtors  (Last avail. yr)	1080321.0	-0.5575385093688965	3
AITO B.V.	Of which provisions  (Last avail. yr)	310310.0	0.4573380649089813	4
AITO B.V.	Shareholders funds	-2.256883086121382	0.29123637080192566	5
AQUARELLE	Number of employees (Last avail. yr)	79.0	-0.7429759502410889	1
AQUARELLE	Capital	0.0	-0.357765793800354	2
AQUARELLE	Other current liabilities	-0.2347359075523564	-0.19877927005290985	3
AQUARELLE	Debtors	-0.28759991876400676	0.19069188833236694	4
ABLIVA AB	Quoted Yes	True	-2.7290775775909424	1
ABLIVA AB	Capital	0.002323418675440313	-0.6438282132148743	2
ABLIVA AB	Of which cash and cash equivalent  (Last avail. yr)	5196840.52156034	-0.46606510877609253	3
ABLIVA AB	Total assets  (Last avail. yr)	7885653.93999736	-0.39353445172309875	4
ABLIVA AB	Capital  (Last avail. yr)	4759835.11629802	-0.26113614439964294	5
QUANTONE LIMITED	Capital	-0.04388861173333044	0.9690349698066711	1
QUANTONE LIMITED	Current liabilities  (Last avail. yr)	0.0	0.39087000489234924	2
QUANTONE LIMITED	Tangible fixed assets  (Last avail. yr)	0.0	-0.29428499937057495	3
QUANTONE LIMITED	Current assets  (Last avail. yr)	0.0	0.24225351214408875	4
QUANTONE LIMITED	Number of employees (Last avail. yr)	13.0	0.20840555429458618	5
EXIE AS	Non current assets  (Last avail. yr)	0.0	0.9740213751792908	1
EXIE AS	Capital	0.05461961583086059	0.6809568405151367	2
EXIE AS	Non current assets	-1.0	0.5891625285148621	3
EXIE AS	Solvency ratio  Asset based	1.630518167236209	-0.4295201003551483	4
EXIE AS	P/L for period   Net income   (Last avail. yr)	267109.072641323	0.26166030764579773	5
CHATSIM S.R.L.	Of which provisions  (Last avail. yr)	233479.0	0.3669915497303009	1
CHATSIM S.R.L.	Capital	0.0	-0.26139354705810547	2
CHATSIM S.R.L.	Number of employees (Last avail. yr)	1.0	-0.25147199630737305	3
CHATSIM S.R.L.	Tangible fixed assets  (Last avail. yr)	4995.0	-0.21682627499103546	4
CHATSIM S.R.L.	Debtors	-0.9098877980364657	0.1995713710784912	5
ASGOODASNEW ELECTRONICS GMBH	Of which cash and cash equivalent  (Last avail. yr)	3895970.7	-0.8258213400840759	1
ASGOODASNEW ELECTRONICS GMBH	Number of employees (Last avail. yr)	157.0	-0.6469464898109436	2
ASGOODASNEW ELECTRONICS GMBH	Current liabilities  (Last avail. yr)	12810667.22	-0.49188509583473206	3
ASGOODASNEW ELECTRONICS GMBH	Operating revenue  Turnover   (Last avail. yr)	137371961.44	-0.4904559850692749	4
ASGOODASNEW ELECTRONICS GMBH	Debtors	0.2692258210791575	-0.3637760877609253	5
ECOZY GMBH	Total assets  (Last avail. yr)	46176.3	0.4506641626358032	1
ECOZY GMBH	Non current assets  (Last avail. yr)	3.0	0.44094327092170715	2
ECOZY GMBH	Other shareholders funds	0.458690635470569	0.4320887327194214	3
ECOZY GMBH	Other shareholders funds  (Last avail. yr)	-452951.42	0.416460245847702	4
ECOZY GMBH	P/L for period   Net income	-143.2245920955405	0.2889765501022339	5
HARDIDE PLC	Quoted Yes	True	-3.080167770385742	1
HARDIDE PLC	Capital	0.2331133771472399	0.6612251996994019	2
HARDIDE PLC	Tangible fixed assets  (Last avail. yr)	6591885.99958667	0.6569705605506897	3
HARDIDE PLC	Number of employees (Last avail. yr)	38.0	-0.3287931978702545	4
HARDIDE PLC	Other current liabilities	3.50528294487899	0.31227272748947144	5
LINKED P2P LIMITED	Capital	0.1327014218009479	1.0446431636810303	1
LINKED P2P LIMITED	Of which cash and cash equivalent  (Last avail. yr)	4933227.0	-0.7918363213539124	2
LINKED P2P LIMITED	Debtors  (Last avail. yr)	283738.0	-0.5426707863807678	3
LINKED P2P LIMITED	P/L before tax	-3.226726112112932	-0.3866029381752014	4
W&W INTERACTION SOLUTIONS GMBH	Of which cash and cash equivalent  (Last avail. yr)	1388521.9947157851	-0.4125065505504608	1
W&W INTERACTION SOLUTIONS GMBH	Operating revenue  Turnover   (Last avail. yr)	29465451.42123215	-0.4008527100086212	2
W&W INTERACTION SOLUTIONS GMBH	P/L before tax	-1.581816117861174	-0.37888720631599426	3
W&W INTERACTION SOLUTIONS GMBH	Capital	0.0	-0.2843574285507202	4
W&W INTERACTION SOLUTIONS GMBH	Number of employees (Last avail. yr)	18.0	0.2731790542602539	5
SHUROPODY LIMITED	Capital	-0.1154451827543854	1.693424940109253	1
SHUROPODY LIMITED	Number of employees (Last avail. yr)	462.0	-0.7995240688323975	2
SHUROPODY LIMITED	Working capital  (Last avail. yr)	-530860.747414558	0.4191116392612457	3
SHUROPODY LIMITED	Tangible fixed assets  (Last avail. yr)	976628.791582844	0.4190429449081421	4
SHUROPODY LIMITED	P/L for period   Net income   (Last avail. yr)	-1770882.97136063	0.3567338287830353	5
LOTERITY SP. Z O.O. W LIKWIDACJI	Non current assets	-1.0	0.8612986207008362	1
LOTERITY SP. Z O.O. W LIKWIDACJI	Non current assets  (Last avail. yr)	0.0	0.5388169288635254	2
LOTERITY SP. Z O.O. W LIKWIDACJI	P/L before tax	-2.75711201646618	-0.496025413274765	3
LOTERITY SP. Z O.O. W LIKWIDACJI	Debtors  (Last avail. yr)	0.0	0.3694663643836975	4
NO WIRES NEEDED (NWN) BV	Debtors  (Last avail. yr)	281000.0	-0.4729197323322296	1
NO WIRES NEEDED (NWN) BV	Number of employees	-0.5	0.40518784523010254	2
NO WIRES NEEDED (NWN) BV	Capital	3.279979008134348e-05	-0.22613507509231567	3
NO WIRES NEEDED (NWN) BV	Net current assets	-0.2087602875794407	0.21292652189731598	4
TOYWHEEL GMBH	Capital	0.0	-0.330894410610199	1
TOYWHEEL GMBH	Current assets	-0.014479097142360734	0.13890519738197327	2
TOYWHEEL GMBH	Capital  (Last avail. yr)	25000.0	0.13307571411132812	3
GINMON GMBH	Capital	0.2739036827195467	0.893017053604126	1
GINMON GMBH	Intangible assets	1.005032626904244	0.5564231276512146	2
GINMON GMBH	Of which cash and cash equivalent  (Last avail. yr)	3282888.86	-0.44028332829475403	3
GINMON GMBH	Number of employees (Last avail. yr)	42.0	-0.418762743473053	4
GINMON GMBH	Non current liabilities	-0.9747139534836852	-0.4177060127258301	5
ECOLOGICLIVING LIMITED	Capital	0.1702232078978217	1.4746946096420288	1
ECOLOGICLIVING LIMITED	Solvency ratio  Asset based	0.06607966108734492	-0.3450221121311188	2
ECOLOGICLIVING LIMITED	Of which cash and cash equivalent	417.7296868382803	0.3218817114830017	3
ECOLOGICLIVING LIMITED	Non current assets	0.1914974155320653	-0.30734145641326904	4
ECOLOGICLIVING LIMITED	Number of employees (Last avail. yr)	24.0	0.26936814188957214	5
RINGPAY LIMITED	Capital	-1.0	0.5628328919410706	1
RINGPAY LIMITED	Capital  (Last avail. yr)	0.0	-0.5205045342445374	2
RINGPAY LIMITED	Current liabilities	-0.9573622708578298	0.4532742202281952	3
RINGPAY LIMITED	Other current liabilities  (Last avail. yr)	1317.61341850903	-0.4148804545402527	4
RINGPAY LIMITED	Total assets	0.341061212500201	-0.3216360807418823	5
NEWLISI S.P.A. IN LIQUIDAZIONE	Solvency ratio  Asset based	0.06936654804270469	-0.36623096466064453	1
NEWLISI S.P.A. IN LIQUIDAZIONE	Non current assets	-0.9592322288716976	0.34471720457077026	2
NEWLISI S.P.A. IN LIQUIDAZIONE	Capital  (Last avail. yr)	96500.0	0.25476109981536865	3
NEWLISI S.P.A. IN LIQUIDAZIONE	Tangible fixed assets  (Last avail. yr)	510.0	-0.2510545253753662	4
NEWLISI S.P.A. IN LIQUIDAZIONE	Working capital  (Last avail. yr)	-83499.0	0.24908803403377533	5
HARIMATA SP. Z O.O. W UPADLOSCI	Capital	0.07975314604007824	1.1288261413574219	1
HARIMATA SP. Z O.O. W UPADLOSCI	Capital  (Last avail. yr)	-741920.163848507	-0.5170695185661316	2
HARIMATA SP. Z O.O. W UPADLOSCI	Non current assets  (Last avail. yr)	0.0	0.33867475390434265	3
HARIMATA SP. Z O.O. W UPADLOSCI	Other shareholders funds  (Last avail. yr)	-27137.8113248989	0.2815594971179962	4
CAMBRIDGE NUTRITIONAL SCIENCES PLC	Quoted Yes	True	-2.5875964164733887	1
CAMBRIDGE NUTRITIONAL SCIENCES PLC	Capital	0.02628538323876907	-0.9678299427032471	2
CAMBRIDGE NUTRITIONAL SCIENCES PLC	Of which cash and cash equivalent  (Last avail. yr)	3433411.08292694	-0.4608100354671478	3
CAMBRIDGE NUTRITIONAL SCIENCES PLC	Tangible fixed assets  (Last avail. yr)	599651.137147281	0.42905616760253906	4
CAMBRIDGE NUTRITIONAL SCIENCES PLC	Number of employees (Last avail. yr)	94.0	-0.36557114124298096	5
WAKOOPA B.V.	Debtors  (Last avail. yr)	419976.0	-0.47053414583206177	1
WAKOOPA B.V.	Tangible fixed assets  (Last avail. yr)	1032.0	-0.403402715921402	2
WAKOOPA B.V.	Solvency ratio  Asset based	0.05051172877052856	-0.30540671944618225	3
WAKOOPA B.V.	Total assets	0.08353602154098312	-0.22635623812675476	4
DIVERSE SCHOOL TRAVEL	Consolidation code LF	True	-0.7206644415855408	1
DIVERSE SCHOOL TRAVEL	Intangible assets	0.5503490027699778	0.6976196765899658	2
DIVERSE SCHOOL TRAVEL	Debtors	0.7114064329178847	-0.32639703154563904	3
DIVERSE SCHOOL TRAVEL	Current liabilities  (Last avail. yr)	32485.2158626672	0.30513429641723633	4
GRIZZLY GMBH	Number of employees (Last avail. yr)	77.0	-0.6788732409477234	1
GRIZZLY GMBH	Of which provisions  (Last avail. yr)	792273.32	0.5052754878997803	2
GRIZZLY GMBH	P/L for period   Net income   (Last avail. yr)	-4638545.91	0.35235491394996643	3
GRIZZLY GMBH	Debtors	-0.3374664762220676	0.21530087292194366	4
GRIZZLY GMBH	Other current liabilities  (Last avail. yr)	1904426.51	-0.19640715420246124	5
SOTHIC BIOSCIENCE LIMITED	NACE na	True	1.4955307245254517	1
SOTHIC BIOSCIENCE LIMITED	Capital  (Last avail. yr)	0.0	-0.6117168664932251	2
SOTHIC BIOSCIENCE LIMITED	Capital	-1.0	0.48700621724128723	3
SOTHIC BIOSCIENCE LIMITED	Tangible fixed assets	1.241735537190083	0.40979811549186707	4
SOTHIC BIOSCIENCE LIMITED	Current ratio	7.040000000000001	-0.36156508326530457	5
MANIFATTO LTD	Debtors  (Last avail. yr)	281000.0	-0.7333770394325256	1
MANIFATTO LTD	P/L before tax  (Last avail. yr)	0.0	-0.43616554141044617	2
MANIFATTO LTD	Current liabilities  (Last avail. yr)	0.0	0.4360498785972595	3
MANIFATTO LTD	Tangible fixed assets  (Last avail. yr)	0.0	-0.3532373607158661	4
MANIFATTO LTD	Non current assets	0.05881005367571755	-0.2955992817878723	5
EZICONEX LTD	Capital	-0.02928145881410016	0.6403828859329224	1
EZICONEX LTD	Of which cash and cash equivalent  (Last avail. yr)	13.2030743649887	0.5677376985549927	2
EZICONEX LTD	Tangible fixed assets  (Last avail. yr)	449.0318052574795	-0.40554481744766235	3
EZICONEX LTD	P/L before tax  (Last avail. yr)	6330.74611451501	-0.3991008400917053	4
EZICONEX LTD	P/L for period   Net income   (Last avail. yr)	6866.60034651031	-0.35873928666114807	5
TEEZ.MOBI LTD	Consolidation code NF	True	-0.3745284676551819	1
TEEZ.MOBI LTD	NACE na	True	0.3613632321357727	2
TEEZ.MOBI LTD	Capital	0.0	-0.35990434885025024	3
TEEZ.MOBI LTD	Operating revenue  Turnover   (Last avail. yr)	106690.3966795545	0.1762586236000061	4
CAMBIO HEALTHCARE SYSTEMS AB	Capital	0.00232341867543972	-0.8984537720680237	1
CAMBIO HEALTHCARE SYSTEMS AB	Number of employees	0.2737430167597765	-0.76710045337677	2
CAMBIO HEALTHCARE SYSTEMS AB	Number of employees (Last avail. yr)	456.0	-0.7174628973007202	3
CAMBIO HEALTHCARE SYSTEMS AB	Tangible fixed assets  (Last avail. yr)	1854456.63519955	0.5347670316696167	4
CAMBIO HEALTHCARE SYSTEMS AB	Other current assets  (Last avail. yr)	58889745.3102085	-0.36885786056518555	5
STARTUPHIGHWAY	Consolidation code NF	True	-1.0460712909698486	1
STARTUPHIGHWAY	Capital	0.0	-0.39511367678642273	2
STARTUPHIGHWAY	NACE na	True	0.373117595911026	3
STARTUPHIGHWAY	Other shareholders funds	-0.04639479905437352	-0.16863684356212616	4
COCHES.COM	Consolidation code NF	True	-0.38192063570022583	1
COCHES.COM	Operating revenue  Turnover   (Last avail. yr)	338463.742979049	0.36421719193458557	2
COCHES.COM	Non current assets	0.01611118980830259	-0.26390355825424194	3
MUBI	Consolidation code NF	True	-0.3745284676551819	1
MUBI	NACE na	True	0.3613632321357727	2
MUBI	Capital	0.0	-0.35990434885025024	3
MUBI	Operating revenue  Turnover   (Last avail. yr)	106690.3966795545	0.1762586236000061	4
Z SIGNAGE LIMITED	Capital	0.04051396333208133	1.1247371435165405	1
Z SIGNAGE LIMITED	Non current assets	-1.0	0.7337508201599121	2
Z SIGNAGE LIMITED	Other current liabilities  (Last avail. yr)	2347.80403760121	0.5987651944160461	3
Z SIGNAGE LIMITED	Debtors  (Last avail. yr)	0.0	0.44010698795318604	4
Z SIGNAGE LIMITED	Current liabilities  (Last avail. yr)	3036.88452263716	0.4233192801475525	5
GABRIEL MR	Consolidation code NF	True	-0.49069297313690186	1
GABRIEL MR	Working capital  (Last avail. yr)	-337000.0	0.33066368103027344	2
GABRIEL MR	Net current assets	0.3774298552891028	-0.23737064003944397	3
STUPEFLIX	Capital	0.0	-0.285209059715271	1
STUPEFLIX	Non current liabilities	2.245552262368154	0.23704619705677032	2
STUPEFLIX	NACE 61	True	0.21644747257232666	3
STUPEFLIX	Total assets	0.1546586349274042	-0.2067881077528	4
EFTY B.V.	Other current assets  (Last avail. yr)	0.0	-0.4024292826652527	1
EFTY B.V.	Debtors	0.3765244929586955	-0.38988474011421204	2
EFTY B.V.	Capital	0.0	-0.277452290058136	3
EFTY B.V.	Non current assets  (Last avail. yr)	0.0	0.2751432955265045	4
EFTY B.V.	Total assets	0.3765244929586955	-0.26391905546188354	5
FORWARD TALENT LIMITED	Capital	-0.1641204725790985	1.5380198955535889	1
FORWARD TALENT LIMITED	Current ratio (Last avail. yr)	0.009	-0.45761412382125854	2
FORWARD TALENT LIMITED	Of which cash and cash equivalent  (Last avail. yr)	221.731202090481	0.40920570492744446	3
FORWARD TALENT LIMITED	Current ratio	-0.9042553191489362	0.3535667061805725	4
FORWARD TALENT LIMITED	Tangible fixed assets  (Last avail. yr)	470.734156309738	-0.3248274028301239	5
DATA CONTACT	Consolidation code NF	True	-1.0495538711547852	1
DATA CONTACT	Capital  (Last avail. yr)	4674.0	0.38511231541633606	2
DATA CONTACT	NACE na	True	0.373117595911026	3
DATA CONTACT	Capital	0.0	-0.3450259268283844	4
METEO PROTECT SAS	Non current assets	1.028971354166667	-0.4958307147026062	1
METEO PROTECT SAS	P/L before tax  (Last avail. yr)	0.0	-0.4018099009990692	2
METEO PROTECT SAS	Other shareholders funds  (Last avail. yr)	-93006.0	0.35682982206344604	3
METEO PROTECT SAS	Of which cash and cash equivalent	17.4284033996054	0.3336119055747986	4
METEO PROTECT SAS	Other current liabilities	1.726413339566166	0.3208734691143036	5
TESSELLA SUPPORT SERVICES LIMITED	Capital	-0.00952131642892141	1.157244086265564	1
TESSELLA SUPPORT SERVICES LIMITED	Capital  (Last avail. yr)	2.30985693913653	0.9248905777931213	2
TESSELLA SUPPORT SERVICES LIMITED	Current liabilities  (Last avail. yr)	0.0	0.46822023391723633	3
TESSELLA SUPPORT SERVICES LIMITED	Debtors  (Last avail. yr)	0.0	0.4587344229221344	4
TESSELLA SUPPORT SERVICES LIMITED	Number of employees (Last avail. yr)	19.5	0.377434641122818	5
CIRCLE LIMITED	Consolidation code NF	True	-0.3745284676551819	1
CIRCLE LIMITED	NACE na	True	0.3613632321357727	2
CIRCLE LIMITED	Capital	0.0	-0.35990434885025024	3
CIRCLE LIMITED	Operating revenue  Turnover   (Last avail. yr)	106690.3966795545	0.1762586236000061	4
ELECTROCHAEA GMBH	Capital	0.1657354805389925	1.0451709032058716	1
ELECTROCHAEA GMBH	Of which cash and cash equivalent  (Last avail. yr)	21149572.17	-0.84349524974823	2
ELECTROCHAEA GMBH	Number of employees	0.24	-0.6259366869926453	3
ELECTROCHAEA GMBH	Solvency ratio  Asset based	0.03495881969544336	-0.3501625955104828	4
ELECTROCHAEA GMBH	Non current liabilities	0.9077483352013695	0.3453279137611389	5
AZULLO LIMITED	Capital  (Last avail. yr)	0.0	-0.9127964973449707	1
AZULLO LIMITED	Non current assets  (Last avail. yr)	0.0	0.3343771994113922	2
AZULLO LIMITED	Capital	0.0	-0.32213452458381653	3
AZULLO LIMITED	Non current assets	0.04544051749075739	-0.25042030215263367	4
AZULLO LIMITED	Debtors  (Last avail. yr)	0.0	0.1940600425004959	5
SOLOSTOCKS	Consolidation code NF	True	-1.0686148405075073	1
SOLOSTOCKS	Capital	0.0	-0.39644289016723633	2
SOLOSTOCKS	NACE na	True	0.36815547943115234	3
SOLOSTOCKS	Other shareholders funds	-0.04639479905437352	-0.16863684356212616	4
FINDTHERIPPLE LIMITED	Capital	0.0186373119753206	-2.172262668609619	1
FINDTHERIPPLE LIMITED	Current liabilities  (Last avail. yr)	1901.6794801312	0.4106753468513489	2
FINDTHERIPPLE LIMITED	Current assets  (Last avail. yr)	435.657480902784	0.2386234998703003	3
FINDTHERIPPLE LIMITED	Non current assets  (Last avail. yr)	0.0	0.22860945761203766	4
FINDTHERIPPLE LIMITED	Debtors  (Last avail. yr)	0.0	0.22482801973819733	5
EMOOV LIMITED	Capital	0.1584158744656466	1.0600389242172241	1
EMOOV LIMITED	Woco Yes	True	-0.41476598381996155	2
EMOOV LIMITED	Number of employees	-0.3571428571428572	-0.3769402801990509	3
EMOOV LIMITED	Non current liabilities	-0.7894661162440949	-0.342437744140625	4
TETCO-TECHNOLOGIES	Of which cash and cash equivalent  (Last avail. yr)	4531242.0	-0.6401395201683044	1
TETCO-TECHNOLOGIES	Other non current assets  (Last avail. yr)	5641924.0	-0.4394261837005615	2
TETCO-TECHNOLOGIES	Tangible fixed assets  (Last avail. yr)	1216274.0	0.3044353723526001	3
TETCO-TECHNOLOGIES	P/L before tax	-1.621903882728476	-0.30214154720306396	4
TETCO-TECHNOLOGIES	Current liabilities	1.2302751014624	-0.2977551221847534	5
ALX ONCOLOGY LIMITED	Capital	-0.03309032467016616	1.1027512550354004	1
ALX ONCOLOGY LIMITED	Non current assets  (Last avail. yr)	0.0	0.6343551278114319	2
ALX ONCOLOGY LIMITED	Solvency ratio  Asset based	3.916118038881574	-0.47407621145248413	3
ALX ONCOLOGY LIMITED	Working capital  (Last avail. yr)	-22715.0	0.3177928626537323	4
ADOCIA	Quoted Yes	True	-3.0171821117401123	1
ADOCIA	Capital	0.6139747995418099	0.8305111527442932	2
ADOCIA	Of which cash and cash equivalent  (Last avail. yr)	12961000.0	-0.668242335319519	3
ADOCIA	Number of employees	-0.25	-0.5835787057876587	4
ADOCIA	Tangible fixed assets  (Last avail. yr)	3168000.0	0.45029184222221375	5
ZENTICKET	Intangible assets	0.5503490027699778	0.6869550347328186	1
ZENTICKET	Consolidation code NF	True	-0.5012755393981934	2
ZENTICKET	Debtors	0.7114064329178847	-0.3337792158126831	3
ZENTICKET	Capital	0.0	-0.281833678483963	4
ASTLEY CLARKE LTD	Capital	0.01863731197532214	-1.8419837951660156	1
ASTLEY CLARKE LTD	P/L for period   Net income   (Last avail. yr)	-1310411.60123484	0.33847156167030334	2
ASTLEY CLARKE LTD	Number of employees (Last avail. yr)	30.0	-0.2642360031604767	3
ASTLEY CLARKE LTD	Debtors  (Last avail. yr)	336982.214011322	-0.2570936977863312	4
ASTLEY CLARKE LTD	NACE 47	True	0.22524572908878326	5
DESIGN TALENT LIMITED	Capital	-0.06391198077618439	1.3770692348480225	1
DESIGN TALENT LIMITED	P/L before tax		-0.6709839701652527	2
DESIGN TALENT LIMITED	P/L before tax  (Last avail. yr)	1017581.0	-0.505549430847168	3
DESIGN TALENT LIMITED	Shareholders funds	-2.155682300345864	0.4262806177139282	4
DESIGN TALENT LIMITED	Other shareholders funds  (Last avail. yr)	-40987.1543093517	0.4146476984024048	5
VIBRANT ENERGY LIMITED	Capital	0.0045147513931828465	-0.5902116894721985	1
VIBRANT ENERGY LIMITED	Current liabilities  (Last avail. yr)	0.0	0.4611276388168335	2
VIBRANT ENERGY LIMITED	Non current assets	0.01611118980830259	-0.3053242266178131	3
VIBRANT ENERGY LIMITED	Operating revenue  Turnover   (Last avail. yr)	338463.742979049	0.3026476204395294	4
VIBRANT ENERGY LIMITED	Non current assets  (Last avail. yr)	0.0	0.28388991951942444	5
COMTICA SP. Z O.O.	Number of employees (Last avail. yr)	35.0	-0.5335070490837097	1
COMTICA SP. Z O.O.	Capital	0.0	-0.30158770084381104	2
COMTICA SP. Z O.O.	Current assets	-0.014479097142360734	0.13697612285614014	3
LINKDEX LIMITED	Capital	-0.03465626166973158	1.0426268577575684	1
LINKDEX LIMITED	Debtors  (Last avail. yr)	168122.705199587	-0.5206388831138611	2
LINKDEX LIMITED	Number of employees (Last avail. yr)	28.0	-0.4674665033817291	3
LINKDEX LIMITED	Other shareholders funds	1.645766274104577	0.3701012432575226	4
LINKDEX LIMITED	P/L for period   Net income   (Last avail. yr)	-26484.689202563102	-0.27822166681289673	5
SIX DEGREES GROUP	Number of employees (Last avail. yr)	400.0	-1.171717643737793	1
SIX DEGREES GROUP	Consolidation code LF	True	-0.7594575881958008	2
SIX DEGREES GROUP	Operating revenue  Turnover   (Last avail. yr)	44746697.0394798	-0.4516140818595886	3
SIX DEGREES GROUP	Of which provisions  (Last avail. yr)	194294.17	0.3637148141860962	4
MORE2 LIMITED	Capital	0.02518454079941259	-1.1172360181808472	1
MORE2 LIMITED	Number of employees (Last avail. yr)	118.0	-0.5593665838241577	2
MORE2 LIMITED	Of which cash and cash equivalent  (Last avail. yr)	629.983684940723	0.49305063486099243	3
MORE2 LIMITED	Tangible fixed assets  (Last avail. yr)	310877.115698536	0.38132840394973755	4
MORE2 LIMITED	Operating revenue  Turnover   (Last avail. yr)	22046498.3821539	-0.339597225189209	5
YOUR.MD AS	Capital	0.4219127351651308	0.5283178091049194	1
YOUR.MD AS	Solvency ratio  Asset based	0.5063169164882229	-0.4531601667404175	2
YOUR.MD AS	Non current liabilities	-1.0	-0.3699268698692322	3
YOUR.MD AS	Non current assets  (Last avail. yr)	34936916.9594393	-0.30152806639671326	4
YOUR.MD AS	P/L before tax	6.29448349298024	-0.2585187256336212	5
HOMUORK SL.	Debtors  (Last avail. yr)	223053.51	-0.4845467507839203	1
HOMUORK SL.	Operating revenue  Turnover   (Last avail. yr)	355950.93	0.2591687738895416	2
HOMUORK SL.	Capital	0.0	-0.2586144506931305	3
HOMUORK SL.	Current ratio	0.05364455364455355	-0.19181691110134125	4
HOMUORK SL.	Tangible fixed assets  (Last avail. yr)	10337.76	-0.19159552454948425	5
VOVERC S.R.L. IN LIQUIDAZIONE	Of which cash and cash equivalent  (Last avail. yr)	106.0	0.626685619354248	1
VOVERC S.R.L. IN LIQUIDAZIONE	Operating revenue  Turnover   (Last avail. yr)	173497.0	0.43238016963005066	2
VOVERC S.R.L. IN LIQUIDAZIONE	Of which cash and cash equivalent	-0.9991706893449228	0.30495327711105347	3
VOVERC S.R.L. IN LIQUIDAZIONE	Current assets  (Last avail. yr)	10376.0	0.30256444215774536	4
VOVERC S.R.L. IN LIQUIDAZIONE	Total shareholders  funds and liabilities	-0.9664525225960282	0.29677480459213257	5
OMELETT.ES LIMITED	Capital  (Last avail. yr)	0.0	-1.07913076877594	1
OMELETT.ES LIMITED	Current liabilities  (Last avail. yr)	1990.36062451667	0.43392235040664673	2
OMELETT.ES LIMITED	Current liabilities	0.8082649339209452	-0.37691807746887207	3
OMELETT.ES LIMITED	Other current liabilities  (Last avail. yr)	1990.36062451667	-0.27482396364212036	4
OMELETT.ES LIMITED	Current assets  (Last avail. yr)	5957.3867316382	0.2649230659008026	5
LANTHIO PHARMA B.V.	Current liabilities	0.6883116883116883	-0.3966098427772522	1
LANTHIO PHARMA B.V.	Current liabilities  (Last avail. yr)	130.0	0.37646546959877014	2
LANTHIO PHARMA B.V.	Debtors  (Last avail. yr)	2671515.0	-0.37112927436828613	3
LANTHIO PHARMA B.V.	Other current assets  (Last avail. yr)	0.0	-0.35352271795272827	4
LANTHIO PHARMA B.V.	Non current assets  (Last avail. yr)	0.0	0.34366142749786377	5
SEMANTICLABS GMBH IN LIQU.	Non current assets	-1.0	0.9540471434593201	1
SEMANTICLABS GMBH IN LIQU.	Current liabilities  (Last avail. yr)	0.0	0.6737244725227356	2
SEMANTICLABS GMBH IN LIQU.	Non current assets  (Last avail. yr)	0.0	0.6529462337493896	3
SEMANTICLABS GMBH IN LIQU.	Debtors  (Last avail. yr)	0.0	0.3887089192867279	4
SEMANTICLABS GMBH IN LIQU.	Total shareholders  funds and liabilities	-0.6848786020509203	0.2814488410949707	5
IIYUMA	Operating revenue  Turnover   (Last avail. yr)	250000.0	0.41782575845718384	1
IIYUMA	Of which provisions  (Last avail. yr)	194294.17	0.33803310990333557	2
IIYUMA	Capital	0.0	-0.2775348126888275	3
IIYUMA	NACE 61	True	0.22245024144649506	4
COMPEON GMBH	Capital	0.07699423515216516	1.735551118850708	1
COMPEON GMBH	Number of employees (Last avail. yr)	102.0	-0.7874852418899536	2
COMPEON GMBH	Total assets	0.4352205652579739	-0.3951318860054016	3
COMPEON GMBH	Of which provisions  (Last avail. yr)	754455.95	0.2774827480316162	4
COMPEON GMBH	Non current liabilities	4.972012357646102	0.24893216788768768	5
KARO INTERNET GMBH	Of which cash and cash equivalent  (Last avail. yr)	177.48	0.5372011065483093	1
KARO INTERNET GMBH	Tangible fixed assets	-0.4300968518151647	-0.4133760929107666	2
KARO INTERNET GMBH	Current liabilities	0.5732029795709176	-0.33294448256492615	3
KARO INTERNET GMBH	Capital	0.0	-0.32950320839881897	4
KARO INTERNET GMBH	Other shareholders funds  (Last avail. yr)	-25164.2300000001	0.2894163131713867	5
HY2CARE B.V.	Solvency ratio  Asset based	0.111817313972768	-0.5590693354606628	1
HY2CARE B.V.	Tangible fixed assets  (Last avail. yr)	5752080.0	0.4194018840789795	2
HY2CARE B.V.	Long term debt  (Last avail. yr)	3625983.0	0.2940208613872528	3
HY2CARE B.V.	Total assets	0.1116624969687118	-0.21209591627120972	4
MELLANOX TECHNOLOGIES BELFAST LIMITED	Capital	0.028993920183001	-1.1549277305603027	1
MELLANOX TECHNOLOGIES BELFAST LIMITED	Of which cash and cash equivalent  (Last avail. yr)	3727860.6369963	-0.6656474471092224	2
MELLANOX TECHNOLOGIES BELFAST LIMITED	Solvency ratio  Asset based	0.1115666101672645	-0.3889082670211792	3
MELLANOX TECHNOLOGIES BELFAST LIMITED	Other shareholders funds	0.7107554025337798	0.3240043818950653	4
MELLANOX TECHNOLOGIES BELFAST LIMITED	NACE 61	True	0.30016186833381653	5
MONYQ B.V.	Current liabilities  (Last avail. yr)	90.0	0.5430108308792114	1
MONYQ B.V.	Capital	0.0	-0.26919567584991455	2
MONYQ B.V.	Total shareholders  funds and liabilities	-1.0	0.2562977969646454	3
MONYQ B.V.	Current assets  (Last avail. yr)	1192454.0	-0.2520185708999634	4
MONYQ B.V.	Tangible fixed assets  (Last avail. yr)	6224.0	-0.24118126928806305	5
WORKLE	Capital	-0.2430102161725596	-1.3285492658615112	1
WORKLE	Other current liabilities  (Last avail. yr)	0.0	-0.6651529669761658	2
WORKLE	Non current assets	-0.7376965571190818	0.3865564167499542	3
WORKLE	P/L for period   Net income	-10.67670073061341	0.34421369433403015	4
WORKLE	Of which cash and cash equivalent  (Last avail. yr)	13803.4553430873	0.3076993525028229	5
RIGHTEOUS LONDON LIMITED	Capital	-0.1426002084015084	1.201941967010498	1
RIGHTEOUS LONDON LIMITED	Non current assets	-1.0	0.7510830760002136	2
RIGHTEOUS LONDON LIMITED	P/L before tax		-0.5294662714004517	3
RIGHTEOUS LONDON LIMITED	Debtors		-0.46392565965652466	4
RIGHTEOUS LONDON LIMITED	Non current assets  (Last avail. yr)	0.0	0.3830265998840332	5
SOURCELAIR P.C.	Other current liabilities  (Last avail. yr)	3349.0	0.5920214056968689	1
SOURCELAIR P.C.	P/L before tax  (Last avail. yr)	26542.0	-0.4417070746421814	2
SOURCELAIR P.C.	Number of employees (Last avail. yr)	0.0	0.4336891174316406	3
SOURCELAIR P.C.	P/L before tax	-4.255888125613346	-0.40047603845596313	4
SOURCELAIR P.C.	Debtors	1.280632411067194	-0.38920775055885315	5
ALTERGEO	NACE na	True	1.0188010931015015	1
ALTERGEO	P/L before tax  (Last avail. yr)	76110.7190445233	-0.5478755235671997	2
ALTERGEO	Number of employees (Last avail. yr)	33.0	-0.5167874693870544	3
ALTERGEO	Operating revenue  Turnover   (Last avail. yr)	145440.793359109	0.3288489580154419	4
ALTERGEO	Other current liabilities  (Last avail. yr)	0.0	-0.3066455125808716	5
WOPPA, S. R. O.	Number of employees	0.06103286384976525	-0.5466503500938416	1
WOPPA, S. R. O.	Of which cash and cash equivalent  (Last avail. yr)	1386.0	0.5415949821472168	2
WOPPA, S. R. O.	Other current liabilities  (Last avail. yr)	5193.0	0.4473963975906372	3
WOPPA, S. R. O.	P/L before tax  (Last avail. yr)	-826.0	-0.33984869718551636	4
WOPPA, S. R. O.	Current liabilities  (Last avail. yr)	10192.0	0.33639615774154663	5
NABOOMBOO S.R.L.	Other current liabilities	2.980487018222867	0.4501121938228607	1
NABOOMBOO S.R.L.	Debtors  (Last avail. yr)	0.0	0.3382330536842346	2
NABOOMBOO S.R.L.	Capital	0.0	-0.29713207483291626	3
NABOOMBOO S.R.L.	Current liabilities  (Last avail. yr)	24885.0	0.23966699838638306	4
NABOOMBOO S.R.L.	Tangible fixed assets  (Last avail. yr)	1948.0	-0.19331225752830505	5
WUNDERFLATS GMBH	Non current assets	4.350960602353834	-0.5747195482254028	1
WUNDERFLATS GMBH	Of which provisions  (Last avail. yr)	545642.17	0.46317097544670105	2
WUNDERFLATS GMBH	Tangible fixed assets  (Last avail. yr)	525932.37	0.3603636622428894	3
WUNDERFLATS GMBH	Of which cash and cash equivalent  (Last avail. yr)	2293137.91	-0.3264896869659424	4
WUNDERFLATS GMBH	Capital	0.0	-0.2876470685005188	5
DEEPOMATIC	Of which cash and cash equivalent  (Last avail. yr)	2153582.0	-0.3679993450641632	1
DEEPOMATIC	Current assets	-0.2667181104787956	-0.3500448763370514	2
DEEPOMATIC	Debtors  (Last avail. yr)	1715646.0	-0.23822586238384247	3
DEEPOMATIC	Other shareholders funds	-0.2627512056212978	-0.2321304976940155	4
DEEPOMATIC	Tangible fixed assets  (Last avail. yr)	266912.0	0.22749045491218567	5
MAG+ AB	NACE na	True	1.1779485940933228	1
MAG+ AB	Capital	-0.03595247754455898	0.8936873078346252	2
MAG+ AB	Debtors	30.33154447980193	-0.4608724117279053	3
MAG+ AB	Consolidation code NF	False	0.35189276933670044	4
MAG+ AB	P/L before tax  (Last avail. yr)	-925494.161076681	0.25402629375457764	5
TVP SOLAR SA	Capital	0.003782304982702089	-1.1575822830200195	1
TVP SOLAR SA	P/L for period   Net income   (Last avail. yr)	-2754635.245	0.27424871921539307	2
TVP SOLAR SA	Other shareholders funds  (Last avail. yr)	-452951.42	0.2554256021976471	3
TVP SOLAR SA	Number of employees (Last avail. yr)	35.0	-0.2338978499174118	4
VITEC LTD	Capital	0.01863731197532235	-1.6582000255584717	1
VITEC LTD	Number of employees (Last avail. yr)	113.0	-0.5587997436523438	2
VITEC LTD	Operating revenue  Turnover   (Last avail. yr)	21057792.4726906	-0.4110959470272064	3
VITEC LTD	Of which cash and cash equivalent  (Last avail. yr)	1842843.82208198	-0.3274945914745331	4
VITEC LTD	Tangible fixed assets  (Last avail. yr)	238973.111204415	0.3264443576335907	5
ANACAIL LIMITED	Capital	-0.004777052417148395	1.1346114873886108	1
ANACAIL LIMITED	Other current liabilities	18.82431597399078	0.6251282691955566	2
ANACAIL LIMITED	Current ratio	-0.9562845613510687	0.33392003178596497	3
ANACAIL LIMITED	Non current assets	1.017155823654599	-0.32628342509269714	4
ANACAIL LIMITED	Current liabilities	12.37632229289662	0.3121093213558197	5
BIONIC ROBOTICS GMBH	Number of employees (Last avail. yr)	20.0	0.45177537202835083	1
BIONIC ROBOTICS GMBH	Capital	0.0	-0.3309911787509918	2
BIONIC ROBOTICS GMBH	Current assets  (Last avail. yr)	362620.634501137	0.17885348200798035	3
BIONIC ROBOTICS GMBH	Current assets	-0.014479097142360734	0.13704517483711243	4
NIMBLE APPS LIMITED	NACE na	True	1.489956021308899	1
NIMBLE APPS LIMITED	Shareholders funds	-5.299282878436276	0.4632321000099182	2
NIMBLE APPS LIMITED	Total shareholders  funds and liabilities	-0.9453955165844266	0.2876649796962738	3
NIMBLE APPS LIMITED	Operating revenue  Turnover   (Last avail. yr)	106690.3966795545	0.287566214799881	4
NIMBLE APPS LIMITED	Other shareholders funds  (Last avail. yr)	-1328547.0	0.27127736806869507	5
WINKO GAMES SL.	Intangible assets	1.28405454205336	0.5233779549598694	1
WINKO GAMES SL.	Non current assets	1.186172615804742	-0.4120689928531647	2
WINKO GAMES SL.	Other current liabilities	12.66515279824908	0.3618538975715637	3
WINKO GAMES SL.	Total assets	0.65010466883318	-0.3442848324775696	4
CELL GUIDANCE SYSTEMS LIMITED	Capital	0.01863731197532287	-1.825271487236023	1
CELL GUIDANCE SYSTEMS LIMITED	Debtors	0.3269591296369955	-0.281879186630249	2
CELL GUIDANCE SYSTEMS LIMITED	Number of employees (Last avail. yr)	17.0	0.27869561314582825	3
CELL GUIDANCE SYSTEMS LIMITED	Total assets	0.08390947084441625	-0.2339441478252411	4
CELL GUIDANCE SYSTEMS LIMITED	Tangible fixed assets  (Last avail. yr)	113261.724770578	0.18378782272338867	5
CLOUDCITIES AG IN LIQUIDATION	Capital	0.03742394270643424	1.4056488275527954	1
CLOUDCITIES AG IN LIQUIDATION	Capital  (Last avail. yr)	133375.071730535	0.22729067504405975	2
CLOUDCITIES AG IN LIQUIDATION	Current assets	-0.014479097142360734	0.16811318695545197	3
CLOUDCITIES AG IN LIQUIDATION	Current assets  (Last avail. yr)	362620.634501137	0.1385602056980133	4
ZLIO	Operating revenue  Turnover   (Last avail. yr)	168439.0	0.3833474814891815	1
ZLIO	Non current assets	-0.9491462336574699	0.35701870918273926	2
ZLIO	Working capital  (Last avail. yr)	-13852.0	0.3052246868610382	3
ZLIO	Total shareholders  funds and liabilities	-0.7196062761251936	0.2979753911495209	4
ZLIO	Tangible fixed assets  (Last avail. yr)	1093.0	-0.27748164534568787	5
HCS CONTROL SYSTEMS LIMITED	Capital	0.01863731197531803	-1.4804322719573975	1
HCS CONTROL SYSTEMS LIMITED	Solvency ratio  Asset based	0.5410795725273977	-0.7060779929161072	2
HCS CONTROL SYSTEMS LIMITED	Of which cash and cash equivalent	7405.869178608825	0.5032126903533936	3
HCS CONTROL SYSTEMS LIMITED	Other shareholders funds	0.7529689384781254	0.3993872404098511	4
HCS CONTROL SYSTEMS LIMITED	Number of employees (Last avail. yr)	46.0	-0.3517394959926605	5
MILIBRIS	Of which cash and cash equivalent  (Last avail. yr)	2681495.0	-0.53562992811203	1
MILIBRIS	Of which provisions  (Last avail. yr)	141182.0	0.2872885465621948	2
MILIBRIS	Debtors  (Last avail. yr)	2039143.0	-0.17647092044353485	3
MILIBRIS	Capital	0.0	-0.17444497346878052	4
MILIBRIS	Total assets  (Last avail. yr)	5153451.0	-0.1717282384634018	5
NIVAL LIMITED LIABILITY COMPANY	Capital	0.07735558183377803	1.5754647254943848	1
NIVAL LIMITED LIABILITY COMPANY	Number of employees (Last avail. yr)	46.0	-0.7558768391609192	2
NIVAL LIMITED LIABILITY COMPANY	Of which provisions  (Last avail. yr)	408626.66031889804	0.6050805449485779	3
NIVAL LIMITED LIABILITY COMPANY	Number of employees	0.12	-0.31164291501045227	4
NIVAL LIMITED LIABILITY COMPANY	Other shareholders funds	-0.3663832294094163	-0.21007156372070312	5
DRONAMICS	Number of employees (Last avail. yr)	133.0	-0.875206708908081	1
DRONAMICS	Current liabilities  (Last avail. yr)	0.0	0.8569473028182983	2
DRONAMICS	Number of employees	0.08130081300813008	-0.48810333013534546	3
DRONAMICS	Capital	0.0	-0.32090824842453003	4
COPA90 LIMITED	Number of employees (Last avail. yr)	65.0	-0.8941863775253296	1
COPA90 LIMITED	Capital  (Last avail. yr)	0.0	-0.4938901662826538	2
COPA90 LIMITED	Shareholders funds	-1.127232093373163	0.4236868917942047	3
COPA90 LIMITED	Current liabilities  (Last avail. yr)	0.0	0.3985575735569	4
COPA90 LIMITED	Number of employees	0.1016949152542373	-0.3502331078052521	5
SAM LABS	Consolidation code LF	True	-0.7200846076011658	1
SAM LABS	Number of employees (Last avail. yr)	15.0	0.4147409498691559	2
SAM LABS	Number of employees	0.06103286384976525	-0.4048890173435211	3
SAM LABS	Capital	0.0	-0.36017125844955444	4
BOOZT FASHION AB	Tangible fixed assets  (Last avail. yr)	68547303.4104167	0.9769151210784912	1
BOOZT FASHION AB	Number of employees (Last avail. yr)	447.0	-0.6679264903068542	2
BOOZT FASHION AB	Of which cash and cash equivalent  (Last avail. yr)	126142975.589225	-0.6604998707771301	3
BOOZT FASHION AB	Capital	0.002323418675440287	-0.6445274949073792	4
BOOZT FASHION AB	Long term debt  (Last avail. yr)	29422296.8963874	0.36506566405296326	5
SWOGO LIMITED	Consolidation code NF	True	-0.3745284676551819	1
SWOGO LIMITED	NACE na	True	0.3613632321357727	2
SWOGO LIMITED	Capital	0.0	-0.35990434885025024	3
SWOGO LIMITED	Operating revenue  Turnover   (Last avail. yr)	106690.3966795545	0.1762586236000061	4
AITO TECHNOLOGIES OY	Capital	0.2	0.7650847434997559	1
AITO TECHNOLOGIES OY	Non current assets  (Last avail. yr)	0.0	0.3679544925689697	2
AITO TECHNOLOGIES OY	Other shareholders funds  (Last avail. yr)	-594000.0	0.36417433619499207	3
AITO TECHNOLOGIES OY	Working capital  (Last avail. yr)	-19000.0	0.2833443284034729	4
STRUCTURE VISION LIMITED	Other current liabilities  (Last avail. yr)	856.687906676097	0.44989630579948425	1
STRUCTURE VISION LIMITED	Current liabilities  (Last avail. yr)	856.687906676097	0.4329129159450531	2
STRUCTURE VISION LIMITED	Current liabilities	-0.854618898378113	0.3895791471004486	3
STRUCTURE VISION LIMITED	Total assets	0.08149529075093398	-0.3588850498199463	4
STRUCTURE VISION LIMITED	Capital	0.0	-0.3319452702999115	5
THE DOVETAIL	Consolidation code LF	True	-0.5515004396438599	1
THE DOVETAIL	Number of employees	-0.1683168316831683	-0.5137798190116882	2
THE DOVETAIL	Capital	0.0	-0.35644209384918213	3
THE DOVETAIL	Operating revenue  Turnover   (Last avail. yr)	251175.630392978	0.32231783866882324	4
WE ARE ERA GMBH	Number of employees (Last avail. yr)	250.0	-1.6793383359909058	1
WE ARE ERA GMBH	Capital	0.0	-0.35001111030578613	2
WE ARE ERA GMBH	Current liabilities	0.1400517080517778	-0.28276053071022034	3
WE ARE ERA GMBH	Tangible fixed assets  (Last avail. yr)	8345.4832950169	-0.15979063510894775	4
THE RUSHMORE GROUP LIMITED	Capital	0.01863731197532288	-2.1859114170074463	1
THE RUSHMORE GROUP LIMITED	Non current assets  (Last avail. yr)	0.0	0.6931662559509277	2
THE RUSHMORE GROUP LIMITED	Capital  (Last avail. yr)	193210.63518133	0.2813909351825714	3
THE RUSHMORE GROUP LIMITED	Number of employees	-0.3571428571428572	-0.2315645068883896	4
THE RUSHMORE GROUP LIMITED	Debtors	-0.1658773212123981	0.1968718022108078	5
VIUING SL.	Capital	0.6622425249169437	1.6937958002090454	1
VIUING SL.	Tangible fixed assets	16.24676465330297	0.7709527611732483	2
VIUING SL.	Non current assets	167.6096563158291	-0.3141845464706421	3
VIUING SL.	Shareholders funds	-9.987832972052983	0.28566741943359375	4
SYNQERA LIMITED LIABILITY COMPANY	Non current assets	-1.0	0.8686007261276245	1
SYNQERA LIMITED LIABILITY COMPANY	Current liabilities	-1.0	0.59889817237854	2
SYNQERA LIMITED LIABILITY COMPANY	Other current liabilities  (Last avail. yr)	0.0	-0.5809777975082397	3
SYNQERA LIMITED LIABILITY COMPANY	Capital  (Last avail. yr)	0.0	-0.44629645347595215	4
SYNQERA LIMITED LIABILITY COMPANY	Current liabilities  (Last avail. yr)	0.0	0.3698427081108093	5
L.E.S.S. SA	Capital	0.003782304982699272	-1.0857335329055786	1
L.E.S.S. SA	Capital  (Last avail. yr)	230174.836096828	0.22266274690628052	2
L.E.S.S. SA	Current assets  (Last avail. yr)	1958739.0	-0.11808231472969055	3
INVINCIBLES STUDIO LTD	Capital	0.4241171227351956	0.9908283948898315	1
INVINCIBLES STUDIO LTD	Number of employees (Last avail. yr)	55.0	-0.6210880875587463	2
INVINCIBLES STUDIO LTD	Debtors  (Last avail. yr)	632885.544518692	-0.5790078043937683	3
INVINCIBLES STUDIO LTD	Number of employees	0.2222222222222222	-0.5023795962333679	4
INVINCIBLES STUDIO LTD	Shareholders funds	-2.548168022271183	0.46600961685180664	5
WINDELN.DE SE	Quoted Yes	True	-2.865615129470825	1
WINDELN.DE SE	Of which cash and cash equivalent  (Last avail. yr)	4629000.0	-0.6359325647354126	2
WINDELN.DE SE	Number of employees (Last avail. yr)	70.0	-0.5537898540496826	3
WINDELN.DE SE	Of which provisions  (Last avail. yr)	2180000.0	0.47035643458366394	4
WINDELN.DE SE	Operating revenue  Turnover   (Last avail. yr)	29465451.42123215	-0.3279663026332855	5
GYLD B.V.	Current assets  (Last avail. yr)	1475.0	0.294668585062027	1
GYLD B.V.	Current ratio (Last avail. yr)	0.004	0.27715128660202026	2
GYLD B.V.	Total assets  (Last avail. yr)	21316.0	0.2634761333465576	3
GYLD B.V.	Non current assets	0.04795859082026092	-0.25359681248664856	4
GYLD B.V.	Current assets	-0.9526058736585052	-0.22686713933944702	5
INTERTWINE S.R.L. IN LIQUIDAZIONE	Non current assets  (Last avail. yr)	0.0	0.48769140243530273	1
INTERTWINE S.R.L. IN LIQUIDAZIONE	Of which cash and cash equivalent  (Last avail. yr)	9.0	0.40990307927131653	2
INTERTWINE S.R.L. IN LIQUIDAZIONE	Number of employees (Last avail. yr)	19.0	0.33181923627853394	3
INTERTWINE S.R.L. IN LIQUIDAZIONE	P/L before tax  (Last avail. yr)	-1265.0	-0.2683037519454956	4
INTERTWINE S.R.L. IN LIQUIDAZIONE	Non current assets	0.04544051749075739	-0.2676551640033722	5
ATLAS CLOUD LIMITED	Capital	-0.001610875928808847	-1.4731075763702393	1
ATLAS CLOUD LIMITED	Number of employees (Last avail. yr)	23.0	0.37279030680656433	2
ATLAS CLOUD LIMITED	Tangible fixed assets	-0.3516134876711028	-0.3672252297401428	3
ATLAS CLOUD LIMITED	Current liabilities	0.5703807260638757	-0.3057737648487091	4
ATLAS CLOUD LIMITED	Working capital  (Last avail. yr)	-256313.147558656	0.292913556098938	5
EQUAFY LTD OOD	Debtors  (Last avail. yr)	0.0	0.4239317774772644	1
EQUAFY LTD OOD	Other current liabilities  (Last avail. yr)	0.0	-0.4155046343803406	2
EQUAFY LTD OOD	Current liabilities  (Last avail. yr)	0.0	0.35011979937553406	3
EQUAFY LTD OOD	Current assets  (Last avail. yr)	511.276204036642	0.3282899260520935	4
FLOW STUDIO, A.S.	Capital	-0.007358871928264256	0.5582073330879211	1
FLOW STUDIO, A.S.	Other current liabilities  (Last avail. yr)	155.499329981662	-0.5310075283050537	2
FLOW STUDIO, A.S.	Of which cash and cash equivalent  (Last avail. yr)	544.247654935818	0.4481731057167053	3
FLOW STUDIO, A.S.	Current liabilities  (Last avail. yr)	233.248994972494	0.33612722158432007	4
EDUPAD	Number of employees	0.5	-0.5043542385101318	1
EDUPAD	Other shareholders funds  (Last avail. yr)	-47000.0	0.39713984727859497	2
EDUPAD	Capital	0.0	-0.3430429995059967	3
EDUPAD	Current ratio	0.150409530900968	-0.30436715483665466	4
EDUPAD	NACE 47	True	0.29740190505981445	5
NSGENE A/S	Shareholders funds	-5.616884966844009	0.5452331304550171	1
NSGENE A/S	Other current liabilities	3.115586771975944	0.46211349964141846	2
NSGENE A/S	Non current assets	0.3163955650489825	-0.3629145622253418	3
NSGENE A/S	Current assets	-0.3034440208241964	-0.3287997543811798	4
ARIANE SYSTEMS	P/L for period   Net income   (Last avail. yr)	59995.0	-0.4680638015270233	1
ARIANE SYSTEMS	Of which cash and cash equivalent	60.61235333185743	0.3599597215652466	2
ARIANE SYSTEMS	Debtors  (Last avail. yr)	972993.0	-0.34992340207099915	3
ARIANE SYSTEMS	Current liabilities	0.5434401934549755	-0.3475528955459595	4
ARIANE SYSTEMS	Capital  (Last avail. yr)	1287060.0	0.3000487685203552	5
ELIXENT LIMITED	Of which cash and cash equivalent  (Last avail. yr)	8820022.5489712	-0.928943932056427	1
ELIXENT LIMITED	Capital  (Last avail. yr)	0.0	-0.7543450593948364	2
ELIXENT LIMITED	Non current assets	-1.0	0.6504606008529663	3
ELIXENT LIMITED	Capital	0.0045147513931828465	-0.507882833480835	4
ELIXENT LIMITED	Operating revenue  Turnover   (Last avail. yr)	338463.742979049	0.4948912560939789	5
ACCURIS NETWORKS LIMITED	NACE na	True	1.7089922428131104	1
ACCURIS NETWORKS LIMITED	Non current assets  (Last avail. yr)	0.0	0.4745669364929199	2
ACCURIS NETWORKS LIMITED	Current ratio	1.73224043715847	-0.2818650007247925	3
ACCURIS NETWORKS LIMITED	Tangible fixed assets  (Last avail. yr)	2800.121461145825	-0.24194055795669556	4
CO-ACHIEVE	Number of employees	0.06103286384976525	-0.3883528709411621	1
CO-ACHIEVE	Capital	0.0	-0.3499950170516968	2
CO-ACHIEVE	Current liabilities	0.2074898702033407	-0.20759184658527374	3
VISSCORE LIMITED	Tangible fixed assets	-0.459562452883663	-0.37234461307525635	1
VISSCORE LIMITED	Total assets	0.1214322868476557	-0.33149173855781555	2
VISSCORE LIMITED	Shareholders funds	-2.039333161907717	0.3232436776161194	3
VISSCORE LIMITED	Of which cash and cash equivalent  (Last avail. yr)	20250.0051308516	0.29029080271720886	4
VISSCORE LIMITED	Tangible fixed assets  (Last avail. yr)	3382.68440859702	-0.2820473611354828	5
UAVONIC S. R. O.	Number of employees (Last avail. yr)	46.0	-0.6931850910186768	1
UAVONIC S. R. O.	Of which provisions  (Last avail. yr)	408626.66031889804	0.5067301392555237	2
UAVONIC S. R. O.	P/L before tax	-1.90929868503444	-0.36642777919769287	3
UAVONIC S. R. O.	Number of employees	0.12	-0.35468778014183044	4
UAVONIC S. R. O.	Total shareholders  funds and liabilities	-0.4971006556870674	0.2875678837299347	5
YOUPIC AB	Capital	0.002323418675439101	-0.9238779544830322	1
YOUPIC AB	P/L before tax  (Last avail. yr)	15951.7337041513	-0.4071340262889862	2
YOUPIC AB	P/L before tax	-1.452579706901921	-0.38438788056373596	3
YOUPIC AB	Tangible fixed assets  (Last avail. yr)	0.0	-0.378091424703598	4
YOUPIC AB	P/L for period   Net income   (Last avail. yr)	11715.9626075687	-0.3707329332828522	5
3POWER ENERGY LIMITED	Debtors  (Last avail. yr)	321299.72167638	-0.38433095812797546	1
3POWER ENERGY LIMITED	Of which cash and cash equivalent  (Last avail. yr)	8904.00620489111	0.37318193912506104	2
3POWER ENERGY LIMITED	Tangible fixed assets  (Last avail. yr)	399.836431793227	-0.32869210839271545	3
3POWER ENERGY LIMITED	Capital	0.0	-0.24370555579662323	4
3POWER ENERGY LIMITED	Loans   short term debt  (Last avail. yr)	465960.089626726	-0.15429018437862396	5
EREMEEV GROUP LIMITED	Non current assets	-1.0	0.8040962219238281	1
EREMEEV GROUP LIMITED	Current liabilities  (Last avail. yr)	0.0	0.5119584202766418	2
EREMEEV GROUP LIMITED	Non current assets  (Last avail. yr)	0.0	0.4527507424354553	3
EREMEEV GROUP LIMITED	Debtors  (Last avail. yr)	0.0	0.405355840921402	4
EREMEEV GROUP LIMITED	Of which cash and cash equivalent  (Last avail. yr)	114.288819931206	0.39596402645111084	5
RODENBURG PRODUCTIE B.V.	Of which cash and cash equivalent  (Last avail. yr)	1338542.66830391	-0.5109281539916992	1
RODENBURG PRODUCTIE B.V.	Current liabilities  (Last avail. yr)	5326708.0	-0.3044966459274292	2
RODENBURG PRODUCTIE B.V.	Tangible fixed assets  (Last avail. yr)	2692949.0	0.2850800156593323	3
RODENBURG PRODUCTIE B.V.	P/L for period   Net income   (Last avail. yr)	-2378873.0521965846	0.2789677381515503	4
INNOGIV B.V.	Capital	0.0	-0.3347555100917816	1
INNOGIV B.V.	Other shareholders funds	-0.23004085086562226	-0.2081407606601715	2
INNOGIV B.V.	Current assets	-0.02155007272279522	0.17301374673843384	3
GATEME LTD.	Consolidation code NF	True	-0.3745284676551819	1
GATEME LTD.	NACE na	True	0.3613632321357727	2
GATEME LTD.	Capital	0.0	-0.35990434885025024	3
GATEME LTD.	Operating revenue  Turnover   (Last avail. yr)	106690.3966795545	0.1762586236000061	4
DISARMCO LIMITED	Capital  (Last avail. yr)	0.0	-0.803595244884491	1
DISARMCO LIMITED	Number of employees	1.0	-0.4854196310043335	2
DISARMCO LIMITED	Other current liabilities  (Last avail. yr)	1299.03765685354	-0.28818705677986145	3
DISARMCO LIMITED	Current liabilities  (Last avail. yr)	1299.03765685354	0.28706151247024536	4
DISARMCO LIMITED	Current assets  (Last avail. yr)	1297.87050711692	0.28376635909080505	5
ASCOTS LIMITED	Current liabilities  (Last avail. yr)	0.0	0.441717267036438	1
ASCOTS LIMITED	Non current assets  (Last avail. yr)	0.0	0.31902849674224854	2
ASCOTS LIMITED	Number of employees (Last avail. yr)	24.0	0.31768932938575745	3
ASCOTS LIMITED	Capital	0.0	-0.2315455973148346	4
LIMITED LIABILITY COMPANY IVI.RU ; LLC IVI.RU	Tangible fixed assets  (Last avail. yr)	7092019.60452268	1.0701624155044556	1
LIMITED LIABILITY COMPANY IVI.RU ; LLC IVI.RU	Number of employees (Last avail. yr)	141.0	-0.4611968696117401	2
LIMITED LIABILITY COMPANY IVI.RU ; LLC IVI.RU	Of which cash and cash equivalent  (Last avail. yr)	24226759.2883008	-0.4232732951641083	3
LIMITED LIABILITY COMPANY IVI.RU ; LLC IVI.RU	Capital  (Last avail. yr)	29769996.8964956	0.36770904064178467	4
LIMITED LIABILITY COMPANY IVI.RU ; LLC IVI.RU	Other current assets  (Last avail. yr)	77736257.5355842	-0.34999483823776245	5
AZIMO LTD	Capital	0.01863731197532134	-1.6376372575759888	1
AZIMO LTD	Of which cash and cash equivalent  (Last avail. yr)	18386808.7282002	-0.4678977429866791	2
AZIMO LTD	Total assets	0.4848188192690607	-0.4356729984283447	3
AZIMO LTD	Operating revenue  Turnover   (Last avail. yr)	564235.216953037	0.33272942900657654	4
AZIMO LTD	Other current assets  (Last avail. yr)	30750492.5808298	-0.3126082420349121	5
LEVEL HEADED MARKETING LTD	Capital	-0.06825792906860294	1.7174967527389526	1
LEVEL HEADED MARKETING LTD	Capital  (Last avail. yr)	2.56318489409368	0.8773261308670044	2
LEVEL HEADED MARKETING LTD	Debtors  (Last avail. yr)	0.0	0.4640316069126129	3
LEVEL HEADED MARKETING LTD	Current liabilities  (Last avail. yr)	0.0	0.4336649477481842	4
LEVEL HEADED MARKETING LTD	Of which cash and cash equivalent  (Last avail. yr)	2.56318489409368	0.39247140288352966	5
ESHA NESS APS	Capital	-0.002194032743977529	-1.9661272764205933	1
ESHA NESS APS	Of which cash and cash equivalent  (Last avail. yr)	1207.58408620348	0.4135582745075226	2
ESHA NESS APS	Current assets  (Last avail. yr)	35154.1145094791	0.2993978261947632	3
ESHA NESS APS	Debtors  (Last avail. yr)	0.0	0.2894931137561798	4
KIWIGRID GMBH	Capital	0.2789452151597426	1.1137784719467163	1
KIWIGRID GMBH	Of which cash and cash equivalent  (Last avail. yr)	6461806.37	-0.7771823406219482	2
KIWIGRID GMBH	Number of employees (Last avail. yr)	150.0	-0.7394431233406067	3
KIWIGRID GMBH	Intangible assets	0.4919486158856523	0.41908541321754456	4
KIWIGRID GMBH	Solvency ratio  Asset based	0.1594423122111695	-0.3761267364025116	5
DOMZA AND KIDS LTD	Capital	-0.01535050814159278	0.6819552183151245	1
DOMZA AND KIDS LTD	Of which cash and cash equivalent  (Last avail. yr)	51755.0408064542	0.41443392634391785	2
DOMZA AND KIDS LTD	Working capital  (Last avail. yr)	-103051.446430733	0.390503853559494	3
DOMZA AND KIDS LTD	Debtors  (Last avail. yr)	451012.939259471	-0.38578882813453674	4
DOMZA AND KIDS LTD	Debtors	0.1538036253885973	-0.3232884407043457	5
INSTANT OPINION LIMITED	NACE na	True	1.6275163888931274	1
INSTANT OPINION LIMITED	Other current liabilities  (Last avail. yr)	0.0	-0.506119966506958	2
INSTANT OPINION LIMITED	Current liabilities  (Last avail. yr)	151.0	0.35594210028648376	3
INSTANT OPINION LIMITED	Current assets  (Last avail. yr)	7494.0	0.3152945935726166	4
MICRODATA TELECOM INNOVATION AB	Consolidation code NF	True	-1.0460712909698486	1
MICRODATA TELECOM INNOVATION AB	Capital	0.0	-0.4113945960998535	2
MICRODATA TELECOM INNOVATION AB	NACE na	True	0.373117595911026	3
CRAFTUNIQUE KORLATOLT FELELOSSEGU TARSASAG	Capital	0.04671622977130867	0.6334388852119446	1
CRAFTUNIQUE KORLATOLT FELELOSSEGU TARSASAG	Number of employees	-0.2	-0.5294227600097656	2
CRAFTUNIQUE KORLATOLT FELELOSSEGU TARSASAG	Current assets	-0.460131165368829	-0.283277690410614	3
CRAFTUNIQUE KORLATOLT FELELOSSEGU TARSASAG	P/L for period   Net income   (Last avail. yr)	-816391.432639198	0.25572890043258667	4
CRAFTUNIQUE KORLATOLT FELELOSSEGU TARSASAG	Net current assets  (Last avail. yr)	2053286.08512934	-0.24344706535339355	5
CSG SOLAR AKTIENGESELLSCHAFT	Capital	3.728766906836979	0.8261144161224365	1
CSG SOLAR AKTIENGESELLSCHAFT	Solvency ratio  Asset based	7.122247465921006	-0.59103924036026	2
CSG SOLAR AKTIENGESELLSCHAFT	Number of employees (Last avail. yr)	73.0	-0.5644964575767517	3
CSG SOLAR AKTIENGESELLSCHAFT	Tangible fixed assets  (Last avail. yr)	16632204.25	0.5251082181930542	4
CSG SOLAR AKTIENGESELLSCHAFT	Of which provisions  (Last avail. yr)	683960.75	0.39621689915657043	5
FRONT UP LTD	Capital	93609.77251471316	1.722481608390808	1
FRONT UP LTD	Number of employees (Last avail. yr)	24.0	0.3284769356250763	2
FRONT UP LTD	Other shareholders funds	-1.493058074479539	0.32103538513183594	3
FRONT UP LTD	Tangible fixed assets  (Last avail. yr)	3957.96717944756	-0.2926521301269531	4
FRONT UP LTD	Shareholders funds	-5.653743685963939	0.27418988943099976	5
KRONOMAV SISTEMAS SL	Other shareholders funds	17.67554120514964	0.47048625349998474	1
KRONOMAV SISTEMAS SL	Of which cash and cash equivalent  (Last avail. yr)	2971.31	0.4680323600769043	2
KRONOMAV SISTEMAS SL	Operating revenue  Turnover   (Last avail. yr)	342054.11	0.3475491404533386	3
KRONOMAV SISTEMAS SL	P/L for period   Net income   (Last avail. yr)	-1762165.04	0.3221835494041443	4
KRONOMAV SISTEMAS SL	Number of employees	-0.1538461538461539	-0.31066516041755676	5
GOGAMINGO LTD	Capital	0.5674423064093308	1.948785424232483	1
GOGAMINGO LTD	Total assets  (Last avail. yr)	34091.1007185461	0.29856693744659424	2
GOGAMINGO LTD	Current liabilities	0.5645578171331986	-0.2471449077129364	3
GOGAMINGO LTD	Debtors  (Last avail. yr)	0.0	0.23397096991539001	4
GOGAMINGO LTD	Of which cash and cash equivalent  (Last avail. yr)	6435.25040319457	0.22385960817337036	5
PRIME FITNESS LIMITED	Number of employees (Last avail. yr)	112.0	-0.7578446269035339	1
PRIME FITNESS LIMITED	Number of employees	0.1428571428571428	-0.7427459359169006	2
PRIME FITNESS LIMITED	Tangible fixed assets  (Last avail. yr)	827250.0	0.46005159616470337	3
PRIME FITNESS LIMITED	Non current assets	0.3736012845185297	-0.4431537091732025	4
CUREFAB GMBH	Capital	1.164274674321042	1.3766425848007202	1
CUREFAB GMBH	Number of employees	0.3	-0.3656317889690399	2
CUREFAB GMBH	Operating revenue  Turnover   (Last avail. yr)	200000.0	0.32790178060531616	3
CUREFAB GMBH	Non current assets	0.6077881549786126	-0.27300968766212463	4
CUREFAB GMBH	Other shareholders funds	-0.1513730806223201	-0.2625763416290283	5
MY STAR AUTOGRAPH SL.	Capital	0.06815253800566864	1.1752803325653076	1
MY STAR AUTOGRAPH SL.	Intangible assets	0.6876840989973402	0.6627200841903687	2
MY STAR AUTOGRAPH SL.	Number of employees	0.3333333333333333	-0.5006278157234192	3
MY STAR AUTOGRAPH SL.	P/L before tax  (Last avail. yr)	-330808.57	0.31383058428764343	4
FYNDIQ AB	Capital	0.08535612791482675	1.135369896888733	1
FYNDIQ AB	Of which cash and cash equivalent  (Last avail. yr)	8250831.48219635	-0.7313013672828674	2
FYNDIQ AB	Number of employees (Last avail. yr)	43.0	-0.608241081237793	3
FYNDIQ AB	Current liabilities  (Last avail. yr)	10724161.3114434	-0.3525904715061188	4
FYNDIQ AB	Other current assets  (Last avail. yr)	11238942.6838621	-0.34624573588371277	5
NEUROTEC PHARMA SL	Current assets	5.189616525138395	-0.41993165016174316	1
NEUROTEC PHARMA SL	Tangible fixed assets  (Last avail. yr)	415.99	-0.4153255820274353	2
NEUROTEC PHARMA SL	P/L before tax	121.0490315754473	-0.343461811542511	3
NEUROTEC PHARMA SL	Number of employees (Last avail. yr)	16.0	0.29736563563346863	4
NEUROTEC PHARMA SL	Other current liabilities	3.467699329332878	0.2927178144454956	5
WIND ENERGY DIRECT LIMITED	Solvency ratio  Asset based	0.05948298004139782	-0.4337601363658905	1
WIND ENERGY DIRECT LIMITED	Operating revenue  Turnover   (Last avail. yr)	338463.742979049	0.41179805994033813	2
WIND ENERGY DIRECT LIMITED	Tangible fixed assets  (Last avail. yr)	777.0	-0.3888189196586609	3
WIND ENERGY DIRECT LIMITED	Capital	0.0	-0.2570462226867676	4
HASSELBLAD AKTIEBOLAG	Other current liabilities  (Last avail. yr)	0.0	-0.6735793948173523	1
HASSELBLAD AKTIEBOLAG	Capital	-0.01837670035232146	0.5622467398643494	2
HASSELBLAD AKTIEBOLAG	Current liabilities  (Last avail. yr)	0.0	0.45661717653274536	3
HASSELBLAD AKTIEBOLAG	Other current liabilities	-1.0	0.4547814726829529	4
HASSELBLAD AKTIEBOLAG	Total assets  (Last avail. yr)	8724079.88766371	-0.36407700181007385	5
CARMA TECHNOLOGY LIMITED	Working capital  (Last avail. yr)	-21059.0	0.30233457684516907	1
CARMA TECHNOLOGY LIMITED	Of which cash and cash equivalent  (Last avail. yr)	23342.0	0.2830951511859894	2
CARMA TECHNOLOGY LIMITED	Total assets  (Last avail. yr)	8412970.0	-0.2057521492242813	3
CARMA TECHNOLOGY LIMITED	Capital	0.0	-0.20547553896903992	4
NOVALED GMBH	Tangible fixed assets  (Last avail. yr)	34059670.439	0.8701201677322388	1
NOVALED GMBH	Number of employees (Last avail. yr)	140.0	-0.5811780095100403	2
NOVALED GMBH	Of which cash and cash equivalent  (Last avail. yr)	56703387.72	-0.5520743131637573	3
NOVALED GMBH	Solvency ratio  Asset based	0.0473616146197715	-0.44747018814086914	4
NOVALED GMBH	Working capital	-0.614944462464387	0.3246693015098572	5
DATAMAID LTD OOD	Capital	-0.003578973765289845	0.6971105933189392	1
DATAMAID LTD OOD	Other current liabilities  (Last avail. yr)	0.0	-0.5287219882011414	2
DATAMAID LTD OOD	Shareholders funds	-1.284691721781347	0.5146633386611938	3
DATAMAID LTD OOD	Debtors  (Last avail. yr)	0.0	0.5008863806724548	4
BIGCHAINDB GMBH	Of which provisions  (Last avail. yr)	1356843.9	0.5119463801383972	1
BIGCHAINDB GMBH	Of which cash and cash equivalent  (Last avail. yr)	2806683.93	-0.41027677059173584	2
BIGCHAINDB GMBH	Tangible fixed assets	-0.356015037593985	-0.35877516865730286	3
BIGCHAINDB GMBH	Capital	0.0	-0.26450374722480774	4
BIGCHAINDB GMBH	Total assets  (Last avail. yr)	9643953.62	-0.2629205882549286	5
SPINOMIX SA EN LIQUIDATION	Capital	0.04604287502692511	1.4160186052322388	1
SPINOMIX SA EN LIQUIDATION	Number of employees (Last avail. yr)	15.0	0.26175278425216675	2
SPINOMIX SA EN LIQUIDATION	Consolidation code U1	False	0.1707640141248703	3
SPINOMIX SA EN LIQUIDATION	Capital  (Last avail. yr)	263784.078110166	0.1653272807598114	4
SPINOMIX SA EN LIQUIDATION	Current assets	-0.05094196543823346	0.15992358326911926	5
APPINSTITUTE	Consolidation code NF	True	-0.3745284676551819	1
APPINSTITUTE	NACE na	True	0.3613632321357727	2
APPINSTITUTE	Capital	0.0	-0.35990434885025024	3
APPINSTITUTE	Operating revenue  Turnover   (Last avail. yr)	106690.3966795545	0.1762586236000061	4
FUTUREFLY OY	Capital	-0.3333333333333333	0.49563300609588623	1
FUTUREFLY OY	Other current liabilities	3.504761904761905	0.4753962755203247	2
FUTUREFLY OY	Of which cash and cash equivalent  (Last avail. yr)	11000.0	0.40904074907302856	3
FUTUREFLY OY	Number of employees (Last avail. yr)	31.0	-0.37240493297576904	4
FUTUREFLY OY	Operating revenue  Turnover   (Last avail. yr)	531000.0	0.2978229820728302	5
ZEDDIT LIMITED	Capital	0.09446185998434316	1.1861155033111572	1
ZEDDIT LIMITED	Non current assets	5.556797076315765	-0.42086362838745117	2
ZEDDIT LIMITED	Working capital  (Last avail. yr)	-106881.503132259	0.31903210282325745	3
ZEDDIT LIMITED	Debtors	0.8999849478447158	-0.31235039234161377	4
ZEDDIT LIMITED	Other shareholders funds  (Last avail. yr)	-598120.129440072	0.3057587742805481	5
MM TECHNOLOGY LIMITED	Other current liabilities  (Last avail. yr)	8560.0	0.535947859287262	1
MM TECHNOLOGY LIMITED	Working capital  (Last avail. yr)	-15978.0	0.38499194383621216	2
MM TECHNOLOGY LIMITED	Non current assets  (Last avail. yr)	0.0	0.3647476136684418	3
MM TECHNOLOGY LIMITED	Current assets	-0.6082209377007065	-0.28354957699775696	4
LOVETHYCHEF LTD.	Number of employees	-0.1683168316831683	-0.4663880169391632	1
LOVETHYCHEF LTD.	Capital	0.0	-0.4050801396369934	2
LOVETHYCHEF LTD.	Tangible fixed assets	-0.04017038965425686	0.2255745530128479	3
LOVETHYCHEF LTD.	Operating revenue  Turnover   (Last avail. yr)	576220.815196489	0.2151634395122528	4
DASSIET OY	Intangible assets	0.4227129337539432	0.5482126474380493	1
DASSIET OY	Solvency ratio  Asset based	0.5500238008568309	-0.4266924560070038	2
DASSIET OY	Woco Yes	True	-0.39865049719810486	3
DASSIET OY	Non current assets	0.2607655502392344	-0.3554413318634033	4
DIGITAL EDITING SUITE LIMITED(THE)	Other shareholders funds  (Last avail. yr)	-60141.5	0.4342588782310486	1
DIGITAL EDITING SUITE LIMITED(THE)	Operating revenue  Turnover   (Last avail. yr)	254177.0	0.3834494352340698	2
DIGITAL EDITING SUITE LIMITED(THE)	Working capital  (Last avail. yr)	-51907.0	0.3119558095932007	3
DIGITAL EDITING SUITE LIMITED(THE)	Capital	0.0	-0.29880771040916443	4
HALON SECURITY AB	Capital	0.00232341867544206	-0.8274440765380859	1
HALON SECURITY AB	Non current assets  (Last avail. yr)	0.0	0.7244364023208618	2
HALON SECURITY AB	Debtors  (Last avail. yr)	959807.705927747	-0.5908145904541016	3
HALON SECURITY AB	Of which cash and cash equivalent  (Last avail. yr)	4228471.15065014	-0.47855696082115173	4
HALON SECURITY AB	Tangible fixed assets  (Last avail. yr)	0.0	-0.4660719633102417	5
FENNEL TECHNOLOGIES AG	Tangible fixed assets  (Last avail. yr)	8125395.73	1.0222446918487549	1
FENNEL TECHNOLOGIES AG	Solvency ratio  Asset based	0.3964505452108758	-0.5329415202140808	2
FENNEL TECHNOLOGIES AG	Number of employees (Last avail. yr)	309.0	-0.4417154788970947	3
FENNEL TECHNOLOGIES AG	Long term debt  (Last avail. yr)	17150000.0	0.25480175018310547	4
FENNEL TECHNOLOGIES AG	Operating revenue  Turnover   (Last avail. yr)	63778039.2	-0.24908296763896942	5
MARVEL LONDON LTD	Capital	0.02899392018300454	-1.4486428499221802	1
MARVEL LONDON LTD	Number of employees (Last avail. yr)	79.0	-0.9108750820159912	2
MARVEL LONDON LTD	Current liabilities  (Last avail. yr)	0.0	0.5123457908630371	3
MARVEL LONDON LTD	Other shareholders funds	-0.2942415119294154	-0.2616533041000366	4
MARVEL LONDON LTD	Tangible fixed assets  (Last avail. yr)	0.0	-0.24303607642650604	5
VIVA DEVELOPMENTS SL	Other current liabilities  (Last avail. yr)	64.95	-0.49094679951667786	1
VIVA DEVELOPMENTS SL	Current liabilities  (Last avail. yr)	64.95	0.3938424587249756	2
VIVA DEVELOPMENTS SL	Non current assets  (Last avail. yr)	0.0	0.3853262662887573	3
VIVA DEVELOPMENTS SL	Other current liabilities	-0.9979683100155591	0.3369329571723938	4
VIVA DEVELOPMENTS SL	Non current assets	-1.0	0.27118346095085144	5
SSH COMMUNICATIONS SECURITY OYJ	Quoted Yes	True	-2.7614293098449707	1
SSH COMMUNICATIONS SECURITY OYJ	Number of employees (Last avail. yr)	134.0	-0.5772204995155334	2
SSH COMMUNICATIONS SECURITY OYJ	Capital	-0.01639344262295082	0.5350114703178406	3
SSH COMMUNICATIONS SECURITY OYJ	Of which cash and cash equivalent  (Last avail. yr)	2900000.0	-0.4976465702056885	4
MENTEGRAM, A.S.	Other shareholders funds  (Last avail. yr)	-34529.0	0.46230217814445496	1
MENTEGRAM, A.S.	Current liabilities  (Last avail. yr)	1762.0	0.40049266815185547	2
MENTEGRAM, A.S.	Non current assets  (Last avail. yr)	0.0	0.3543962240219116	3
MENTEGRAM, A.S.	Debtors  (Last avail. yr)	0.0	0.31594741344451904	4
MENTEGRAM, A.S.	Of which cash and cash equivalent  (Last avail. yr)	3901.0	0.3129434883594513	5
SEDIMAP	Of which provisions  (Last avail. yr)	854558.0	0.42471638321876526	1
SEDIMAP	Non current liabilities  (Last avail. yr)	3300850.0	-0.33324554562568665	2
SEDIMAP	Other non current assets  (Last avail. yr)	2276525.0	-0.3190311789512634	3
SEDIMAP	P/L for period   Net income   (Last avail. yr)	277041.0	-0.279472291469574	4
FOCUS TELECOM POLSKA SP. Z O.O.	Capital	0.07975314604007828	0.7691207528114319	1
FOCUS TELECOM POLSKA SP. Z O.O.	Number of employees (Last avail. yr)	40.0	-0.4660346806049347	2
FOCUS TELECOM POLSKA SP. Z O.O.	Debtors  (Last avail. yr)	309325.052813466	-0.36389604210853577	3
FOCUS TELECOM POLSKA SP. Z O.O.	NACE 61	True	0.3206893801689148	4
NOVAPOST SAS	Consolidation code NF	True	-1.0182303190231323	1
NOVAPOST SAS	Capital	0.0	-0.3925921320915222	2
NOVAPOST SAS	NACE na	True	0.373117595911026	3
NOVAPOST SAS	Other current liabilities	0.0	-0.17583775520324707	4
INZMO GMBH	Current liabilities  (Last avail. yr)	0.0	0.6817861795425415	1
INZMO GMBH	Tangible fixed assets  (Last avail. yr)	2100.0	-0.3336208760738373	2
INZMO GMBH	Other current liabilities	-0.05250705571334797	-0.2984274923801422	3
INZMO GMBH	Shareholders funds  (Last avail. yr)	-1931629.31	-0.22121796011924744	4
INZMO GMBH	P/L before tax  (Last avail. yr)	0.0	-0.2084255814552307	5
XTOURMAKER	Consolidation code NF	True	-0.5717440247535706	1
XTOURMAKER	Debtors  (Last avail. yr)	242293.5	-0.49010103940963745	2
XTOURMAKER	Capital	0.0	-0.34462761878967285	3
HYLIOSOFT	Other current liabilities  (Last avail. yr)	9141.0	0.6589146852493286	1
HYLIOSOFT	Solvency ratio  Asset based	0.4542686408099569	-0.37292900681495667	2
HYLIOSOFT	Operating revenue  Turnover   (Last avail. yr)	165849.0	0.3418413996696472	3
HYLIOSOFT	Non current assets	-0.8641893017830362	0.315629780292511	4
HYLIOSOFT	Capital	0.0	-0.2756408154964447	5
AIRBORNE TECHNOLOGY B.V.	Current liabilities  (Last avail. yr)	10526.0	0.39098209142684937	1
AIRBORNE TECHNOLOGY B.V.	P/L before tax  (Last avail. yr)	317250.5	-0.25183388590812683	2
AIRBORNE TECHNOLOGY B.V.	Debtors	0.612702622804721	-0.2505376935005188	3
AIRBORNE TECHNOLOGY B.V.	Number of employees	0.1176470588235294	-0.22717732191085815	4
AIRBORNE TECHNOLOGY B.V.	Tangible fixed assets  (Last avail. yr)	0.0	-0.20666305720806122	5
GNAMMO S.R.L. IN LIQUIDAZIONE	Operating revenue  Turnover   (Last avail. yr)	281950.0	0.3472804129123688	1
GNAMMO S.R.L. IN LIQUIDAZIONE	Of which cash and cash equivalent  (Last avail. yr)	15724.0	0.2766859531402588	2
GNAMMO S.R.L. IN LIQUIDAZIONE	Non current liabilities	1.911846165284955	0.2706065773963928	3
GNAMMO S.R.L. IN LIQUIDAZIONE	Tangible fixed assets  (Last avail. yr)	1090.0	-0.25215333700180054	4
GNAMMO S.R.L. IN LIQUIDAZIONE	Tangible fixed assets	-0.4316996871741397	-0.25117141008377075	5
GAMIGO AG	Of which cash and cash equivalent  (Last avail. yr)	12673519.45	-0.8592545390129089	1
GAMIGO AG	Number of employees (Last avail. yr)	54.0	-0.5483322739601135	2
GAMIGO AG	Other current assets  (Last avail. yr)	108433240.9	-0.42951491475105286	3
GAMIGO AG	Current liabilities  (Last avail. yr)	219573177.77	-0.3415050506591797	4
GAMIGO AG	Of which provisions  (Last avail. yr)	6760933.78	0.3200393617153168	5
AZENDOO	Capital	0.0	-0.32478126883506775	1
AZENDOO	Operating revenue  Turnover   (Last avail. yr)	320000.0	0.29430168867111206	2
AZENDOO	Current assets  (Last avail. yr)	362620.634501137	0.1459704488515854	3
AZENDOO	Current assets	-0.014479097142360734	0.1383497416973114	4
EDISON FACILITY SOLUTIONS S.P.A.	Number of employees (Last avail. yr)	686.0	-0.9312073588371277	1
EDISON FACILITY SOLUTIONS S.P.A.	Number of employees	0.2967863894139887	-0.5848023891448975	2
EDISON FACILITY SOLUTIONS S.P.A.	Other current assets  (Last avail. yr)	29299640.0	-0.5059377551078796	3
EDISON FACILITY SOLUTIONS S.P.A.	Operating revenue  Turnover   (Last avail. yr)	169111722.0	-0.4463938772678375	4
EDISON FACILITY SOLUTIONS S.P.A.	Current liabilities  (Last avail. yr)	93483757.0	-0.33258065581321716	5
CO FILM CO LIMITED	Capital  (Last avail. yr)	0.0	-0.4486055076122284	1
CO FILM CO LIMITED	Other shareholders funds  (Last avail. yr)	-84279.1427871141	0.4094558358192444	2
CO FILM CO LIMITED	Solvency ratio  Asset based	0.1040811225764987	-0.31436359882354736	3
CO FILM CO LIMITED	Capital	0.0	-0.2366076111793518	4
CO FILM CO LIMITED	Debtors  (Last avail. yr)	0.0	0.23419968783855438	5
AIRTAME APS	Capital	-0.00219403274397772	-1.8180291652679443	1
AIRTAME APS	Solvency ratio  Asset based	3.719918224299066	-0.7349690794944763	2
AIRTAME APS	Number of employees (Last avail. yr)	50.0	-0.6952453851699829	3
AIRTAME APS	Non current assets  (Last avail. yr)	5478272.29506688	-0.32649314403533936	4
AIRTAME APS	Shareholders funds	2.290688215550195	-0.31423673033714294	5
SERVER DENSITY LIMITED	Non current assets	-1.0	0.3867779076099396	1
SERVER DENSITY LIMITED	Capital	0.03568201312756093	0.3434937596321106	2
SERVER DENSITY LIMITED	Other shareholders funds  (Last avail. yr)	-2678611.41073568	0.2926148474216461	3
SERVER DENSITY LIMITED	Non current assets  (Last avail. yr)	0.0	0.26149609684944153	4
SERVER DENSITY LIMITED	Total assets	0.3913014200905948	-0.24398189783096313	5
CREOPTIX AG	Capital	0.003782304982701649	-1.2022068500518799	1
CREOPTIX AG	Other shareholders funds  (Last avail. yr)	-452951.42	0.270646870136261	2
CREOPTIX AG	Other shareholders funds	0.34517635836038296	0.24880869686603546	3
CREOPTIX AG	P/L for period   Net income   (Last avail. yr)	-2754635.245	0.21761761605739594	4
SILENT EDGE LIMITED	Capital	-0.01583508516807299	1.011009693145752	1
SILENT EDGE LIMITED	Debtors  (Last avail. yr)	172956.904324442	-0.48308065533638	2
SILENT EDGE LIMITED	Debtors	6.659477169072362	-0.4604659676551819	3
SILENT EDGE LIMITED	Of which cash and cash equivalent  (Last avail. yr)	5541.6638853609	0.38393718004226685	4
SILENT EDGE LIMITED	Operating revenue  Turnover   (Last avail. yr)	595897.0	0.22646571695804596	5
CUBE BIOTECH GMBH	Tangible fixed assets  (Last avail. yr)	418265.0	0.44662052392959595	1
CUBE BIOTECH GMBH	Capital	0.0	-0.31509703397750854	2
CUBE BIOTECH GMBH	Long term debt  (Last avail. yr)	2849329.95	0.2680991590023041	3
CUBE BIOTECH GMBH	Total assets  (Last avail. yr)	4680271.03	-0.1959858238697052	4
CUBE BIOTECH GMBH	Intangible assets	0.3387158778138739	0.1865268051624298	5
LIFELINE SPAC I PLC	Quoted Yes	True	-2.416999578475952	1
LIFELINE SPAC I PLC	Non current assets  (Last avail. yr)	0.0	1.1182812452316284	2
LIFELINE SPAC I PLC	Number of employees (Last avail. yr)	70.0	-0.8274356126785278	3
LIFELINE SPAC I PLC	P/L before tax	-1.91430412371134	-0.3606395721435547	4
LIFELINE SPAC I PLC	Non current assets	-0.6031228260713581	0.29523876309394836	5
VIOLET	Capital	0.0	-0.33808404207229614	1
VIOLET	Current assets	-0.2720901544326465	-0.27074748277664185	2
VIOLET	Number of employees (Last avail. yr)	18.0	0.23186704516410828	3
VIOLET	Other current liabilities	-0.05162154598064415	-0.20898908376693726	4
TICKEY	Debtors  (Last avail. yr)	242293.5	-0.5954622030258179	1
TICKEY	Consolidation code NF	True	-0.5706268548965454	2
TICKEY	Capital	0.0	-0.38916394114494324	3
WORLDREMIT LTD.	Capital	0.01863731197532187	-1.7240761518478394	1
WORLDREMIT LTD.	Of which cash and cash equivalent  (Last avail. yr)	60853743.3641984	-0.9259766936302185	2
WORLDREMIT LTD.	Number of employees (Last avail. yr)	113.0	-0.46354714035987854	3
WORLDREMIT LTD.	Operating revenue  Turnover   (Last avail. yr)	254018277.224798	-0.4519273340702057	4
WORLDREMIT LTD.	Tangible fixed assets  (Last avail. yr)	0.0	-0.406329482793808	5
IMMUPHARMA PLC	Quoted Yes	True	-3.125753164291382	1
IMMUPHARMA PLC	Current assets	-0.41512188542845	-0.2921837270259857	2
IMMUPHARMA PLC	Capital	0.04780851471276933	0.2641052007675171	3
IMMUPHARMA PLC	Current liabilities	0.1680655126989755	-0.2457115799188614	4
IMMUPHARMA PLC	Woco Yes	True	-0.19160683453083038	5
VISUU SP. Z O.O.	Capital	0.07975314604007838	1.1109261512756348	1
VISUU SP. Z O.O.	Capital  (Last avail. yr)	1149.90725952961	0.6205021739006042	2
VISUU SP. Z O.O.	Current liabilities  (Last avail. yr)	0.0	0.5729986429214478	3
VISUU SP. Z O.O.	P/L before tax  (Last avail. yr)	6439.48065336584	-0.4775683581829071	4
VISUU SP. Z O.O.	Solvency ratio  Asset based	2.799969600243198	-0.4230048954486847	5
GO OUTDOORS LIMITED	Consolidation code NF	True	-0.3745284676551819	1
GO OUTDOORS LIMITED	NACE na	True	0.3613632321357727	2
GO OUTDOORS LIMITED	Capital	0.0	-0.35990434885025024	3
GO OUTDOORS LIMITED	Operating revenue  Turnover   (Last avail. yr)	106690.3966795545	0.1762586236000061	4
UAB YGLE	Number of employees (Last avail. yr)	300.0	-1.3611353635787964	1
UAB YGLE	Number of employees	0.13206666409474946	-0.8207994699478149	2
UAB YGLE	Non current assets  (Last avail. yr)	0.0	0.6747394800186157	3
UAB YGLE	P/L before tax	-3.491280202208713	-0.43336811661720276	4
UAB YGLE	Of which provisions  (Last avail. yr)	12404845.4110643	0.35807669162750244	5
DEONTICS LIMITED	Capital	0.0669836238962693	1.2104158401489258	1
DEONTICS LIMITED	Of which provisions  (Last avail. yr)	83946.745	0.3327650725841522	2
DEONTICS LIMITED	Debtors	2.536126668714342	-0.2857685089111328	3
DEONTICS LIMITED	Tangible fixed assets  (Last avail. yr)	4055.76369126163	-0.25394073128700256	4
DEONTICS LIMITED	Current assets	-0.04269396662602263	0.19948528707027435	5
WAMI SRL IN LIQUIDAZIONE	Current liabilities  (Last avail. yr)	12824.0	0.40630069375038147	1
WAMI SRL IN LIQUIDAZIONE	Current assets  (Last avail. yr)	23766.0	0.32455748319625854	2
WAMI SRL IN LIQUIDAZIONE	Creditors	-1.0	0.3223372995853424	3
WAMI SRL IN LIQUIDAZIONE	Total assets  (Last avail. yr)	25434.0	0.31200072169303894	4
WAMI SRL IN LIQUIDAZIONE	Debtors	-1.0	0.3040054440498352	5
BRODLIST	Operating revenue  Turnover   (Last avail. yr)	200000.0	0.47198325395584106	1
BRODLIST	Capital	0.0	-0.32478126883506775	2
BRODLIST	Current assets  (Last avail. yr)	362620.634501137	0.1459704488515854	3
BRODLIST	Current assets	-0.014479097142360734	0.1383497416973114	4
LEARNLODE LIMITED	NACE na	True	1.7724111080169678	1
LEARNLODE LIMITED	Capital	0.0	-0.28441789746284485	2
LEARNLODE LIMITED	Total assets  (Last avail. yr)	19932.0	0.28284916281700134	3
LEARNLODE LIMITED	Current assets  (Last avail. yr)	18182.0	0.27743247151374817	4
NEXI B.V.	Non current assets  (Last avail. yr)	0.0	0.4252495765686035	1
NEXI B.V.	Solvency ratio  Asset based	0.08791435938162952	-0.3213386535644531	2
NEXI B.V.	Current liabilities  (Last avail. yr)	0.0	0.31863805651664734	3
NEXI B.V.	Capital	0.0	-0.25939127802848816	4
NEXI B.V.	Current assets  (Last avail. yr)	23010.0	0.23629628121852875	5
TEMPBUDDY LIMITED	NACE na	True	1.806972622871399	1
TEMPBUDDY LIMITED	Operating revenue  Turnover   (Last avail. yr)	106690.3966795545	0.46540799736976624	2
TEMPBUDDY LIMITED	Capital	0.0	-0.2999163568019867	3
TEMPBUDDY LIMITED	Other shareholders funds  (Last avail. yr)	-1052398.0	0.2710128426551819	4
KLEVU OY	Number of employees (Last avail. yr)	100.0	-1.0687346458435059	1
KLEVU OY	Of which cash and cash equivalent  (Last avail. yr)	2218038.0	-0.3831287622451782	2
KLEVU OY	Debtors  (Last avail. yr)	876798.0	-0.3354686498641968	3
KLEVU OY	Other shareholders funds	-0.08217905435599944	-0.2816704213619232	4
SEADEV-FERMENSYS	Of which cash and cash equivalent  (Last avail. yr)	21269.0	0.31539663672447205	1
SEADEV-FERMENSYS	Other shareholders funds  (Last avail. yr)	-2302155.0	0.24728909134864807	2
SEADEV-FERMENSYS	P/L before tax  (Last avail. yr)	-235402.0	0.21767370402812958	3
SEADEV-FERMENSYS	Operating revenue  Turnover   (Last avail. yr)	545383.0	0.17291291058063507	4
SEADEV-FERMENSYS	Capital	0.0	-0.16748389601707458	5
BRAIN-IN-HAND LIMITED	Capital	0.03408455136207125	-0.7281817197799683	1
BRAIN-IN-HAND LIMITED	Number of employees (Last avail. yr)	123.0	-0.6635491847991943	2
BRAIN-IN-HAND LIMITED	Solvency ratio  Asset based	0.7579102281089034	-0.6572096943855286	3
BRAIN-IN-HAND LIMITED	Of which cash and cash equivalent  (Last avail. yr)	2324042.7521184	-0.43525031208992004	4
BRAIN-IN-HAND LIMITED	Other shareholders funds	0.9085569065513144	0.3911775052547455	5
LEARNUPON LIMITED	Of which cash and cash equivalent  (Last avail. yr)	12978833.0	-0.8411137461662292	1
LEARNUPON LIMITED	Solvency ratio  Asset based	0.6224626740479784	-0.5654850006103516	2
LEARNUPON LIMITED	Number of employees (Last avail. yr)	259.0	-0.4933449923992157	3
LEARNUPON LIMITED	Operating revenue  Turnover   (Last avail. yr)	31052474.0	-0.45868170261383057	4
STICHTING AKVO	Capital	0.0186373119753216	-1.0162266492843628	1
STICHTING AKVO	Tangible fixed assets	-0.4029097292196832	-0.3936173617839813	2
STICHTING AKVO	Debtors		-0.35457316040992737	3
STICHTING AKVO	Working capital  (Last avail. yr)	-616779.197255571	0.31744226813316345	4
STICHTING AKVO	Intangible assets  (Last avail. yr)	4892065.85250544	-0.25910741090774536	5
WORLDDESK LIMITED	Of which cash and cash equivalent  (Last avail. yr)	4.78399274155087	0.5754779577255249	1
WORLDDESK LIMITED	Current assets  (Last avail. yr)	26822.6513036903	0.3558276891708374	2
WORLDDESK LIMITED	Other shareholders funds  (Last avail. yr)	-107850.332365523	0.31897884607315063	3
WORLDDESK LIMITED	Total assets  (Last avail. yr)	30317.3580013932	0.29928433895111084	4
WORLDDESK LIMITED	Current assets	35.55917812550652	0.2958718240261078	5
ENERGIACHIARA.IT S.R.L.	Tangible fixed assets	34.38054968287526	0.5458786487579346	1
ENERGIACHIARA.IT S.R.L.	Solvency ratio  Asset based	0.1099001239338048	-0.42148271203041077	2
ENERGIACHIARA.IT S.R.L.	Non current assets	7.029310344827586	-0.36889171600341797	3
ENERGIACHIARA.IT S.R.L.	P/L for period   Net income   (Last avail. yr)	53719.0	-0.27973198890686035	4
ENERGIACHIARA.IT S.R.L.	Capital	0.0	-0.27396634221076965	5
ANDIAST AG	Consolidation code NF	True	-0.5717440247535706	1
ANDIAST AG	Debtors  (Last avail. yr)	242293.5	-0.4901416599750519	2
ANDIAST AG	Capital	0.0	-0.38723552227020264	3
SUGARTRENDS GMBH	Capital	0.0	-0.30697858333587646	1
SUGARTRENDS GMBH	Other current liabilities	-0.05551252642535617	-0.18912634253501892	2
SUGARTRENDS GMBH	Debtors	0.1732240543755596	-0.17437273263931274	3
SUGARTRENDS GMBH	Number of employees (Last avail. yr)	13.0	0.17186614871025085	4
LOCAMAP GMBH	Current liabilities  (Last avail. yr)	941.55	0.6146450042724609	1
LOCAMAP GMBH	Of which cash and cash equivalent  (Last avail. yr)	887.15	0.4482933580875397	2
LOCAMAP GMBH	Total assets  (Last avail. yr)	2249.49	0.4115980267524719	3
LOCAMAP GMBH	Other shareholders funds  (Last avail. yr)	-34222.06	0.3666231632232666	4
LOCAMAP GMBH	Total shareholders  funds and liabilities	-0.7386963451012462	0.35704565048217773	5
SBVL LIMITED	Capital	-0.01902125298154268	1.1868890523910522	1
SBVL LIMITED	Of which cash and cash equivalent  (Last avail. yr)	490.051304138802	0.5468382239341736	2
SBVL LIMITED	Number of employees (Last avail. yr)	19.0	0.4971460700035095	3
SBVL LIMITED	Debtors  (Last avail. yr)	0.0	0.2942028343677521	4
SBVL LIMITED	Current assets  (Last avail. yr)	25548.9820971998	0.2871379852294922	5
FOODZAI	Consolidation code NF	True	-0.5680665373802185	1
FOODZAI	Capital	0.0	-0.37734293937683105	2
FOODZAI	Other shareholders funds	-0.23004085086562226	-0.18261335790157318	3
FENZAR LIMITED	Of which cash and cash equivalent  (Last avail. yr)	2533995.0	-0.3425696790218353	1
FENZAR LIMITED	Capital	0.0	-0.2773216664791107	2
FENZAR LIMITED	Current assets  (Last avail. yr)	2605108.0	-0.25318148732185364	3
FENZAR LIMITED	Total assets	0.1075399748027375	-0.24255642294883728	4
FIRALIS	Intangible assets	0.8065352527677001	0.4080587327480316	1
FIRALIS	Tangible fixed assets  (Last avail. yr)	1130412.0	0.3839038908481598	2
FIRALIS	Solvency ratio  Asset based	0.05036631992652235	-0.30307677388191223	3
FIRALIS	Current assets  (Last avail. yr)	6658344.0	-0.22568465769290924	4
FIRALIS	Other current liabilities	-0.2457454050374404	-0.2142356038093567	5
VITELCOM MOBILE TECHNOLOGY S.A.	Tangible fixed assets  (Last avail. yr)	28696246.73	0.8521573543548584	1
VITELCOM MOBILE TECHNOLOGY S.A.	Number of employees (Last avail. yr)	331.0	-0.5844112038612366	2
VITELCOM MOBILE TECHNOLOGY S.A.	Of which cash and cash equivalent  (Last avail. yr)	9391968.09	-0.4784373342990875	3
VITELCOM MOBILE TECHNOLOGY S.A.	Other shareholders funds	0.910677035143638	0.44563496112823486	4
VITELCOM MOBILE TECHNOLOGY S.A.	Working capital	3.049840545475769	-0.37667596340179443	5
CASS ART	Consolidation code LF	True	-0.6621121168136597	1
CASS ART	Debtors  (Last avail. yr)	281000.0	-0.4561956226825714	2
CASS ART	Capital	3.279979008134348e-05	-0.2477807104587555	3
CASS ART	Other current liabilities	-0.05250705571334797	-0.2179585099220276	4
ERGOLAND	Other shareholders funds	55.68198529411764	0.5516162514686584	1
ERGOLAND	Of which cash and cash equivalent  (Last avail. yr)	2742.0	0.4570971727371216	2
ERGOLAND	Working capital	-19.84128809660725	0.35666316747665405	3
ERGOLAND	Total assets	6.306575374808169	-0.34346941113471985	4
ERGOLAND	Shareholders funds	-10.85958413001912	0.27240824699401855	5
BIOSYSTEMS INTERNATIONAL SAS	Tangible fixed assets  (Last avail. yr)	468421.0	0.4517752528190613	1
BIOSYSTEMS INTERNATIONAL SAS	Working capital  (Last avail. yr)	-128259.0	0.43619152903556824	2
BIOSYSTEMS INTERNATIONAL SAS	P/L for period   Net income   (Last avail. yr)	-2022322.0	0.3909371495246887	3
BIOSYSTEMS INTERNATIONAL SAS	Debtors  (Last avail. yr)	564588.0	-0.33870604634284973	4
BIOSYSTEMS INTERNATIONAL SAS	Debtors	290.3250773993808	-0.28582659363746643	5
BIW TECHNOLOGIES LTD	Capital  (Last avail. yr)	1.33409948514893	1.0186094045639038	1
BIW TECHNOLOGIES LTD	Current liabilities  (Last avail. yr)	0.0	0.5589210987091064	2
BIW TECHNOLOGIES LTD	Non current assets  (Last avail. yr)	0.0	0.36354711651802063	3
BIW TECHNOLOGIES LTD	Debtors  (Last avail. yr)	0.0	0.33833661675453186	4
UNDER.ME LTD	Of which cash and cash equivalent  (Last avail. yr)	1989.47332896729	0.4369296431541443	1
UNDER.ME LTD	Current liabilities  (Last avail. yr)	17206.3817420988	0.38476166129112244	2
UNDER.ME LTD	Number of employees (Last avail. yr)	24.0	0.384272962808609	3
UNDER.ME LTD	Non current assets  (Last avail. yr)	0.0	0.3292021155357361	4
MEMKITE AS	Capital	0.10597554745546	1.2346837520599365	1
MEMKITE AS	Other shareholders funds  (Last avail. yr)	-34793.1172727061	0.4090501070022583	2
MEMKITE AS	Of which cash and cash equivalent  (Last avail. yr)	88.9849546616524	0.3691025376319885	3
MEMKITE AS	P/L before tax  (Last avail. yr)	-355.93981864661	-0.34842637181282043	4
MEMKITE AS	Debtors  (Last avail. yr)	0.0	0.31998246908187866	5
CAMBRIDGE POSITIONING SYSTEMS LIMITED	Capital	-0.07040428112515497	1.7568769454956055	1
CAMBRIDGE POSITIONING SYSTEMS LIMITED	Consolidation code LF	True	-0.7057999968528748	2
CAMBRIDGE POSITIONING SYSTEMS LIMITED	Number of employees	0.06103286384976525	-0.39276179671287537	3
CAMBRIDGE POSITIONING SYSTEMS LIMITED	Other shareholders funds  (Last avail. yr)	-4037196.42963558	0.2606632113456726	4
CYTENA GMBH	Number of employees (Last avail. yr)	71.0	-0.6504116654396057	1
CYTENA GMBH	Tangible fixed assets  (Last avail. yr)	2071174.97	0.4312952160835266	2
CYTENA GMBH	Current liabilities  (Last avail. yr)	17899771.27	-0.36231914162635803	3
CYTENA GMBH	Intangible assets	35.95373851294904	0.3403890132904053	4
CYTENA GMBH	Other non current assets  (Last avail. yr)	3208751.91	-0.28121286630630493	5
CRYPTO NEXT PLC	Consolidation code NF	True	-0.3745284676551819	1
CRYPTO NEXT PLC	NACE na	True	0.3613632321357727	2
CRYPTO NEXT PLC	Capital	0.0	-0.35990434885025024	3
CRYPTO NEXT PLC	Operating revenue  Turnover   (Last avail. yr)	106690.3966795545	0.1762586236000061	4
TRITON-HOLDING B.V.	Capital	0.01522319725295689	-0.9312070608139038	1
TRITON-HOLDING B.V.	Of which cash and cash equivalent  (Last avail. yr)	613.0	0.7995179891586304	2
TRITON-HOLDING B.V.	Debtors	8.882157418171696	-0.40425190329551697	3
TRITON-HOLDING B.V.	P/L for period   Net income   (Last avail. yr)	6866.60034651031	-0.4022672474384308	4
TRITON-HOLDING B.V.	Other shareholders funds	9.82838780497395	0.29831746220588684	5
TRUSTPILOT A/S	Capital	-0.002194032743974382	-1.665243148803711	1
TRUSTPILOT A/S	Number of employees (Last avail. yr)	300.0	-0.5707359313964844	2
TRUSTPILOT A/S	Of which cash and cash equivalent  (Last avail. yr)	6317006.53093999	-0.5083094239234924	3
TRUSTPILOT A/S	Current liabilities  (Last avail. yr)	43080159.7472805	-0.38525503873825073	4
TRUSTPILOT A/S	Operating revenue  Turnover   (Last avail. yr)	134598798.184345	-0.38194918632507324	5
CAMBRIDGE QUANTUM COMPUTING LIMITED	Consolidation code NF	True	-0.3745284676551819	1
CAMBRIDGE QUANTUM COMPUTING LIMITED	NACE na	True	0.3613632321357727	2
CAMBRIDGE QUANTUM COMPUTING LIMITED	Capital	0.0	-0.35990434885025024	3
CAMBRIDGE QUANTUM COMPUTING LIMITED	Operating revenue  Turnover   (Last avail. yr)	106690.3966795545	0.1762586236000061	4
FLIO GERMANY GMBH	Capital	0.0	-0.330894410610199	1
FLIO GERMANY GMBH	Current assets	-0.014479097142360734	0.13890519738197327	2
FLIO GERMANY GMBH	Capital  (Last avail. yr)	25000.0	0.13307571411132812	3
GOCARDLESS LTD	Capital	0.01580150913407173	-1.1362941265106201	1
GOCARDLESS LTD	Of which cash and cash equivalent  (Last avail. yr)	110757766.746465	-0.7974541187286377	2
GOCARDLESS LTD	Number of employees (Last avail. yr)	606.0	-0.7513772249221802	3
GOCARDLESS LTD	Other current assets  (Last avail. yr)	133284851.490614	-0.5053809285163879	4
GOCARDLESS LTD	Tangible fixed assets  (Last avail. yr)	4890258.46684255	0.4290703237056732	5
ACTIONS S.R.L. IN LIQUIDAZIONE	Current assets  (Last avail. yr)	18874.0	0.3286513686180115	1
ACTIONS S.R.L. IN LIQUIDAZIONE	Solvency ratio  Asset based	0.4192889947269944	-0.2929491400718689	2
ACTIONS S.R.L. IN LIQUIDAZIONE	Other shareholders funds  (Last avail. yr)	-19888.0	0.28418394923210144	3
ACTIONS S.R.L. IN LIQUIDAZIONE	Total assets  (Last avail. yr)	22775.0	0.2834772765636444	4
ACTIONS S.R.L. IN LIQUIDAZIONE	P/L before tax  (Last avail. yr)	-1086.0	-0.2805475890636444	5
STANTUM	Capital	0.8830273738052407	1.2127363681793213	1
STANTUM	Solvency ratio  Asset based	0.9035570223689037	-0.5644916296005249	2
STANTUM	Number of employees	0.8	0.5254579782485962	3
STANTUM	Other shareholders funds  (Last avail. yr)	769983.0	-0.3499273955821991	4
STANTUM	Non current liabilities	0.6344315719577829	0.3089655339717865	5
NTQ DATA LIMITED	Capital	-0.1426002084015106	1.622443437576294	1
NTQ DATA LIMITED	Operating revenue  Turnover   (Last avail. yr)	338463.742979049	0.34212881326675415	2
NTQ DATA LIMITED	Tangible fixed assets  (Last avail. yr)	0.0	-0.31223204731941223	3
NTQ DATA LIMITED	Of which cash and cash equivalent  (Last avail. yr)	63.021368112921	0.2712773084640503	4
NTQ DATA LIMITED	Current ratio	-0.8333333333333334	0.2412761002779007	5
BIOECON B.V.	Debtors  (Last avail. yr)	953958.0	-0.6135401725769043	1
BIOECON B.V.	Current liabilities  (Last avail. yr)	4924.0	0.4950137138366699	2
BIOECON B.V.	Non current assets  (Last avail. yr)	0.0	0.44363903999328613	3
BIOECON B.V.	Solvency ratio  Asset based	0.8419915418567288	-0.38241392374038696	4
BIOECON B.V.	Number of employees	0.1176470588235294	-0.3247353434562683	5
AUTOMATA TECHNOLOGIES LIMITED	Of which cash and cash equivalent  (Last avail. yr)	18300881.3846078	-0.7606856822967529	1
AUTOMATA TECHNOLOGIES LIMITED	Number of employees (Last avail. yr)	151.0	-0.5335950255393982	2
AUTOMATA TECHNOLOGIES LIMITED	Of which provisions  (Last avail. yr)	2422968.58428598	0.4489685297012329	3
AUTOMATA TECHNOLOGIES LIMITED	Tangible fixed assets  (Last avail. yr)	2405632.36658557	0.4060991108417511	4
AUTOMATA TECHNOLOGIES LIMITED	Current assets	-0.2720901544326465	-0.38333049416542053	5
LEADDESK OYJ	Quoted Yes	True	-2.808635950088501	1
LEADDESK OYJ	Number of employees (Last avail. yr)	184.0	-0.7607753872871399	2
LEADDESK OYJ	Of which cash and cash equivalent  (Last avail. yr)	2236000.0	-0.42455965280532837	3
LEADDESK OYJ	Operating revenue  Turnover   (Last avail. yr)	29418000.0	-0.38470691442489624	4
LEADDESK OYJ	Current liabilities  (Last avail. yr)	10460000.0	-0.3548247814178467	5
BFINANCE UK LIMITED	Capital	-0.03754651862041979	0.6471899747848511	1
BFINANCE UK LIMITED	Of which cash and cash equivalent  (Last avail. yr)	3538509.97116462	-0.42600512504577637	2
BFINANCE UK LIMITED	Number of employees (Last avail. yr)	62.0	-0.3939933180809021	3
BFINANCE UK LIMITED	Operating revenue  Turnover   (Last avail. yr)	17065048.8407705	-0.3651456832885742	4
BFINANCE UK LIMITED	Tangible fixed assets  (Last avail. yr)	8834.11564340174	-0.35638681054115295	5
MANTA TOOLS, S.R.O.	Capital	0.03065616209649214	-0.9504022002220154	1
MANTA TOOLS, S.R.O.	Number of employees	0.2195121951219512	-0.6612753868103027	2
MANTA TOOLS, S.R.O.	Shareholders funds	-1.365305511976463	0.5138317346572876	3
MANTA TOOLS, S.R.O.	Non current assets	2.014144810228345	-0.41274985671043396	4
LEAP	Capital	0.0	-0.38372331857681274	1
LEAP	Capital  (Last avail. yr)	25000.0	0.13315771520137787	2
LEAP	Current assets  (Last avail. yr)	362620.634501137	0.13292527198791504	3
WEEKENDESK FRANCE SARL	Consolidation code NF	True	-1.0182303190231323	1
WEEKENDESK FRANCE SARL	Capital	0.0	-0.3925921320915222	2
WEEKENDESK FRANCE SARL	NACE na	True	0.373117595911026	3
WEEKENDESK FRANCE SARL	Other current liabilities	0.0	-0.17583775520324707	4
DIGITAL EPISODE LTD.	Capital	0.05082176313038377	1.113313913345337	1
DIGITAL EPISODE LTD.	Other current liabilities	1.960605169074954	0.4380689859390259	2
DIGITAL EPISODE LTD.	Total assets  (Last avail. yr)	82580.7980928878	0.308817595243454	3
DIGITAL EPISODE LTD.	Debtors  (Last avail. yr)	0.0	0.29177600145339966	4
DIGITAL EPISODE LTD.	Other shareholders funds  (Last avail. yr)	-1034828.89554738	0.28806596994400024	5
MEDIALIVE	Tangible fixed assets	-0.5347907985615618	-0.34015369415283203	1
MEDIALIVE	Of which provisions  (Last avail. yr)	224514.0	0.2928096354007721	2
MEDIALIVE	Total assets	0.4196132024888711	-0.26221054792404175	3
MEDIALIVE	P/L before tax  (Last avail. yr)	-1646665.0	0.2616787850856781	4
MEDIALIVE	Tangible fixed assets  (Last avail. yr)	8150.0	-0.25755760073661804	5
SUGESTER SP. Z O.O.	Capital	0.07975314604007483	1.0519384145736694	1
SUGESTER SP. Z O.O.	P/L before tax  (Last avail. yr)	48756.0678040556	-0.6671944260597229	2
SUGESTER SP. Z O.O.	Debtors	0.773880168494416	-0.4015834629535675	3
SUGESTER SP. Z O.O.	P/L for period   Net income   (Last avail. yr)	48756.0678040556	-0.38765281438827515	4
CARBON ANALYTICS LIMITED	Capital	0.02004981095849493	-2.1090004444122314	1
CARBON ANALYTICS LIMITED	Of which cash and cash equivalent  (Last avail. yr)	2392.36054762482	0.4985559284687042	2
CARBON ANALYTICS LIMITED	Other shareholders funds  (Last avail. yr)	-70309.4616315024	0.35346806049346924	3
CARBON ANALYTICS LIMITED	Total assets	4.429915660363426	-0.3095841705799103	4
CARBON ANALYTICS LIMITED	Current ratio	4.558823529411764	-0.2714526355266571	5
AVUXI LTD	Capital	0.0186373119753189	-1.849932312965393	1
AVUXI LTD	Debtors	0.4010041367969232	-0.3183366060256958	2
AVUXI LTD	Non current assets	0.01863731197532485	-0.30062660574913025	3
AVUXI LTD	Shareholders funds	-4.157842288268824	0.2972826361656189	4
AVUXI LTD	Current liabilities	-0.769731223995515	0.28429439663887024	5
RESQU AB	Capital	0.7371312086708142	1.2949899435043335	1
RESQU AB	NACE na	True	1.0158191919326782	2
RESQU AB	Other shareholders funds	3.073782206737612	0.47570231556892395	3
RESQU AB	Non current assets	7.829072448610706	-0.437877893447876	4
RESQU AB	Intangible assets	7.829072448610706	0.3848722279071808	5
MICROINVENTION SPOL. S R.O. V LIKVIDACII	Of which cash and cash equivalent  (Last avail. yr)	460.0	0.5276083946228027	1
MICROINVENTION SPOL. S R.O. V LIKVIDACII	Current liabilities  (Last avail. yr)	880.0	0.506454348564148	2
MICROINVENTION SPOL. S R.O. V LIKVIDACII	Other current liabilities	2.478260869565217	0.45996779203414917	3
MICROINVENTION SPOL. S R.O. V LIKVIDACII	Other shareholders funds	0.3540311452789277	0.3606851100921631	4
MICROINVENTION SPOL. S R.O. V LIKVIDACII	Shareholders funds	-1.146871008939975	0.3034457564353943	5
FASHINATING LIMITED	Other current liabilities  (Last avail. yr)	0.0	-0.6310346722602844	1
FASHINATING LIMITED	Number of employees (Last avail. yr)	30.0	-0.42631950974464417	2
FASHINATING LIMITED	Current liabilities  (Last avail. yr)	0.0	0.40663430094718933	3
FASHINATING LIMITED	Other current assets  (Last avail. yr)	0.0	-0.31065884232521057	4
FASHINATING LIMITED	Non current assets  (Last avail. yr)	0.0	0.30864182114601135	5
ATTRACTION WORLD LIMITED	Capital	-0.01460282959129034	0.7295023798942566	1
ATTRACTION WORLD LIMITED	Current liabilities  (Last avail. yr)	9316447.50092957	-0.4617546796798706	2
ATTRACTION WORLD LIMITED	P/L before tax  (Last avail. yr)	0.0	-0.41994723677635193	3
ATTRACTION WORLD LIMITED	Debtors  (Last avail. yr)	236583.242001871	-0.39688628911972046	4
ATTRACTION WORLD LIMITED	Operating revenue  Turnover   (Last avail. yr)	673826.931535008	0.3350139856338501	5
TIRENDO DEUTSCHLAND GMBH	Non current assets  (Last avail. yr)	0.0	0.8601914644241333	1
TIRENDO DEUTSCHLAND GMBH	Operating revenue  Turnover   (Last avail. yr)	27340144.59	-0.5280278325080872	2
TIRENDO DEUTSCHLAND GMBH	Solvency ratio  Asset based	1.667238657423296	-0.41310757398605347	3
TIRENDO DEUTSCHLAND GMBH	Of which provisions  (Last avail. yr)	454000.0	0.395487904548645	4
TIRENDO DEUTSCHLAND GMBH	P/L before tax	5.216829362622009	-0.3260186016559601	5
SERSTECH AB	Quoted Yes	True	-2.5360183715820312	1
SERSTECH AB	Debtors  (Last avail. yr)	325433.392122544	-0.5570027232170105	2
SERSTECH AB	Of which cash and cash equivalent  (Last avail. yr)	1664748.16374623	-0.4237878620624542	3
SERSTECH AB	Solvency ratio  Asset based	0.586093891894026	-0.38537999987602234	4
SERSTECH AB	Other shareholders funds	1.447752285369499	0.34642383456230164	5
GENOMED SA	Quoted Yes	True	-2.7179412841796875	1
GENOMED SA	Number of employees	0.09090909090909091	-0.3660905957221985	2
GENOMED SA	Tangible fixed assets  (Last avail. yr)	500852.564871212	0.3027377128601074	3
GENOMED SA	Debtors  (Last avail. yr)	217098.698456359	-0.26874467730522156	4
KALEIDOSCOPE	Number of employees (Last avail. yr)	1000.0	-1.8196858167648315	1
KALEIDOSCOPE	Consolidation code LF	True	-0.816262423992157	2
KALEIDOSCOPE	Operating revenue  Turnover   (Last avail. yr)	181435750.554251	-0.5294834971427917	3
KALEIDOSCOPE	Capital	0.0	-0.34664902091026306	4
MEET ON VC LIMITED	Capital	0.06338209559892569	1.0657418966293335	1
MEET ON VC LIMITED	Number of employees	0.5	-0.6914724111557007	2
MEET ON VC LIMITED	Of which cash and cash equivalent  (Last avail. yr)	674.231087865089	0.4882875382900238	3
MEET ON VC LIMITED	Of which provisions  (Last avail. yr)	194294.17	0.35700416564941406	4
MEET ON VC LIMITED	Of which cash and cash equivalent	-0.9503924033377907	0.26208025217056274	5
FIBRENETIX APS	Capital	-0.0008340190295780663	-1.5808448791503906	1
FIBRENETIX APS	Debtors	6.616719131859165	-0.4460373520851135	2
FIBRENETIX APS	P/L before tax  (Last avail. yr)	38633.2227799513	-0.43617743253707886	3
FIBRENETIX APS	Total assets	0.06715764988825672	-0.306949257850647	4
SILECS OY	Of which cash and cash equivalent  (Last avail. yr)	12000.0	0.3337084650993347	1
SILECS OY	Debtors	1.160377358490566	-0.2739798128604889	2
SILECS OY	Debtors  (Last avail. yr)	458000.0	-0.2713116705417633	3
SILECS OY	Number of employees (Last avail. yr)	18.0	0.26682567596435547	4
GAMEWHEEL	Consolidation code NF	True	-0.5680665373802185	1
GAMEWHEEL	Capital	0.0	-0.3691927194595337	2
GAMEWHEEL	Other shareholders funds	-0.23004085086562226	-0.2178322821855545	3
DAILYPLACES GMBH	Capital	0.0	-0.33791035413742065	1
DAILYPLACES GMBH	Current assets	-0.014479097142360734	0.13789063692092896	2
DAILYPLACES GMBH	Current assets  (Last avail. yr)	362620.634501137	0.13354229927062988	3
NEIGHBOURLY LIMITED	Capital	0.03141591624741349	-1.004400372505188	1
NEIGHBOURLY LIMITED	Number of employees (Last avail. yr)	90.0	-0.7061472535133362	2
NEIGHBOURLY LIMITED	Debtors  (Last avail. yr)	550498.17590838	-0.35319945216178894	3
NEIGHBOURLY LIMITED	Tangible fixed assets	-0.4231614345022058	-0.3410547375679016	4
NEIGHBOURLY LIMITED	Current liabilities	0.4006788212100732	-0.27966463565826416	5
KANO COMPUTING LIMITED	Capital	0.9376237586408264	1.1402180194854736	1
KANO COMPUTING LIMITED	Of which cash and cash equivalent  (Last avail. yr)	4194572.60675409	-0.6421886086463928	2
KANO COMPUTING LIMITED	Debtors  (Last avail. yr)	889581.775945078	-0.4179987907409668	3
KANO COMPUTING LIMITED	Total assets  (Last avail. yr)	11259584.5167036	-0.41659215092658997	4
KANO COMPUTING LIMITED	Intangible assets  (Last avail. yr)	2110134.66097282	-0.3231552541255951	5
TWEET ROCKET LIMITED	Capital	0.0	-0.3581107258796692	1
TWEET ROCKET LIMITED	Tangible fixed assets	-0.1732387036569349	0.1668114811182022	2
TWEET ROCKET LIMITED	Current assets  (Last avail. yr)	362620.634501137	0.14832600951194763	3
TWEET ROCKET LIMITED	Current assets	-0.014479097142360734	0.1381048858165741	4
GOHELLO A/S	Operating revenue  Turnover   (Last avail. yr)	376750.941245901	0.4078119397163391	1
GOHELLO A/S	Number of employees (Last avail. yr)	15.0	0.25380825996398926	2
GOHELLO A/S	Of which provisions  (Last avail. yr)	194294.17	0.2482619285583496	3
GOHELLO A/S	P/L for period   Net income   (Last avail. yr)	-5582331.34091455	0.24479259550571442	4
MACAT LIMITED	Capital  (Last avail. yr)	1.19411207575181	-0.9332723021507263	1
MACAT LIMITED	Capital	-0.001577017138448684	-0.8993659615516663	2
MACAT LIMITED	Non current assets  (Last avail. yr)	0.0	0.7082374095916748	3
MACAT LIMITED	Current liabilities  (Last avail. yr)	0.0	0.5898789763450623	4
MACAT LIMITED	Number of employees	0.06103286384976525	-0.42928600311279297	5
ROCKYOURPAPER OU	Consolidation code NF	True	-1.0057299137115479	1
ROCKYOURPAPER OU	NACE na	True	0.4436778426170349	2
ROCKYOURPAPER OU	Capital	0.0	-0.39682963490486145	3
ROCKYOURPAPER OU	Other shareholders funds	-0.04639479905437352	-0.16863684356212616	4
ROCKET INTERNET SE	Of which cash and cash equivalent  (Last avail. yr)	460928000.0	-1.0311416387557983	1
ROCKET INTERNET SE	Other current assets  (Last avail. yr)	648072000.0	-0.4652961194515228	2
ROCKET INTERNET SE	Operating revenue  Turnover   (Last avail. yr)	51087000.0	-0.414815753698349	3
ROCKET INTERNET SE	Capital  (Last avail. yr)	81486000.0	0.41357430815696716	4
ROCKET INTERNET SE	Number of employees	0.07692307692307693	-0.39784008264541626	5
EVERSPORT GMBH	Of which cash and cash equivalent  (Last avail. yr)	1706467.99	-0.3527616262435913	1
EVERSPORT GMBH	Capital	0.0	-0.3386324942111969	2
EVERSPORT GMBH	Other shareholders funds	-0.2581866899547915	-0.24066177010536194	3
EVERSPORT GMBH	Current assets  (Last avail. yr)	2847338.01	-0.21108804643154144	4
EVERSPORT GMBH	Total assets  (Last avail. yr)	3280491.37	-0.17412568628787994	5
HUAWEI TECHNOLOGIES RESEARCH & DEVELOPMENT BELGIUM	Operating revenue  Turnover   (Last avail. yr)	36816946.0	-0.5059308409690857	1
HUAWEI TECHNOLOGIES RESEARCH & DEVELOPMENT BELGIUM	Of which cash and cash equivalent  (Last avail. yr)	4008558.0	-0.5019657015800476	2
HUAWEI TECHNOLOGIES RESEARCH & DEVELOPMENT BELGIUM	Current liabilities  (Last avail. yr)	10265172.0	-0.4097331762313843	3
HUAWEI TECHNOLOGIES RESEARCH & DEVELOPMENT BELGIUM	Number of employees (Last avail. yr)	52.0	-0.351134330034256	4
HUAWEI TECHNOLOGIES RESEARCH & DEVELOPMENT BELGIUM	Tangible fixed assets  (Last avail. yr)	520413.0	0.33454471826553345	5
CLUEY LIMITED	NACE na	True	1.569863200187683	1
CLUEY LIMITED	Of which cash and cash equivalent  (Last avail. yr)	46.0	0.3644576370716095	2
CLUEY LIMITED	Other current liabilities  (Last avail. yr)	10166.0	0.36169686913490295	3
CLUEY LIMITED	Other shareholders funds	2.6847947537149	0.3543343245983124	4
CLUEY LIMITED	Working capital  (Last avail. yr)	-125077.0	0.3263687789440155	5
QTAIL LIMITED	Capital  (Last avail. yr)	0.0	-0.7547654509544373	1
QTAIL LIMITED	Capital	0.0045147513931828465	-0.7307884693145752	2
QTAIL LIMITED	Operating revenue  Turnover   (Last avail. yr)	338463.742979049	0.41125205159187317	3
QTAIL LIMITED	Other shareholders funds  (Last avail. yr)	-483820.627569818	0.33818870782852173	4
QTAIL LIMITED	Non current assets	0.01611118980830259	-0.3361680209636688	5
AUDIOTEKA S.A.	Number of employees (Last avail. yr)	95.0	-0.853399395942688	1
AUDIOTEKA S.A.	Of which cash and cash equivalent  (Last avail. yr)	6595373.84483117	-0.5784658193588257	2
AUDIOTEKA S.A.	Debtors	0.3803333861736903	-0.4674347937107086	3
AUDIOTEKA S.A.	Capital	-0.02057533200457868	0.4117017984390259	4
YOUBOOX	Capital	0.0324650153397882	-0.49196067452430725	1
YOUBOOX	Tangible fixed assets  (Last avail. yr)	4142.0	-0.41621971130371094	2
YOUBOOX	Other shareholders funds	7.619491906474821	0.40889135003089905	3
YOUBOOX	Operating revenue  Turnover   (Last avail. yr)	9085950.585212905	-0.2843346893787384	4
YOUBOOX	Non current assets	0.04683473928430146	-0.270749032497406	5
GETYOURHERO SL.	Capital	0.5380811078140455	1.5471183061599731	1
GETYOURHERO SL.	Tangible fixed assets  (Last avail. yr)	5201.82	-0.45167696475982666	2
GETYOURHERO SL.	Other shareholders funds	7.430775771736107	0.3778054416179657	3
GETYOURHERO SL.	Other shareholders funds  (Last avail. yr)	939681.36	-0.374308705329895	4
GETYOURHERO SL.	Debtors	2.384069858487864	-0.36334851384162903	5
UAB SAVY	Consolidation code NF	True	-1.0460712909698486	1
UAB SAVY	Capital	0.0	-0.39511367678642273	2
UAB SAVY	NACE na	True	0.373117595911026	3
UAB SAVY	Other shareholders funds	-0.04639479905437352	-0.16863684356212616	4
MOLPORT SIA	Capital	0.0634163963153047	0.7042434215545654	1
MOLPORT SIA	Debtors  (Last avail. yr)	528930.0	-0.44678154587745667	2
MOLPORT SIA	P/L before tax	-2.01016717352576	-0.3819865882396698	3
MOLPORT SIA	Solvency ratio  Asset based	0.1304156548058986	-0.3514558970928192	4
MOLPORT SIA	Number of employees	-0.1515151515151515	-0.33776968717575073	5
ADFLYER LTD	Capital	0.5762805363527045	1.6273980140686035	1
ADFLYER LTD	Non current assets	-1.0	0.7469913959503174	2
ADFLYER LTD	Debtors  (Last avail. yr)	0.0	0.3786099851131439	3
ADFLYER LTD	Non current assets  (Last avail. yr)	0.0	0.332657128572464	4
ADFLYER LTD	Shareholders funds	-2.165869283901817	0.320212721824646	5
ICONIC TRANSLATION MACHINES LIMITED	Capital  (Last avail. yr)	2.0	0.704663872718811	1
ICONIC TRANSLATION MACHINES LIMITED	Tangible fixed assets	4.702523484988027	0.4876687228679657	2
ICONIC TRANSLATION MACHINES LIMITED	Other shareholders funds	2.811636026073093	0.462432324886322	3
ICONIC TRANSLATION MACHINES LIMITED	P/L for period   Net income   (Last avail. yr)	-1170679.134888444	0.3466792106628418	4
WEBDYN	Of which cash and cash equivalent  (Last avail. yr)	2453786.0	-0.47548189759254456	1
WEBDYN	Debtors  (Last avail. yr)	1058888.0	-0.40076225996017456	2
WEBDYN	Solvency ratio  Asset based	0.07317035480281862	-0.31703805923461914	3
WEBDYN	Total assets  (Last avail. yr)	7283796.0	-0.2518517076969147	4
WEBDYN	Non current liabilities  (Last avail. yr)	461439.0	-0.22552354633808136	5
ORDISSIMO	Quoted Yes	True	-2.6372454166412354	1
ORDISSIMO	Of which provisions  (Last avail. yr)	363000.0	0.49693119525909424	2
ORDISSIMO	Solvency ratio  Asset based	0.3651391687841352	-0.3464999198913574	3
ORDISSIMO	NACE 28	True	0.28706827759742737	4
ORDISSIMO	Number of employees	-0.1739130434782609	-0.264971524477005	5
JOINRS S.R.L.	Capital	0.54852	0.9479537010192871	1
JOINRS S.R.L.	Solvency ratio  Asset based	0.3071415786647575	-0.5430023074150085	2
JOINRS S.R.L.	Working capital  (Last avail. yr)	-182372.0	0.3235757350921631	3
JOINRS S.R.L.	Non current liabilities	-0.3308602297592998	-0.2779940366744995	4
JOINRS S.R.L.	Other shareholders funds	0.6035502371947079	0.2282213270664215	5
ARKIVUM LIMITED	Capital	0.9074031114576475	1.2577543258666992	1
ARKIVUM LIMITED	Debtors  (Last avail. yr)	185941.609435156	-0.5178049206733704	2
ARKIVUM LIMITED	Tangible fixed assets  (Last avail. yr)	3149.87273890823	-0.3644076883792877	3
ARKIVUM LIMITED	Of which cash and cash equivalent  (Last avail. yr)	1475908.42745906	-0.3169766366481781	4
ARKIVUM LIMITED	Other shareholders funds	-0.9928275246108523	0.31293976306915283	5
WINEDATASYSTEM	Capital	0.0	-0.3325670659542084	1
WINEDATASYSTEM	Other shareholders funds	-0.23004085086562226	-0.1798374205827713	2
WINEDATASYSTEM	Current assets  (Last avail. yr)	375841.450745115	0.14790011942386627	3
HOKO LTD	Capital  (Last avail. yr)	0.0	-0.9548444747924805	1
HOKO LTD	Non current assets	-1.0	0.5896991491317749	2
HOKO LTD	Of which provisions  (Last avail. yr)	194294.17	0.4088561236858368	3
HOKO LTD	Total shareholders  funds and liabilities	-0.7601466197591693	0.3289918601512909	4
HOKO LTD	Other current liabilities	-0.1567103933277289	-0.29903823137283325	5
CURVERIDER LIMITED	Capital	0.007214331569261673	-0.5164417624473572	1
CURVERIDER LIMITED	Of which cash and cash equivalent  (Last avail. yr)	74.4893690432256	0.46467387676239014	2
CURVERIDER LIMITED	Current liabilities  (Last avail. yr)	6358.79090022964	0.44538068771362305	3
CURVERIDER LIMITED	Other shareholders funds	0.4290358475799258	0.2890782356262207	4
CURVERIDER LIMITED	Current liabilities	0.7473544113482236	-0.2829281985759735	5
PROIZVODSTVENNO-KOMMERCHESKOE AKTSIONERNOE OBSHCHESTVO ZAKRYTOGO TIPA VCV	Capital	0.1132900621102655	1.531643271446228	1
PROIZVODSTVENNO-KOMMERCHESKOE AKTSIONERNOE OBSHCHESTVO ZAKRYTOGO TIPA VCV	Debtors  (Last avail. yr)	281000.0	-0.5442430973052979	2
PROIZVODSTVENNO-KOMMERCHESKOE AKTSIONERNOE OBSHCHESTVO ZAKRYTOGO TIPA VCV	Capital  (Last avail. yr)	0.883603263949948	-0.3670542538166046	3
PROIZVODSTVENNO-KOMMERCHESKOE AKTSIONERNOE OBSHCHESTVO ZAKRYTOGO TIPA VCV	Other current liabilities	-0.05250705571334797	-0.23558840155601501	4
PROIZVODSTVENNO-KOMMERCHESKOE AKTSIONERNOE OBSHCHESTVO ZAKRYTOGO TIPA VCV	Number of employees (Last avail. yr)	30.0	-0.23496751487255096	5
COMPOUND SEMICONDUCTOR TECHNOLOGIES LTD	Consolidation code NF	True	-0.3745284676551819	1
COMPOUND SEMICONDUCTOR TECHNOLOGIES LTD	NACE na	True	0.3613632321357727	2
COMPOUND SEMICONDUCTOR TECHNOLOGIES LTD	Capital	0.0	-0.35990434885025024	3
COMPOUND SEMICONDUCTOR TECHNOLOGIES LTD	Operating revenue  Turnover   (Last avail. yr)	106690.3966795545	0.1762586236000061	4
7BILLIONIDEAS LTD	Capital  (Last avail. yr)	0.0	-0.7146740555763245	1
7BILLIONIDEAS LTD	Current assets  (Last avail. yr)	4467.05098081117	0.281652569770813	2
7BILLIONIDEAS LTD	Current ratio	-0.7657657657657658	0.24182921648025513	3
7BILLIONIDEAS LTD	Non current liabilities  (Last avail. yr)	31342.8549622546	-0.23176106810569763	4
7BILLIONIDEAS LTD	Current liabilities	0.2544816561248867	-0.23128071427345276	5
NEXEON LIMITED	Capital	0.157542399971958	1.0505210161209106	1
NEXEON LIMITED	Of which cash and cash equivalent  (Last avail. yr)	90782720.7824088	-0.8575677275657654	2
NEXEON LIMITED	Other current liabilities	2.037509348993371	0.5985210537910461	3
NEXEON LIMITED	Number of employees (Last avail. yr)	87.0	-0.5565859079360962	4
NEXEON LIMITED	Tangible fixed assets  (Last avail. yr)	10233340.6691424	0.49735280871391296	5
SENSATION.IO GMBH	Capital  (Last avail. yr)	0.0	-1.1185798645019531	1
SENSATION.IO GMBH	Total assets  (Last avail. yr)	17824.81	0.35885947942733765	2
SENSATION.IO GMBH	Capital	0.0	-0.33459198474884033	3
SENSATION.IO GMBH	Other shareholders funds  (Last avail. yr)	-18614.28	0.272147536277771	4
SENSATION.IO GMBH	Current assets  (Last avail. yr)	10892.81	0.23349034786224365	5
SHARE & COMPARE LIMITED	Capital	-0.05257560715848823	1.263378620147705	1
SHARE & COMPARE LIMITED	Of which cash and cash equivalent  (Last avail. yr)	292.365622282076	0.4598183035850525	2
SHARE & COMPARE LIMITED	Current liabilities  (Last avail. yr)	11496.1919990514	0.40365827083587646	3
SHARE & COMPARE LIMITED	Current assets  (Last avail. yr)	917.018277117677	0.306651771068573	4
SHARE & COMPARE LIMITED	Debtors  (Last avail. yr)	0.0	0.28523221611976624	5
BUSINESS MONITOR INTERNATIONAL LIMITED	Capital	-0.0323993390179952	1.0743769407272339	1
BUSINESS MONITOR INTERNATIONAL LIMITED	Non current assets  (Last avail. yr)	0.0	0.40045666694641113	2
BUSINESS MONITOR INTERNATIONAL LIMITED	Debtors	0.1298099889964799	-0.358584463596344	3
BUSINESS MONITOR INTERNATIONAL LIMITED	Number of employees (Last avail. yr)	12.5	0.23699922859668732	4
BUSINESS MONITOR INTERNATIONAL LIMITED	Current liabilities  (Last avail. yr)	32567.1254970105	0.20437701046466827	5
DIALECTIVE LTD	Other current liabilities  (Last avail. yr)	3341.95466020858	0.6725103259086609	1
DIALECTIVE LTD	Current liabilities  (Last avail. yr)	3341.95466020858	0.6203448176383972	2
DIALECTIVE LTD	Number of employees (Last avail. yr)	19.0	0.47922638058662415	3
DIALECTIVE LTD	Current assets  (Last avail. yr)	11228.1447067877	0.3032625913619995	4
DIALECTIVE LTD	Debtors  (Last avail. yr)	0.0	0.2807391881942749	5
ACCENTURE SONG BRAND UK LIMITED	Number of employees (Last avail. yr)	92.0	-0.6832574605941772	1
ACCENTURE SONG BRAND UK LIMITED	Solvency ratio  Asset based	0.3995374933656836	-0.5879574418067932	2
ACCENTURE SONG BRAND UK LIMITED	P/L before tax	-2.999896966171297	-0.39441511034965515	3
ACCENTURE SONG BRAND UK LIMITED	P/L for period   Net income	-8.912738957953268	0.28424060344696045	4
ACCENTURE SONG BRAND UK LIMITED	Operating revenue  Turnover   (Last avail. yr)	28556047.6317694	-0.2789459228515625	5
LOVE THE LOOK	Number of employees (Last avail. yr)	24.0	0.423515647649765	1
LOVE THE LOOK	Capital	0.0	-0.35980963706970215	2
LOVE THE LOOK	Debtors	0.1732240543755596	-0.1838611662387848	3
LOVE THE LOOK	Creditors  (Last avail. yr)	242991.343336262	0.18266773223876953	4
BIENOS GMBH IN LIQUIDATION	Capital	0.04974548997212721	1.4424160718917847	1
BIENOS GMBH IN LIQUIDATION	Number of employees (Last avail. yr)	15.0	0.4194395840167999	2
BIENOS GMBH IN LIQUIDATION	Capital  (Last avail. yr)	20309.9711253192	0.2095525860786438	3
BIENOS GMBH IN LIQUIDATION	Consolidation code U1	False	0.2002389132976532	4
BIENOS GMBH IN LIQUIDATION	Current assets  (Last avail. yr)	362620.634501137	0.18163637816905975	5
IMMERSIGHT GMBH	Capital	-0.125064346751776	1.8664494752883911	1
IMMERSIGHT GMBH	Number of employees	0.1666666666666667	-0.9963824152946472	2
IMMERSIGHT GMBH	Other current liabilities  (Last avail. yr)	274703.31	0.2184574007987976	3
IMMERSIGHT GMBH	Number of employees (Last avail. yr)	14.0	0.21159762144088745	4
LOCALMINT LIMITED	Capital  (Last avail. yr)	0.0	-0.9391405582427979	1
LOCALMINT LIMITED	Solvency ratio  Asset based	0.269466800053753	-0.4609186053276062	2
LOCALMINT LIMITED	Debtors	4.682047414143084	-0.34116747975349426	3
LOCALMINT LIMITED	Non current assets  (Last avail. yr)	0.0	0.3243882954120636	4
LECTRIO LIMITED	Capital	-0.03465626166972857	1.0557000637054443	1
LECTRIO LIMITED	Current liabilities  (Last avail. yr)	0.0	0.37613776326179504	2
LECTRIO LIMITED	Tangible fixed assets  (Last avail. yr)	0.0	-0.26984092593193054	3
LECTRIO LIMITED	Current assets  (Last avail. yr)	0.0	0.22252367436885834	4
LECTRIO LIMITED	Number of employees (Last avail. yr)	13.0	0.20916101336479187	5
INDEX PHARMACEUTICALS AB	Capital	0.00232341867544129	-0.9322075247764587	1
INDEX PHARMACEUTICALS AB	Of which cash and cash equivalent  (Last avail. yr)	24496725.9705869	-0.8426859378814697	2
INDEX PHARMACEUTICALS AB	Other current assets  (Last avail. yr)	24657144.5355213	-0.27748095989227295	3
INDEX PHARMACEUTICALS AB	Current liabilities  (Last avail. yr)	24147410.0393028	-0.2561347782611847	4
INDEX PHARMACEUTICALS AB	Number of employees	-0.1666666666666667	-0.21055521070957184	5
SYMTAVISION GMBH	Current liabilities  (Last avail. yr)	0.0	0.6071177124977112	1
SYMTAVISION GMBH	Current liabilities	-1.0	-0.29101094603538513	2
SYMTAVISION GMBH	Total assets	0.6522808437526699	-0.2661263346672058	3
SYMTAVISION GMBH	Number of employees	-0.1111111111111111	-0.25026533007621765	4
SYMTAVISION GMBH	Capital	0.0	-0.2395966500043869	5
ONYU LIMITED	Capital	0.07658307212930088	1.3004933595657349	1
ONYU LIMITED	Capital  (Last avail. yr)	1.28556084697958	1.198474407196045	2
ONYU LIMITED	Current liabilities  (Last avail. yr)	0.0	0.6306288242340088	3
ONYU LIMITED	Debtors  (Last avail. yr)	0.0	0.31114456057548523	4
ONYU LIMITED	Non current assets  (Last avail. yr)	0.0	0.2893323600292206	5
LUDIUM LAB SL.	P/L before tax	-1.753181215299539	-0.5329995155334473	1
LUDIUM LAB SL.	Current assets	-0.2499633045415959	-0.32482659816741943	2
LUDIUM LAB SL.	Of which cash and cash equivalent  (Last avail. yr)	36808.88	0.31441032886505127	3
LUDIUM LAB SL.	Number of employees	0.5263157894736842	-0.272041916847229	4
LUDIUM LAB SL.	Number of employees (Last avail. yr)	29.0	-0.26146596670150757	5
GRUPPO WASTE ITALIA S.R.L.	P/L before tax  (Last avail. yr)	611000.0	-0.32109686732292175	1
GRUPPO WASTE ITALIA S.R.L.	Capital	-0.997016706443914	0.3089736998081207	2
GRUPPO WASTE ITALIA S.R.L.	Of which cash and cash equivalent  (Last avail. yr)	14000.0	0.27711933851242065	3
GRUPPO WASTE ITALIA S.R.L.	Operating revenue  Turnover   (Last avail. yr)	0.0	0.2758648097515106	4
GRUPPO WASTE ITALIA S.R.L.	Number of employees (Last avail. yr)	19.5	0.2732637822628021	5
JENNER RENEWABLES S.AR.L.	Tangible fixed assets  (Last avail. yr)	0.0	-0.2903427183628082	1
JENNER RENEWABLES S.AR.L.	Number of employees (Last avail. yr)	19.5	0.28863051533699036	2
JENNER RENEWABLES S.AR.L.	Of which cash and cash equivalent  (Last avail. yr)	30997.0	0.19651344418525696	3
JENNER RENEWABLES S.AR.L.	Capital	0.0	-0.18777674436569214	4
JENNER RENEWABLES S.AR.L.	Non current liabilities	0.6472144453291552	0.18165209889411926	5
COMPLIX	Other current liabilities  (Last avail. yr)	6483.0	0.5752297639846802	1
COMPLIX	Current liabilities  (Last avail. yr)	19766.0	0.3962750732898712	2
COMPLIX	Current assets	-0.3996649472724773	-0.28083643317222595	3
COMPLIX	Debtors	-1.0	0.278999000787735	4
COMPLIX	Capital  (Last avail. yr)	1030957.0	0.2722683846950531	5
NPD HOLDING COMPANY LIMITED	Debtors  (Last avail. yr)	281000.0	-0.4914560317993164	1
NPD HOLDING COMPANY LIMITED	Capital	0.02210530908347292	-0.3390164375305176	2
NPD HOLDING COMPANY LIMITED	Current liabilities  (Last avail. yr)	30010.2823486248	0.2630920708179474	3
NPD HOLDING COMPANY LIMITED	Total shareholders  funds and liabilities  (Last avail. yr)	0.0	-0.22056160867214203	4
NPD HOLDING COMPANY LIMITED	Other shareholders funds  (Last avail. yr)	-30132.7637746211	0.21949182450771332	5
UNACAST AS	Capital	-0.9987773004538376	0.9025413393974304	1
UNACAST AS	Number of employees	-0.225	-0.48972728848457336	2
UNACAST AS	P/L for period   Net income   (Last avail. yr)	-3576750.25262512	0.36188986897468567	3
UNACAST AS	Current assets	-0.309749826935898	-0.3483238220214844	4
UNACAST AS	Number of employees (Last avail. yr)	31.0	-0.3185179829597473	5
ENYMOTION GMBH	Capital	0.4034653465346535	1.1552379131317139	1
ENYMOTION GMBH	Debtors	6.637397769516728	-0.325133740901947	2
ENYMOTION GMBH	Of which provisions  (Last avail. yr)	130600.0	0.30793139338493347	3
ENYMOTION GMBH	Tangible fixed assets  (Last avail. yr)	471567.0	0.2726983428001404	4
ENYMOTION GMBH	Non current liabilities	-0.2869686421802817	-0.23944008350372314	5
AFFIMED GMBH	Of which cash and cash equivalent  (Last avail. yr)	81944192.24	-1.1177648305892944	1
AFFIMED GMBH	Tangible fixed assets  (Last avail. yr)	1173868.0	0.5914202928543091	2
AFFIMED GMBH	Of which cash and cash equivalent	6.958334978123904	0.5104052424430847	3
AFFIMED GMBH	Number of employees	0.1836734693877551	-0.4427950084209442	4
AFFIMED GMBH	Other shareholders funds	1.131812485530694	0.3946726620197296	5
WORLD FAMILY	Other shareholders funds  (Last avail. yr)	-22705.0	0.30202725529670715	1
WORLD FAMILY	Capital	0.0	-0.2593040466308594	2
WORLD FAMILY	Tangible fixed assets  (Last avail. yr)	877.0	-0.18658503890037537	3
WORLD FAMILY	Operating revenue  Turnover   (Last avail. yr)	61301.0	0.1862037479877472	4
WORLD FAMILY	Capital  (Last avail. yr)	67076.0	0.17366911470890045	5
MAPPER LITHOGRAPHY B.V.	Number of employees (Last avail. yr)	227.0	-0.7899160981178284	1
MAPPER LITHOGRAPHY B.V.	Number of employees	0.07582938388625593	-0.4047619104385376	2
MAPPER LITHOGRAPHY B.V.	Capital	0.0	-0.22982490062713623	3
MAPPER LITHOGRAPHY B.V.	Other shareholders funds  (Last avail. yr)	134125102.0	-0.21363532543182373	4
MAPPER LITHOGRAPHY B.V.	Operating revenue  Turnover   (Last avail. yr)	537582.0	0.2032753825187683	5
CUAQEA SL.	Capital	5.0	1.3398176431655884	1
CUAQEA SL.	Current liabilities  (Last avail. yr)	1838.17	0.43341514468193054	2
CUAQEA SL.	Other shareholders funds  (Last avail. yr)	-30784.12	0.4217212200164795	3
CUAQEA SL.	Other shareholders funds	1.842197006767549	0.3251812756061554	4
POTSDAM SOFTWAREENTWICKLUNGS-ABWICKLUNGSGESELLSCHAFT 1 GMBH	Solvency ratio  Asset based	4.370849609375	-0.5249180793762207	1
POTSDAM SOFTWAREENTWICKLUNGS-ABWICKLUNGSGESELLSCHAFT 1 GMBH	Current liabilities  (Last avail. yr)	23521.46	0.44351857900619507	2
POTSDAM SOFTWAREENTWICKLUNGS-ABWICKLUNGSGESELLSCHAFT 1 GMBH	Other shareholders funds	1.546537185319834	0.3220677077770233	3
POTSDAM SOFTWAREENTWICKLUNGS-ABWICKLUNGSGESELLSCHAFT 1 GMBH	Total assets  (Last avail. yr)	298228.32	0.319111168384552	4
POTSDAM SOFTWAREENTWICKLUNGS-ABWICKLUNGSGESELLSCHAFT 1 GMBH	Number of employees (Last avail. yr)	18.0	0.31509098410606384	5
WINE DEMON LIMITED	Capital  (Last avail. yr)	1.18094489160986	-1.1644392013549805	1
WINE DEMON LIMITED	Capital	-0.01476055648553985	1.1183136701583862	2
WINE DEMON LIMITED	Debtors  (Last avail. yr)	0.0	0.3527752459049225	3
WINE DEMON LIMITED	Current liabilities  (Last avail. yr)	0.0	0.33645057678222656	4
WINE DEMON LIMITED	Non current assets  (Last avail. yr)	0.0	0.2501511871814728	5
FUNDACION CABIFY	Consolidation code NF	True	-0.38192063570022583	1
FUNDACION CABIFY	Operating revenue  Turnover   (Last avail. yr)	338463.742979049	0.36421719193458557	2
FUNDACION CABIFY	Non current assets	0.01611118980830259	-0.26390355825424194	3
THIRD SPACE LEARNING	Consolidation code LF	True	-0.7454726696014404	1
THIRD SPACE LEARNING	Number of employees (Last avail. yr)	30.0	-0.4904700815677643	2
THIRD SPACE LEARNING	Number of employees	0.06103286384976525	-0.4042685627937317	3
THIRD SPACE LEARNING	Capital	0.0	-0.35420283675193787	4
MAILPILE EHF.	Other current liabilities  (Last avail. yr)	0.0	-0.5286662578582764	1
MAILPILE EHF.	P/L before tax	-2.762304409908355	-0.4449901282787323	2
MAILPILE EHF.	Current liabilities  (Last avail. yr)	0.0	0.35807156562805176	3
MAILPILE EHF.	Debtors  (Last avail. yr)	0.0	0.31326448917388916	4
MAILPILE EHF.	Capital  (Last avail. yr)	3322.23557490028	0.29343247413635254	5
ALLTHETOPBANANAS.COM LIMITED	Capital	0.01990173095709186	-1.7280482053756714	1
ALLTHETOPBANANAS.COM LIMITED	Number of employees	0.1818181818181818	-0.8920814990997314	2
ALLTHETOPBANANAS.COM LIMITED	Tangible fixed assets  (Last avail. yr)	375186.761147178	0.3469735085964203	3
ALLTHETOPBANANAS.COM LIMITED	Of which provisions  (Last avail. yr)	93796.3977763543	0.2533136308193207	4
ALLTHETOPBANANAS.COM LIMITED	Debtors  (Last avail. yr)	1233294.21867578	-0.25082162022590637	5
NANONORD A/S	Capital	-0.0006090444425899555	-1.5730535984039307	1
NANONORD A/S	Intangible assets	0.4961307153281082	0.7105945348739624	2
NANONORD A/S	Solvency ratio  Asset based	1.46895701740872	-0.4112485647201538	3
NANONORD A/S	Other current liabilities	0.9007900889482884	0.4095710813999176	4
TRACE TECHNOLOGIES LIMITED	Number of employees (Last avail. yr)	70.0	-1.0635570287704468	1
TRACE TECHNOLOGIES LIMITED	Current liabilities  (Last avail. yr)	0.0	0.6017242670059204	2
TRACE TECHNOLOGIES LIMITED	Capital	0.007079642261241562	-0.42544952034950256	3
TRACE TECHNOLOGIES LIMITED	Operating revenue  Turnover   (Last avail. yr)	29465451.42123215	-0.38966697454452515	4
TRACE TECHNOLOGIES LIMITED	P/L before tax	-1.581816117861174	-0.37868767976760864	5
FREEFLOW TECHNOLOGIES LIMITED	Capital	-0.0375465186204199	0.8883761763572693	1
FREEFLOW TECHNOLOGIES LIMITED	P/L before tax  (Last avail. yr)		-0.5448350310325623	2
FREEFLOW TECHNOLOGIES LIMITED	P/L before tax		-0.501498281955719	3
FREEFLOW TECHNOLOGIES LIMITED	Debtors	21.91633449564427	-0.48337671160697937	4
FREEFLOW TECHNOLOGIES LIMITED	Of which provisions  (Last avail. yr)	441748.56	0.394528865814209	5
WOOJU LIMITED	Capital  (Last avail. yr)	2.7453752294037	0.9400784373283386	1
WOOJU LIMITED	Current liabilities  (Last avail. yr)	15008.96637915	0.4591819941997528	2
WOOJU LIMITED	Capital	0.0	-0.25640660524368286	3
WOOJU LIMITED	Tangible fixed assets  (Last avail. yr)	498.285604136772	-0.21492384374141693	4
BONSUM UG (HAFTUNGSBESCHRAENKT)	Capital  (Last avail. yr)	0.0	-1.0109410285949707	1
BONSUM UG (HAFTUNGSBESCHRAENKT)	Total assets  (Last avail. yr)	26622.61	0.43822816014289856	2
BONSUM UG (HAFTUNGSBESCHRAENKT)	Capital	0.0	-0.30441224575042725	3
BONSUM UG (HAFTUNGSBESCHRAENKT)	Current liabilities  (Last avail. yr)	35311.69	0.2659744322299957	4
BONSUM UG (HAFTUNGSBESCHRAENKT)	Current assets  (Last avail. yr)	6006.61	0.22564715147018433	5
ITPRENEURS BV	Debtors  (Last avail. yr)	451823.0	-0.6056708693504333	1
ITPRENEURS BV	Tangible fixed assets  (Last avail. yr)	7629.0	-0.25498852133750916	2
ITPRENEURS BV	Of which cash and cash equivalent  (Last avail. yr)	27467.0	0.22907334566116333	3
ITPRENEURS BV	Capital	0.0	-0.22155781090259552	4
TRUSTEV LIMITED	Intangible assets	0.4811868456585677	0.7509896159172058	1
TRUSTEV LIMITED	Capital  (Last avail. yr)	3.0	0.665755569934845	2
TRUSTEV LIMITED	Of which cash and cash equivalent  (Last avail. yr)	2282442.0	-0.4555468261241913	3
TRUSTEV LIMITED	Operating revenue  Turnover   (Last avail. yr)	338463.742979049	0.45366278290748596	4
NOEMALIFE S.P.A.	Capital	-0.00202275600505689	-1.5072664022445679	1
NOEMALIFE S.P.A.	Of which cash and cash equivalent  (Last avail. yr)	14223000.0	-0.7833636403083801	2
NOEMALIFE S.P.A.	Tangible fixed assets  (Last avail. yr)	2108000.0	0.43902701139450073	3
NOEMALIFE S.P.A.	Solvency ratio  Asset based	0.06439349402312368	-0.38354191184043884	4
NOEMALIFE S.P.A.	Other current assets  (Last avail. yr)	25469000.0	-0.3633723855018616	5
CAPTIFY LTD	Capital  (Last avail. yr)	0.0	-0.9890123605728149	1
CAPTIFY LTD	Capital	-1.0	0.8233339786529541	2
CAPTIFY LTD	Current liabilities  (Last avail. yr)	0.0	0.3836415410041809	3
CAPTIFY LTD	Number of employees (Last avail. yr)	1.0	-0.36202535033226013	4
CAPTIFY LTD	Non current assets	0.01611118980830259	-0.2913936972618103	5
VIVOOD	Number of employees (Last avail. yr)	79.0	-0.8237712979316711	1
VIVOOD	Consolidation code NF	True	-0.585666835308075	2
VIVOOD	Capital	0.0	-0.41740289330482483	3
VIVOOD	Other current liabilities	-0.2347359075523564	-0.2149447649717331	4
NUMBERPICTURE	Other current liabilities  (Last avail. yr)	0.0	-0.4227176904678345	1
NUMBERPICTURE	P/L before tax  (Last avail. yr)	0.0	-0.37694835662841797	2
NUMBERPICTURE	Capital	0.0	-0.30458614230155945	3
NUMBERPICTURE	Debtors  (Last avail. yr)	8388.0	-0.1699143350124359	4
ACUNU LIMITED	Capital	0.5596650696424825	1.5906767845153809	1
ACUNU LIMITED	Solvency ratio  Asset based	2.197161205873932	-0.5407589673995972	2
ACUNU LIMITED	Other shareholders funds	4.097099126179468	0.35693883895874023	3
ACUNU LIMITED	Tangible fixed assets	-0.4381731577823083	-0.3329257369041443	4
ACUNU LIMITED	Non current liabilities	0.9804049273213984	0.2801820933818817	5
VIOSO GMBH	Number of employees	0.2	-0.9093443751335144	1
VIOSO GMBH	Solvency ratio  Asset based	0.6355389694273	-0.47773000597953796	2
VIOSO GMBH	Non current assets	0.24022829758557	-0.38729754090309143	3
VIOSO GMBH	Non current liabilities	-0.6154432394514198	-0.28130993247032166	4
VIOSO GMBH	Capital	0.0	-0.27322664856910706	5
WANTR APS	Capital	-0.001415601977292427	-1.015670657157898	1
WANTR APS	Non current assets  (Last avail. yr)	0.0	0.9058157801628113	2
WANTR APS	Of which cash and cash equivalent  (Last avail. yr)	1074.56224142569	0.6023545265197754	3
WANTR APS	Other shareholders funds  (Last avail. yr)	-69309.2645719571	0.4579210579395294	4
SECOND HOME LTD	Capital  (Last avail. yr)	0.0	-0.7893780469894409	1
SECOND HOME LTD	Tangible fixed assets  (Last avail. yr)	21566033.930327	0.7422742247581482	2
SECOND HOME LTD	Number of employees (Last avail. yr)	84.0	-0.7194027900695801	3
SECOND HOME LTD	Of which cash and cash equivalent  (Last avail. yr)	3741022.49566887	-0.6475680470466614	4
SECOND HOME LTD	Other current assets  (Last avail. yr)	11266953.9271904	-0.4556175470352173	5
RETURBO GMBH	Current liabilities  (Last avail. yr)	0.0	0.548141360282898	1
RETURBO GMBH	Of which cash and cash equivalent  (Last avail. yr)	3294.2	0.4478391110897064	2
RETURBO GMBH	Total assets  (Last avail. yr)	3708.18999999948	0.3653758466243744	3
RETURBO GMBH	Non current assets  (Last avail. yr)	0.0	0.3492622971534729	4
RETURBO GMBH	Other current liabilities	-0.05551252642535617	-0.25678253173828125	5
COMPUFIRST	Operating revenue  Turnover   (Last avail. yr)	16829032.0	-0.5466058850288391	1
COMPUFIRST	Capital	0.0	-0.22547580301761627	2
COMPUFIRST	Current assets  (Last avail. yr)	3310484.0	-0.19060225784778595	3
COMPUFIRST	Non current assets	0.02245217252202721	-0.18777765333652496	4
AKSELWORKS OY	P/L before tax  (Last avail. yr)	-2000.0	-0.4174794852733612	1
AKSELWORKS OY	Other current liabilities  (Last avail. yr)	0.0	-0.3292776644229889	2
AKSELWORKS OY	Current liabilities  (Last avail. yr)	0.0	0.30563226342201233	3
AKSELWORKS OY	Total shareholders  funds and liabilities	-0.9666666666666667	0.30478963255882263	4
AKSELWORKS OY	Capital	0.0	-0.2538799047470093	5
TAGMORE SOLUTIONS S.L.	Capital	0.0	-0.304517924785614	1
TAGMORE SOLUTIONS S.L.	Non current assets  (Last avail. yr)	0.0	0.2758466601371765	2
TAGMORE SOLUTIONS S.L.	Current liabilities  (Last avail. yr)	19405.0	0.24618707597255707	3
TAGMORE SOLUTIONS S.L.	Debtors  (Last avail. yr)	24407.0	-0.1904781013727188	4
TAPVALUE	Consolidation code NF	True	-0.3976574242115021	1
TAPVALUE	Capital	0.0	-0.3858581483364105	2
TAPVALUE	P/L for period   Net income   (Last avail. yr)	-26484.689202563102	-0.15882986783981323	3
NEARDESK LIMITED	Capital	-0.1426002084015147	1.6915465593338013	1
NEARDESK LIMITED	Solvency ratio  Asset based	0.7018734904367125	-0.5158573985099792	2
NEARDESK LIMITED	Other shareholders funds	14.242161558364	0.40920326113700867	3
NEARDESK LIMITED	Of which cash and cash equivalent  (Last avail. yr)	48835.7249756515	0.3158133029937744	4
NEARDESK LIMITED	Current ratio	0.1626506024096386	-0.31515592336654663	5
SABIEDRIBA AR IEROBEZOTU ATBILDIBU BALTIC EMBEDDED	Of which cash and cash equivalent  (Last avail. yr)	522.0	0.6042030453681946	1
SABIEDRIBA AR IEROBEZOTU ATBILDIBU BALTIC EMBEDDED	Other shareholders funds	1.12944463981903	0.39167165756225586	2
SABIEDRIBA AR IEROBEZOTU ATBILDIBU BALTIC EMBEDDED	Total assets  (Last avail. yr)	30476.0	0.3177172541618347	3
SABIEDRIBA AR IEROBEZOTU ATBILDIBU BALTIC EMBEDDED	Current assets  (Last avail. yr)	21363.0	0.31420227885246277	4
SABIEDRIBA AR IEROBEZOTU ATBILDIBU BALTIC EMBEDDED	Of which cash and cash equivalent	-0.9885372977008717	0.31334125995635986	5
KAZNACHEY	Consolidation code NF	True	-0.5680665373802185	1
KAZNACHEY	Capital	0.0	-0.37734293937683105	2
KAZNACHEY	Other shareholders funds	-0.23004085086562226	-0.182451531291008	3
KAZNACHEY	Current assets	-0.02155007272279522	0.13542699813842773	4
MYTRAH ENERGY LIMITED	Of which cash and cash equivalent  (Last avail. yr)	53006378.2698598	-1.0645591020584106	1
MYTRAH ENERGY LIMITED	Tangible fixed assets  (Last avail. yr)	566567924.686749	0.6752724647521973	2
MYTRAH ENERGY LIMITED	Capital	0.03282458166467428	-0.624904215335846	3
MYTRAH ENERGY LIMITED	Other current assets  (Last avail. yr)	73368781.2333898	-0.41505560278892517	4
MYTRAH ENERGY LIMITED	Long term debt  (Last avail. yr)	842348326.359231	0.3824557363986969	5
OPENGAMMA LIMITED	Capital	0.4098379714890882	0.8366785049438477	1
OPENGAMMA LIMITED	Of which cash and cash equivalent  (Last avail. yr)	11339730.8754846	-0.7981255650520325	2
OPENGAMMA LIMITED	Number of employees	0.1617647058823529	-0.4893070459365845	3
OPENGAMMA LIMITED	Number of employees (Last avail. yr)	79.0	-0.48038071393966675	4
OPENGAMMA LIMITED	Shareholders funds	-2.456675773967462	0.3441755771636963	5
XITNA LIMITED	Capital	0.0	-0.3581107258796692	1
XITNA LIMITED	Tangible fixed assets	-0.1732387036569349	0.1668114811182022	2
XITNA LIMITED	Current assets  (Last avail. yr)	362620.634501137	0.14832600951194763	3
XITNA LIMITED	Current assets	-0.014479097142360734	0.1381048858165741	4
AIM SOFTWARE	Consolidation code NF	True	-1.0460712909698486	1
AIM SOFTWARE	Capital	0.0	-0.39511367678642273	2
AIM SOFTWARE	NACE na	True	0.373117595911026	3
AIM SOFTWARE	Other shareholders funds	-0.04639479905437352	-0.16863684356212616	4
BLUE RONIN LTD	Shareholders funds	-2.770665040660922	0.5466457605361938	1
BLUE RONIN LTD	Tangible fixed assets	-0.4460193003979134	-0.34553977847099304	2
BLUE RONIN LTD	Total shareholders  funds and liabilities	-0.4754071809351932	0.3160442113876343	3
BLUE RONIN LTD	Capital	0.005887508596638708	-0.2749544680118561	4
BLUE RONIN LTD	Capital  (Last avail. yr)	15.7947345622233	-0.25928300619125366	5
CYBUS GMBH	Capital	0.3745029190286827	0.8886971473693848	1
CYBUS GMBH	Of which cash and cash equivalent  (Last avail. yr)	5506433.37	-0.8019821047782898	2
CYBUS GMBH	Number of employees (Last avail. yr)	43.0	-0.36755797266960144	3
CYBUS GMBH	Total assets  (Last avail. yr)	8058659.87	-0.3177081346511841	4
CYBUS GMBH	Non current assets	0.2867427875182731	-0.29617857933044434	5
WIDGETLABS GMBH	Capital	0.0	-0.330894410610199	1
WIDGETLABS GMBH	Current assets	-0.014479097142360734	0.13890519738197327	2
WIDGETLABS GMBH	Capital  (Last avail. yr)	25000.0	0.13307571411132812	3
U PLAY STUDIOS SL	P/L before tax	-2.520807591227473	-0.4769660532474518	1
U PLAY STUDIOS SL	Of which cash and cash equivalent  (Last avail. yr)	1252.31	0.46338433027267456	2
U PLAY STUDIOS SL	P/L before tax  (Last avail. yr)	31803.98	-0.4016474187374115	3
U PLAY STUDIOS SL	Total assets  (Last avail. yr)	36469.48	0.2875332534313202	4
DOCSPERFECT LTD	Capital	0.1241278651828745	1.0463467836380005	1
DOCSPERFECT LTD	Of which cash and cash equivalent  (Last avail. yr)	1824.24214552722	0.6133727431297302	2
DOCSPERFECT LTD	Non current assets	-1.0	0.6049985885620117	3
DOCSPERFECT LTD	Number of employees (Last avail. yr)	19.0	0.3533392548561096	4
DOCSPERFECT LTD	Total assets  (Last avail. yr)	9394.98890344231	0.33384042978286743	5
KELSEN UG (HAFTUNGSBESCHRAENKT)	Capital	0.0	-0.330894410610199	1
KELSEN UG (HAFTUNGSBESCHRAENKT)	Current assets	-0.014479097142360734	0.13890519738197327	2
KELSEN UG (HAFTUNGSBESCHRAENKT)	Capital  (Last avail. yr)	25000.0	0.13307571411132812	3
KINESENSE LIMITED	Intangible assets	0.4150073840199623	0.7408037185668945	1
KINESENSE LIMITED	Debtors  (Last avail. yr)	258615.0	-0.4465963542461395	2
KINESENSE LIMITED	Non current assets	0.3873777877479296	-0.36060985922813416	3
KINESENSE LIMITED	Debtors	2.737048971865382	-0.3422577977180481	4
MISTER MARIO S.R.L. IN LIQUIDAZIONE	Of which cash and cash equivalent  (Last avail. yr)	131.0	0.6129406690597534	1
MISTER MARIO S.R.L. IN LIQUIDAZIONE	Current liabilities	0.9313782991202346	-0.35836920142173767	2
MISTER MARIO S.R.L. IN LIQUIDAZIONE	P/L before tax  (Last avail. yr)	-780.0	-0.3095399737358093	3
MISTER MARIO S.R.L. IN LIQUIDAZIONE	Current assets  (Last avail. yr)	9566.0	0.30798661708831787	4
MISTER MARIO S.R.L. IN LIQUIDAZIONE	Current liabilities  (Last avail. yr)	3293.0	0.291101336479187	5
TRIPLINKS LTD	Capital	0.05861397117555148	1.4483295679092407	1
TRIPLINKS LTD	Current liabilities  (Last avail. yr)	0.0	0.414345383644104	2
TRIPLINKS LTD	Operating revenue  Turnover   (Last avail. yr)	338463.742979049	0.35467594861984253	3
TRIPLINKS LTD	Tangible fixed assets  (Last avail. yr)	0.0	-0.3199826776981354	4
TRIPLINKS LTD	Non current assets	0.05861397117555148	-0.3190252482891083	5
LUMATIX GMBH	Capital	0.0	-0.3234974443912506	1
LUMATIX GMBH	Operating revenue  Turnover   (Last avail. yr)	130000.0	0.14134596288204193	2
LUMATIX GMBH	Current assets	-0.014479097142360734	0.13789063692092896	3
DATALASE LTD	Capital	0.02518454079940813	-0.9297017455101013	1
DATALASE LTD	Of which provisions  (Last avail. yr)	703099.124760362	0.6199242472648621	2
DATALASE LTD	Debtors  (Last avail. yr)	599000.154006176	-0.40261247754096985	3
DATALASE LTD	Number of employees	-0.1666666666666667	-0.3274542987346649	4
DATALASE LTD	Tangible fixed assets  (Last avail. yr)	324191.937543403	0.3263051509857178	5
NUDJ LIMITED	Capital	0.0	-0.3624943196773529	1
NUDJ LIMITED	Number of employees (Last avail. yr)	18.0	0.3209587335586548	2
NUDJ LIMITED	Current assets	-0.2720901544326465	-0.2307283729314804	3
NUDJ LIMITED	Debtors	-0.1257257864589449	0.2026829570531845	4
AKANOO GMBH	Capital	0.0	-0.330894410610199	1
AKANOO GMBH	Current assets	-0.014479097142360734	0.13890519738197327	2
AKANOO GMBH	Capital  (Last avail. yr)	25000.0	0.13307571411132812	3
SURREY NANOSYSTEMS LIMITED	Capital	-0.001610875928808032	-1.4791226387023926	1
SURREY NANOSYSTEMS LIMITED	Number of employees	0.1481481481481481	-0.8388524055480957	2
SURREY NANOSYSTEMS LIMITED	Tangible fixed assets	-0.4337966470682474	-0.4074203670024872	3
SURREY NANOSYSTEMS LIMITED	Tangible fixed assets  (Last avail. yr)	723392.292109653	0.2874065935611725	4
SURREY NANOSYSTEMS LIMITED	Solvency ratio  Asset based	0.01631064466416948	-0.2731848955154419	5
KNCMINER AB	Number of employees (Last avail. yr)	70.0	-0.6393122673034668	1
KNCMINER AB	Of which cash and cash equivalent  (Last avail. yr)	10859.1377640822	0.4152584969997406	2
KNCMINER AB	Other current assets  (Last avail. yr)	11009249.3743504	-0.41016221046447754	3
KNCMINER AB	Operating revenue  Turnover   (Last avail. yr)	20650247.3904264	-0.3833777606487274	4
KNCMINER AB	Total assets	0.1310483287274431	-0.3027665913105011	5
SEMETRIC LTD	Capital	0.3449776664416423	1.4379899501800537	1
SEMETRIC LTD	Solvency ratio  Asset based	0.08806399090839549	-0.418915718793869	2
SEMETRIC LTD	Other shareholders funds	11.72857517065422	0.31632542610168457	3
SEMETRIC LTD	Non current assets	-0.6609474709765675	0.30429378151893616	4
SEMETRIC LTD	Shareholders funds  (Last avail. yr)	19843207.3445498	0.23391686379909515	5
ONFAN SL	Capital	0.1666769859451427	1.2478975057601929	1
ONFAN SL	Intangible assets	0.7945249782363519	0.4869307279586792	2
ONFAN SL	Non current assets	1.074830709515232	-0.4080049991607666	3
ONFAN SL	Non current liabilities	5.48105	0.22484393417835236	4
THROMBODX B.V.	Current liabilities  (Last avail. yr)	0.0	0.57635498046875	1
THROMBODX B.V.	Non current assets  (Last avail. yr)	0.0	0.45057040452957153	2
THROMBODX B.V.	Of which cash and cash equivalent  (Last avail. yr)	12252.0	0.4247880280017853	3
THROMBODX B.V.	Current assets	-0.469900849858357	-0.3008660674095154	4
THROMBODX B.V.	Number of employees (Last avail. yr)	19.0	0.2830604910850525	5
OKTALOGIC	Non current assets	4.486922996769824	-0.5489792823791504	1
OKTALOGIC	Other shareholders funds	1.311767015940451	0.4119124412536621	2
OKTALOGIC	P/L before tax	0.525709219858156	0.24470089375972748	3
OKTALOGIC	Debtors  (Last avail. yr)	935685.0	-0.2321569174528122	4
MOLECULAR HEALTH GMBH	Number of employees (Last avail. yr)	115.0	-0.736595869064331	1
MOLECULAR HEALTH GMBH	Working capital  (Last avail. yr)	-376111.66	0.5587511658668518	2
MOLECULAR HEALTH GMBH	Of which provisions  (Last avail. yr)	1333712.26	0.4606599807739258	3
MOLECULAR HEALTH GMBH	Tangible fixed assets  (Last avail. yr)	1043348.0	0.4431011974811554	4
MOLECULAR HEALTH GMBH	Shareholders funds	-1.839774980761168	0.31597957015037537	5
DNAGE BV	Other shareholders funds	1.099775709300408	0.5351250767707825	1
DNAGE BV	Of which cash and cash equivalent  (Last avail. yr)	49502.0	0.32172444462776184	2
DNAGE BV	Of which provisions  (Last avail. yr)	5268957.0	0.2271399050951004	3
DNAGE BV	Capital	0.0	-0.20983216166496277	4
ZAPPY LIMITED	Capital	1.214374533698085	1.241896629333496	1
ZAPPY LIMITED	Other current assets  (Last avail. yr)	22264917.0	-0.3477371633052826	2
ZAPPY LIMITED	Number of employees (Last avail. yr)	85.0	-0.343469500541687	3
ZAPPY LIMITED	Working capital  (Last avail. yr)	-136794.0	0.3122139871120453	4
SITEMINDER	Number of employees (Last avail. yr)	40.0	-0.842343270778656	1
SITEMINDER	Consolidation code LF	True	-0.803662896156311	2
SITEMINDER	Capital	0.0	-0.31826651096343994	3
SITEMINDER	Current assets	-0.014479097142360734	0.11811459809541702	4
BLASTBEAT LIMITED	NACE na	True	1.8634742498397827	1
BLASTBEAT LIMITED	Capital  (Last avail. yr)	0.0	-0.823165774345398	2
BLASTBEAT LIMITED	Other current liabilities  (Last avail. yr)	3473.0	0.6402156352996826	3
BLASTBEAT LIMITED	Other shareholders funds  (Last avail. yr)	-37856.0	0.4930954575538635	4
WOOD & BECKETT LIMITED	Number of employees (Last avail. yr)	24.0	0.423515647649765	1
WOOD & BECKETT LIMITED	Capital	0.0	-0.35980963706970215	2
WOOD & BECKETT LIMITED	Debtors	0.1732240543755596	-0.1838611662387848	3
WOOD & BECKETT LIMITED	Creditors  (Last avail. yr)	242991.343336262	0.18266773223876953	4
KIDED LTD	Number of employees	0.06103286384976525	-0.41372376680374146	1
KIDED LTD	Capital	0.0	-0.39224469661712646	2
KIDED LTD	Current liabilities	0.2074898702033407	-0.20373985171318054	3
KIDED LTD	Tangible fixed assets	0.00729832652482159	0.17550456523895264	4
B@1 LIMITED	Non current assets  (Last avail. yr)	0.0	0.8821356296539307	1
B@1 LIMITED	Capital	-0.001610875928805411	-0.8566839098930359	2
B@1 LIMITED	Other shareholders funds  (Last avail. yr)	-72336.7850074494	0.4807421863079071	3
B@1 LIMITED	Of which cash and cash equivalent  (Last avail. yr)	151.30783670102	0.3312127888202667	4
B@1 LIMITED	Current assets  (Last avail. yr)	151.30783670102	0.27070608735084534	5
WEB RESERVATIONS INTERNATIONAL UNLIMITED COMPANY	NACE na	True	1.6054270267486572	1
WEB RESERVATIONS INTERNATIONAL UNLIMITED COMPANY	Non current assets	-1.0	0.8063375949859619	2
WEB RESERVATIONS INTERNATIONAL UNLIMITED COMPANY	Non current assets  (Last avail. yr)	0.0	0.4095214009284973	3
WEB RESERVATIONS INTERNATIONAL UNLIMITED COMPANY	Current liabilities  (Last avail. yr)	0.0	0.37934285402297974	4
WEB RESERVATIONS INTERNATIONAL UNLIMITED COMPANY	P/L before tax	4168.916666666667	-0.33675578236579895	5
SEROTONIN LIMITED	NACE na	True	1.6540836095809937	1
SEROTONIN LIMITED	Of which cash and cash equivalent  (Last avail. yr)	410.0	0.5147643089294434	2
SEROTONIN LIMITED	Other shareholders funds  (Last avail. yr)	-42025.0	0.43219366669654846	3
SEROTONIN LIMITED	Other current liabilities  (Last avail. yr)	0.0	-0.42218828201293945	4
SEROTONIN LIMITED	Other current liabilities	-1.0	0.4173721671104431	5
LAMODA	Capital	-0.1315497842867305	1.477961540222168	1
LAMODA	Debtors  (Last avail. yr)	281000.0	-0.5617372989654541	2
LAMODA	Number of employees (Last avail. yr)	30.0	-0.29954466223716736	3
LAMODA	P/L for period   Net income   (Last avail. yr)	0.0	-0.272457093000412	4
LAMODA	P/L before tax  (Last avail. yr)	0.0	-0.22173070907592773	5
INCUVO SA	Quoted Yes	True	-2.531557321548462	1
INCUVO SA	Capital	0.0797531460400767	0.6170850396156311	2
INCUVO SA	Number of employees (Last avail. yr)	70.0	-0.4080595374107361	3
INCUVO SA	Number of employees	0.4893617021276596	-0.38271427154541016	4
CAVI VIDEOSHOPPING GMBH	Capital	4.015974619762994	1.5074092149734497	1
CAVI VIDEOSHOPPING GMBH	Total assets  (Last avail. yr)	90413.02	0.47324734926223755	2
CAVI VIDEOSHOPPING GMBH	P/L before tax  (Last avail. yr)	1621207.5492055234	-0.38245150446891785	3
CAVI VIDEOSHOPPING GMBH	Working capital  (Last avail. yr)	-119815.027512412	0.3607241213321686	4
CAVI VIDEOSHOPPING GMBH	Solvency ratio  Asset based	0.1040811225764987	-0.3304193913936615	5
SUSO LIMITED	Capital	0.02081118159852091	-0.47593602538108826	1
SUSO LIMITED	Other shareholders funds	5.666358286116893	0.4151259958744049	2
SUSO LIMITED	Current ratio	0.7278424350940017	-0.3525463938713074	3
SUSO LIMITED	Non current assets  (Last avail. yr)	0.0	0.332279771566391	4
SUSO LIMITED	Of which cash and cash equivalent  (Last avail. yr)	38241.4392259517	0.2921053171157837	5
T4 MEDIA LIMITED	Capital	0.01863731197531447	-1.8735713958740234	1
T4 MEDIA LIMITED	Debtors  (Last avail. yr)	637544.384645586	-0.4732959270477295	2
T4 MEDIA LIMITED	P/L for period   Net income   (Last avail. yr)	-3737.3680957894	-0.3316667973995209	3
T4 MEDIA LIMITED	Debtors	0.913927782747015	-0.28347811102867126	4
T4 MEDIA LIMITED	Total assets	0.2633581791638394	-0.24423369765281677	5
UAB FIMA	Number of employees (Last avail. yr)	300.0	-0.8013362884521484	1
UAB FIMA	Number of employees	0.13206666409474946	-0.712637186050415	2
UAB FIMA	Of which cash and cash equivalent  (Last avail. yr)	5285385.0	-0.5512999296188354	3
UAB FIMA	Solvency ratio  Asset based	1.241566639072848	-0.45194917917251587	4
UAB FIMA	Of which provisions  (Last avail. yr)	12404845.4110643	0.4151337146759033	5
BARKING OU	Consolidation code NF	True	-1.0057299137115479	1
BARKING OU	NACE na	True	0.4436778426170349	2
BARKING OU	Capital	0.0	-0.39682963490486145	3
BARKING OU	Other shareholders funds	-0.04639479905437352	-0.16863684356212616	4
HOJOKI GMBH	Capital	0.2122	1.2744970321655273	1
HOJOKI GMBH	Current liabilities  (Last avail. yr)	16368.49	0.5203061103820801	2
HOJOKI GMBH	Total assets  (Last avail. yr)	76448.66	0.45435065031051636	3
HOJOKI GMBH	Of which cash and cash equivalent  (Last avail. yr)	22410.32	0.3332318365573883	4
HOJOKI GMBH	Non current assets	-0.6376028490728233	0.2921469807624817	5
TAMAR ENERGY LLP	Capital		-0.9517703652381897	1
TAMAR ENERGY LLP	Consolidation code NF	True	0.620336651802063	2
TAMAR ENERGY LLP	Non current assets		-0.3633235692977905	3
TAMAR ENERGY LLP	P/L before tax		-0.3631197214126587	4
SOLIDOR	Number of employees (Last avail. yr)	300.0	-1.1552119255065918	1
SOLIDOR	Number of employees	0.13206666409474946	-0.8424977660179138	2
SOLIDOR	Consolidation code LF	True	-0.716587245464325	3
SOLIDOR	P/L before tax	-1.4701884840050896	-0.3865240216255188	4
SOLIDOR	Operating revenue  Turnover   (Last avail. yr)	39959869.1602598	-0.3532865345478058	5
GET FRACTAL LIMITED	Other shareholders funds  (Last avail. yr)	-131710.889372828	0.3049522936344147	1
GET FRACTAL LIMITED	Capital	0.0	-0.27951350808143616	2
GET FRACTAL LIMITED	Total assets  (Last avail. yr)	48903.4475441704	0.2616319954395294	3
GET FRACTAL LIMITED	Tangible fixed assets  (Last avail. yr)	1095.55619941831	-0.2360866218805313	4
GET FRACTAL LIMITED	Of which cash and cash equivalent  (Last avail. yr)	26823.7764482013	0.23459769785404205	5
MONITISE LIMITED	Capital	0.08456491343593135	0.9008570909500122	1
MONITISE LIMITED	Non current assets  (Last avail. yr)	0.0	0.4346567392349243	2
MONITISE LIMITED	Capital  (Last avail. yr)	28513138.7994242	-0.42728519439697266	3
MONITISE LIMITED	Shareholders funds	-1.00639346947899	0.30266883969306946	4
MONITISE LIMITED	Debtors  (Last avail. yr)	0.0	0.2913688123226166	5
EWAVE INTERACTIVE GMBH	Intangible assets	4.520731365978016	0.4075242877006531	1
EWAVE INTERACTIVE GMBH	Total assets  (Last avail. yr)	78262.4500000001	0.3932434618473053	2
EWAVE INTERACTIVE GMBH	Other shareholders funds	3.186711017227778	0.35812845826148987	3
EWAVE INTERACTIVE GMBH	Of which cash and cash equivalent  (Last avail. yr)	16944.79	0.34494683146476746	4
EWAVE INTERACTIVE GMBH	Capital	0.0	-0.3047228455543518	5
RENEURON GROUP PLC	Quoted Yes	True	-2.8382134437561035	1
RENEURON GROUP PLC	Capital	-0.03586096085968484	0.7846465110778809	2
RENEURON GROUP PLC	Of which cash and cash equivalent  (Last avail. yr)	8139949.65828322	-0.770317792892456	3
RENEURON GROUP PLC	Current liabilities  (Last avail. yr)	4916060.74706885	-0.4192318022251129	4
RENEURON GROUP PLC	Other current assets  (Last avail. yr)	10057440.945045	-0.4097152054309845	5
UNIVERCELLS	Tangible fixed assets  (Last avail. yr)	48807334.0	0.6580125689506531	1
UNIVERCELLS	Number of employees (Last avail. yr)	84.0	-0.5094717144966125	2
UNIVERCELLS	Capital	-0.2394598154755742	-0.479416161775589	3
UNIVERCELLS	Current liabilities  (Last avail. yr)	12018039.0	-0.4376221299171448	4
UNIVERCELLS	Operating revenue  Turnover   (Last avail. yr)	18276349.0	-0.4173625111579895	5
SILICON HIVE B.V.	Tangible fixed assets	-1.0	0.3016505241394043	1
SILICON HIVE B.V.	Tangible fixed assets  (Last avail. yr)	0.0	-0.24905170500278473	2
SILICON HIVE B.V.	Capital	0.0	-0.22248996794223785	3
SILICON HIVE B.V.	Number of employees (Last avail. yr)	24.0	0.2155238837003708	4
SILICON HIVE B.V.	Other current assets	0.2036258998468816	-0.20446813106536865	5
ARROWARE LTD	Capital  (Last avail. yr)	0.0	-0.6026529669761658	1
ARROWARE LTD	Other shareholders funds	0.5341156056846617	0.46334603428840637	2
ARROWARE LTD	Solvency ratio  Asset based	0.04637356482777936	-0.38634198904037476	3
ARROWARE LTD	Capital	0.0	-0.34778058528900146	4
ARROWARE LTD	Current liabilities	0.3877065224095131	-0.268520325422287	5
MENDOR OY	Capital	-0.002730230352968104	1.1831512451171875	1
MENDOR OY	Working capital  (Last avail. yr)	-560000.0	0.4747464656829834	2
MENDOR OY	Other shareholders funds	1.239013523863948	0.38172653317451477	3
MENDOR OY	Operating revenue  Turnover   (Last avail. yr)	192000.0	0.37563836574554443	4
MENDOR OY	Of which cash and cash equivalent  (Last avail. yr)	16000.0	0.33347317576408386	5
TIM GROUP LTD	Capital  (Last avail. yr)	0.0	-0.831782877445221	1
TIM GROUP LTD	Total assets	1.213419349576724	-0.3492332994937897	2
TIM GROUP LTD	Capital	0.0	-0.3255982995033264	3
TIM GROUP LTD	Current ratio	-0.6675191815856777	0.31966084241867065	4
TIM GROUP LTD	Other current liabilities	5.664951256679177	0.3196547329425812	5
FEEDPACK LIMITED	Capital  (Last avail. yr)	0.0	-0.8714439868927002	1
FEEDPACK LIMITED	Capital	-1.0	0.7706260085105896	2
FEEDPACK LIMITED	Current liabilities  (Last avail. yr)	23478.987895674	0.33086639642715454	3
FEEDPACK LIMITED	Non current assets  (Last avail. yr)	0.0	0.32688793540000916	4
FEEDPACK LIMITED	Debtors  (Last avail. yr)	0.0	0.272604376077652	5
DEDRONE GMBH	Of which cash and cash equivalent  (Last avail. yr)	6747925.85	-0.7882991433143616	1
DEDRONE GMBH	Of which cash and cash equivalent	1981.940252542617	0.6049686670303345	2
DEDRONE GMBH	Intangible assets	0.8241718238077903	0.5245326161384583	3
DEDRONE GMBH	Tangible fixed assets  (Last avail. yr)	241305.0	0.285513699054718	4
DEDRONE GMBH	Capital	0.0	-0.26607444882392883	5
EFECTIVOX, SA	Number of employees (Last avail. yr)	443.0	-0.7370851039886475	1
EFECTIVOX, SA	Capital	-0.3406267994469966	0.7222239971160889	2
EFECTIVOX, SA	Solvency ratio  Asset based	0.1463622713622715	-0.5598707795143127	3
EFECTIVOX, SA	Tangible fixed assets  (Last avail. yr)	20859739.0	0.49561867117881775	4
EFECTIVOX, SA	Of which cash and cash equivalent  (Last avail. yr)	186350.0	0.331384539604187	5
DAMON ET DELENTE	Debtors	1.588540281839936	-0.6266540288925171	1
DAMON ET DELENTE	Non current assets  (Last avail. yr)	29.0	0.4526447653770447	2
DAMON ET DELENTE	Of which cash and cash equivalent  (Last avail. yr)	1487.0	0.3717229962348938	3
DAMON ET DELENTE	P/L before tax  (Last avail. yr)	59468.0	-0.33215880393981934	4
DAMON ET DELENTE	Net current assets	17.92264007685633	-0.3286667764186859	5
GLAMOROUS TRAVEL LTD	Capital	0.0588100536757275	1.3225147724151611	1
GLAMOROUS TRAVEL LTD	Intangible assets	0.5503490027699778	0.5512201189994812	2
GLAMOROUS TRAVEL LTD	Current liabilities  (Last avail. yr)	13498.6708197389	0.47255924344062805	3
GLAMOROUS TRAVEL LTD	P/L before tax  (Last avail. yr)	0.0	-0.3148026764392853	4
GLAMOROUS TRAVEL LTD	Debtors  (Last avail. yr)	0.0	0.31450146436691284	5
MIND-NRG SARL	Capital	0.003782304982703108	-1.1079988479614258	1
MIND-NRG SARL	Number of employees (Last avail. yr)	15.0	0.263103723526001	2
MIND-NRG SARL	Capital  (Last avail. yr)	420994.062068402	-0.16409948468208313	3
MIND-NRG SARL	Current assets  (Last avail. yr)	1958739.0	-0.13511040806770325	4
NORDISK MAD APS	NACE na	True	1.076255202293396	1
NORDISK MAD APS	Non current assets  (Last avail. yr)	0.0	0.44895702600479126	2
NORDISK MAD APS	Consolidation code NF	False	0.3659060597419739	3
NORDISK MAD APS	P/L before tax  (Last avail. yr)	36548.007944594	-0.3301304578781128	4
ZYNCD LIMITED	Capital	-0.002323686289812637	0.8191017508506775	1
ZYNCD LIMITED	Debtors	4.682047414143084	-0.5973069667816162	2
ZYNCD LIMITED	Other current liabilities  (Last avail. yr)	3918.67440587939	0.4716729521751404	3
ZYNCD LIMITED	Current liabilities  (Last avail. yr)	3918.67440587939	0.3808748722076416	4
ZYNCD LIMITED	Tangible fixed assets  (Last avail. yr)	0.0	-0.2851819097995758	5
ACTION FOR CHILDREN	Capital	-0.001610875928806384	-1.2627284526824951	1
ACTION FOR CHILDREN	Capital  (Last avail. yr)	0.0	-0.8894386291503906	2
ACTION FOR CHILDREN	Number of employees (Last avail. yr)	3407.0	-0.6687353849411011	3
ACTION FOR CHILDREN	Tangible fixed assets  (Last avail. yr)	31265856.9563174	0.598208487033844	4
ACTION FOR CHILDREN	Current liabilities  (Last avail. yr)	22407586.3641787	-0.4628044664859772	5
NONLINEAR DYNAMICS	Consolidation code NF	True	-0.3745284676551819	1
NONLINEAR DYNAMICS	NACE na	True	0.3613632321357727	2
NONLINEAR DYNAMICS	Capital	0.0	-0.35990434885025024	3
NONLINEAR DYNAMICS	Operating revenue  Turnover   (Last avail. yr)	106690.3966795545	0.1762586236000061	4
TRENDLR AB	NACE na	True	0.9812784790992737	1
TRENDLR AB	Consolidation code NF	False	0.35595542192459106	2
TRENDLR AB	Number of employees (Last avail. yr)	0.0	0.33509257435798645	3
TRENDLR AB	Capital	0.0	-0.3331693112850189	4
BUKA ENTERTAINMENT ENTERPRISES	Capital	-0.2430102161725598	-0.7870355248451233	1
BUKA ENTERTAINMENT ENTERPRISES	Number of employees (Last avail. yr)	77.0	-0.5338965058326721	2
BUKA ENTERTAINMENT ENTERPRISES	P/L for period   Net income   (Last avail. yr)	46142.690997031	-0.4224303960800171	3
BUKA ENTERTAINMENT ENTERPRISES	Solvency ratio  Asset based	0.2833868966175581	-0.3987160921096802	4
BUKA ENTERTAINMENT ENTERPRISES	Other shareholders funds	-0.2286535381411103	-0.2820538878440857	5
MINIMUM VIABLE UNICORN LIMITED	Capital  (Last avail. yr)	0.0	-0.7556853890419006	1
MINIMUM VIABLE UNICORN LIMITED	Total assets	0.5591902286775202	-0.4729093015193939	2
MINIMUM VIABLE UNICORN LIMITED	Current liabilities	565.1650895790461	-0.3317092955112457	3
MINIMUM VIABLE UNICORN LIMITED	Tangible fixed assets  (Last avail. yr)	1462974.94580778	0.3310529291629791	4
MINIMUM VIABLE UNICORN LIMITED	Current assets  (Last avail. yr)	6185.50647695503	0.32470792531967163	5
FRESH	Of which cash and cash equivalent  (Last avail. yr)	1392.0	0.4401523172855377	1
FRESH	Current assets  (Last avail. yr)	12030.0	0.30253034830093384	2
FRESH	Capital	0.0	-0.2436184585094452	3
FRESH	Total assets  (Last avail. yr)	12030.0	0.23030716180801392	4
FRESH	Non current assets  (Last avail. yr)	0.0	0.22854439914226532	5
FOTOKITE AG	Capital	0.003782304982701991	-1.1134021282196045	1
FOTOKITE AG	Capital  (Last avail. yr)	3491527.01702363	-0.4554390013217926	2
FOTOKITE AG	Other current liabilities	-0.05162154598064415	-0.19697748124599457	3
MEDEFER LIMITED	Capital	0.4068939367455989	1.0932093858718872	1
MEDEFER LIMITED	Number of employees (Last avail. yr)	140.0	-0.8076976537704468	2
MEDEFER LIMITED	Working capital  (Last avail. yr)	-280804.29710221	0.4182763397693634	3
MEDEFER LIMITED	Debtors	-0.5332780526492316	0.3456372618675232	4
MEDEFER LIMITED	Debtors  (Last avail. yr)	574171.204103468	-0.3129498362541199	5
SARL BAHU	Debtors  (Last avail. yr)	281000.0	-0.38102537393569946	1
SARL BAHU	Capital	3.279979008134348e-05	-0.26343315839767456	2
SARL BAHU	Other current liabilities	-0.05250705571334797	-0.18668030202388763	3
SARL BAHU	Number of employees (Last avail. yr)	30.0	-0.1728844791650772	4
ROBIN A TECHNOLOGY REALISATIONS PLC	Number of employees (Last avail. yr)	389.0	-0.669242262840271	1
ROBIN A TECHNOLOGY REALISATIONS PLC	Number of employees	-0.240234375	-0.5622876882553101	2
ROBIN A TECHNOLOGY REALISATIONS PLC	Capital	0.05823027936565765	0.5321966409683228	3
ROBIN A TECHNOLOGY REALISATIONS PLC	Other shareholders funds	0.5117575419509436	0.4269954264163971	4
ROBIN A TECHNOLOGY REALISATIONS PLC	Current liabilities  (Last avail. yr)	18818607.923509	-0.4081886410713196	5
AUDIO ANALYTIC LIMITED	Capital	0.08456491343593218	1.311954140663147	1
AUDIO ANALYTIC LIMITED	Solvency ratio  Asset based	14.39733777038269	-0.706742525100708	2
AUDIO ANALYTIC LIMITED	Debtors  (Last avail. yr)	636700.915826753	-0.4760933816432953	3
AUDIO ANALYTIC LIMITED	Number of employees (Last avail. yr)	51.0	-0.42750245332717896	4
AUDIO ANALYTIC LIMITED	Other shareholders funds	8.132678174045553	0.3836025595664978	5
UNISERVITY LIMITED	Capital	-0.01583508516807281	1.4357746839523315	1
UNISERVITY LIMITED	Operating revenue  Turnover   (Last avail. yr)	338463.742979049	0.3749416172504425	2
UNISERVITY LIMITED	Non current assets	0.01611118980830259	-0.2971668541431427	3
UNISERVITY LIMITED	Other shareholders funds  (Last avail. yr)	-25652.6481896178	0.25607234239578247	4
UNISERVITY LIMITED	P/L for period   Net income   (Last avail. yr)	-1170679.134888444	0.22813361883163452	5
ALTATECH	Other current liabilities  (Last avail. yr)	3413.0	0.691124439239502	1
ALTATECH	Debtors	1.694290976058932	-0.4001944661140442	2
ALTATECH	Solvency ratio  Asset based	0.4436010998238307	-0.3907255232334137	3
ALTATECH	P/L before tax  (Last avail. yr)	188.0	-0.38748204708099365	4
ALTATECH	Of which cash and cash equivalent  (Last avail. yr)	7239.0	0.32471024990081787	5
CLIPSOURCE AB	Capital	0.002323418675440142	-1.075452208518982	1
CLIPSOURCE AB	P/L before tax  (Last avail. yr)	59481.0409307336	-0.35626962780952454	2
CLIPSOURCE AB	Non current assets	0.3159607247379967	-0.32705169916152954	3
CLIPSOURCE AB	Tangible fixed assets  (Last avail. yr)	0.0	-0.3241761326789856	4
CLIPSOURCE AB	Other shareholders funds	0.4207506522780888	0.2957499921321869	5
WAYN LIMITED	Capital	0.05085119550219146	1.0878406763076782	1
WAYN LIMITED	Current liabilities  (Last avail. yr)	0.0	0.5962664484977722	2
WAYN LIMITED	Of which cash and cash equivalent  (Last avail. yr)	1260.05381947927	0.3609085977077484	3
WAYN LIMITED	Capital  (Last avail. yr)	1260.05381947927	0.3604430854320526	4
WAYN LIMITED	Debtors  (Last avail. yr)	0.0	0.3433881998062134	5
BUILDING RADAR GMBH	Number of employees	-0.1666666666666667	-0.4834604263305664	1
BUILDING RADAR GMBH	Non current assets	13.96160080910716	-0.4535684883594513	2
BUILDING RADAR GMBH	Current assets	-0.3312056424727535	-0.34597399830818176	3
BUILDING RADAR GMBH	Capital	0.0	-0.2838817238807678	4
BUILDING RADAR GMBH	Other shareholders funds	-1.036909597671211	0.23410864174365997	5
4SC AG	Quoted Yes	True	-2.8936665058135986	1
4SC AG	Of which cash and cash equivalent  (Last avail. yr)	8321000.0	-0.9448135495185852	2
4SC AG	Other current liabilities	21.96527777777778	0.5178608894348145	3
4SC AG	Of which provisions  (Last avail. yr)	661000.0	0.5135807394981384	4
4SC AG	Total assets  (Last avail. yr)	9403000.0	-0.33200106024742126	5
AGFLOW SA	Capital	0.01359921564322119	-0.7575042247772217	1
AGFLOW SA	Capital  (Last avail. yr)	1868268.98976062	-0.3788468837738037	2
AGFLOW SA	Current assets  (Last avail. yr)	362620.634501137	0.13916295766830444	3
FOSHO LTD.	Capital  (Last avail. yr)	0.0	-0.9217314720153809	1
FOSHO LTD.	Capital	-1.0	0.8709164261817932	2
FOSHO LTD.	Current ratio (Last avail. yr)	0.006	0.4375382959842682	3
FOSHO LTD.	Tangible fixed assets  (Last avail. yr)	0.0	-0.3378165364265442	4
FOSHO LTD.	Total assets	18.86206363296732	-0.31256723403930664	5
ANOKION SA	Capital	0.003782304982702811	-0.9107818007469177	1
ANOKION SA	Of which cash and cash equivalent  (Last avail. yr)	5363793.0	-0.6963671445846558	2
ANOKION SA	Capital  (Last avail. yr)	1546411.21142545	-0.33393120765686035	3
ANOKION SA	Operating revenue  Turnover   (Last avail. yr)	568563.911567881	0.28051048517227173	4
E G R RENOVATION	Of which provisions  (Last avail. yr)	240740.0	0.6181723475456238	1
E G R RENOVATION	Number of employees (Last avail. yr)	79.0	-0.6110461354255676	2
E G R RENOVATION	P/L before tax  (Last avail. yr)	11819.0	-0.41483449935913086	3
E G R RENOVATION	Of which cash and cash equivalent  (Last avail. yr)	301.0	0.40580952167510986	4
E G R RENOVATION	Tangible fixed assets  (Last avail. yr)	2731.0	-0.35353949666023254	5
CONNEXICA LIMITED	Capital	0.01580150913407891	-1.3771189451217651	1
CONNEXICA LIMITED	Number of employees	0.1875	-0.6695688962936401	2
CONNEXICA LIMITED	Debtors  (Last avail. yr)	258750.627745823	-0.4506053626537323	3
CONNEXICA LIMITED	Solvency ratio  Asset based	0.14165536489966	-0.40355774760246277	4
CONNEXICA LIMITED	Of which cash and cash equivalent  (Last avail. yr)	1560846.06055855	-0.3087911605834961	5
MK PAYMENT SOLUTIONS GMBH	Capital	0.3815860677916072	1.6381431818008423	1
MK PAYMENT SOLUTIONS GMBH	Current liabilities  (Last avail. yr)	0.0	0.634224534034729	2
MK PAYMENT SOLUTIONS GMBH	Other shareholders funds  (Last avail. yr)	-56167.0	0.4734584391117096	3
MK PAYMENT SOLUTIONS GMBH	Of which cash and cash equivalent	33.95086056777225	0.3531188666820526	4
MK PAYMENT SOLUTIONS GMBH	Tangible fixed assets  (Last avail. yr)	4904.0	-0.29616329073905945	5
DECISION CURVE LIMITED	Capital  (Last avail. yr)	0.0	-1.470956802368164	1
DECISION CURVE LIMITED	Other current liabilities	4.357415160607908	0.5250406861305237	2
DECISION CURVE LIMITED	Current ratio	-0.9029116945107398	0.4504554867744446	3
DECISION CURVE LIMITED	Capital	-1.0	0.4113841652870178	4
DECISION CURVE LIMITED	Other current assets	-0.4798480869961775	0.325329452753067	5
MODTI OY	Other current liabilities  (Last avail. yr)	5000.0	0.60128253698349	1
MODTI OY	Current liabilities  (Last avail. yr)	6000.0	0.4065045118331909	2
MODTI OY	Number of employees (Last avail. yr)	24.0	0.35142189264297485	3
MODTI OY	Current assets	-0.2575757575757576	-0.2516193985939026	4
VIRTUAL FAIRGROUND B.V.	Capital	0.0	-0.28392165899276733	1
VIRTUAL FAIRGROUND B.V.	Current assets	-0.014479097142360734	0.1935724914073944	2
VIRTUAL FAIRGROUND B.V.	Shareholders funds  (Last avail. yr)	-1752315.0	-0.12997159361839294	3
VIRTUAL FAIRGROUND B.V.	Total assets	-0.02293600231502198	0.12937478721141815	4
STYLECT	Debtors  (Last avail. yr)	242293.5	-0.4864872097969055	1
STYLECT	Number of employees (Last avail. yr)	19.0	0.34894993901252747	2
STYLECT	Capital	0.0	-0.31745535135269165	3
STYLECT	Current assets  (Last avail. yr)	1971682.5	-0.2098427414894104	4
ETUKTUK GMBH	Total assets  (Last avail. yr)	40995.64	0.5442132949829102	1
ETUKTUK GMBH	Working capital  (Last avail. yr)	-28123.35	0.3290736973285675	2
ETUKTUK GMBH	Other current liabilities	11.68184080446119	0.3280371129512787	3
ETUKTUK GMBH	Total assets	0.08097894371851469	-0.31201961636543274	4
ETUKTUK GMBH	Number of employees	0.4	-0.2886713445186615	5
FEUSD LTD.	Capital	108264.9339176893	1.4043341875076294	1
FEUSD LTD.	Other shareholders funds	0.5458719701298013	0.5526971817016602	2
FEUSD LTD.	Current liabilities  (Last avail. yr)	12742.1024284271	0.4635857939720154	3
FEUSD LTD.	Total assets  (Last avail. yr)	24218.6608393488	0.32605841755867004	4
FEUSD LTD.	Debtors  (Last avail. yr)	0.0	0.26714810729026794	5
VENDOME 1699 LIMITED	Capital	-0.1426002084015116	1.4198808670043945	1
VENDOME 1699 LIMITED	Of which cash and cash equivalent  (Last avail. yr)	242.748973471992	0.5365176796913147	2
VENDOME 1699 LIMITED	Of which provisions  (Last avail. yr)	420952.55	0.48391321301460266	3
VENDOME 1699 LIMITED	Tangible fixed assets  (Last avail. yr)	595.201809955365	-0.3894062340259552	4
VENDOME 1699 LIMITED	Debtors	0.3954269807550669	-0.2953818738460541	5
SUPERSONIC IMAGINE	Capital	0.793806126959861	0.9040366411209106	1
SUPERSONIC IMAGINE	Of which cash and cash equivalent  (Last avail. yr)	21642258.0	-0.6591482758522034	2
SUPERSONIC IMAGINE	Solvency ratio  Asset based	0.3711773529979652	-0.4960244297981262	3
SUPERSONIC IMAGINE	Other current assets  (Last avail. yr)	26856920.0	-0.43776482343673706	4
SUPERSONIC IMAGINE	Operating revenue  Turnover   (Last avail. yr)	27849140.0	-0.3925323486328125	5
MADE IN MONTREUIL	Working capital  (Last avail. yr)	-348088.0	0.41623133420944214	1
MADE IN MONTREUIL	Operating revenue  Turnover   (Last avail. yr)	254177.0	0.3158129155635834	2
MADE IN MONTREUIL	Other shareholders funds  (Last avail. yr)	-552435.0	0.3014119267463684	3
MADE IN MONTREUIL	Other current liabilities	-0.1356998966672581	-0.2948184907436371	4
MADE IN MONTREUIL	Solvency ratio  Asset based	0.1175469995710504	-0.2947930693626404	5
DATA MACHINE	Consolidation code NF	True	-0.5833972692489624	1
DATA MACHINE	Capital	0.0	-0.38329190015792847	2
DATA MACHINE	Other shareholders funds	-0.23004085086562226	-0.1773301213979721	3
DATA MACHINE	Current assets	-0.02155007272279522	0.13542699813842773	4
MOQOM LIMITED	Capital	1.0	1.3727144002914429	1
MOQOM LIMITED	NACE na	True	1.266908049583435	2
MOQOM LIMITED	Intangible assets	1.160323812513078	0.5852913856506348	3
MOQOM LIMITED	Other shareholders funds	0.6467081987386556	0.4086781442165375	4
BEEBUMP B.V.	Current liabilities  (Last avail. yr)	2644.0	0.5094562768936157	1
BEEBUMP B.V.	Current liabilities	1.0	-0.38597571849823	2
BEEBUMP B.V.	Of which cash and cash equivalent  (Last avail. yr)	5517.0	0.379591166973114	3
BEEBUMP B.V.	Current assets  (Last avail. yr)	6255.0	0.3405766785144806	4
BEEBUMP B.V.	Debtors	0.4442270058708415	-0.32401660084724426	5
COOLGAMES B.V.	Number of employees	-0.1666666666666667	-0.4920850992202759	1
COOLGAMES B.V.	Long term debt  (Last avail. yr)	7708323.0	0.32592111825942993	2
COOLGAMES B.V.	Total assets	0.2850664519774813	-0.278180867433548	3
COOLGAMES B.V.	Debtors	46.54875984581867	-0.2453690618276596	4
BRIGHT BLUE WORLD LIMITED	Capital  (Last avail. yr)	0.0	-1.2150622606277466	1
BRIGHT BLUE WORLD LIMITED	Capital	0.002835142734772164	-0.8671176433563232	2
BRIGHT BLUE WORLD LIMITED	Of which provisions  (Last avail. yr)	454000.0	0.5715731978416443	3
BRIGHT BLUE WORLD LIMITED	Tangible fixed assets	-0.5212018338209662	-0.4829452335834503	4
BRIGHT BLUE WORLD LIMITED	Number of employees (Last avail. yr)	2.0	-0.47540050745010376	5
GEXTECH HOLDINGS LIMITED	Other shareholders funds	2.158120271617202	0.6767248511314392	1
GEXTECH HOLDINGS LIMITED	Capital	0.4794075843348471	0.4722130000591278	2
GEXTECH HOLDINGS LIMITED	Operating revenue  Turnover   (Last avail. yr)	258332.343330179	0.37791553139686584	3
GEXTECH HOLDINGS LIMITED	Number of employees (Last avail. yr)	16.0	0.33169472217559814	4
GEXTECH HOLDINGS LIMITED	Of which cash and cash equivalent  (Last avail. yr)	31099.150307836	0.320741206407547	5
VEEAM SOFTWARE GROUP GMBH	Capital	0.003782304982701487	-1.0027107000350952	1
VEEAM SOFTWARE GROUP GMBH	Capital  (Last avail. yr)	106903.922761055	0.29522690176963806	2
VEEAM SOFTWARE GROUP GMBH	Current assets  (Last avail. yr)	362620.634501137	0.14012682437896729	3
NUMBRS AG	Consolidation code NF	True	-1.0460712909698486	1
NUMBRS AG	Capital	0.0	-0.42354801297187805	2
NUMBRS AG	NACE na	True	0.373117595911026	3
WHIZZTEK, S.A.	Capital  (Last avail. yr)	0.0	-0.5226532816886902	1
WHIZZTEK, S.A.	Other current liabilities	-1.0	0.4118601381778717	2
WHIZZTEK, S.A.	Current liabilities	-0.9879227142392621	0.3925777077674866	3
WHIZZTEK, S.A.	P/L before tax  (Last avail. yr)	-392.22	-0.38268333673477173	4
INNAAS S.R.L.	Non current liabilities	1.964269399874379	0.30011439323425293	1
INNAAS S.R.L.	P/L for period   Net income	-75.22388208843367	0.28267356753349304	2
INNAAS S.R.L.	P/L for period   Net income   (Last avail. yr)	-1485591.0	0.22540438175201416	3
INNAAS S.R.L.	Number of employees	0.08333333333333333	-0.2077103853225708	4
INNAAS S.R.L.	Debtors  (Last avail. yr)	188468.0	-0.20712898671627045	5
STOPFORD PROJECTS LTD	Consolidation code NF	True	-0.3745284676551819	1
STOPFORD PROJECTS LTD	NACE na	True	0.3613632321357727	2
STOPFORD PROJECTS LTD	Capital	0.0	-0.35990434885025024	3
STOPFORD PROJECTS LTD	Operating revenue  Turnover   (Last avail. yr)	106690.3966795545	0.1762586236000061	4
LOSTMY.NAME LTD	Capital	0.01293061645444459	-1.0394593477249146	1
LOSTMY.NAME LTD	Of which cash and cash equivalent  (Last avail. yr)	7595449.23054983	-0.6603217124938965	2
LOSTMY.NAME LTD	Operating revenue  Turnover   (Last avail. yr)	56886737.7546582	-0.5229043960571289	3
LOSTMY.NAME LTD	Current liabilities  (Last avail. yr)	9797062.69790167	-0.40831276774406433	4
LOSTMY.NAME LTD	Number of employees (Last avail. yr)	64.0	-0.3929232954978943	5
XYZE S.R.L. IN LIQUIDAZIONE	Capital	0.1764	1.303587794303894	1
XYZE S.R.L. IN LIQUIDAZIONE	Tangible fixed assets	92.1304347826087	0.858630895614624	2
XYZE S.R.L. IN LIQUIDAZIONE	Intangible assets	0.9906385637615345	0.4330446124076843	3
XYZE S.R.L. IN LIQUIDAZIONE	Current assets	27.28144388042865	0.4228372573852539	4
XYZE S.R.L. IN LIQUIDAZIONE	Shareholders funds	-2.008235225888766	0.3568543791770935	5
AUDIENCERATE LIMITED	Capital	0.09793651283526258	0.7439700365066528	1
AUDIENCERATE LIMITED	Operating revenue  Turnover   (Last avail. yr)	338463.742979049	0.46327224373817444	2
AUDIENCERATE LIMITED	Tangible fixed assets  (Last avail. yr)	627.451758499949	-0.31305497884750366	3
AUDIENCERATE LIMITED	Non current assets	1.036444356718231	-0.28729820251464844	4
AUDIENCERATE LIMITED	Capital  (Last avail. yr)	1249.05042223777	0.2819039523601532	5
ADLUDIO LIMITED	Consolidation code NF	True	-0.3745284676551819	1
ADLUDIO LIMITED	NACE na	True	0.3613632321357727	2
ADLUDIO LIMITED	Capital	0.0	-0.35990434885025024	3
ADLUDIO LIMITED	Operating revenue  Turnover   (Last avail. yr)	106690.3966795545	0.1762586236000061	4
UAB DOCLOGIX	Capital	1.653431921411218	1.0383796691894531	1
UAB DOCLOGIX	Number of employees (Last avail. yr)	46.0	-0.6814854741096497	2
UAB DOCLOGIX	Number of employees	0.3529411764705883	-0.5273978114128113	3
UAB DOCLOGIX	Solvency ratio  Asset based	0.5734560501179473	-0.4765949547290802	4
UAB DOCLOGIX	Non current liabilities	-1.0	-0.32122480869293213	5
EASYPROVE	Consolidation code NF	True	-0.5717440247535706	1
EASYPROVE	Debtors  (Last avail. yr)	242293.5	-0.4901416599750519	2
EASYPROVE	Capital	0.0	-0.34462761878967285	3
EASYPROVE	Number of employees (Last avail. yr)	19.0	0.27986273169517517	4
SYNTHELIS	Debtors	1.707482321986515	-0.4020630121231079	1
SYNTHELIS	P/L for period   Net income   (Last avail. yr)	15592.0	-0.39167022705078125	2
SYNTHELIS	Capital	-0.8236117407071623	0.3438359498977661	3
SYNTHELIS	Tangible fixed assets	-0.744222458821319	-0.2486930638551712	4
SYNTHELIS	Operating revenue  Turnover   (Last avail. yr)	574475.0	0.1919136941432953	5
LOWDOWNAPP LTD	Capital	-0.1641204725790972	1.5161412954330444	1
LOWDOWNAPP LTD	Other current liabilities  (Last avail. yr)	1.18572835342503	-0.53689044713974	2
LOWDOWNAPP LTD	Shareholders funds	-1.00013486278274	0.3925818204879761	3
LOWDOWNAPP LTD	Current liabilities  (Last avail. yr)	1.18572835342503	0.2829798758029938	4
LOWDOWNAPP LTD	Other shareholders funds  (Last avail. yr)	-459998.571797827	0.2763530910015106	5
FLUXOME SCIENCES A/S	Number of employees (Last avail. yr)	0.0	0.1861957311630249	1
FLUXOME SCIENCES A/S	Other shareholders funds	-0.06011931766797736	-0.14199212193489075	2
FLUXOME SCIENCES A/S	Total assets	-0.008401717857041175	0.13838861882686615	3
APPYDRINK S.R.L. IN LIQUIDAZIONE	Other current liabilities  (Last avail. yr)	70.0	-0.6920347213745117	1
APPYDRINK S.R.L. IN LIQUIDAZIONE	Current liabilities  (Last avail. yr)	4647.0	0.4926653802394867	2
APPYDRINK S.R.L. IN LIQUIDAZIONE	Non current assets	-1.0	0.4524047076702118	3
APPYDRINK S.R.L. IN LIQUIDAZIONE	Other shareholders funds  (Last avail. yr)	-31325.0	0.3741568624973297	4
APPYDRINK S.R.L. IN LIQUIDAZIONE	Other shareholders funds	3.228536717062635	0.3736813962459564	5
LOGOPRO S.R.L.	Solvency ratio  Asset based	1.487474747474748	-0.6305686235427856	1
LOGOPRO S.R.L.	Total assets	0.1386211967602134	-0.4151371121406555	2
LOGOPRO S.R.L.	Operating revenue  Turnover   (Last avail. yr)	269115.0	0.31728363037109375	3
LOGOPRO S.R.L.	Tangible fixed assets  (Last avail. yr)	2844.0	-0.26768094301223755	4
LOGOPRO S.R.L.	Capital	0.0	-0.238880917429924	5
JOINT STOCK COMPANY IIKO	Capital	-0.2291275329509622	1.112204670906067	1
JOINT STOCK COMPANY IIKO	Number of employees (Last avail. yr)	296.0	-0.6799750924110413	2
JOINT STOCK COMPANY IIKO	Of which cash and cash equivalent  (Last avail. yr)	5940278.66396613	-0.5519910454750061	3
JOINT STOCK COMPANY IIKO	Tangible fixed assets  (Last avail. yr)	275009.631122694	0.49722808599472046	4
JOINT STOCK COMPANY IIKO	Number of employees	0.2595744680851064	-0.49105122685432434	5
FLUTTR LIMITED	Capital	0.0	-0.3581107258796692	1
FLUTTR LIMITED	Tangible fixed assets	-0.1732387036569349	0.1668114811182022	2
FLUTTR LIMITED	Current assets  (Last avail. yr)	362620.634501137	0.14832600951194763	3
FLUTTR LIMITED	Current assets	-0.014479097142360734	0.1381048858165741	4
VEESEO GMBH	Of which provisions  (Last avail. yr)	619176.01	0.3670971989631653	1
VEESEO GMBH	Solvency ratio  Asset based	36.51000690131124	-0.3434318006038666	2
VEESEO GMBH	Capital	0.0	-0.29695525765419006	3
VEESEO GMBH	Non current liabilities	1.531812586760978	0.27735862135887146	4
VEESEO GMBH	Number of employees	1.0	-0.27410373091697693	5
CUNESOFT GMBH	Other shareholders funds	0.5623189819729583	0.338519424200058	1
CUNESOFT GMBH	Tangible fixed assets  (Last avail. yr)	3842.0	-0.3168458342552185	2
CUNESOFT GMBH	Capital	0.0	-0.263057678937912	3
CUNESOFT GMBH	P/L for period   Net income   (Last avail. yr)	-26484.689202563102	-0.21824918687343597	4
CUNESOFT GMBH	Current assets  (Last avail. yr)	3788808.82	-0.20832757651805878	5
CRESTOPTICS S.P.A.	Of which cash and cash equivalent  (Last avail. yr)	3142591.0	-0.4726655185222626	1
CRESTOPTICS S.P.A.	Tangible fixed assets  (Last avail. yr)	1189830.0	0.3895535469055176	2
CRESTOPTICS S.P.A.	Number of employees (Last avail. yr)	52.0	-0.30291861295700073	3
CRESTOPTICS S.P.A.	Number of employees	0.06122448979591837	-0.24515122175216675	4
CRESTOPTICS S.P.A.	Non current liabilities	2.633477545754515	0.22674420475959778	5
LINGOKING GMBH	Number of employees	0.2	-0.54576176404953	1
LINGOKING GMBH	Solvency ratio  Asset based	1.694192033923974	-0.4997178316116333	2
LINGOKING GMBH	Tangible fixed assets	11.62922573609596	0.3917026221752167	3
LINGOKING GMBH	Non current liabilities	-0.506014945910733	-0.34776607155799866	4
LINGOKING GMBH	Of which provisions  (Last avail. yr)	242844.31	0.29640185832977295	5
WEELEO	Intangible assets	0.5503490027699778	0.7189249992370605	1
WEELEO	Operating revenue  Turnover   (Last avail. yr)	200000.0	0.39039042592048645	2
WEELEO	Debtors	0.7114064329178847	-0.33075278997421265	3
WEELEO	P/L before tax  (Last avail. yr)	0.0	-0.28980398178100586	4
WEELEO	Capital	0.0	-0.2512584328651428	5
VERYLASTROOM	Consolidation code NF	True	-1.0182303190231323	1
VERYLASTROOM	Capital	0.0	-0.3925921320915222	2
VERYLASTROOM	NACE na	True	0.373117595911026	3
VERYLASTROOM	Other current liabilities	0.0	-0.17583775520324707	4
AVVIO LIMITED	NACE na	True	0.9275635480880737	1
AVVIO LIMITED	Consolidation code NF	True	-0.7330662608146667	2
AVVIO LIMITED	Capital	0.0	-0.39596909284591675	3
AVVIO LIMITED	Operating revenue  Turnover   (Last avail. yr)	106690.3966795545	0.20157626271247864	4
AVVIO LIMITED	Tangible fixed assets  (Last avail. yr)	2800.121461145825	-0.17260442674160004	5
ROAMER SIA	Current liabilities  (Last avail. yr)	0.0	0.42337480187416077	1
ROAMER SIA	Of which cash and cash equivalent  (Last avail. yr)	6.0	0.41840723156929016	2
ROAMER SIA	Other current liabilities	-1.0	0.3647618293762207	3
ROAMER SIA	P/L before tax  (Last avail. yr)	-786.0	-0.2882513999938965	4
ROAMER SIA	Number of employees (Last avail. yr)	13.0	0.2876250147819519	5
EMOLYTICS	Capital	0.3332777870354941	1.4879519939422607	1
EMOLYTICS	Of which cash and cash equivalent  (Last avail. yr)	54024.0	0.2705563008785248	2
EMOLYTICS	Non current assets	-0.6142069120792525	0.25963354110717773	3
EMOLYTICS	Other shareholders funds  (Last avail. yr)	-199204.0	0.2568414509296417	4
EMOLYTICS	Working capital  (Last avail. yr)	-21597.0	0.2521924674510956	5
ENFORTA	Consolidation code NF	True	-1.0614019632339478	1
ENFORTA	Capital	0.0	-0.39992380142211914	2
ENFORTA	NACE na	True	0.373117595911026	3
ENFORTA	Operating revenue  Turnover   (Last avail. yr)	106690.3966795545	0.17388854920864105	4
I-NEXUS	Number of employees (Last avail. yr)	40.0	-0.873334527015686	1
I-NEXUS	Consolidation code LF	True	-0.816262423992157	2
I-NEXUS	Capital	0.0	-0.3189760148525238	3
I-NEXUS	Other current liabilities	-0.05551252642535617	-0.1875954568386078	4
LUCKY CART	Capital	0.1260624570140378	0.7313239574432373	1
LUCKY CART	Of which cash and cash equivalent  (Last avail. yr)	1211587.0	-0.4373123347759247	2
LUCKY CART	Of which cash and cash equivalent	225.591920703198	0.3007839024066925	3
LUCKY CART	Debtors  (Last avail. yr)	2372165.0	-0.29286444187164307	4
LUCKY CART	Total assets  (Last avail. yr)	10357022.0	-0.2806915044784546	5
ERECEIPTS LTD	Capital	-0.04609491185226051	1.2215055227279663	1
ERECEIPTS LTD	Capital  (Last avail. yr)	1.13144590789274	-0.5012970566749573	2
ERECEIPTS LTD	Debtors  (Last avail. yr)	0.0	0.377387136220932	3
ERECEIPTS LTD	Current liabilities  (Last avail. yr)	0.0	0.32577550411224365	4
ERECEIPTS LTD	Non current assets  (Last avail. yr)	0.0	0.3069685399532318	5
FRIENDSURANCE	Consolidation code NF	True	-1.0460712909698486	1
FRIENDSURANCE	Capital	0.0	-0.38696345686912537	2
FRIENDSURANCE	NACE na	True	0.373117595911026	3
FRIENDSURANCE	Total assets  (Last avail. yr)	78304.0	0.2878614366054535	4
CITYFIBRE LIMITED	Tangible fixed assets  (Last avail. yr)	3890928418.9899	1.0164788961410522	1
CITYFIBRE LIMITED	Of which cash and cash equivalent  (Last avail. yr)	39307138.5878028	-1.0103180408477783	2
CITYFIBRE LIMITED	Capital  (Last avail. yr)	0.0	-0.694546103477478	3
CITYFIBRE LIMITED	Other current assets  (Last avail. yr)	76540870.2757535	-0.5161052942276001	4
CITYFIBRE LIMITED	Other shareholders funds	0.7531466107613404	0.4072803854942322	5
BICA STUDIOS, S.A.	Non current assets	-1.0	0.7972793579101562	1
BICA STUDIOS, S.A.	Of which cash and cash equivalent  (Last avail. yr)	286.79	0.7255370616912842	2
BICA STUDIOS, S.A.	Non current assets  (Last avail. yr)	0.0	0.5522656440734863	3
BICA STUDIOS, S.A.	Current liabilities  (Last avail. yr)	0.0	0.4457354247570038	4
MEMRISE LIMITED	Capital	0.01863731197531448	-1.6861238479614258	1
MEMRISE LIMITED	Number of employees (Last avail. yr)	40.0	-0.4666922390460968	2
MEMRISE LIMITED	Of which cash and cash equivalent  (Last avail. yr)	1176157.64006965	-0.42443782091140747	3
MEMRISE LIMITED	Number of employees	-0.1666666666666667	-0.3843078911304474	4
MEMRISE LIMITED	Debtors  (Last avail. yr)	501732.198839707	-0.2801731824874878	5
MEAWALLET INC	Consolidation code NF	True	-1.0460712909698486	1
MEAWALLET INC	Capital	0.0	-0.3817235827445984	2
MEAWALLET INC	NACE na	True	0.373117595911026	3
MEAWALLET INC	Other shareholders funds	-0.04639479905437352	-0.16863684356212616	4
MTS ADTECH, LIMITED LIABILITY COMPANY	Capital	-0.2430102161725612	-0.7233507633209229	1
MTS ADTECH, LIMITED LIABILITY COMPANY	Operating revenue  Turnover   (Last avail. yr)	107571629.130302	-0.503600537776947	2
MTS ADTECH, LIMITED LIABILITY COMPANY	Number of employees (Last avail. yr)	249.0	-0.47153225541114807	3
MTS ADTECH, LIMITED LIABILITY COMPANY	Tangible fixed assets  (Last avail. yr)	335732.726338118	0.35115981101989746	4
MTS ADTECH, LIMITED LIABILITY COMPANY	Other non current assets  (Last avail. yr)	13747757.1899486	-0.3495219051837921	5
WHITFIELD SOLAR LIMITED	Capital	0.05342881287230812	1.1646361351013184	1
WHITFIELD SOLAR LIMITED	Current liabilities  (Last avail. yr)	0.0	0.6867715716362	2
WHITFIELD SOLAR LIMITED	Capital  (Last avail. yr)	1168.01688837397	0.43589985370635986	3
WHITFIELD SOLAR LIMITED	Number of employees (Last avail. yr)	19.0	0.34939131140708923	4
WHITFIELD SOLAR LIMITED	Non current assets  (Last avail. yr)	0.0	0.3134966194629669	5
DIZKON	Capital	0.7272150262427219	1.672816514968872	1
DIZKON	Capital  (Last avail. yr)	174.280230136337	0.4120352566242218	2
DIZKON	Woco Yes	True	-0.4081920087337494	3
DIZKON	Tangible fixed assets  (Last avail. yr)	11466.1005151094	-0.22159840166568756	4
DIZKON	Current assets	-0.014479097142360734	0.20740412175655365	5
MDK LABS GMBH	Number of employees	9.0	-0.3454156517982483	1
MDK LABS GMBH	Capital	0.0	-0.3407596945762634	2
MDK LABS GMBH	Number of employees (Last avail. yr)	10.0	0.20259340107440948	3
MDK LABS GMBH	Tangible fixed assets  (Last avail. yr)	11466.1005151094	-0.1573634147644043	4
STYLEFINCH LIMITED	Current liabilities  (Last avail. yr)	0.0	0.6621629595756531	1
STYLEFINCH LIMITED	Of which cash and cash equivalent  (Last avail. yr)	154.0	0.4231548011302948	2
STYLEFINCH LIMITED	Non current assets  (Last avail. yr)	0.0	0.32390597462654114	3
STYLEFINCH LIMITED	Solvency ratio  Asset based  (Last avail. yr)	100.0	0.271998792886734	4
MINDZILLA LTD.	Of which cash and cash equivalent  (Last avail. yr)	38.3586093466796	0.4474484622478485	1
MINDZILLA LTD.	Other shareholders funds	1.274309798779874	0.39545512199401855	2
MINDZILLA LTD.	Current assets  (Last avail. yr)	11504.1982208262	0.34080836176872253	3
MINDZILLA LTD.	Total assets	3.943360514969562	-0.3113783299922943	4
MINDZILLA LTD.	Tangible fixed assets  (Last avail. yr)	1244.39841498199	-0.2997545003890991	5
MOUNTVACATION, TURISTICNA AGENCIJA, D.O.O.	Intangible assets	0.5503490027699778	0.8337376117706299	1
MOUNTVACATION, TURISTICNA AGENCIJA, D.O.O.	Of which cash and cash equivalent  (Last avail. yr)	427.59	0.5110439658164978	2
MOUNTVACATION, TURISTICNA AGENCIJA, D.O.O.	Other current liabilities  (Last avail. yr)	0.0	-0.46199971437454224	3
MOUNTVACATION, TURISTICNA AGENCIJA, D.O.O.	P/L before tax  (Last avail. yr)	3356.03	-0.4040720462799072	4
MOUNTVACATION, TURISTICNA AGENCIJA, D.O.O.	Creditors	-0.9347984120525349	0.3262369930744171	5
WINKCAM	Consolidation code NF	True	-0.5607041716575623	1
WINKCAM	Capital	0.0	-0.386928528547287	2
WINKCAM	Current assets  (Last avail. yr)	362620.634501137	0.1444517970085144	3
WINKCAM	Current assets	-0.014479097142360734	0.1381048858165741	4
FAABORG PHARMA A/S	Capital	-0.002194032743974093	-1.9451760053634644	1
FAABORG PHARMA A/S	Solvency ratio  Asset based	0.2568657273222946	-0.49702855944633484	2
FAABORG PHARMA A/S	Of which cash and cash equivalent  (Last avail. yr)	1338542.66830391	-0.3477364480495453	3
FAABORG PHARMA A/S	Tangible fixed assets  (Last avail. yr)	807202.873622239	0.3255062997341156	4
GRIP APS	Capital	0.0	-0.2612794041633606	1
GRIP APS	Current assets	-0.014479097142360734	0.14552272856235504	2
GRIP APS	Current assets  (Last avail. yr)	362620.634501137	0.13292527198791504	3
RUE89	Of which cash and cash equivalent  (Last avail. yr)	2486.0	0.768040657043457	1
RUE89	Intangible assets	0.3987183011476875	0.5311056971549988	2
RUE89	Non current assets	0.3405632640429154	-0.4015822112560272	3
RUE89	Number of employees (Last avail. yr)	41.0	-0.39493492245674133	4
VAXIMM AG	Capital	0.003782304982703185	-1.0729056596755981	1
VAXIMM AG	Capital  (Last avail. yr)	849708.725438607	-0.2489161193370819	2
VAXIMM AG	Total assets	-0.008401717857041175	0.12571047246456146	3
CHAPDRIVE AS	NACE na	True	0.9467512369155884	1
CHAPDRIVE AS	Capital	0.05471189892733193	0.8257544040679932	2
CHAPDRIVE AS	Other shareholders funds	2.059795177335428	0.48181256651878357	3
CHAPDRIVE AS	Consolidation code NF	False	0.2950582504272461	4
CHAPDRIVE AS	Capital  (Last avail. yr)	17106954.9732385	-0.2796012759208679	5
XTRACT OY	Consolidation code NF	True	-1.0460712909698486	1
XTRACT OY	Capital	0.0	-0.39511367678642273	2
XTRACT OY	NACE na	True	0.373117595911026	3
NETDIALOG B.V.	Current liabilities  (Last avail. yr)	873.0	0.4750647246837616	1
NETDIALOG B.V.	Other shareholders funds  (Last avail. yr)	-53950.0	0.4331952631473541	2
NETDIALOG B.V.	Non current assets  (Last avail. yr)	0.0	0.4112077057361603	3
NETDIALOG B.V.	Other current assets  (Last avail. yr)	0.0	-0.31281936168670654	4
NETDIALOG B.V.	Debtors  (Last avail. yr)	72.0	0.2748541831970215	5
LEANIX GMBH	Of which cash and cash equivalent  (Last avail. yr)	53605565.22	-1.0878561735153198	1
LEANIX GMBH	Number of employees (Last avail. yr)	289.0	-0.8753438591957092	2
LEANIX GMBH	Current liabilities  (Last avail. yr)	51121970.03	-0.45519405603408813	3
LEANIX GMBH	Other current assets  (Last avail. yr)	57390077.03	-0.45123714208602905	4
LEANIX GMBH	Operating revenue  Turnover   (Last avail. yr)	82070550.4	-0.4450426399707794	5
SRT GROUP	Capital	50.51988615734124	0.8968353867530823	1
SRT GROUP	Operating revenue  Turnover   (Last avail. yr)	128536001.0	-0.716224730014801	2
SRT GROUP	Of which cash and cash equivalent  (Last avail. yr)	7179068.0	-0.46013835072517395	3
SRT GROUP	Number of employees (Last avail. yr)	100.0	-0.44110116362571716	4
SRT GROUP	Tangible fixed assets  (Last avail. yr)	1405351.0	0.42330145835876465	5
ISTAFIND LTD	Current liabilities  (Last avail. yr)	0.0	0.5089215636253357	1
ISTAFIND LTD	Current assets  (Last avail. yr)	0.0	0.29652270674705505	2
ISTAFIND LTD	Capital	0.0	-0.24403499066829681	3
ISTAFIND LTD	Tangible fixed assets  (Last avail. yr)	0.0	-0.193587064743042	4
THOMSON	Consolidation code NF	True	-1.0182303190231323	1
THOMSON	Capital	0.0	-0.3925921320915222	2
THOMSON	NACE na	True	0.373117595911026	3
THOMSON	Other current liabilities	0.0	-0.17583775520324707	4
TRIPTEASE LIMITED	Capital	0.04436047641914479	0.9225385785102844	1
TRIPTEASE LIMITED	Number of employees (Last avail. yr)	103.0	-0.6332420706748962	2
TRIPTEASE LIMITED	Of which cash and cash equivalent  (Last avail. yr)	4038492.98398299	-0.527730405330658	3
TRIPTEASE LIMITED	Total assets  (Last avail. yr)	11585053.2910866	-0.3232324719429016	4
TRIPTEASE LIMITED	Current liabilities  (Last avail. yr)	8981620.65932948	-0.28852078318595886	5
METACORE GAMES OY	Of which cash and cash equivalent  (Last avail. yr)	9356000.0	-0.7037006616592407	1
METACORE GAMES OY	Number of employees (Last avail. yr)	148.0	-0.5862147212028503	2
METACORE GAMES OY	Tangible fixed assets  (Last avail. yr)	1430000.0	0.3970631957054138	3
METACORE GAMES OY	Current liabilities  (Last avail. yr)	12598000.0	-0.37129929661750793	4
IQUA OY	Other shareholders funds  (Last avail. yr)	-55213.0	0.3779245913028717	1
IQUA OY	Non current assets  (Last avail. yr)	0.0	0.3398720324039459	2
IQUA OY	Current liabilities  (Last avail. yr)	10010.0	0.31909817457199097	3
IQUA OY	Number of employees (Last avail. yr)	30.0	-0.31504717469215393	4
IQUA OY	Debtors  (Last avail. yr)	0.0	0.3052835762500763	5
UP & NET	Capital	0.873087308730873	1.2066093683242798	1
UP & NET	P/L before tax	4.476494804940208	-0.4517326354980469	2
UP & NET	Tangible fixed assets  (Last avail. yr)	2126.0	-0.42917585372924805	3
UP & NET	Solvency ratio  Asset based	0.1007494446635804	-0.42126086354255676	4
UP & NET	Operating revenue  Turnover   (Last avail. yr)	147844.0	0.40676799416542053	5
TACTERION GMBH	Other current liabilities	1.86847143207106	0.46531224250793457	1
TACTERION GMBH	Capital	0.0	-0.31806322932243347	2
TACTERION GMBH	Of which provisions  (Last avail. yr)	101902.47	0.2742868661880493	3
TACTERION GMBH	Number of employees (Last avail. yr)	17.0	0.22674842178821564	4
TACTERION GMBH	Number of employees	0.0625	-0.21692214906215668	5
FEAR NOT	Capital		-0.8355335593223572	1
FEAR NOT	Consolidation code NF	True	0.6308997869491577	2
FEAR NOT	Number of employees (Last avail. yr)		0.4342581033706665	3
FEAR NOT	P/L before tax		-0.32508933544158936	4
LIGHTHOUSE BCS	NACE na	True	0.9275635480880737	1
LIGHTHOUSE BCS	Consolidation code NF	True	-0.7330662608146667	2
LIGHTHOUSE BCS	Capital	0.0	-0.39596909284591675	3
LIGHTHOUSE BCS	Operating revenue  Turnover   (Last avail. yr)	106690.3966795545	0.20157626271247864	4
LIGHTHOUSE BCS	Tangible fixed assets  (Last avail. yr)	2800.121461145825	-0.17260442674160004	5
ISANGO	Consolidation code LF	True	-0.7365714311599731	1
ISANGO	Intangible assets	0.5503490027699778	0.7319197654724121	2
ISANGO	Debtors	0.7114064329178847	-0.32985275983810425	3
ISANGO	Current liabilities  (Last avail. yr)	32485.2158626672	0.313649982213974	4
ULAOLA S.R.L.	Solvency ratio  Asset based	0.5480311389917617	-0.45673567056655884	1
ULAOLA S.R.L.	Capital	0.0	-0.281762033700943	2
ULAOLA S.R.L.	Non current assets	-0.7354064286123126	0.2521558105945587	3
ULAOLA S.R.L.	Tangible fixed assets	-0.6059163549812989	-0.243306964635849	4
ULAOLA S.R.L.	Other current liabilities	1.464683279651918	0.2271321415901184	5
INVESTLY OU	NACE na	True	1.2624059915542603	1
INVESTLY OU	Other current liabilities  (Last avail. yr)	0.0	-0.5119094848632812	2
INVESTLY OU	Of which cash and cash equivalent  (Last avail. yr)	1555.0	0.3719070851802826	3
INVESTLY OU	Current assets  (Last avail. yr)	0.0	0.36985287070274353	4
INVESTLY OU	Current liabilities  (Last avail. yr)	1555.0	0.3613169491291046	5
ZENCHEF	Of which cash and cash equivalent  (Last avail. yr)	4619289.0	-1.1580936908721924	1
ZENCHEF	Capital	0.5816326530612245	0.8864179849624634	2
ZENCHEF	Intangible assets	0.6717072391863947	0.4413555860519409	3
ZENCHEF	Solvency ratio  Asset based	7.314902522304219	-0.4271514117717743	4
ZENCHEF	Total assets  (Last avail. yr)	5674757.0	-0.4013928174972534	5
ALMONDY LIMITED	Capital	-0.1426002084015084	1.4289348125457764	1
ALMONDY LIMITED	Debtors  (Last avail. yr)	454121.475060357	-0.7801039218902588	2
ALMONDY LIMITED	Capital  (Last avail. yr)	116.70623724615	-0.5513437986373901	3
ALMONDY LIMITED	Solvency ratio  Asset based	1.517792713123453	-0.536069393157959	4
ALMONDY LIMITED	Tangible fixed assets  (Last avail. yr)	222.908913140146	-0.43277570605278015	5
GOTO TECHNOLOGIES GERMANY GMBH	Number of employees (Last avail. yr)	293.0	-1.0647997856140137	1
GOTO TECHNOLOGIES GERMANY GMBH	Operating revenue  Turnover   (Last avail. yr)	45642941.13	-0.5462425351142883	2
GOTO TECHNOLOGIES GERMANY GMBH	Of which provisions  (Last avail. yr)	5761689.43	0.4676486551761627	3
GOTO TECHNOLOGIES GERMANY GMBH	Tangible fixed assets  (Last avail. yr)	625082.39	0.37234553694725037	4
GOTO TECHNOLOGIES GERMANY GMBH	Current ratio (Last avail. yr)	32.063	0.31520333886146545	5
SUBLIMITY THERAPEUTICS LIMITED	Capital	-0.1008403361344538	1.251468300819397	1
SUBLIMITY THERAPEUTICS LIMITED	Shareholders funds	-3.430522362581086	0.5721413493156433	2
SUBLIMITY THERAPEUTICS LIMITED	Other non current assets  (Last avail. yr)	2975000.0	-0.4474709928035736	3
SUBLIMITY THERAPEUTICS LIMITED	Non current assets	9.184100418410042	-0.41539981961250305	4
SEVENLOAD GMBH	Capital	0.0	-0.330894410610199	1
SEVENLOAD GMBH	Current assets	-0.014479097142360734	0.13890519738197327	2
SEVENLOAD GMBH	Capital  (Last avail. yr)	25000.0	0.13307571411132812	3
MIRADA MEDICAL LIMITED	Capital	-0.103478438248021	1.3427385091781616	1
MIRADA MEDICAL LIMITED	Capital  (Last avail. yr)	1.15253301826133	-0.5795575976371765	2
MIRADA MEDICAL LIMITED	Debtors  (Last avail. yr)	454965.866557716	-0.5480911731719971	3
MIRADA MEDICAL LIMITED	Of which cash and cash equivalent	3408.32282993808	0.45213931798934937	4
MIRADA MEDICAL LIMITED	Total assets	0.1463635843497861	-0.37327924370765686	5
MUSEMENT S.P.A.	Of which cash and cash equivalent  (Last avail. yr)	4327426.0	-0.8414826393127441	1
MUSEMENT S.P.A.	Number of employees (Last avail. yr)	274.0	-0.7131662964820862	2
MUSEMENT S.P.A.	Other current assets  (Last avail. yr)	50915340.0	-0.5389620661735535	3
MUSEMENT S.P.A.	Operating revenue  Turnover   (Last avail. yr)	180688610.0	-0.44893699884414673	4
MUSEMENT S.P.A.	Tangible fixed assets  (Last avail. yr)	655043.0	0.2951008677482605	5
NANOTECTURE LIMITED	Capital	0.06786500361167307	0.47986483573913574	1
NANOTECTURE LIMITED	Operating revenue  Turnover   (Last avail. yr)	21250.3455752814	0.3765488862991333	2
NANOTECTURE LIMITED	Non current assets	-0.8500291111679036	0.3569229245185852	3
NANOTECTURE LIMITED	Total shareholders  funds and liabilities	-0.7619961394164372	0.2393840104341507	4
NANOTECTURE LIMITED	Current liabilities  (Last avail. yr)	11705190.3509962	-0.2267376184463501	5
BOXCARE VALENCIA SL.	P/L before tax  (Last avail. yr)	15580.24	-0.4044182002544403	1
BOXCARE VALENCIA SL.	P/L for period   Net income   (Last avail. yr)	13482.27	-0.36615025997161865	2
BOXCARE VALENCIA SL.	Non current assets	0.3682814231905399	-0.33358410000801086	3
BOXCARE VALENCIA SL.	Capital	0.0	-0.2901792824268341	4
BOXCARE VALENCIA SL.	Number of employees	0.1111111111111111	-0.2706358730792999	5
STRIKE NEW MEDIA LIMITED	Capital	0.02211724956857871	-0.5653853416442871	1
STRIKE NEW MEDIA LIMITED	Non current assets  (Last avail. yr)	2.41412828900866	0.531876266002655	2
STRIKE NEW MEDIA LIMITED	Tangible fixed assets  (Last avail. yr)	0.0	-0.3902554214000702	3
STRIKE NEW MEDIA LIMITED	Operating revenue  Turnover   (Last avail. yr)	338463.742979049	0.33832964301109314	4
STRIKE NEW MEDIA LIMITED	Total assets	0.8829273952226134	-0.3374496102333069	5
COINFLOOR LIMITED	Capital	0.0284476772235869	-0.781947672367096	1
COINFLOOR LIMITED	Tangible fixed assets  (Last avail. yr)	898.063610514959	-0.4546700119972229	2
COINFLOOR LIMITED	Other shareholders funds	1.402535243413368	0.4397116005420685	3
COINFLOOR LIMITED	Intangible assets	9.419544457826055	0.4335642457008362	4
COINFLOOR LIMITED	Non current assets	2.073529874192883	-0.4322819411754608	5
ICOMPLY LTD	Capital	0.0	-0.3731626570224762	1
ICOMPLY LTD	Current assets  (Last avail. yr)	1192454.0	-0.21572615206241608	2
ICOMPLY LTD	Tangible fixed assets  (Last avail. yr)	6224.0	-0.21250741183757782	3
ICOMPLY LTD	Number of employees (Last avail. yr)	6.0	-0.18730221688747406	4
BONAVERDE GMBH	Debtors  (Last avail. yr)	281000.0	-0.4584999084472656	1
BONAVERDE GMBH	Capital	3.279979008134348e-05	-0.2629315257072449	2
BONAVERDE GMBH	Other current liabilities	-0.05250705571334797	-0.2297016680240631	3
BONAVERDE GMBH	Operating revenue  Turnover   (Last avail. yr)	542928.5011100225	0.18184183537960052	4
CO-SCALE	Current liabilities  (Last avail. yr)	0.0	0.66243976354599	1
CO-SCALE	Non current assets	-1.0	0.6223351359367371	2
CO-SCALE	Non current assets  (Last avail. yr)	0.0	0.574373185634613	3
CO-SCALE	Other current liabilities  (Last avail. yr)	0.0	-0.5068960785865784	4
CO-SCALE	Of which cash and cash equivalent  (Last avail. yr)	1488297.0	-0.4987228512763977	5
THE SCHOOL OF EVERYTHING LTD	Capital	-0.02293600231502189	0.6879629492759705	1
THE SCHOOL OF EVERYTHING LTD	Debtors	3.702120488858923	-0.5473923087120056	2
THE SCHOOL OF EVERYTHING LTD	Other current assets	0.188529665430376	-0.42608922719955444	3
THE SCHOOL OF EVERYTHING LTD	Total assets	0.2751513190125898	-0.3944022059440613	4
THE SCHOOL OF EVERYTHING LTD	Of which cash and cash equivalent  (Last avail. yr)	898.705297194271	0.39236581325531006	5
SILVIGEN LIMITED	Capital	0.08661000189765086	1.0302824974060059	1
SILVIGEN LIMITED	Intangible assets	0.4927308400348803	0.5120536684989929	2
SILVIGEN LIMITED	Other shareholders funds	0.7128255778591525	0.5051955580711365	3
SILVIGEN LIMITED	Of which cash and cash equivalent  (Last avail. yr)	446.82035295744	0.4184013307094574	4
SILVIGEN LIMITED	Number of employees (Last avail. yr)	2.5	-0.34825775027275085	5
TECHTRIBE B.V.	Debtors	3.451128867416148	-0.4789138734340668	1
TECHTRIBE B.V.	Other current assets  (Last avail. yr)	0.0	-0.3495223820209503	2
TECHTRIBE B.V.	Non current assets	-0.8963963963963963	0.28450968861579895	3
TECHTRIBE B.V.	Capital	0.0	-0.22859495878219604	4
ZENCARD SP. Z O.O.	Tangible fixed assets	14.14985724897814	0.5868815779685974	1
ZENCARD SP. Z O.O.	Operating revenue  Turnover   (Last avail. yr)	338463.742979049	0.4611884355545044	2
ZENCARD SP. Z O.O.	Shareholders funds	-4.960940027235885	0.4430278539657593	3
ZENCARD SP. Z O.O.	Working capital  (Last avail. yr)	-58129.507104435	0.3675214946269989	4
TRAEDE APS	Capital	-0.002194032743974762	-1.8944259881973267	1
TRAEDE APS	Number of employees	0.2	-0.6591497659683228	2
TRAEDE APS	Of which cash and cash equivalent	14.56577308919397	0.32988840341567993	3
TRAEDE APS	P/L before tax	12.10123709473383	-0.3110668659210205	4
ENDOMONDO APS	Capital	-0.0008340190295754944	-1.0440844297409058	1
ENDOMONDO APS	Non current assets  (Last avail. yr)	0.0	0.7967287302017212	2
ENDOMONDO APS	Other current liabilities  (Last avail. yr)	0.0	-0.3213435113430023	3
ENDOMONDO APS	Number of employees (Last avail. yr)	0.0	0.2595069408416748	4
ATOM BANK PLC	Number of employees (Last avail. yr)	504.0	-1.3077574968338013	1
ATOM BANK PLC	Operating revenue  Turnover   (Last avail. yr)	115613672.551159	-0.5070691704750061	2
ATOM BANK PLC	Number of employees	0.1150442477876106	-0.504353404045105	3
ATOM BANK PLC	P/L before tax	-1.682098949687789	-0.4733492136001587	4
ATOM BANK PLC	Tangible fixed assets  (Last avail. yr)	449.0318052574795	-0.42273470759391785	5
EUROSENDER, SPLETNE STORITVE, D.O.O.	Number of employees (Last avail. yr)	49.0	-0.7286643385887146	1
EUROSENDER, SPLETNE STORITVE, D.O.O.	Other current liabilities  (Last avail. yr)	7844.38	0.6104981303215027	2
EUROSENDER, SPLETNE STORITVE, D.O.O.	P/L before tax  (Last avail. yr)	64380.24	-0.5653902292251587	3
EUROSENDER, SPLETNE STORITVE, D.O.O.	Number of employees	0.06521739130434782	-0.33057668805122375	4
EUROSENDER, SPLETNE STORITVE, D.O.O.	Debtors  (Last avail. yr)	352035.2	-0.32779958844184875	5
COOLSTUFF AB	Capital	-0.03416474395475509	1.300238013267517	1
COOLSTUFF AB	Other current assets	0.3484169579753287	-0.42674964666366577	2
COOLSTUFF AB	Solvency ratio  Asset based	0.09116971222234373	-0.3241046667098999	3
COOLSTUFF AB	NACE 47	True	0.31683632731437683	4
COOLSTUFF AB	Operating revenue  Turnover   (Last avail. yr)	11168688.3361988	-0.24359509348869324	5
BIN CODE	Consolidation code NF	True	-0.5453734397888184	1
BIN CODE	Capital	0.0	-0.38837969303131104	2
BIN CODE	Current assets  (Last avail. yr)	362620.634501137	0.1444517970085144	3
BIN CODE	Current assets	-0.014479097142360734	0.1381048858165741	4
IBIDEX LIMITED	Capital	-0.1399077394354327	1.6445053815841675	1
IBIDEX LIMITED	Current liabilities  (Last avail. yr)	0.0	0.31797274947166443	2
IBIDEX LIMITED	Tangible fixed assets  (Last avail. yr)	0.0	-0.2685587704181671	3
IBIDEX LIMITED	Number of employees (Last avail. yr)	13.0	0.204612597823143	4
IBIDEX LIMITED	Current assets  (Last avail. yr)	0.0	0.18641500174999237	5
COMPOSITENCE GMBH	Solvency ratio  Asset based	10.08598510494245	-0.5855064392089844	1
COMPOSITENCE GMBH	Capital	0.0	-0.31367620825767517	2
COMPOSITENCE GMBH	Tangible fixed assets  (Last avail. yr)	640137.46	0.31281059980392456	3
COMPOSITENCE GMBH	Shareholders funds	7.622014259351255	-0.2879376709461212	4
COMPOSITENCE GMBH	Other shareholders funds	-1.192472077726163	0.2643216848373413	5
MERIAURA GROUP OYJ	Quoted Yes	True	-2.7729318141937256	1
MERIAURA GROUP OYJ	Number of employees (Last avail. yr)	164.0	-0.5377712249755859	2
MERIAURA GROUP OYJ	Tangible fixed assets  (Last avail. yr)	26936000.0	0.48478227853775024	3
MERIAURA GROUP OYJ	Of which cash and cash equivalent  (Last avail. yr)	8115000.0	-0.47311320900917053	4
MERIAURA GROUP OYJ	Current liabilities  (Last avail. yr)	11534000.0	-0.42130374908447266	5
C.M. SISTEMI	Consolidation code NF	True	-1.0460712909698486	1
C.M. SISTEMI	Capital	0.0	-0.38287797570228577	2
C.M. SISTEMI	NACE na	True	0.373117595911026	3
C.M. SISTEMI	Other shareholders funds	-0.04639479905437352	-0.16863684356212616	4
GREEN EARTH AEROGEL TECHNOLOGIES	Capital	0.0186373119753216	-1.0467681884765625	1
GREEN EARTH AEROGEL TECHNOLOGIES	Tangible fixed assets	-0.4029097292196832	-0.371414452791214	2
GREEN EARTH AEROGEL TECHNOLOGIES	Consolidation code NF	True	-0.31911802291870117	3
GREEN EARTH AEROGEL TECHNOLOGIES	Working capital  (Last avail. yr)	-616779.197255571	0.294820100069046	4
GREEN EARTH AEROGEL TECHNOLOGIES	Debtors		-0.29325467348098755	5
ELIMI SP. Z O.O.	Capital  (Last avail. yr)	0.0	-0.8355390429496765	1
ELIMI SP. Z O.O.	Capital	-1.0	0.5163187980651855	2
ELIMI SP. Z O.O.	Current liabilities  (Last avail. yr)	0.0	0.45939722657203674	3
ELIMI SP. Z O.O.	Number of employees (Last avail. yr)	19.0	0.2784041166305542	4
ELIMI SP. Z O.O.	Non current assets  (Last avail. yr)	0.0	0.2641637325286865	5
AFRIMAX	Consolidation code NF	True	-1.0460712909698486	1
AFRIMAX	Capital	0.0	-0.3832980990409851	2
AFRIMAX	NACE na	True	0.373117595911026	3
AFRIMAX	Other current liabilities	0.0	-0.17395639419555664	4
DIGITAL LOYALTY SYSTEM LIMITED LIABILITY COMPANY	Capital	-0.243010216172561	-0.9722824096679688	1
DIGITAL LOYALTY SYSTEM LIMITED LIABILITY COMPANY	Of which cash and cash equivalent  (Last avail. yr)	1220.91966119413	0.5380993485450745	2
DIGITAL LOYALTY SYSTEM LIMITED LIABILITY COMPANY	Number of employees	0.05	-0.3491584062576294	3
DIGITAL LOYALTY SYSTEM LIMITED LIABILITY COMPANY	Other current liabilities  (Last avail. yr)	0.0	-0.3424963653087616	4
DIGITAL LOYALTY SYSTEM LIMITED LIABILITY COMPANY	Number of employees (Last avail. yr)	42.0	-0.33507081866264343	5
MEITICHEOL TEORANTA	NACE na	True	1.5058625936508179	1
MEITICHEOL TEORANTA	Capital	0.1235682490365369	1.3662574291229248	2
MEITICHEOL TEORANTA	Shareholders funds	-2.755294710010385	0.3600078523159027	3
MEITICHEOL TEORANTA	Working capital  (Last avail. yr)	-36129.0	0.27236610651016235	4
COVELUS LTD	Capital	0.007799087969595503	-0.45776861906051636	1
COVELUS LTD	Other shareholders funds	1.171417576129871	0.37679195404052734	2
COVELUS LTD	Tangible fixed assets  (Last avail. yr)	9557.62179451905	-0.2606961727142334	3
COVELUS LTD	Number of employees (Last avail. yr)	30.0	-0.2388652116060257	4
COVELUS LTD	P/L before tax  (Last avail. yr)	0.0	-0.22702409327030182	5
DIGICOMPANION	Debtors  (Last avail. yr)	191123.0	-0.41362136602401733	1
DIGICOMPANION	Tangible fixed assets  (Last avail. yr)	690.0	-0.3516012728214264	2
DIGICOMPANION	Of which cash and cash equivalent  (Last avail. yr)	30359.0	0.29993265867233276	3
DIGICOMPANION	Debtors	1.384893747114389	-0.2925950288772583	4
DIGICOMPANION	Other shareholders funds	-0.2423509887025997	-0.24495159089565277	5
ABACUS E-MEDIA	Consolidation code NF	True	-0.3745284676551819	1
ABACUS E-MEDIA	NACE na	True	0.3613632321357727	2
ABACUS E-MEDIA	Capital	0.0	-0.35990434885025024	3
ABACUS E-MEDIA	Operating revenue  Turnover   (Last avail. yr)	106690.3966795545	0.1762586236000061	4
IM3D S.R.L. IN LIQUIDAZIONE	Non current assets	0.3136149336604062	-0.476386696100235	1
IM3D S.R.L. IN LIQUIDAZIONE	Non current assets  (Last avail. yr)	0.0	0.4636363089084625	2
IM3D S.R.L. IN LIQUIDAZIONE	Number of employees	0.09477124183006536	-0.3652087152004242	3
IM3D S.R.L. IN LIQUIDAZIONE	Depreciation   Amortization  (Last avail. yr)	1546454.15	0.28897973895072937	4
IM3D S.R.L. IN LIQUIDAZIONE	Capital	0.0	-0.2762469947338104	5
CIKLUM TOB	Consolidation code NF	True	-1.0460712909698486	1
CIKLUM TOB	Capital	0.0	-0.39511367678642273	2
CIKLUM TOB	NACE na	True	0.373117595911026	3
CIKLUM TOB	Other shareholders funds	-0.04639479905437352	-0.16863684356212616	4
ADBRAIN LTD	Capital	-0.01630564008094863	0.6822543740272522	1
ADBRAIN LTD	P/L for period   Net income   (Last avail. yr)	-3737.3680957894	-0.48449593782424927	2
ADBRAIN LTD	Number of employees	-0.25	-0.3186438977718353	3
ADBRAIN LTD	Tangible fixed assets	-0.5494796140854217	-0.3002062141895294	4
ADBRAIN LTD	Solvency ratio  Asset based  (Last avail. yr)	-44.42	-0.29329416155815125	5
ANGIODROID S.P.A.	Intangible assets	0.9457985359677029	0.714691698551178	1
ANGIODROID S.P.A.	Number of employees	0.1818181818181818	-0.557666003704071	2
ANGIODROID S.P.A.	Capital	2.289547233091112	0.5302175879478455	3
ANGIODROID S.P.A.	Other shareholders funds	1.915667764655874	0.4417508542537689	4
ANGIODROID S.P.A.	Solvency ratio  Asset based	0.1839659931830846	-0.32045942544937134	5
YONDR BELGIUM	Debtors  (Last avail. yr)	2155861.0	-0.5527317523956299	1
YONDR BELGIUM	Non current assets	-1.0	0.4486171007156372	2
YONDR BELGIUM	Non current assets  (Last avail. yr)	0.0	0.4446215331554413	3
YONDR BELGIUM	Current liabilities	0.5031500236188894	-0.2753041386604309	4
YONDR BELGIUM	Of which cash and cash equivalent  (Last avail. yr)	116396.8974691335	0.26094937324523926	5
AUDION THERAPEUTICS B.V.	Debtors	2.179575198455267	-0.4957358241081238	1
AUDION THERAPEUTICS B.V.	Other current assets  (Last avail. yr)	0.0	-0.38548916578292847	2
AUDION THERAPEUTICS B.V.	Capital	0.0	-0.2599886953830719	3
AUDION THERAPEUTICS B.V.	Tangible fixed assets  (Last avail. yr)	493999.0	0.1936732530593872	4
AUDION THERAPEUTICS B.V.	Current liabilities  (Last avail. yr)	2546.0	0.17755943536758423	5
SIMPLY ZESTY LIMITED	Capital  (Last avail. yr)	0.0	-0.7056030631065369	1
SIMPLY ZESTY LIMITED	Non current assets  (Last avail. yr)	0.0	0.40569281578063965	2
SIMPLY ZESTY LIMITED	Total assets	0.2552763819095477	-0.3707943856716156	3
SIMPLY ZESTY LIMITED	Capital	0.0	-0.2534264028072357	4
FUTURE HOME AS	Capital	8.197023112310024	1.0311585664749146	1
FUTURE HOME AS	Intangible assets	3.684260567412227	0.5510156154632568	2
FUTURE HOME AS	Debtors	2.100304680090475	-0.31530824303627014	3
FUTURE HOME AS	Tangible fixed assets  (Last avail. yr)	4323.3574070652	-0.29764464497566223	4
FUTURE HOME AS	Non current liabilities	-1.0	-0.2889460325241089	5
STARTUP WISE GUYS SA	Capital	0.0186373119753216	-1.0394833087921143	1
STARTUP WISE GUYS SA	Tangible fixed assets	-0.4029097292196832	-0.3892444670200348	2
STARTUP WISE GUYS SA	Debtors		-0.3834431767463684	3
STARTUP WISE GUYS SA	Working capital  (Last avail. yr)	-616779.197255571	0.3308143615722656	4
STARTUP WISE GUYS SA	Intangible assets  (Last avail. yr)	4892065.85250544	-0.25910741090774536	5
MATERIALISE NV	Quoted Yes	True	-2.566382884979248	1
MATERIALISE NV	Of which cash and cash equivalent  (Last avail. yr)	127573000.0	-0.6971408128738403	2
MATERIALISE NV	Number of employees (Last avail. yr)	2437.0	-0.6785954833030701	3
MATERIALISE NV	Tangible fixed assets  (Last avail. yr)	103502000.0	0.5663507580757141	4
MATERIALISE NV	Working capital	0.1057547728618946	-0.3691232204437256	5
MIRACOR MEDICAL SYSTEMS GMBH	Capital	0.3500268616624386	1.1397340297698975	1
MIRACOR MEDICAL SYSTEMS GMBH	Current liabilities  (Last avail. yr)	0.0	0.8477986454963684	2
MIRACOR MEDICAL SYSTEMS GMBH	Number of employees	0.125	-0.47412726283073425	3
MIRACOR MEDICAL SYSTEMS GMBH	Intangible assets	0.7984375869448502	0.43925097584724426	4
MIRACOR MEDICAL SYSTEMS GMBH	Operating revenue  Turnover   (Last avail. yr)	80587464.62044808	-0.37312647700309753	5
MEGAZEBRA GMBH	Capital	0.0	-0.34024399518966675	1
MEGAZEBRA GMBH	Of which cash and cash equivalent  (Last avail. yr)	1508445.07	-0.2935978174209595	2
MEGAZEBRA GMBH	Total assets	0.09189288313101722	-0.25414523482322693	3
MEGAZEBRA GMBH	Current liabilities	0.6771425027439071	-0.2533204257488251	4
MEGAZEBRA GMBH	Tangible fixed assets  (Last avail. yr)	4143.0	-0.21625728905200958	5
HAVKRAFT	Capital		-0.7785845398902893	1
HAVKRAFT	Number of employees (Last avail. yr)		0.43318119645118713	2
HAVKRAFT	Non current assets		-0.34733888506889343	3
HAVKRAFT	P/L before tax		-0.32472488284111023	4
HAVKRAFT	Current ratio (Last avail. yr)		0.3122820556163788	5
UCB PHARMA	Tangible fixed assets  (Last avail. yr)	869136000.0	0.7902070879936218	1
UCB PHARMA	Number of employees (Last avail. yr)	1464.0	-0.6321152448654175	2
UCB PHARMA	Working capital	0.455308911738992	-0.4513610899448395	3
UCB PHARMA	Of which cash and cash equivalent  (Last avail. yr)	7687000.0	-0.42653486132621765	4
UCB PHARMA	Long term debt  (Last avail. yr)	2081400000.0	0.4057496190071106	5
TRIPWOLF GMBH	Current liabilities  (Last avail. yr)	0.0	0.609103262424469	1
TRIPWOLF GMBH	Tangible fixed assets  (Last avail. yr)	611.32	-0.3409278392791748	2
TRIPWOLF GMBH	Of which cash and cash equivalent	60.16683015440508	0.31997498869895935	3
TRIPWOLF GMBH	Non current assets	-0.9483728832451476	0.29272302985191345	4
TRIPWOLF GMBH	Total shareholders  funds and liabilities	-0.4988003908581991	0.2897571325302124	5
VELES PLYUS	Other current liabilities  (Last avail. yr)	0.0	-0.4344309866428375	1
VELES PLYUS	Debtors  (Last avail. yr)	0.0	0.30548253655433655	2
VELES PLYUS	Current ratio	0.5080174927113701	-0.29439055919647217	3
VELES PLYUS	Current assets  (Last avail. yr)	3034.01321968213	0.2938833236694336	4
VELES PLYUS	Debtors	0.1732240543755596	-0.27206775546073914	5
SOLARPRINT LIMITED	NACE na	True	1.4588135480880737	1
SOLARPRINT LIMITED	Capital	0.04545454545454546	0.9923439621925354	2
SOLARPRINT LIMITED	Debtors  (Last avail. yr)	276543.0	-0.48164859414100647	3
SOLARPRINT LIMITED	Debtors	0.5707851000261284	-0.3326835334300995	4
SOLARPRINT LIMITED	Other shareholders funds  (Last avail. yr)	861756.0	-0.27100670337677	5
INSIGNIA TECHNOLOGIES LIMITED	Capital	0.9136399033006739	1.149459719657898	1
INSIGNIA TECHNOLOGIES LIMITED	Tangible fixed assets	2.810581604346071	0.5117776393890381	2
INSIGNIA TECHNOLOGIES LIMITED	Operating revenue  Turnover   (Last avail. yr)	338463.742979049	0.43834009766578674	3
INSIGNIA TECHNOLOGIES LIMITED	Solvency ratio  Asset based	0.174407970735464	-0.4362483024597168	4
INSIGNIA TECHNOLOGIES LIMITED	Tangible fixed assets  (Last avail. yr)	144104.073353376	0.24459628760814667	5
CELLTRAN LIMITED	Capital	3.25421465572405	0.8203462958335876	1
CELLTRAN LIMITED	Other shareholders funds	1.219362412124634	0.44022196531295776	2
CELLTRAN LIMITED	Working capital  (Last avail. yr)	-343810.468166989	0.3402215540409088	3
CELLTRAN LIMITED	Number of employees	0.2727272727272727	-0.32981154322624207	4
CELLTRAN LIMITED	P/L before tax	6.701209881130123	-0.2661859095096588	5
DIATOS	Of which cash and cash equivalent  (Last avail. yr)	3235403.0	-0.7411516904830933	1
DIATOS	Capital	2.194571707777905	0.6851755976676941	2
DIATOS	Of which provisions  (Last avail. yr)	116687.0	0.3554817736148834	3
DIATOS	Total assets  (Last avail. yr)	11752132.0	-0.35166001319885254	4
DIATOS	Intangible assets  (Last avail. yr)	3736339.0	-0.3353099524974823	5
CURRENCYBIRD LIMITED	Number of employees (Last avail. yr)	70.0	-0.862069845199585	1
CURRENCYBIRD LIMITED	Operating revenue  Turnover   (Last avail. yr)	29465451.42123215	-0.40429604053497314	2
CURRENCYBIRD LIMITED	Of which cash and cash equivalent  (Last avail. yr)	1388521.9947157851	-0.3846057951450348	3
CURRENCYBIRD LIMITED	P/L before tax	-1.581816117861174	-0.38233137130737305	4
VISIOGROUP	Current liabilities  (Last avail. yr)	17258.0	0.32578155398368835	1
VISIOGROUP	Creditors  (Last avail. yr)	2714.0	-0.3047705292701721	2
VISIOGROUP	Capital	0.0	-0.2798968553543091	3
VISIOGROUP	Current assets  (Last avail. yr)	32317.0	0.2585461437702179	4
VISIOGROUP	Of which cash and cash equivalent  (Last avail. yr)	5468.0	0.24919217824935913	5
REVEALR SOFTWARE LIMITED	Capital	0.0	-0.3581107258796692	1
REVEALR SOFTWARE LIMITED	Tangible fixed assets	-0.1732387036569349	0.1668114811182022	2
REVEALR SOFTWARE LIMITED	Current assets  (Last avail. yr)	362620.634501137	0.14832600951194763	3
REVEALR SOFTWARE LIMITED	Current assets	-0.014479097142360734	0.1381048858165741	4
B.S. GEOTEKNIK APS	Other current liabilities  (Last avail. yr)	403.70238365888	-0.39830294251441956	1
B.S. GEOTEKNIK APS	Current liabilities	0.1491149672671643	-0.342786967754364	2
B.S. GEOTEKNIK APS	Current assets	-0.3398170353769106	-0.2955467402935028	3
B.S. GEOTEKNIK APS	P/L before tax	10.11846601259166	-0.2829976975917816	4
J LEFEBVRE LIMITED	Capital  (Last avail. yr)	0.0	-1.046986699104309	1
J LEFEBVRE LIMITED	Capital	0.0	-0.33065149188041687	2
J LEFEBVRE LIMITED	Number of employees (Last avail. yr)	19.0	0.3249324858188629	3
J LEFEBVRE LIMITED	Other shareholders funds  (Last avail. yr)	-51607.0	0.3068317472934723	4
TRADIMO INTERACTIVE APS	Capital	-0.0007165013602853428	-0.9235045909881592	1
TRADIMO INTERACTIVE APS	Other current liabilities  (Last avail. yr)	3361.77608626529	0.6485958695411682	2
TRADIMO INTERACTIVE APS	Non current assets  (Last avail. yr)	0.0	0.6424787640571594	3
TRADIMO INTERACTIVE APS	Current liabilities  (Last avail. yr)	11564.5097367526	0.457571417093277	4
WEWANTTOKNOW AS	Capital	-0.5464196106861885	0.7612631916999817	1
WEWANTTOKNOW AS	Non current assets	17.97239446517696	-0.4505951404571533	2
WEWANTTOKNOW AS	Tangible fixed assets	1.869745277916157	0.3284313380718231	3
WEWANTTOKNOW AS	Working capital  (Last avail. yr)	-127335.979201269	0.3242328464984894	4
WEWANTTOKNOW AS	P/L before tax  (Last avail. yr)	-234571.567052692	0.3227353096008301	5
HANTEC MARKETS LIMITED	Tangible fixed assets  (Last avail. yr)	242202.508721583	0.3710426092147827	1
HANTEC MARKETS LIMITED	Solvency ratio  Asset based	0.1133093098788556	-0.3326161205768585	2
HANTEC MARKETS LIMITED	Number of employees	0.5925925925925926	-0.3014911413192749	3
HANTEC MARKETS LIMITED	Debtors  (Last avail. yr)	307748.214003123	-0.28433889150619507	4
HANTEC MARKETS LIMITED	Number of employees (Last avail. yr)	43.0	-0.2724045217037201	5
ADS-CLICK S.A.	Consolidation code NF	True	-1.0460712909698486	1
ADS-CLICK S.A.	Capital	0.0	-0.42354801297187805	2
ADS-CLICK S.A.	NACE na	True	0.373117595911026	3
NIU LIMITED	Non current assets  (Last avail. yr)	0.0	0.799993097782135	1
NIU LIMITED	Non current assets	-1.0	0.6127228140830994	2
NIU LIMITED	Solvency ratio  Asset based	2.839190472711332	-0.48162150382995605	3
NIU LIMITED	Capital	0.0207894831336011	-0.4561678469181061	4
NIU LIMITED	Current liabilities  (Last avail. yr)	6475866.57608524	-0.38555917143821716	5
SPONSIA LTD OOD	Other current liabilities  (Last avail. yr)	0.0	-0.6846526265144348	1
SPONSIA LTD OOD	Debtors  (Last avail. yr)	0.0	0.43806836009025574	2
SPONSIA LTD OOD	Of which cash and cash equivalent  (Last avail. yr)	511.276204036642	0.4349323511123657	3
SPONSIA LTD OOD	Current liabilities  (Last avail. yr)	0.0	0.3679615259170532	4
COUCHFUNK GMBH	Solvency ratio  Asset based	15.08881163084703	-0.3567301630973816	1
COUCHFUNK GMBH	Capital	0.0	-0.3417084217071533	2
COUCHFUNK GMBH	Of which provisions  (Last avail. yr)	100279.05	0.2813907563686371	3
COUCHFUNK GMBH	Current ratio	4.867599569429493	-0.2489941418170929	4
COUCHFUNK GMBH	Shareholders funds	14.30725307878497	-0.24835897982120514	5
OMMVEN LIMITED	Capital	0.0562786862529297	1.2176388502120972	1
OMMVEN LIMITED	Other shareholders funds  (Last avail. yr)	-46343.2406759832	0.4329688251018524	2
OMMVEN LIMITED	Current assets	-0.02155007272279522	0.17917640507221222	3
OMMVEN LIMITED	Current assets  (Last avail. yr)	375841.450745115	0.12935858964920044	4
OMMVEN LIMITED	Solvency ratio  Asset based	-0.07402052978540297	0.12624213099479675	5
HAXI LTD	Capital	-0.03465626166972846	1.3039926290512085	1
HAXI LTD	Capital  (Last avail. yr)	1.12661635349658	-0.4945650100708008	2
HAXI LTD	Current liabilities  (Last avail. yr)	0.0	0.4382646381855011	3
HAXI LTD	Debtors  (Last avail. yr)	0.0	0.36874690651893616	4
HAXI LTD	Of which cash and cash equivalent  (Last avail. yr)	1.12661635349658	0.3608991205692291	5
TIME WARDEN LIMITED	Non current assets	-1.0	0.6065563559532166	1
TIME WARDEN LIMITED	Other current liabilities  (Last avail. yr)	7869.0	0.326757550239563	2
TIME WARDEN LIMITED	Capital	0.0	-0.3035280704498291	3
TIME WARDEN LIMITED	Debtors  (Last avail. yr)	519.0	0.2968490421772003	4
JEDOX GMBH	Of which cash and cash equivalent  (Last avail. yr)	12971209.54	-0.8131094574928284	1
JEDOX GMBH	Number of employees (Last avail. yr)	257.0	-0.7083659172058105	2
JEDOX GMBH	Current liabilities  (Last avail. yr)	19489450.5	-0.38833609223365784	3
JEDOX GMBH	Operating revenue  Turnover   (Last avail. yr)	48487993.81	-0.383998304605484	4
JEDOX GMBH	Other current assets  (Last avail. yr)	36272358.87	-0.3831338584423065	5
APPLIXURE OY	P/L before tax  (Last avail. yr)	32000.0	-0.48667845129966736	1
APPLIXURE OY	P/L before tax	-1.380952380952381	-0.3716244101524353	2
APPLIXURE OY	Other shareholders funds	0.9696969696969697	0.3267222046852112	3
APPLIXURE OY	Current liabilities	0.1625615763546798	-0.2970692217350006	4
APPLIXURE OY	P/L for period   Net income   (Last avail. yr)	32000.0	-0.2610606849193573	5
MACOSCOPE SP. Z O.O. W LIKWIDACJI	Capital	0.07975314604008125	1.2548372745513916	1
MACOSCOPE SP. Z O.O. W LIKWIDACJI	Capital  (Last avail. yr)	1379.88871143554	0.6048765182495117	2
MACOSCOPE SP. Z O.O. W LIKWIDACJI	Other current liabilities  (Last avail. yr)	229.981451905923	-0.5477938055992126	3
MACOSCOPE SP. Z O.O. W LIKWIDACJI	Debtors	4.398765730200367	-0.4581955373287201	4
NOVAVAX AB	Number of employees	0.1676646706586826	-0.8966201543807983	1
NOVAVAX AB	Capital	0.002323418675439208	-0.7710170149803162	2
NOVAVAX AB	Number of employees (Last avail. yr)	195.0	-0.5505898594856262	3
NOVAVAX AB	Of which cash and cash equivalent  (Last avail. yr)	5301202.71155699	-0.5024412870407104	4
NOVAVAX AB	Tangible fixed assets  (Last avail. yr)	6089416.6266785	0.501339852809906	5
BIG GAME HUNTERS LIMITED	Capital	0.01863731197532119	-2.0009307861328125	1
BIG GAME HUNTERS LIMITED	Of which provisions  (Last avail. yr)	420952.55	0.5954965353012085	2
BIG GAME HUNTERS LIMITED	Current liabilities  (Last avail. yr)	0.0	0.5051564574241638	3
BIG GAME HUNTERS LIMITED	Operating revenue  Turnover   (Last avail. yr)	80587464.62044808	-0.45174774527549744	4
BIG GAME HUNTERS LIMITED	Creditors	-0.5714285714285714	-0.26264864206314087	5
ELECTRONICSTARS LTD	NACE na	True	1.0604162216186523	1
ELECTRONICSTARS LTD	Other shareholders funds	0.5347616711552516	0.4910348653793335	2
ELECTRONICSTARS LTD	Other shareholders funds  (Last avail. yr)	-766483.0	0.4065028131008148	3
ELECTRONICSTARS LTD	Of which cash and cash equivalent  (Last avail. yr)	36692.0	0.35054364800453186	4
ELECTRONICSTARS LTD	Working capital  (Last avail. yr)	-77005.0	0.3253769874572754	5
FOREST CHEMICAL GROUP SA	Number of employees	0.103448275862069	-0.43009766936302185	1
FOREST CHEMICAL GROUP SA	Solvency ratio  Asset based	0.1531921167739715	-0.3371443450450897	2
FOREST CHEMICAL GROUP SA	P/L before tax  (Last avail. yr)	416295.96	-0.31184589862823486	3
FOREST CHEMICAL GROUP SA	Current liabilities  (Last avail. yr)	8321640.16	-0.3043110966682434	4
FOREST CHEMICAL GROUP SA	Long term debt  (Last avail. yr)	4930137.46	0.2883705198764801	5
MOBILE INDUSTRIAL ROBOTS A/S	Capital	-0.002194032743975413	-1.7572308778762817	1
MOBILE INDUSTRIAL ROBOTS A/S	Of which cash and cash equivalent  (Last avail. yr)	12124144.225483	-0.7656194567680359	2
MOBILE INDUSTRIAL ROBOTS A/S	Number of employees (Last avail. yr)	280.0	-0.6367262601852417	3
MOBILE INDUSTRIAL ROBOTS A/S	Operating revenue  Turnover   (Last avail. yr)	61922362.5963326	-0.42626672983169556	4
MOBILE INDUSTRIAL ROBOTS A/S	Tangible fixed assets  (Last avail. yr)	2172175.41906091	0.41972118616104126	5
EVOLSO LIMITED	Capital	0.0	-0.3581107258796692	1
EVOLSO LIMITED	Tangible fixed assets	-0.1732387036569349	0.1668114811182022	2
EVOLSO LIMITED	Current assets  (Last avail. yr)	362620.634501137	0.14832600951194763	3
EVOLSO LIMITED	Current assets	-0.014479097142360734	0.1381048858165741	4
BLUE DOT WORLD LIMITED	Capital  (Last avail. yr)	0.0	-1.11361563205719	1
BLUE DOT WORLD LIMITED	Current liabilities  (Last avail. yr)	0.0	0.445901483297348	2
BLUE DOT WORLD LIMITED	Current liabilities	0.1400517080517778	-0.4058173894882202	3
BLUE DOT WORLD LIMITED	Total shareholders  funds and liabilities	-0.8585981307455511	0.3575814366340637	4
BLUE DOT WORLD LIMITED	Non current assets	0.01863731197532092	-0.3165343403816223	5
F N Z	Number of employees (Last avail. yr)	457.0	-1.3249785900115967	1
F N Z	Consolidation code LF	True	-0.6690809726715088	2
F N Z	Operating revenue  Turnover   (Last avail. yr)	41005629.2367998	-0.4071345329284668	3
F N Z	P/L before tax	-1.581816117861174	-0.3980814814567566	4
SILICON AND SOFTWARE SYSTEMS LIMITED	NACE na	True	0.9275635480880737	1
SILICON AND SOFTWARE SYSTEMS LIMITED	Consolidation code NF	True	-0.7330662608146667	2
SILICON AND SOFTWARE SYSTEMS LIMITED	Capital	0.0	-0.39596909284591675	3
SILICON AND SOFTWARE SYSTEMS LIMITED	Operating revenue  Turnover   (Last avail. yr)	106690.3966795545	0.20157626271247864	4
SILICON AND SOFTWARE SYSTEMS LIMITED	Tangible fixed assets  (Last avail. yr)	2800.121461145825	-0.17260442674160004	5
MICRIMA LIMITED	Capital	6.323180275356215	1.234601616859436	1
MICRIMA LIMITED	Of which cash and cash equivalent  (Last avail. yr)	2693946.8123463	-0.3951755464076996	2
MICRIMA LIMITED	Other shareholders funds	-1.233894883618947	0.38891375064849854	3
MICRIMA LIMITED	Tangible fixed assets	-0.3804483245217833	-0.36548662185668945	4
MICRIMA LIMITED	Non current liabilities	-0.9553790432148251	-0.2630178928375244	5
NASDAQ CORPORATE SOLUTIONS INTERNATIONAL LIMITED	Capital	0.0186373119753145	-1.7038580179214478	1
NASDAQ CORPORATE SOLUTIONS INTERNATIONAL LIMITED	Of which cash and cash equivalent  (Last avail. yr)	8352311.12309937	-0.6487633585929871	2
NASDAQ CORPORATE SOLUTIONS INTERNATIONAL LIMITED	Current liabilities  (Last avail. yr)	16797398.8491027	-0.4318980574607849	3
NASDAQ CORPORATE SOLUTIONS INTERNATIONAL LIMITED	Other current assets  (Last avail. yr)	40633900.0224347	-0.37123963236808777	4
NASDAQ CORPORATE SOLUTIONS INTERNATIONAL LIMITED	Tangible fixed assets  (Last avail. yr)	3911343.23634236	0.36140456795692444	5
INTERNET-COLLEGE INTERNATIONAL SL.	Consolidation code NF	True	-0.6099609136581421	1
INTERNET-COLLEGE INTERNATIONAL SL.	Capital	0.0	-0.38970890641212463	2
INTERNET-COLLEGE INTERNATIONAL SL.	Current assets  (Last avail. yr)	362620.634501137	0.14511457085609436	3
OXFORD DRUG DESIGN LIMITED	Capital	0.01863731197532639	-1.9088271856307983	1
OXFORD DRUG DESIGN LIMITED	Other current assets	-0.4942634445201521	0.2755460739135742	2
OXFORD DRUG DESIGN LIMITED	Other shareholders funds	-1.149978772833089	0.2652847468852997	3
OXFORD DRUG DESIGN LIMITED	Debtors  (Last avail. yr)	0.0	0.24217374622821808	4
OXFORD DRUG DESIGN LIMITED	Tangible fixed assets  (Last avail. yr)	5676.22511493707	-0.23859266936779022	5
GIVE AS YOU LIVE LIMITED	Capital	0.01863731197531793	-2.073526620864868	1
GIVE AS YOU LIVE LIMITED	Working capital  (Last avail. yr)	-4059.22129031642	0.2585728168487549	2
GIVE AS YOU LIVE LIMITED	Loans   short term debt  (Last avail. yr)	14134.664935957	-0.22744759917259216	3
GIVE AS YOU LIVE LIMITED	Tangible fixed assets  (Last avail. yr)	9983.24100417967	-0.19992399215698242	4
GIVE AS YOU LIVE LIMITED	Tangible fixed assets	-0.3434943157492399	-0.17949944734573364	5
AZNOG TECHNOLOGIES LIMITED	Capital	0.07858408197262902	1.2749931812286377	1
AZNOG TECHNOLOGIES LIMITED	Of which provisions  (Last avail. yr)	194294.17	0.47535768151283264	2
AZNOG TECHNOLOGIES LIMITED	Of which cash and cash equivalent  (Last avail. yr)	1487.96042658029	0.44242730736732483	3
AZNOG TECHNOLOGIES LIMITED	Current liabilities  (Last avail. yr)	181.735624620494	0.3684791624546051	4
AZNOG TECHNOLOGIES LIMITED	Tangible fixed assets  (Last avail. yr)	1366.42472761534	-0.34835153818130493	5
DEXSTR	Non current assets	0.2370416564253924	-0.3513053357601166	1
DEXSTR	Solvency ratio  Asset based	0.1880374899220638	-0.292202889919281	2
DEXSTR	Current assets  (Last avail. yr)	841956.0	-0.2580890357494354	3
DEXSTR	Capital	0.0	-0.2556101977825165	4
DEXSTR	Current ratio	0.2411847672778563	-0.22364452481269836	5
ROOM IN THE MOON LIMITED	Capital	0.1325364065860657	1.0142080783843994	1
ROOM IN THE MOON LIMITED	Current liabilities  (Last avail. yr)	8655.89471687554	0.6471712589263916	2
ROOM IN THE MOON LIMITED	Of which cash and cash equivalent  (Last avail. yr)	718.000483427464	0.5828760862350464	3
ROOM IN THE MOON LIMITED	Other current liabilities	10.87841934441019	0.5445651412010193	4
ROOM IN THE MOON LIMITED	Other current liabilities  (Last avail. yr)	8655.89471687554	0.5229460597038269	5
SHERPANY AG	Capital	0.003782304982701487	-1.0960049629211426	1
SHERPANY AG	Operating revenue  Turnover   (Last avail. yr)	595897.0	0.2798306345939636	2
SHERPANY AG	Capital  (Last avail. yr)	106903.922761055	0.2732236087322235	3
SHERPANY AG	Consolidation code LF	True	0.1859988570213318	4
GLOBAL ROCKSTAR GMBH	Capital	0.6062043028303842	1.1882435083389282	1
GLOBAL ROCKSTAR GMBH	Current liabilities  (Last avail. yr)	0.0	0.5547654032707214	2
GLOBAL ROCKSTAR GMBH	Solvency ratio  Asset based	11.39884240989213	-0.45899176597595215	3
GLOBAL ROCKSTAR GMBH	P/L before tax  (Last avail. yr)	1621207.5492055234	-0.36094608902931213	4
GLOBAL ROCKSTAR GMBH	Other shareholders funds	2.27190196307456	0.3475876450538635	5
ARCYCLE SOFTWARE LTD	Consolidation code NF	True	-0.5453734397888184	1
ARCYCLE SOFTWARE LTD	Capital	0.0	-0.38837969303131104	2
ARCYCLE SOFTWARE LTD	Current assets  (Last avail. yr)	362620.634501137	0.1444517970085144	3
ARCYCLE SOFTWARE LTD	Current assets	-0.014479097142360734	0.1381048858165741	4
COULL LIMITED	Current liabilities  (Last avail. yr)	1790.99426177119	0.41384613513946533	1
COULL LIMITED	Current ratio	-0.9008264462809917	0.4082634449005127	2
COULL LIMITED	Non current assets  (Last avail. yr)	0.0	0.34660521149635315	3
COULL LIMITED	Capital  (Last avail. yr)	5406634.37349607	-0.3214282691478729	4
COULL LIMITED	Debtors  (Last avail. yr)	0.0	0.303078830242157	5
FUBLES S.R.L.	Number of employees (Last avail. yr)	70.0	-0.9952619075775146	1
FUBLES S.R.L.	Non current assets  (Last avail. yr)	109.0	0.5429749488830566	2
FUBLES S.R.L.	Number of employees	-0.2134831460674157	-0.4723478853702545	3
FUBLES S.R.L.	Non current assets	-0.887396694214876	0.3700072169303894	4
FUBLES S.R.L.	Solvency ratio  Asset based	0.0446212777600438	-0.34486064314842224	5
KYBERNESIS AS	Capital	-0.06417453676845553	0.8317340612411499	1
KYBERNESIS AS	Other current liabilities  (Last avail. yr)	444.924773308262	-0.7734475135803223	2
KYBERNESIS AS	Of which cash and cash equivalent  (Last avail. yr)	177.969909323305	0.3825908601284027	3
KYBERNESIS AS	Debtors  (Last avail. yr)	0.0	0.33784690499305725	4
KYBERNESIS AS	P/L before tax  (Last avail. yr)	-533.909727969914	-0.3171288073062897	5
UMA INFORMATION TECHNOLOGY GMBH	Other current liabilities  (Last avail. yr)	3610.99	0.7516213655471802	1
UMA INFORMATION TECHNOLOGY GMBH	Current liabilities  (Last avail. yr)	3610.99	0.7365235686302185	2
UMA INFORMATION TECHNOLOGY GMBH	Of which cash and cash equivalent  (Last avail. yr)	1165.41	0.6187798976898193	3
UMA INFORMATION TECHNOLOGY GMBH	Other shareholders funds  (Last avail. yr)	-46795.52	0.5049933195114136	4
UMA INFORMATION TECHNOLOGY GMBH	Capital	0.0	-0.2626784145832062	5
DINK	Other current liabilities  (Last avail. yr)	9330.0	0.6698776483535767	1
DINK	Other shareholders funds	40.15620384047267	0.4478903114795685	2
DINK	Other shareholders funds  (Last avail. yr)	-111451.0	0.3104017674922943	3
DINK	Debtors	1.21143897996357	-0.27844294905662537	4
DINK	Solvency ratio  Asset based	0.1503097371744752	-0.24950377643108368	5
SEMU OU	NACE na	True	1.258116602897644	1
SEMU OU	Non current assets  (Last avail. yr)	0.0	0.35025760531425476	2
SEMU OU	Consolidation code NF	False	0.3487774729728699	3
SEMU OU	Other shareholders funds  (Last avail. yr)	-32000.0	0.298803448677063	4
SEMU OU	Debtors  (Last avail. yr)	0.0	0.29728206992149353	5
TF GROUP S.P.A.	Capital	9.0	1.1260648965835571	1
TF GROUP S.P.A.	Solvency ratio  Asset based	0.2376674900815929	-0.5983027815818787	2
TF GROUP S.P.A.	Debtors  (Last avail. yr)	936838.0	-0.4649212658405304	3
TF GROUP S.P.A.	P/L before tax	2.152310134514162	0.3188229501247406	4
TF GROUP S.P.A.	Number of employees (Last avail. yr)	21.0	0.21535125374794006	5
LIXTO SOFTWARE GMBH & CO KG	Current liabilities  (Last avail. yr)	17044.17	0.6591777205467224	1
LIXTO SOFTWARE GMBH & CO KG	Current assets	-0.01771919514571077	0.25624656677246094	2
LIXTO SOFTWARE GMBH & CO KG	Capital	0.0	-0.2543712854385376	3
LIXTO SOFTWARE GMBH & CO KG	Other current liabilities	-0.2393712067118887	-0.24917607009410858	4
LIXTO SOFTWARE GMBH & CO KG	Number of employees (Last avail. yr)	14.0	0.20083855092525482	5
NVMDURANCE LIMITED	Non current assets	-1.0	0.8078404664993286	1
NVMDURANCE LIMITED	Current liabilities  (Last avail. yr)	3880.0	0.5651542544364929	2
NVMDURANCE LIMITED	Other current assets	-0.4990124432154849	0.4076120853424072	3
NVMDURANCE LIMITED	Of which cash and cash equivalent  (Last avail. yr)	4818.0	0.39923152327537537	4
THE BUSINESS OF FASHION LTD	Capital	0.01863731197532053	-1.9676522016525269	1
THE BUSINESS OF FASHION LTD	Number of employees (Last avail. yr)	91.0	-0.7916635870933533	2
THE BUSINESS OF FASHION LTD	Operating revenue  Turnover   (Last avail. yr)	20421227.7411106	-0.41798606514930725	3
THE BUSINESS OF FASHION LTD	Current liabilities  (Last avail. yr)	7750137.97678423	-0.30519136786460876	4
THE BUSINESS OF FASHION LTD	Of which cash and cash equivalent  (Last avail. yr)	946246.895987829	-0.22169968485832214	5
SILKFRED LIMITED	Capital	0.0186373119753216	-1.7571049928665161	1
SILKFRED LIMITED	Number of employees (Last avail. yr)	46.0	-0.4455365240573883	2
SILKFRED LIMITED	Tangible fixed assets	-0.4029097292196832	-0.42467424273490906	3
SILKFRED LIMITED	Working capital  (Last avail. yr)	-616779.197255571	0.36186519265174866	4
SILKFRED LIMITED	Debtors		-0.34613236784935	5
TOUS S.L.	Consolidation code NF	True	-1.0686148405075073	1
TOUS S.L.	Capital	0.0	-0.39644289016723633	2
TOUS S.L.	NACE na	True	0.36815547943115234	3
TOUS S.L.	Other shareholders funds	-0.04639479905437352	-0.16863684356212616	4
MYTWINPLACE SL.	Number of employees	0.1428571428571428	-0.658289909362793	1
MYTWINPLACE SL.	Non current assets	4.513889942666303	-0.5360503792762756	2
MYTWINPLACE SL.	P/L before tax  (Last avail. yr)	29616.27	-0.47609877586364746	3
MYTWINPLACE SL.	Shareholders funds	-1.04617999504777	0.38994139432907104	4
MYTWINPLACE SL.	Creditors	-0.686674923548033	0.3340539336204529	5
WORKCAST	Number of employees (Last avail. yr)	40.0	-0.8351691961288452	1
WORKCAST	Consolidation code LF	True	-0.8174168467521667	2
WORKCAST	Capital	0.0	-0.31378453969955444	3
WORKCAST	Operating revenue  Turnover   (Last avail. yr)	8510989.62985437	-0.1684768795967102	4
TRIPSHAKE LIMITED	Capital  (Last avail. yr)	0.0	-0.8612989187240601	1
TRIPSHAKE LIMITED	Capital	0.0045147513931828465	-0.481266051530838	2
TRIPSHAKE LIMITED	Of which cash and cash equivalent  (Last avail. yr)	282.365891744203	0.389692485332489	3
TRIPSHAKE LIMITED	Operating revenue  Turnover   (Last avail. yr)	338463.742979049	0.34304079413414	4
TRIPSHAKE LIMITED	Solvency ratio  Asset based  (Last avail. yr)	-67.894	0.29057633876800537	5
ANALYTICS ENGINES LIMITED	Capital	0.02518454079941029	-1.1845780611038208	1
ANALYTICS ENGINES LIMITED	Other shareholders funds	1.593867102674221	0.5480418801307678	2
ANALYTICS ENGINES LIMITED	Number of employees	0.35	-0.43101850152015686	3
ANALYTICS ENGINES LIMITED	Debtors  (Last avail. yr)	280856.059838203	-0.4215458333492279	4
ANALYTICS ENGINES LIMITED	Non current assets	0.9804421312498232	-0.27773621678352356	5
NO MORE FILING LTD	Capital	-0.1351513707067099	1.3730831146240234	1
NO MORE FILING LTD	Debtors  (Last avail. yr)	0.0	0.3545054495334625	2
NO MORE FILING LTD	Current ratio	0.3054499366286439	-0.3491285443305969	3
NO MORE FILING LTD	Current liabilities	-0.6650359655806769	0.32407063245773315	4
NO MORE FILING LTD	Current assets  (Last avail. yr)	22349.5971059053	0.3090573251247406	5
THERACHON SAS	Consolidation code NF	True	-1.0182303190231323	1
THERACHON SAS	Capital	0.0	-0.3925921320915222	2
THERACHON SAS	NACE na	True	0.373117595911026	3
THERACHON SAS	Other current liabilities	0.0	-0.17583775520324707	4
SLIIDE LIMITED	Of which provisions  (Last avail. yr)	194294.17	0.42007818818092346	1
SLIIDE LIMITED	Capital	0.0	-0.30355414748191833	2
SLIIDE LIMITED	NACE 61	True	0.22245024144649506	3
SLIIDE LIMITED	Number of employees (Last avail. yr)	31.0	-0.20758448541164398	4
SEATWAVE LIMITED	Capital	-0.03465626166972846	0.9123817682266235	1
SEATWAVE LIMITED	Capital  (Last avail. yr)	1.12661635349658	-0.441832035779953	2
SEATWAVE LIMITED	Intangible assets	1.392479524520755	0.4292939603328705	3
SEATWAVE LIMITED	Of which cash and cash equivalent  (Last avail. yr)	1881983.32649084	-0.41033828258514404	4
SEATWAVE LIMITED	Non current assets	1.301351368062398	-0.3734833002090454	5
JAMGLE SRL IN LIQUIDAZIONE	Capital  (Last avail. yr)	0.0	-0.9929119348526001	1
JAMGLE SRL IN LIQUIDAZIONE	Other current liabilities  (Last avail. yr)	0.0	-0.5288938283920288	2
JAMGLE SRL IN LIQUIDAZIONE	Other shareholders funds  (Last avail. yr)	-96988.0	0.38927894830703735	3
JAMGLE SRL IN LIQUIDAZIONE	P/L before tax  (Last avail. yr)	0.0	-0.28116703033447266	4
JAMGLE SRL IN LIQUIDAZIONE	Net current assets  (Last avail. yr)	-80546.0	0.2647004723548889	5
GINGERSNAP LIMITED	Capital  (Last avail. yr)	0.0	-0.8485037088394165	1
GINGERSNAP LIMITED	Current liabilities	-1.0	0.497089147567749	2
GINGERSNAP LIMITED	Non current assets  (Last avail. yr)	0.0	0.4928254187107086	3
GINGERSNAP LIMITED	Current liabilities  (Last avail. yr)	0.0	0.3628480136394501	4
GINGERSNAP LIMITED	Number of employees (Last avail. yr)	1.0	-0.31051403284072876	5
CLANWILLIAM HEALTH LIMITED	Tangible fixed assets  (Last avail. yr)	2041976.0	0.5139687657356262	1
CLANWILLIAM HEALTH LIMITED	Solvency ratio  Asset based	0.1555498427890605	-0.4821819067001343	2
CLANWILLIAM HEALTH LIMITED	Other shareholders funds	0.4948569845230533	0.46785977482795715	3
CLANWILLIAM HEALTH LIMITED	Number of employees (Last avail. yr)	61.0	-0.4653171896934509	4
BRANDZIPPER LLP	Capital  (Last avail. yr)	0.0	-1.2078262567520142	1
BRANDZIPPER LLP	Other current liabilities  (Last avail. yr)	2771.11273970515	0.6334071755409241	2
BRANDZIPPER LLP	Current liabilities  (Last avail. yr)	2771.11273970515	0.4330095052719116	3
BRANDZIPPER LLP	Of which cash and cash equivalent  (Last avail. yr)	3978.20746621356	0.3679184317588806	4
BRANDZIPPER LLP	Current liabilities	0.1400517080517778	-0.31873810291290283	5
NAVITELL	Capital	-0.7403712754217248	0.7436653971672058	1
NAVITELL	Of which cash and cash equivalent  (Last avail. yr)	4503.0	0.6212420463562012	2
NAVITELL	Other current liabilities	3.842689244568159	0.5858192443847656	3
NAVITELL	Number of employees	-0.25	-0.43814006447792053	4
NAVITELL	P/L for period   Net income   (Last avail. yr)	-595311.0	0.39745742082595825	5
CYPROTEX LIMITED	Capital	15.65125976981547	0.8390999436378479	1
CYPROTEX LIMITED	Capital  (Last avail. yr)	4910532.88905704	-0.5148224830627441	2
CYPROTEX LIMITED	Number of employees (Last avail. yr)	19.0	0.36267727613449097	3
CYPROTEX LIMITED	Tangible fixed assets  (Last avail. yr)	0.0	-0.2976478338241577	4
CYPROTEX LIMITED	Solvency ratio  Asset based	0.0123100100089771	-0.2567591965198517	5
COINIFY APS	Capital	-0.002194032743974866	-1.946506142616272	1
COINIFY APS	Solvency ratio  Asset based	0.2942911312407837	-0.44486016035079956	2
COINIFY APS	Operating revenue  Turnover   (Last avail. yr)	338463.742979049	0.421396940946579	3
COINIFY APS	Total assets  (Last avail. yr)	8071089.50415534	-0.36769312620162964	4
CONSUL RISK MANAGEMENT INTERNATIONAL BV	Of which cash and cash equivalent  (Last avail. yr)	2671000.0	-0.5241308212280273	1
CONSUL RISK MANAGEMENT INTERNATIONAL BV	Current liabilities  (Last avail. yr)	6451000.0	-0.3686951696872711	2
CONSUL RISK MANAGEMENT INTERNATIONAL BV	Current liabilities	0.2391471379177872	-0.25335219502449036	3
CONSUL RISK MANAGEMENT INTERNATIONAL BV	Total assets  (Last avail. yr)	6630000.0	-0.23649802803993225	4
WHERE TO GO OU	Consolidation code NF	True	-0.4164321720600128	1
WHERE TO GO OU	Capital	0.0	-0.39009565114974976	2
WHERE TO GO OU	Current assets  (Last avail. yr)	362620.634501137	0.1444517970085144	3
EVERGIG	Consolidation code NF	True	-0.5666736364364624	1
EVERGIG	P/L before tax  (Last avail. yr)	1621207.5492055234	-0.33577534556388855	2
EVERGIG	Capital	0.0	-0.31580546498298645	3
EVERGIG	Solvency ratio  Asset based	0.1040811225764987	-0.308510422706604	4
EVERGIG	Tangible fixed assets  (Last avail. yr)	1135.638102018321	-0.2956044673919678	5
IADVIZE	Tangible fixed assets	4.704452437058167	0.4595222473144531	1
IADVIZE	P/L before tax	-2.15044134734127	-0.39228788018226624	2
IADVIZE	Debtors  (Last avail. yr)	1046976.0	-0.32704782485961914	3
IADVIZE	Debtors	0.9712607320379575	-0.2999994456768036	4
IADVIZE	Tangible fixed assets  (Last avail. yr)	183980.0	0.28252974152565	5
KEY TRAVEL LIMITED	Consolidation code NF	True	-0.3745284676551819	1
KEY TRAVEL LIMITED	NACE na	True	0.3613632321357727	2
KEY TRAVEL LIMITED	Capital	0.0	-0.35990434885025024	3
KEY TRAVEL LIMITED	Operating revenue  Turnover   (Last avail. yr)	106690.3966795545	0.1762586236000061	4
ROCKOLA MEDIA GROUP SL	Tangible fixed assets	-0.4430389670677535	-0.3847639560699463	1
ROCKOLA MEDIA GROUP SL	Other current liabilities	1.464265868888565	0.3599509298801422	2
ROCKOLA MEDIA GROUP SL	Other shareholders funds  (Last avail. yr)	-1344924.03	0.3068256676197052	3
ROCKOLA MEDIA GROUP SL	Shareholders funds	-6.326567801028672	0.3064649701118469	4
ROCKOLA MEDIA GROUP SL	Solvency ratio  Asset based		0.3052155077457428	5
LIMITED LIABILITY COMPANY SPASEEBO	Capital	0.1437780709540425	1.6356042623519897	1
LIMITED LIABILITY COMPANY SPASEEBO	Number of employees (Last avail. yr)	24.0	0.3688025176525116	2
LIMITED LIABILITY COMPANY SPASEEBO	Capital  (Last avail. yr)	230.067353151252	0.34087175130844116	3
LIMITED LIABILITY COMPANY SPASEEBO	Consolidation code U1	False	0.19533169269561768	4
LIMITED LIABILITY COMPANY SPASEEBO	Other current liabilities	-0.05551252642535617	-0.17394694685935974	5
CHANGEX	NACE na	True	0.9275635480880737	1
CHANGEX	Consolidation code NF	True	-0.7330662608146667	2
CHANGEX	Capital	0.0	-0.39596909284591675	3
CHANGEX	Operating revenue  Turnover   (Last avail. yr)	106690.3966795545	0.20157626271247864	4
CHANGEX	Tangible fixed assets  (Last avail. yr)	2800.121461145825	-0.17260442674160004	5
OGEDA	Non current assets  (Last avail. yr)	0.0	0.8996358513832092	1
OGEDA	Non current assets	-1.0	0.8166046738624573	2
OGEDA	Of which cash and cash equivalent  (Last avail. yr)	5363793.0	-0.623403787612915	3
OGEDA	Capital  (Last avail. yr)	37189244.0	0.34306198358535767	4
OGEDA	Debtors  (Last avail. yr)	0.0	0.31832703948020935	5
DIGITAL THEATRE LIMITED	Capital	0.04551777814837689	1.1680947542190552	1
DIGITAL THEATRE LIMITED	Capital  (Last avail. yr)	1.21781600385675	-0.7660296559333801	2
DIGITAL THEATRE LIMITED	Current liabilities  (Last avail. yr)	0.0	0.6078290343284607	3
DIGITAL THEATRE LIMITED	Number of employees	0.06103286384976525	-0.2996876835823059	4
DIGITAL THEATRE LIMITED	Current liabilities	0.2074898702033407	-0.28078940510749817	5
VINTED, UAB	Tangible fixed assets  (Last avail. yr)	29686096.0	1.1251925230026245	1
VINTED, UAB	Capital	0.1633030188872453	0.8778406381607056	2
VINTED, UAB	Of which cash and cash equivalent  (Last avail. yr)	108419776.0	-0.6981266736984253	3
VINTED, UAB	Other current assets  (Last avail. yr)	245679504.0	-0.37251389026641846	4
VINTED, UAB	Debtors  (Last avail. yr)	40573267.0	-0.37034928798675537	5
GOTOKY, RAZVOJ NOVIH TEHNOLOGIJ, D.O.O.	Other current liabilities  (Last avail. yr)	0.0	-0.5089528560638428	1
GOTOKY, RAZVOJ NOVIH TEHNOLOGIJ, D.O.O.	Other shareholders funds  (Last avail. yr)	-85733.67	0.4411817789077759	2
GOTOKY, RAZVOJ NOVIH TEHNOLOGIJ, D.O.O.	Of which cash and cash equivalent  (Last avail. yr)	570.87	0.40960177779197693	3
GOTOKY, RAZVOJ NOVIH TEHNOLOGIJ, D.O.O.	Number of employees (Last avail. yr)	0.0	0.40922847390174866	4
GOTOKY, RAZVOJ NOVIH TEHNOLOGIJ, D.O.O.	Non current assets  (Last avail. yr)	0.0	0.3865776062011719	5
CR2 LIMITED	Operating revenue  Turnover   (Last avail. yr)	23780324.0	-0.6777084469795227	1
CR2 LIMITED	Of which cash and cash equivalent  (Last avail. yr)	10735680.0	-0.6203031539916992	2
CR2 LIMITED	Number of employees (Last avail. yr)	181.0	-0.47742539644241333	3
CR2 LIMITED	Current liabilities  (Last avail. yr)	8761489.0	-0.366471529006958	4
VIAVOO	Solvency ratio  Asset based	0.4449911504424778	-0.54625004529953	1
VIAVOO	Debtors  (Last avail. yr)	473553.0	-0.31888052821159363	2
VIAVOO	Current assets  (Last avail. yr)	1241646.0	-0.23557503521442413	3
VIAVOO	Debtors	-0.4052911235662967	0.22458527982234955	4
BUNDLR, S.A.	Debtors  (Last avail. yr)	242293.5	-0.48480212688446045	1
BUNDLR, S.A.	Capital	0.0	-0.25671494007110596	2
BUNDLR, S.A.	Number of employees (Last avail. yr)	19.0	0.255402147769928	3
BUNDLR, S.A.	Other shareholders funds  (Last avail. yr)	-22502.0	0.2499045580625534	4
HYGLOS GMBH	Current liabilities  (Last avail. yr)	0.0	0.7254964113235474	1
HYGLOS GMBH	Non current assets	0.2737079949712888	-0.396152138710022	2
HYGLOS GMBH	Of which provisions  (Last avail. yr)	693206.48	0.37659046053886414	3
HYGLOS GMBH	Current liabilities	-1.0	-0.3760724365711212	4
HYGLOS GMBH	P/L before tax		-0.3696835935115814	5
SINBA S.R.L. IN LIQUIDAZIONE	Current liabilities  (Last avail. yr)	4069.0	0.5525354743003845	1
SINBA S.R.L. IN LIQUIDAZIONE	Non current assets	0.8576233183856502	-0.5116384625434875	2
SINBA S.R.L. IN LIQUIDAZIONE	Intangible assets	0.7544843049327354	0.48670732975006104	3
SINBA S.R.L. IN LIQUIDAZIONE	Other current liabilities  (Last avail. yr)	17.0	-0.40424901247024536	4
SINBA S.R.L. IN LIQUIDAZIONE	Current assets  (Last avail. yr)	1307.0	0.3151269257068634	5
STARFISH 360 LTD	Capital	-0.001610875928810263	-1.263058066368103	1
STARFISH 360 LTD	Other current liabilities  (Last avail. yr)	1971.65750285791	0.51097172498703	2
STARFISH 360 LTD	Of which cash and cash equivalent  (Last avail. yr)	164.110807498799	0.4716150760650635	3
STARFISH 360 LTD	Current liabilities  (Last avail. yr)	2670.00136455493	0.43175652623176575	4
STARFISH 360 LTD	Other shareholders funds  (Last avail. yr)	-29103.4804362232	0.3616703152656555	5
TASKHUB LIMITED	Capital	0.0045147513931828465	-0.6424919962882996	1
TASKHUB LIMITED	Operating revenue  Turnover   (Last avail. yr)	338463.742979049	0.41483452916145325	2
TASKHUB LIMITED	Other shareholders funds  (Last avail. yr)	-36587.4395410957	0.3997340500354767	3
TASKHUB LIMITED	Non current assets	0.01611118980830259	-0.2752836048603058	4
TASKHUB LIMITED	Tangible fixed assets  (Last avail. yr)	432.13969850519	-0.2601867616176605	5
INTEGRATED INTERNATIONAL PAYROLL LIMITED	Capital	0.2139306521867782	0.9985292553901672	1
INTEGRATED INTERNATIONAL PAYROLL LIMITED	Long term debt  (Last avail. yr)	22155058.0751273	0.5397413969039917	2
INTEGRATED INTERNATIONAL PAYROLL LIMITED	Of which cash and cash equivalent  (Last avail. yr)	2405813.55778096	-0.44984155893325806	3
INTEGRATED INTERNATIONAL PAYROLL LIMITED	Operating revenue  Turnover   (Last avail. yr)	27786000.1677769	-0.4311067461967468	4
INTEGRATED INTERNATIONAL PAYROLL LIMITED	Number of employees (Last avail. yr)	127.0	-0.4199357032775879	5
DIGITALMR LIMITED	Capital	2.125613548538783	1.2162927389144897	1
DIGITALMR LIMITED	Number of employees	-0.5	-0.361676961183548	2
DIGITALMR LIMITED	Tangible fixed assets  (Last avail. yr)	403.664407569915	-0.35804107785224915	3
DIGITALMR LIMITED	Other shareholders funds	0.6556772053708995	0.32108965516090393	4
DIGITALMR LIMITED	Shareholders funds	-4.714396288325695	0.26043927669525146	5
RESTOPOLITAN ITALIA S.R.L.	Solvency ratio  Asset based	1.05238637540118	-0.5671321153640747	1
RESTOPOLITAN ITALIA S.R.L.	Non current assets  (Last avail. yr)	91.0	0.4684329032897949	2
RESTOPOLITAN ITALIA S.R.L.	Other shareholders funds  (Last avail. yr)	-72384.0	0.4611997604370117	3
RESTOPOLITAN ITALIA S.R.L.	Other shareholders funds	1.01312715541217	0.4178962707519531	4
RESTOPOLITAN ITALIA S.R.L.	Non current assets	-0.9781983708672736	0.30884066224098206	5
ECOMARKET LIMITED	Number of employees (Last avail. yr)	24.0	0.423515647649765	1
ECOMARKET LIMITED	Capital	0.0	-0.35980963706970215	2
ECOMARKET LIMITED	Debtors	0.1732240543755596	-0.1838611662387848	3
ECOMARKET LIMITED	Creditors  (Last avail. yr)	242991.343336262	0.18266773223876953	4
HAL KNOWLEDGE SOLUTIONS	Consolidation code NF	True	-1.0460712909698486	1
HAL KNOWLEDGE SOLUTIONS	Capital	0.0	-0.38287797570228577	2
HAL KNOWLEDGE SOLUTIONS	NACE na	True	0.373117595911026	3
HAL KNOWLEDGE SOLUTIONS	Other shareholders funds	-0.04639479905437352	-0.16863684356212616	4
FLIGHT REFUND KORLATOLT FELELOSSEGU TARSASAG	Capital	0.04671622977130774	1.2157424688339233	1
FLIGHT REFUND KORLATOLT FELELOSSEGU TARSASAG	Current assets  (Last avail. yr)	29296.030810195	0.359584242105484	2
FLIGHT REFUND KORLATOLT FELELOSSEGU TARSASAG	Other shareholders funds	0.4005084029833827	0.33647871017456055	3
FLIGHT REFUND KORLATOLT FELELOSSEGU TARSASAG	Other shareholders funds  (Last avail. yr)	-154220.157554373	0.24300919473171234	4
FLIGHT REFUND KORLATOLT FELELOSSEGU TARSASAG	Creditors  (Last avail. yr)	0.0	0.22137293219566345	5
CHAUFFEUR PRIVE PARIS	Other current liabilities  (Last avail. yr)	2787.0	0.5160644054412842	1
CHAUFFEUR PRIVE PARIS	Current liabilities  (Last avail. yr)	6056.0	0.49254241585731506	2
CHAUFFEUR PRIVE PARIS	Of which cash and cash equivalent  (Last avail. yr)	2188.0	0.42187944054603577	3
CHAUFFEUR PRIVE PARIS	Current assets  (Last avail. yr)	4961.0	0.3909968435764313	4
CHAUFFEUR PRIVE PARIS	P/L before tax	-2.784537553508886	-0.37128278613090515	5
BRIGHTSUN LIMITED	Number of employees	-0.1683168316831683	-0.49669143557548523	1
BRIGHTSUN LIMITED	Tangible fixed assets  (Last avail. yr)	2529305.83673138	0.38415229320526123	2
BRIGHTSUN LIMITED	Capital	0.02201671408215791	-0.3357129395008087	3
BRIGHTSUN LIMITED	Operating revenue  Turnover   (Last avail. yr)	576220.815196489	0.3282660245895386	4
BRIGHTSUN LIMITED	Solvency ratio  Asset based	0.189981470300431	-0.30041685700416565	5
SENSORBERG GMBH	Non current assets	9.47132288703384	-0.5849241614341736	1
SENSORBERG GMBH	Of which provisions  (Last avail. yr)	332500.61	0.29933616518974304	2
SENSORBERG GMBH	Capital	0.0	-0.2859383523464203	3
SENSORBERG GMBH	Shareholders funds	-1.07560136256378	0.27512359619140625	4
SENSORBERG GMBH	Tangible fixed assets	-0.3372654889762701	-0.2334306389093399	5
AUDANIKA GMBH	Current liabilities  (Last avail. yr)	520.0	0.6013646721839905	1
AUDANIKA GMBH	Non current assets	-1.0	0.5880411267280579	2
AUDANIKA GMBH	Non current assets  (Last avail. yr)	0.0	0.48517316579818726	3
AUDANIKA GMBH	Other current liabilities  (Last avail. yr)	520.0	-0.48447340726852417	4
AUDANIKA GMBH	Total assets  (Last avail. yr)	46115.55	0.38883084058761597	5
FOXLIGHT MEDIA LIMITED	Capital  (Last avail. yr)	0.0	-0.7830030918121338	1
FOXLIGHT MEDIA LIMITED	P/L before tax  (Last avail. yr)	1621207.5492055234	-0.44944700598716736	2
FOXLIGHT MEDIA LIMITED	Non current assets  (Last avail. yr)	0.0	0.3927096128463745	3
FOXLIGHT MEDIA LIMITED	Working capital  (Last avail. yr)	-819725.0	0.3560948967933655	4
ENSEMBLI LIMITED	Capital	-0.0954261565162471	1.5984456539154053	1
ENSEMBLI LIMITED	Non current assets	-1.0	0.8562201261520386	2
ENSEMBLI LIMITED	Non current assets  (Last avail. yr)	0.0	0.47976431250572205	3
ENSEMBLI LIMITED	Current liabilities  (Last avail. yr)	6099.49854904152	0.40612101554870605	4
ENSEMBLI LIMITED	Other current liabilities  (Last avail. yr)	6099.49854904152	0.404313862323761	5
ARCHITONIC AG	Consolidation code NF	True	-1.0460712909698486	1
ARCHITONIC AG	Capital	0.0	-0.42354801297187805	2
ARCHITONIC AG	NACE na	True	0.373117595911026	3
CLIX SOFTWARE SP. Z O.O. W LIKWIDACJI	Of which cash and cash equivalent  (Last avail. yr)	1467.13179132248	0.5573988556861877	1
CLIX SOFTWARE SP. Z O.O. W LIKWIDACJI	Intangible assets	6.027934799010308	0.3357868492603302	2
CLIX SOFTWARE SP. Z O.O. W LIKWIDACJI	Non current assets	-0.8934205238501881	0.31189700961112976	3
CLIX SOFTWARE SP. Z O.O. W LIKWIDACJI	Debtors	15.71508817061907	-0.3096924424171448	4
COMBYNE GMBH	Current liabilities  (Last avail. yr)	0.0	0.6714549660682678	1
COMBYNE GMBH	Non current assets	2.304072177517678	-0.3694486916065216	2
COMBYNE GMBH	Capital	0.0	-0.2739775776863098	3
COMBYNE GMBH	Shareholders funds	-1.116984522045463	0.22795867919921875	4
COMBYNE GMBH	Other shareholders funds  (Last avail. yr)	-111835.449999999	0.21866536140441895	5
CLICKWORKER GMBH	Capital	0.5813921408693983	1.3215669393539429	1
CLICKWORKER GMBH	Of which provisions  (Last avail. yr)	393104.0	0.5488272309303284	2
CLICKWORKER GMBH	Operating revenue  Turnover   (Last avail. yr)	338463.742979049	0.36118295788764954	3
CLICKWORKER GMBH	Number of employees	0.09090909090909091	-0.3316476345062256	4
CLICKWORKER GMBH	P/L for period   Net income   (Last avail. yr)	-1170679.134888444	0.26108017563819885	5
WHISHER SL	Consolidation code NF	True	-1.0686148405075073	1
WHISHER SL	Capital	0.0	-0.39644289016723633	2
WHISHER SL	NACE na	True	0.36815547943115234	3
WHISHER SL	Other shareholders funds	-0.04639479905437352	-0.16863684356212616	4
MUSICRAISER S.R.L. IN LIQUIDAZIONE	Shareholders funds	-1.223231895850285	0.38760823011398315	1
MUSICRAISER S.R.L. IN LIQUIDAZIONE	Of which cash and cash equivalent  (Last avail. yr)	12309.0	0.31255871057510376	2
MUSICRAISER S.R.L. IN LIQUIDAZIONE	Other current assets	-0.5234464629068533	0.3079175651073456	3
MUSICRAISER S.R.L. IN LIQUIDAZIONE	Operating revenue  Turnover   (Last avail. yr)	254177.0	0.3031911551952362	4
MUSICRAISER S.R.L. IN LIQUIDAZIONE	Other shareholders funds  (Last avail. yr)	-121521.0	0.2984507381916046	5
ACS BIOMARKER B.V.	Non current assets  (Last avail. yr)	0.0	0.4222092628479004	1
ACS BIOMARKER B.V.	Solvency ratio  Asset based	0.2389660606221117	-0.3997386693954468	2
ACS BIOMARKER B.V.	Debtors  (Last avail. yr)	241979.0	-0.354343056678772	3
ACS BIOMARKER B.V.	Other current assets  (Last avail. yr)	0.0	-0.2991265058517456	4
ACS BIOMARKER B.V.	Non current assets	-1.0	0.2825653851032257	5
SMARTERPHONE AS	Non current assets  (Last avail. yr)	0.0	0.6394370794296265	1
SMARTERPHONE AS	Capital	0.05558987727223526	0.6378849148750305	2
SMARTERPHONE AS	Of which provisions  (Last avail. yr)	1915072.88285243	0.4528791308403015	3
SMARTERPHONE AS	Solvency ratio  Asset based	0.0947833588086627	-0.31972411274909973	4
SMARTERPHONE AS	Of which cash and cash equivalent  (Last avail. yr)	220.110669829599	0.30250105261802673	5
APROXI APS	Capital	-0.0008340190295732515	-1.534664273262024	1
APROXI APS	Operating revenue  Turnover   (Last avail. yr)	80587464.62044808	-0.5649733543395996	2
APROXI APS	Of which provisions  (Last avail. yr)	420952.55	0.4024534523487091	3
APROXI APS	Of which cash and cash equivalent  (Last avail. yr)	4695.0097128413	0.28364309668540955	4
TAGGSTAR UK LIMITED	Capital	0.05508247070051039	1.6717244386672974	1
TAGGSTAR UK LIMITED	Other shareholders funds  (Last avail. yr)	-40734.6226780896	0.4750882089138031	2
TAGGSTAR UK LIMITED	Capital  (Last avail. yr)	135.669018078567	0.40776291489601135	3
TAGGSTAR UK LIMITED	Tangible fixed assets	0.8803449972880386	0.2848460376262665	4
TAGGSTAR UK LIMITED	Other shareholders funds	2.358300772053728	0.2676161229610443	5
BIOMONDE LIMITED	Capital  (Last avail. yr)	0.0	-1.261038064956665	1
BIOMONDE LIMITED	Tangible fixed assets  (Last avail. yr)	449.0318052574795	-0.46325811743736267	2
BIOMONDE LIMITED	Number of employees (Last avail. yr)	19.5	0.4213950037956238	3
BIOMONDE LIMITED	Other current liabilities	1.796394833989677	0.33232223987579346	4
BIOMONDE LIMITED	Capital	0.008356460718575329	-0.29955536127090454	5
APP55 LTD	Intangible assets	0.6803467942590375	0.401532381772995	1
APP55 LTD	Operating revenue  Turnover   (Last avail. yr)	338463.742979049	0.32007259130477905	2
APP55 LTD	Capital	0.02211724956857876	-0.31844714283943176	3
APP55 LTD	Creditors	-1.0	0.2532842457294464	4
APP55 LTD	Non current assets	0.6855793922460062	-0.22564002871513367	5
LODGEO	Consolidation code LF	True	-0.7367702126502991	1
LODGEO	Intangible assets	0.5503490027699778	0.7310381531715393	2
LODGEO	Debtors	0.7114064329178847	-0.3232419490814209	3
LODGEO	Current liabilities  (Last avail. yr)	32485.2158626672	0.2998223602771759	4
SHOPPILOT	Capital	-0.2430102161725627	-1.329182505607605	1
SHOPPILOT	Other current liabilities  (Last avail. yr)	0.0	-0.6306906938552856	2
SHOPPILOT	Number of employees	21.0	-0.6210293173789978	3
SHOPPILOT	P/L before tax	-2.331658533533517	-0.4385063350200653	4
SHOPPILOT	Tangible fixed assets  (Last avail. yr)	0.0	-0.29027047753334045	5
CAMSTENT LIMITED	Capital  (Last avail. yr)	0.0	-0.6130272150039673	1
CAMSTENT LIMITED	Solvency ratio  Asset based	0.08919707054292896	-0.500985324382782	2
CAMSTENT LIMITED	Tangible fixed assets  (Last avail. yr)	4065.44999510632	-0.3871651291847229	3
CAMSTENT LIMITED	Current assets  (Last avail. yr)	1233789.35841859	-0.354902446269989	4
CAMSTENT LIMITED	Current liabilities  (Last avail. yr)	18445.1411242382	0.33785882592201233	5
RISK.IDENT GMBH	Number of employees (Last avail. yr)	67.0	-0.7326966524124146	1
RISK.IDENT GMBH	Of which provisions  (Last avail. yr)	558683.84	0.533216655254364	2
RISK.IDENT GMBH	Tangible fixed assets  (Last avail. yr)	489094.0	0.42943570017814636	3
RISK.IDENT GMBH	Solvency ratio  Asset based	0.810233416853488	-0.4111659526824951	4
RISK.IDENT GMBH	Capital	0.0	-0.29995641112327576	5
DRACOON GMBH	Number of employees (Last avail. yr)	96.0	-0.9725689888000488	1
DRACOON GMBH	Of which cash and cash equivalent  (Last avail. yr)	3931711.34	-0.6953004002571106	2
DRACOON GMBH	Number of employees	0.1428571428571428	-0.6155915260314941	3
DRACOON GMBH	Current liabilities  (Last avail. yr)	8613291.87	-0.3852933943271637	4
DRACOON GMBH	Capital	0.0	-0.3247694671154022	5
LIQID INVESTMENTS GMBH	Capital	0.2391953863257365	1.1015222072601318	1
LIQID INVESTMENTS GMBH	Of which cash and cash equivalent  (Last avail. yr)	15061152.9	-0.8700411319732666	2
LIQID INVESTMENTS GMBH	Shareholders funds	-5.014658472079311	0.5680121183395386	3
LIQID INVESTMENTS GMBH	Other shareholders funds	-4.904210412725773	0.5112180709838867	4
LIQID INVESTMENTS GMBH	Number of employees (Last avail. yr)	62.0	-0.45276081562042236	5
BITTWARE LIMITED	Capital	0.01863731197532347	-1.5736457109451294	1
BITTWARE LIMITED	Of which cash and cash equivalent  (Last avail. yr)	9570303.40666588	-0.6528316736221313	2
BITTWARE LIMITED	Operating revenue  Turnover   (Last avail. yr)	147822.73238918	0.5501824021339417	3
BITTWARE LIMITED	Total assets  (Last avail. yr)	10267345.0033132	-0.4686559736728668	4
BITTWARE LIMITED	Solvency ratio  Asset based	0.06184699453551919	-0.42080602049827576	5
MEDIAINTERFACE GMBH	Capital	-0.12	1.6104391813278198	1
MEDIAINTERFACE GMBH	Number of employees (Last avail. yr)	56.0	-0.6183010935783386	2
MEDIAINTERFACE GMBH	Total assets	0.07419862460190617	-0.29763659834861755	3
MEDIAINTERFACE GMBH	P/L for period   Net income   (Last avail. yr)	-26484.689202563102	-0.2489791065454483	4
MEDIAINTERFACE GMBH	Of which cash and cash equivalent  (Last avail. yr)	1698462.56	-0.23703159391880035	5
KWEEKWEEK LTD	Capital	-0.03465626166973156	1.07466721534729	1
KWEEKWEEK LTD	Of which cash and cash equivalent  (Last avail. yr)	3293.09960127049	0.3890184462070465	2
KWEEKWEEK LTD	Debtors  (Last avail. yr)	0.0	0.2800445258617401	3
KWEEKWEEK LTD	Current liabilities	0.2781778358851015	-0.25399506092071533	4
KWEEKWEEK LTD	Debtors	0.1298099889964799	-0.23911568522453308	5
SULAKE PREPAID OY	Operating revenue  Turnover   (Last avail. yr)	34594000.0	-0.4337616562843323	1
SULAKE PREPAID OY	Number of employees (Last avail. yr)	0.0	0.39865225553512573	2
SULAKE PREPAID OY	Other current assets  (Last avail. yr)	61315000.0	-0.34005483984947205	3
SULAKE PREPAID OY	P/L before tax  (Last avail. yr)	17390000.0	-0.2990483045578003	4
SULAKE PREPAID OY	Debtors	3.875	-0.29334190487861633	5
SMADEX SL.	Number of employees (Last avail. yr)	94.0	-0.6585641503334045	1
SMADEX SL.	Operating revenue  Turnover   (Last avail. yr)	25781711.06	-0.38787415623664856	2
SMADEX SL.	Tangible fixed assets  (Last avail. yr)	7305.01	-0.3767765760421753	3
SMADEX SL.	Tangible fixed assets	-0.4767428450681021	-0.36999180912971497	4
SMADEX SL.	Of which cash and cash equivalent  (Last avail. yr)	1814408.91	-0.3589816093444824	5
ALITALIA	Consolidation code NF	True	-1.0460712909698486	1
ALITALIA	Capital	0.0	-0.38287797570228577	2
ALITALIA	NACE na	True	0.373117595911026	3
ALITALIA	Other shareholders funds	-0.04639479905437352	-0.16863684356212616	4
SOMPHARMACEUTICALS GMBH	Capital	0.00378230498269749	-1.0857651233673096	1
SOMPHARMACEUTICALS GMBH	Capital  (Last avail. yr)	149665.491865477	0.21760760247707367	2
SOMPHARMACEUTICALS GMBH	Current assets  (Last avail. yr)	1958739.0	-0.11819671839475632	3
NAVIEXPERT SP. Z O.O.	Capital	-0.03592666299878337	0.6569756269454956	1
NAVIEXPERT SP. Z O.O.	Debtors  (Last avail. yr)	910246.857678685	-0.6130442023277283	2
NAVIEXPERT SP. Z O.O.	Solvency ratio  Asset based	0.196054055635183	-0.43743258714675903	3
NAVIEXPERT SP. Z O.O.	Tangible fixed assets	1.73527783986391	0.37886571884155273	4
ACTIVEOPS OVERSEAS LIMITED	Capital	0.02518454079940975	-1.4107245206832886	1
ACTIVEOPS OVERSEAS LIMITED	Capital  (Last avail. yr)	2.33327290718786	0.9479129910469055	2
ACTIVEOPS OVERSEAS LIMITED	Current liabilities  (Last avail. yr)	0.0	0.4040292203426361	3
ACTIVEOPS OVERSEAS LIMITED	Non current assets	0.02518454079940975	-0.28605517745018005	4
ACTIVEOPS OVERSEAS LIMITED	Current assets  (Last avail. yr)	0.0	0.2414029985666275	5
CUCULUS GMBH	Number of employees	0.1625	-0.791703462600708	1
CUCULUS GMBH	Of which cash and cash equivalent  (Last avail. yr)	3086950.86	-0.6221193671226501	2
CUCULUS GMBH	Number of employees (Last avail. yr)	93.0	-0.6051311492919922	3
CUCULUS GMBH	Non current assets	1.79271721712589	-0.3668748736381531	4
CUCULUS GMBH	Tangible fixed assets  (Last avail. yr)	356869.0	0.36156946420669556	5
SYNTHACE LIMITED	Of which cash and cash equivalent  (Last avail. yr)	12313929.5550915	-0.7817065715789795	1
SYNTHACE LIMITED	Number of employees (Last avail. yr)	70.0	-0.6551628708839417	2
SYNTHACE LIMITED	Capital	-0.04717153825538492	0.5071849822998047	3
SYNTHACE LIMITED	Of which provisions  (Last avail. yr)	187598.199276535	0.46906837821006775	4
SYNTHACE LIMITED	Debtors  (Last avail. yr)	521897.776288373	-0.44446995854377747	5
FOLLICUM AB	Capital	-0.01976433451322199	1.1579774618148804	1
FOLLICUM AB	Number of employees	0.25	-0.6449056267738342	2
FOLLICUM AB	Non current assets	20.8017932496197	-0.4386632740497589	3
FOLLICUM AB	P/L for period   Net income   (Last avail. yr)	-2361829.77720494	0.2569502294063568	4
FOLLICUM AB	Other shareholders funds	-0.8995311206322295	0.2523552179336548	5
TOOL DOMAINS	Number of employees (Last avail. yr)	74.0	-1.1704219579696655	1
TOOL DOMAINS	Number of employees	0.2542372881355932	-0.9603632688522339	2
TOOL DOMAINS	Current liabilities  (Last avail. yr)	0.0	0.5755913257598877	3
TOOL DOMAINS	Other current liabilities  (Last avail. yr)	0.0	-0.4691159725189209	4
STICHTING ADMINISTRATIEKANTOOR 24I	Number of employees (Last avail. yr)	70.0	-0.8624629974365234	1
STICHTING ADMINISTRATIEKANTOOR 24I	Consolidation code NF	True	-0.4458464980125427	2
STICHTING ADMINISTRATIEKANTOOR 24I	Operating revenue  Turnover   (Last avail. yr)	29465451.42123215	-0.40334779024124146	3
STICHTING ADMINISTRATIEKANTOOR 24I	P/L before tax	-1.581816117861174	-0.38274505734443665	4
STICHTING ADMINISTRATIEKANTOOR 24I	Capital	0.0	-0.3475528061389923	5
CORTILIA S.P.A. SOCIETA' BENEFIT IN FORMA ABBREVIATA CORTILIA S.P.A. SB	Of which cash and cash equivalent  (Last avail. yr)	3561883.0	-0.7269316911697388	1
CORTILIA S.P.A. SOCIETA' BENEFIT IN FORMA ABBREVIATA CORTILIA S.P.A. SB	Number of employees (Last avail. yr)	72.0	-0.47031107544898987	2
CORTILIA S.P.A. SOCIETA' BENEFIT IN FORMA ABBREVIATA CORTILIA S.P.A. SB	Tangible fixed assets  (Last avail. yr)	5368260.0	0.45047786831855774	3
CORTILIA S.P.A. SOCIETA' BENEFIT IN FORMA ABBREVIATA CORTILIA S.P.A. SB	Capital	0.03864073827555811	0.43817123770713806	4
CORTILIA S.P.A. SOCIETA' BENEFIT IN FORMA ABBREVIATA CORTILIA S.P.A. SB	Of which provisions  (Last avail. yr)	415840.0	0.40518489480018616	5
BASE79	Of which cash and cash equivalent  (Last avail. yr)	1135.0	0.5943648815155029	1
BASE79	P/L before tax  (Last avail. yr)	25157.0	-0.5196481943130493	2
BASE79	Tangible fixed assets	6.260162601626016	0.504731297492981	3
BASE79	Debtors  (Last avail. yr)	586062.0	-0.4937232434749603	4
BASE79	Debtors	5.371070139583423	-0.41309279203414917	5
KIDAMOM	Other current liabilities  (Last avail. yr)	5112.80492691853	0.5560718178749084	1
KIDAMOM	Debtors  (Last avail. yr)	0.0	0.4772148132324219	2
KIDAMOM	Non current assets	-0.7500044016270223	0.2596029043197632	3
KIDAMOM	Current liabilities  (Last avail. yr)	5112.80492691853	0.251228004693985	4
MAKE ME REACH	Debtors  (Last avail. yr)	614533.0	-0.5380082130432129	1
MAKE ME REACH	P/L before tax  (Last avail. yr)	259309.0	-0.4089731276035309	2
MAKE ME REACH	Of which cash and cash equivalent  (Last avail. yr)	45351.0	0.2139700949192047	3
MAKE ME REACH	Capital	0.0	-0.21132411062717438	4
MAKE ME REACH	Other shareholders funds	-0.23004085086562226	-0.1725105345249176	5
KILTR LIMITED	Capital  (Last avail. yr)	1.16529510475198	-1.2350722551345825	1
KILTR LIMITED	Capital	0.03282949152832305	-0.793974757194519	2
KILTR LIMITED	Current liabilities  (Last avail. yr)	0.0	0.5026983022689819	3
KILTR LIMITED	Of which cash and cash equivalent  (Last avail. yr)	1.16529510475198	0.3725043833255768	4
KILTR LIMITED	Shareholders funds	0.03282949152832305	-0.2583004832267761	5
ADICTIZ	Of which cash and cash equivalent  (Last avail. yr)	1941424.0	-0.49162986874580383	1
ADICTIZ	Debtors  (Last avail. yr)	822374.0	-0.41691166162490845	2
ADICTIZ	Solvency ratio  Asset based	0.03700664642652011	-0.36536353826522827	3
ADICTIZ	Of which provisions  (Last avail. yr)	153720.0	0.3272748291492462	4
ADICTIZ	Current assets  (Last avail. yr)	3533631.0	-0.25417134165763855	5
SAP SE	Quoted Yes	True	-2.661982774734497	1
SAP SE	Number of employees (Last avail. yr)	109121.0	-0.8326058983802795	2
SAP SE	Tangible fixed assets  (Last avail. yr)	4493000000.0	0.7852774262428284	3
SAP SE	Of which cash and cash equivalent  (Last avail. yr)	11178000000.0	-0.6532039642333984	4
SAP SE	Long term debt  (Last avail. yr)	7169000000.0	0.388899564743042	5
AHEAD A/S	Consolidation code NF	True	-0.6715431809425354	1
AHEAD A/S	Capital	0.0	-0.3052545487880707	2
AHEAD A/S	Current liabilities	0.1400517080517778	-0.28600671887397766	3
SOUNDWAVE ANALYTICS LIMITED	NACE na	True	1.4876409769058228	1
SOUNDWAVE ANALYTICS LIMITED	Shareholders funds	-1.07869887798295	0.4110400080680847	2
SOUNDWAVE ANALYTICS LIMITED	Capital  (Last avail. yr)	10.0	-0.3739670515060425	3
SOUNDWAVE ANALYTICS LIMITED	Other current liabilities  (Last avail. yr)	0.0	-0.3025420308113098	4
TEAMLEADER	Number of employees (Last avail. yr)	144.0	-0.6812853217124939	1
TEAMLEADER	Of which cash and cash equivalent  (Last avail. yr)	4749348.0	-0.566162645816803	2
TEAMLEADER	Tangible fixed assets  (Last avail. yr)	515667.0	0.3802100121974945	3
TEAMLEADER	Current liabilities  (Last avail. yr)	13417295.0	-0.33544570207595825	4
TEAMLEADER	Intangible assets  (Last avail. yr)	11531783.0	-0.2993963956832886	5
AGILITAS IT SOLUTIONS LIMITED	Tangible fixed assets  (Last avail. yr)	7631273.92820457	0.7623105645179749	1
AGILITAS IT SOLUTIONS LIMITED	Number of employees (Last avail. yr)	128.0	-0.7058754563331604	2
AGILITAS IT SOLUTIONS LIMITED	Capital	-0.03754651862041669	0.4302760660648346	3
AGILITAS IT SOLUTIONS LIMITED	Of which provisions  (Last avail. yr)	2258884.39419715	0.41251516342163086	4
AGILITAS IT SOLUTIONS LIMITED	Current liabilities  (Last avail. yr)	9793430.27529504	-0.3712519109249115	5
VISIONARITY AG IN LIQUIDATION	Capital	0.04974548997213039	1.2664071321487427	1
VISIONARITY AG IN LIQUIDATION	Capital  (Last avail. yr)	1922456.56484399	-0.6063461303710938	2
VISIONARITY AG IN LIQUIDATION	Other current liabilities	-0.05551252642535617	-0.19276820123195648	3
CAMSEMI	Consolidation code NF	True	-0.3745284676551819	1
CAMSEMI	NACE na	True	0.3613632321357727	2
CAMSEMI	Capital	0.0	-0.35990434885025024	3
CAMSEMI	Operating revenue  Turnover   (Last avail. yr)	106690.3966795545	0.1762586236000061	4
ALCHEMIYA MEDIA LIMITED	Capital	0.01863731197531721	-1.9778954982757568	1
ALCHEMIYA MEDIA LIMITED	P/L before tax  (Last avail. yr)	1621207.5492055234	-0.37858933210372925	2
ALCHEMIYA MEDIA LIMITED	Total shareholders  funds and liabilities	-0.6983344720081023	0.35116925835609436	3
ALCHEMIYA MEDIA LIMITED	Of which cash and cash equivalent  (Last avail. yr)	1830.222432999	0.3058420419692993	4
ALCHEMIYA MEDIA LIMITED	Other current assets  (Last avail. yr)	4077.6618186086	0.2852877676486969	5
DUALOG AS	Capital	-0.00202676597884954	-1.5716185569763184	1
DUALOG AS	Number of employees	0.1428571428571428	-0.7646517753601074	2
DUALOG AS	Operating revenue  Turnover   (Last avail. yr)	19629725.0585419	-0.4610251486301422	3
DUALOG AS	Number of employees (Last avail. yr)	40.0	-0.27625998854637146	4
DUALOG AS	Of which cash and cash equivalent  (Last avail. yr)	2078510.57098688	-0.2734045684337616	5
BIRDLY	Consolidation code NF	True	-0.49069297313690186	1
BIRDLY	Working capital  (Last avail. yr)	-337000.0	0.33066368103027344	2
BIRDLY	Net current assets	0.3774298552891028	-0.23737064003944397	3
GREEN ON	Tangible fixed assets  (Last avail. yr)	329237.0	0.39128997921943665	1
GREEN ON	Solvency ratio  Asset based	0.2582493066175899	-0.3831862807273865	2
GREEN ON	Debtors  (Last avail. yr)	409315.0	-0.3513965904712677	3
GREEN ON	Non current assets	0.2410879761830194	-0.3466686010360718	4
GREEN ON	P/L before tax  (Last avail. yr)	317250.5	-0.31886929273605347	5
CARETOSAVE B.V.	Of which cash and cash equivalent  (Last avail. yr)	1.0	0.3879331648349762	1
CARETOSAVE B.V.	Other shareholders funds	0.5419257315612344	0.36379435658454895	2
CARETOSAVE B.V.	Other current liabilities	-0.051558568972225924	-0.2925897240638733	3
CARETOSAVE B.V.	Current assets  (Last avail. yr)	20394.0	0.2812708020210266	4
CARETOSAVE B.V.	Total assets  (Last avail. yr)	25325.0	0.2724749743938446	5
TWENGA LTD	Capital	-0.03465626166972846	0.9108296036720276	1
TWENGA LTD	Capital  (Last avail. yr)	1.12661635349658	-0.5275608897209167	2
TWENGA LTD	P/L before tax	-4.274486929911792	-0.4082857668399811	3
TWENGA LTD	Total shareholders  funds and liabilities	-1.0	0.3641566336154938	4
TWENGA LTD	Current liabilities  (Last avail. yr)	4336.34634460832	0.36154744029045105	5
SYNOSTE OY	Of which cash and cash equivalent  (Last avail. yr)	21000.0	0.44277724623680115	1
SYNOSTE OY	Other current assets	-0.5244279529993816	0.3562367856502533	2
SYNOSTE OY	Of which provisions  (Last avail. yr)	83946.745	0.34844982624053955	3
SYNOSTE OY	Solvency ratio  Asset based	0.6388003477252971	-0.3399067223072052	4
LIMITED LIABILITY COMPANY FLATORA	Capital	-0.1121721764305412	1.9351211786270142	1
LIMITED LIABILITY COMPANY FLATORA	Working capital  (Last avail. yr)	-337000.0	0.31323564052581787	2
LIMITED LIABILITY COMPANY FLATORA	Number of employees (Last avail. yr)	27.0	-0.26369351148605347	3
LIMITED LIABILITY COMPANY FLATORA	Current assets	-0.306600046698952	-0.2631519138813019	4
LIMITED LIABILITY COMPANY FLATORA	Other current liabilities  (Last avail. yr)	751520.965247498	0.2040620744228363	5
STARTITUP S.R.O.	Solvency ratio  Asset based	0.2187877228741614	-0.43260085582733154	1
STARTITUP S.R.O.	Other shareholders funds	0.5887624146086059	0.39257413148880005	2
STARTITUP S.R.O.	Debtors  (Last avail. yr)	687279.0	-0.34567806124687195	3
STARTITUP S.R.O.	Other current liabilities	5.143337922594462	0.32329729199409485	4
STARTITUP S.R.O.	Non current liabilities	-0.7016384521194924	-0.2949426472187042	5
MISSION THERAPEUTICS LIMITED	Capital	0.0186373119753145	-1.3164470195770264	1
MISSION THERAPEUTICS LIMITED	Of which cash and cash equivalent  (Last avail. yr)	6250186.55803121	-0.650296688079834	2
MISSION THERAPEUTICS LIMITED	Number of employees (Last avail. yr)	51.0	-0.5028249025344849	3
MISSION THERAPEUTICS LIMITED	Other current liabilities	13.79270755826277	0.4024637043476105	4
MISSION THERAPEUTICS LIMITED	Other current assets  (Last avail. yr)	16717491.4298807	-0.3316582143306732	5
ORGANON R&D FINLAND OY	Other current assets  (Last avail. yr)	47105000.0	-0.5775406956672668	1
ORGANON R&D FINLAND OY	Number of employees	0.125	-0.4225711524486542	2
ORGANON R&D FINLAND OY	Non current assets	0.272117962466488	-0.34826329350471497	3
ORGANON R&D FINLAND OY	Other shareholders funds	0.8616642563132718	0.3097705841064453	4
NOVICAP LIMITED	Capital	-0.001941219579740053	-1.1886718273162842	1
NOVICAP LIMITED	Non current assets  (Last avail. yr)	0.0	0.9883662462234497	2
NOVICAP LIMITED	Number of employees (Last avail. yr)	70.0	-0.6686569452285767	3
NOVICAP LIMITED	Operating revenue  Turnover   (Last avail. yr)	29465451.42123215	-0.4832361340522766	4
NOVICAP LIMITED	Of which cash and cash equivalent  (Last avail. yr)	1678176.81963091	-0.3292589783668518	5
BEGO LIMITED	Number of employees (Last avail. yr)	300.0	-1.3765748739242554	1
BEGO LIMITED	Capital  (Last avail. yr)	0.0	-0.5850842595100403	2
BEGO LIMITED	Other shareholders funds	2.592943307349346	0.565772294998169	3
BEGO LIMITED	Other current liabilities  (Last avail. yr)	4161.73466029216	0.5608243346214294	4
BEGO LIMITED	Current liabilities  (Last avail. yr)	4161.73466029216	0.46146100759506226	5
MUSATIONS LIMITED	Capital	-0.05495989512814355	1.413512110710144	1
MUSATIONS LIMITED	Current liabilities  (Last avail. yr)	0.0	0.42151761054992676	2
MUSATIONS LIMITED	Of which cash and cash equivalent  (Last avail. yr)	165.502845271383	0.36072278022766113	3
MUSATIONS LIMITED	Current assets  (Last avail. yr)	411.016999846149	0.326114684343338	4
MUSATIONS LIMITED	Debtors  (Last avail. yr)	0.0	0.3096511960029602	5
MODAFIRMA LIMITED	Capital  (Last avail. yr)	0.0	-1.008754014968872	1
MODAFIRMA LIMITED	Other current liabilities  (Last avail. yr)	3505.58580077383	0.46466708183288574	2
MODAFIRMA LIMITED	Tangible fixed assets  (Last avail. yr)	2337.05720051588	-0.3782827854156494	3
MODAFIRMA LIMITED	Other shareholders funds	24.00701418872323	0.36232662200927734	4
MODAFIRMA LIMITED	Current assets	39.42159421684909	0.35913828015327454	5
WERCKER B.V.	Debtors  (Last avail. yr)	168681.0	-0.6477102041244507	1
WERCKER B.V.	Current liabilities  (Last avail. yr)	0.0	0.47758495807647705	2
WERCKER B.V.	Other current assets  (Last avail. yr)	0.0	-0.35724398493766785	3
WERCKER B.V.	Non current assets  (Last avail. yr)	0.0	0.26473113894462585	4
WERCKER B.V.	Capital	0.0	-0.2494087517261505	5
BETTERMARKS GMBH	Number of employees (Last avail. yr)	72.0	-0.7505366206169128	1
BETTERMARKS GMBH	Of which cash and cash equivalent  (Last avail. yr)	6567856.37	-0.6738126277923584	2
BETTERMARKS GMBH	Number of employees	0.2631578947368421	-0.5569515228271484	3
BETTERMARKS GMBH	Current liabilities  (Last avail. yr)	5448462.42	-0.39081138372421265	4
BETTERMARKS GMBH	Capital	0.0	-0.2674967348575592	5
DIGICO EUROPE LIMITED	Debtors  (Last avail. yr)	325433.392122544	-0.46100038290023804	1
DIGICO EUROPE LIMITED	Capital	0.02267959627666581	-0.4175181984901428	2
DIGICO EUROPE LIMITED	Total assets  (Last avail. yr)	6415693.74266088	-0.2490844428539276	3
DIGICO EUROPE LIMITED	Tangible fixed assets  (Last avail. yr)	0.0	-0.24033881723880768	4
DIGICO EUROPE LIMITED	Other current liabilities  (Last avail. yr)	0.0	-0.23769840598106384	5
AKVOLA TECHNOLOGIES GMBH	Current liabilities  (Last avail. yr)	0.0	0.4942910671234131	1
AKVOLA TECHNOLOGIES GMBH	Shareholders funds	-2.154970934059772	0.3902705907821655	2
AKVOLA TECHNOLOGIES GMBH	Capital	0.0	-0.3273628056049347	3
AKVOLA TECHNOLOGIES GMBH	Other current assets	-0.4897994596179871	0.31522852182388306	4
AKVOLA TECHNOLOGIES GMBH	Tangible fixed assets  (Last avail. yr)	329095.88	0.3114222586154938	5
DRIFTROCK LIMITED	Capital	-0.01460282959129314	1.3599777221679688	1
DRIFTROCK LIMITED	Debtors  (Last avail. yr)	262027.651849124	-0.5042610168457031	2
DRIFTROCK LIMITED	Other shareholders funds	-0.2724013836327624	-0.35206809639930725	3
DRIFTROCK LIMITED	Tangible fixed assets	-0.3570659888148258	-0.29458582401275635	4
DRIFTROCK LIMITED	Tangible fixed assets  (Last avail. yr)	8814.03164259898	-0.2736007869243622	5
INSPLORION AB	Quoted Yes	True	-3.08247709274292	1
INSPLORION AB	Capital	0.6040236786644136	0.9103753566741943	2
INSPLORION AB	Debtors	0.8936753159975309	-0.3101867437362671	3
INSPLORION AB	Operating revenue  Turnover   (Last avail. yr)	211608.309250549	0.27450883388519287	4
INSPLORION AB	Non current liabilities	-0.4302097021568838	-0.26549068093299866	5
AGERIA LIMITED	NACE na	True	0.9275635480880737	1
AGERIA LIMITED	Consolidation code NF	True	-0.7330662608146667	2
AGERIA LIMITED	Capital	0.0	-0.39596909284591675	3
AGERIA LIMITED	Operating revenue  Turnover   (Last avail. yr)	106690.3966795545	0.20157626271247864	4
AGERIA LIMITED	Tangible fixed assets  (Last avail. yr)	2800.121461145825	-0.17260442674160004	5
SURFLY B.V.	Shareholders funds	-1.025322342027226	0.4308604300022125	1
SURFLY B.V.	Other shareholders funds  (Last avail. yr)	-88267.0	0.39836734533309937	2
SURFLY B.V.	Number of employees (Last avail. yr)	33.0	-0.3600357472896576	3
SURFLY B.V.	Current liabilities	0.9221701364585502	-0.3245806097984314	4
RENTALS UNITED AB	Capital	0.09549714491851038	1.0109543800354004	1
RENTALS UNITED AB	Tangible fixed assets  (Last avail. yr)	0.0	-0.41798466444015503	2
RENTALS UNITED AB	Debtors  (Last avail. yr)	299027.41486087	-0.38948503136634827	3
RENTALS UNITED AB	Intangible assets  (Last avail. yr)	2189983.77972246	-0.32227540016174316	4
RENTALS UNITED AB	Of which cash and cash equivalent  (Last avail. yr)	59030.4269842886	0.26166832447052	5
CYCLOMEDIA TECHNOLOGY B.V.	Tangible fixed assets  (Last avail. yr)	7444000.0	0.7809231877326965	1
CYCLOMEDIA TECHNOLOGY B.V.	Number of employees (Last avail. yr)	247.0	-0.7252278327941895	2
CYCLOMEDIA TECHNOLOGY B.V.	Operating revenue  Turnover   (Last avail. yr)	84945000.0	-0.4442131519317627	3
CYCLOMEDIA TECHNOLOGY B.V.	Current liabilities  (Last avail. yr)	18975000.0	-0.40272727608680725	4
CYCLOMEDIA TECHNOLOGY B.V.	Of which cash and cash equivalent  (Last avail. yr)	7282000.0	-0.3689117133617401	5
AYLIEN LIMITED	Debtors  (Last avail. yr)	311337.0	-0.606234610080719	1
AYLIEN LIMITED	Of which cash and cash equivalent	11.60977444740366	0.38148200511932373	2
AYLIEN LIMITED	Capital	-0.9339131896559775	0.3773466646671295	3
AYLIEN LIMITED	Other shareholders funds	0.3193916971466851	0.27320969104766846	4
ANPARTSSELSKABET AF 17.12.2024	Capital	-0.001238579448752075	-0.9700973629951477	1
ANPARTSSELSKABET AF 17.12.2024	Non current assets  (Last avail. yr)	0.0	0.8465614914894104	2
ANPARTSSELSKABET AF 17.12.2024	P/L before tax  (Last avail. yr)	15277.1734373673	-0.3730579912662506	3
ANPARTSSELSKABET AF 17.12.2024	Current liabilities  (Last avail. yr)	804.061759861439	0.34592336416244507	4
METRILO	Other current liabilities  (Last avail. yr)	0.0	-0.41929352283477783	1
METRILO	Capital	0.0	-0.3216411769390106	2
METRILO	P/L before tax  (Last avail. yr)	0.0	-0.31714293360710144	3
METRILO	Debtors  (Last avail. yr)	8388.0	-0.1859041005373001	4
NEOCODEX SL	Intangible assets	0.9181661095744956	0.49279332160949707	1
NEOCODEX SL	P/L before tax	-2.068731120063795	-0.44986245036125183	2
NEOCODEX SL	Non current assets	0.3694410518606892	-0.3386465907096863	3
NEOCODEX SL	Tangible fixed assets  (Last avail. yr)	441526.0	0.30405914783477783	4
AGIO TECHNOLOGIES LTD.	Other shareholders funds  (Last avail. yr)	-53985.0037445446	0.3583454191684723	1
AGIO TECHNOLOGIES LTD.	Other current liabilities	-0.051558568972225924	-0.3350178897380829	2
AGIO TECHNOLOGIES LTD.	Capital	0.0	-0.2958489954471588	3
AGIO TECHNOLOGIES LTD.	Tangible fixed assets  (Last avail. yr)	1993.77512481902	-0.2687811553478241	4
AGIO TECHNOLOGIES LTD.	Of which cash and cash equivalent  (Last avail. yr)	29279.1443456926	0.2215418815612793	5
CHASER LONDON LTD	Capital	0.0308684162362051	-1.4850729703903198	1
CHASER LONDON LTD	Capital  (Last avail. yr)	1.17004176107222	-1.252159833908081	2
CHASER LONDON LTD	Current liabilities  (Last avail. yr)	0.0	0.446151465177536	3
CHASER LONDON LTD	Of which cash and cash equivalent  (Last avail. yr)	1.17004176107222	0.3738141655921936	4
CHASER LONDON LTD	Tangible fixed assets  (Last avail. yr)	449.0318052574795	-0.35729339718818665	5
TIA TECHNOLOGY A/S	Consolidation code NF	True	-1.0460712909698486	1
TIA TECHNOLOGY A/S	NACE na	True	0.373117595911026	2
TIA TECHNOLOGY A/S	Capital	0.0	-0.34104660153388977	3
SIRION BIOTECH GMBH - SOCIETE DE DROIT ETRANGER	Consolidation code NF	True	-1.0460712909698486	1
SIRION BIOTECH GMBH - SOCIETE DE DROIT ETRANGER	Capital	0.0	-0.38696345686912537	2
SIRION BIOTECH GMBH - SOCIETE DE DROIT ETRANGER	NACE na	True	0.373117595911026	3
SIRION BIOTECH GMBH - SOCIETE DE DROIT ETRANGER	Total assets  (Last avail. yr)	78304.0	0.2878614366054535	4
ONSLIP AB	Capital	0.04111884699473815	0.952987551689148	1
ONSLIP AB	Non current assets  (Last avail. yr)	0.0	0.383358895778656	2
ONSLIP AB	Number of employees (Last avail. yr)	30.0	-0.3719762861728668	3
ONSLIP AB	Current liabilities  (Last avail. yr)	2391.81136340783	0.330219030380249	4
ONSLIP AB	Debtors  (Last avail. yr)	0.0	0.3114416003227234	5
ICLIO, S.A.	Capital	1.921346635049463	1.2108944654464722	1
ICLIO, S.A.	Of which cash and cash equivalent  (Last avail. yr)	20303.71	0.3847319483757019	2
ICLIO, S.A.	Other shareholders funds  (Last avail. yr)	-115623.33	0.3844706416130066	3
ICLIO, S.A.	Shareholders funds	-1.505592629993054	0.35540902614593506	4
COPRIX MEDIA D.O.O.	Capital	0.004311156278918755	-1.121567726135254	1
COPRIX MEDIA D.O.O.	Of which cash and cash equivalent  (Last avail. yr)	85.4823607549813	0.4279245436191559	2
COPRIX MEDIA D.O.O.	Current assets  (Last avail. yr)	13147.1870841161	0.3417007625102997	3
COPRIX MEDIA D.O.O.	Number of employees	-0.5	-0.23944614827632904	4
COPRIX MEDIA D.O.O.	Current ratio (Last avail. yr)	0.068	0.19184818863868713	5
STEPMIND	Number of employees	-0.1683168316831683	-0.5533320903778076	1
STEPMIND	Of which cash and cash equivalent  (Last avail. yr)	2967000.0	-0.5463093519210815	2
STEPMIND	Of which provisions  (Last avail. yr)	271000.0	0.5309178233146667	3
STEPMIND	Tangible fixed assets  (Last avail. yr)	2107000.0	0.48238399624824524	4
THE CURVE LONDON LLP	Capital  (Last avail. yr)	0.0	-0.7522962689399719	1
THE CURVE LONDON LLP	Number of employees (Last avail. yr)	79.0	-0.6473531126976013	2
THE CURVE LONDON LLP	Other current liabilities  (Last avail. yr)	5777.48355817704	0.6066930890083313	3
THE CURVE LONDON LLP	Non current liabilities  (Last avail. yr)	24788029.0928245	-0.395134836435318	4
THE CURVE LONDON LLP	Long term debt  (Last avail. yr)	24788029.0928245	0.38070690631866455	5
ONDRA GMBH	Capital	0.003782304982701988	-1.0263687372207642	1
ONDRA GMBH	Capital  (Last avail. yr)	22449.8237798216	0.2821868658065796	2
ONDRA GMBH	Current assets  (Last avail. yr)	362620.634501137	0.14009080827236176	3
WIRECOM TECHNOLOGIES	Capital	0.6157678571428571	1.270766258239746	1
WIRECOM TECHNOLOGIES	Intangible assets	0.6736509879454455	0.5310156941413879	2
WIRECOM TECHNOLOGIES	Debtors  (Last avail. yr)	531778.0	-0.4471795856952667	3
WIRECOM TECHNOLOGIES	Debtors	2.240730809545865	-0.33994507789611816	4
WIRECOM TECHNOLOGIES	Tangible fixed assets	11.24248578391552	0.3063972592353821	5
ELLUMIA LIMITED	Capital	-0.00102497642655479	-1.3329133987426758	1
ELLUMIA LIMITED	Current liabilities  (Last avail. yr)	0.0	0.5169785022735596	2
ELLUMIA LIMITED	Current assets  (Last avail. yr)	0.0	0.2663170099258423	3
ELLUMIA LIMITED	Capital  (Last avail. yr)	126.046458451637	0.1909944713115692	4
ELLUMIA LIMITED	Total assets	-0.00102497642655479	0.16592098772525787	5
BRIDGEU LIMITED	Capital	0.01863731197532117	-2.1401853561401367	1
BRIDGEU LIMITED	Number of employees (Last avail. yr)	63.0	-0.732882022857666	2
BRIDGEU LIMITED	Number of employees	0.1052631578947368	-0.27583447098731995	3
BRIDGEU LIMITED	P/L for period   Net income   (Last avail. yr)	-5983135.43743592	0.2713737189769745	4
BRIDGEU LIMITED	Of which cash and cash equivalent  (Last avail. yr)	210869.74608713	0.2650294005870819	5
COMEKS OY	Capital	-0.001248439450686642	-1.433890700340271	1
COMEKS OY	Current assets  (Last avail. yr)	7000.0	0.36816075444221497	2
COMEKS OY	Non current assets	-0.4912667458029507	0.2923939824104309	3
COMEKS OY	Other current assets	-0.498962135852838	0.2762810289859772	4
VELEZA	Consolidation code NF	True	-0.3745284676551819	1
VELEZA	NACE na	True	0.3613632321357727	2
VELEZA	Capital	0.0	-0.35990434885025024	3
VELEZA	Operating revenue  Turnover   (Last avail. yr)	106690.3966795545	0.1762586236000061	4
LYST LTD	Capital	0.02915043844273517	-0.9149386882781982	1
LYST LTD	Number of employees (Last avail. yr)	155.0	-0.5535379648208618	2
LYST LTD	Operating revenue  Turnover   (Last avail. yr)	58501728.1128887	-0.42327702045440674	3
LYST LTD	Intangible assets	1252.947529725137	-0.4074023365974426	4
LYST LTD	Non current assets	10.78463575742527	-0.40564674139022827	5
VAAVUD HOLDING APS	Capital	0.2621008706475847	0.8773084878921509	1
VAAVUD HOLDING APS	Total assets	0.7715121591845703	-0.3251589238643646	2
VAAVUD HOLDING APS	Of which cash and cash equivalent  (Last avail. yr)	7804.09539821538	0.28315284848213196	3
VAAVUD HOLDING APS	Total assets  (Last avail. yr)	206943.081421642	0.2758195400238037	4
VAAVUD HOLDING APS	Shareholders funds	-4.854071573827022	0.275653600692749	5
VOXXTER	Intangible assets	0.5503490027699778	0.5553898215293884	1
VOXXTER	P/L before tax  (Last avail. yr)	0.0	-0.39029622077941895	2
VOXXTER	Other current liabilities  (Last avail. yr)	0.0	-0.3548585772514343	3
VOXXTER	Debtors  (Last avail. yr)	0.0	0.3365130126476288	4
VOXXTER	Current liabilities  (Last avail. yr)	32485.2158626672	0.3164280652999878	5
SIGNALHORN AG ZWEIGNIEDERLASSUNG DEUTSCHLAND	Consolidation code NF	True	-0.5801154971122742	1
SIGNALHORN AG ZWEIGNIEDERLASSUNG DEUTSCHLAND	Of which provisions  (Last avail. yr)	194294.17	0.3830960988998413	2
SIGNALHORN AG ZWEIGNIEDERLASSUNG DEUTSCHLAND	Capital	0.0	-0.3243417739868164	3
SIGNALHORN AG ZWEIGNIEDERLASSUNG DEUTSCHLAND	Number of employees (Last avail. yr)	31.0	-0.28494757413864136	4
MATCH RIDER GMBH	Capital		-1.1017186641693115	1
MATCH RIDER GMBH	Capital  (Last avail. yr)		-0.4083445370197296	2
MATCH RIDER GMBH	P/L before tax		-0.3751816749572754	3
MATCH RIDER GMBH	Non current assets		-0.30678591132164	4
MATCH RIDER GMBH	Debtors		-0.3009335994720459	5
LOCALIZE DIRECT AB	Debtors  (Last avail. yr)	379236.697328071	-0.4859318137168884	1
LOCALIZE DIRECT AB	P/L for period   Net income   (Last avail. yr)	46413.23648383	-0.3378731310367584	2
LOCALIZE DIRECT AB	Other current liabilities	-0.08998312566737629	-0.2531997561454773	3
LOCALIZE DIRECT AB	P/L before tax  (Last avail. yr)	46413.23648383	-0.24783439934253693	4
INFLOWCONTROL AS	Capital	-0.06430238759908292	1.3818840980529785	1
INFLOWCONTROL AS	Intangible assets	0.648236199230852	0.4035051763057709	2
INFLOWCONTROL AS	Number of employees (Last avail. yr)	43.0	-0.39949795603752136	3
INFLOWCONTROL AS	P/L for period   Net income   (Last avail. yr)	-2500566.21094709	0.3590085506439209	4
INFLOWCONTROL AS	Tangible fixed assets  (Last avail. yr)	659645.468906829	0.32647189497947693	5
SMARTAD OU	NACE na	True	1.3541432619094849	1
SMARTAD OU	P/L before tax  (Last avail. yr)	250917.0	-0.48275476694107056	2
SMARTAD OU	Debtors  (Last avail. yr)	140507.0	-0.3835729658603668	3
SMARTAD OU	Non current assets	-1.0	0.36963459849357605	4
SMARTAD OU	Other shareholders funds	0.8705201951165357	0.33182114362716675	5
GETBULB LIMITED	NACE na	True	1.7348353862762451	1
GETBULB LIMITED	Capital  (Last avail. yr)	0.0	-1.0611931085586548	2
GETBULB LIMITED	Other shareholders funds  (Last avail. yr)	-148189.0	0.32364141941070557	3
GETBULB LIMITED	Non current assets  (Last avail. yr)	0.0	0.27614128589630127	4
SPORTRADAR VIRTUAL GAMING GMBH	Number of employees (Last avail. yr)	73.0	-0.8331848382949829	1
SPORTRADAR VIRTUAL GAMING GMBH	Number of employees	0.1774193548387097	-0.45905801653862	2
SPORTRADAR VIRTUAL GAMING GMBH	Capital	0.0	-0.3626193702220917	3
SPORTRADAR VIRTUAL GAMING GMBH	Total assets	0.348923345576012	-0.2977960705757141	4
SPORTRADAR VIRTUAL GAMING GMBH	Current liabilities	0.865213473356203	-0.29629042744636536	5
NEWSFLARE	Number of employees (Last avail. yr)	42.0	-0.8416939973831177	1
NEWSFLARE	Consolidation code LF	True	-0.778190553188324	2
NEWSFLARE	Capital	0.0	-0.3120822608470917	3
NEWSFLARE	Current liabilities	0.1400517080517778	-0.28421279788017273	4
SHOWHEROES S.R.L.	Number of employees	0.1428571428571428	-0.756770670413971	1
SHOWHEROES S.R.L.	Operating revenue  Turnover   (Last avail. yr)	22373648.0	-0.4793626070022583	2
SHOWHEROES S.R.L.	P/L for period   Net income   (Last avail. yr)	29039.0	-0.4161510169506073	3
SHOWHEROES S.R.L.	Number of employees (Last avail. yr)	40.0	-0.39808985590934753	4
SHOWHEROES S.R.L.	Current liabilities  (Last avail. yr)	13046754.0	-0.37031519412994385	5
GALGO MEDICAL SL.	Number of employees	0.08333333333333333	-0.4078004062175751	1
GALGO MEDICAL SL.	P/L before tax  (Last avail. yr)	232873.49	-0.35749107599258423	2
GALGO MEDICAL SL.	Solvency ratio  Asset based	0.09932676848874593	-0.3358604907989502	3
GALGO MEDICAL SL.	Capital	0.0	-0.2571372389793396	4
GALGO MEDICAL SL.	Non current liabilities  (Last avail. yr)	727189.07	-0.2395155131816864	5
RIB CLUB GLOBAL LIMITED	Capital	0.01863731197532201	-1.8637168407440186	1
RIB CLUB GLOBAL LIMITED	Debtors	-0.37793915549823065	0.31576475501060486	2
RIB CLUB GLOBAL LIMITED	Total assets	0.03946433631148449	-0.2713174521923065	3
RIB CLUB GLOBAL LIMITED	Current assets  (Last avail. yr)	1533665.31460319	-0.22842037677764893	4
RIB CLUB GLOBAL LIMITED	Operating revenue  Turnover   (Last avail. yr)	49436751.2853017	-0.22818586230278015	5
TAECANET LIMITED	Capital	0.8764227730978377	1.6185767650604248	1
TAECANET LIMITED	Current liabilities	0.9830040687590164	-0.20600244402885437	2
TAECANET LIMITED	Debtors  (Last avail. yr)	0.0	0.17763251066207886	3
TAECANET LIMITED	Creditors  (Last avail. yr)	0.0	0.157292440533638	4
TAECANET LIMITED	Other shareholders funds  (Last avail. yr)	-1083897.50462812	0.1474272459745407	5
NEAL STREET TECHNOLOGIES LIMITED	Capital	0.01863731197532272	-1.8790345191955566	1
NEAL STREET TECHNOLOGIES LIMITED	Tangible fixed assets	-0.3954362529247046	-0.3405052721500397	2
NEAL STREET TECHNOLOGIES LIMITED	Debtors  (Last avail. yr)	972925.730294543	-0.33307674527168274	3
NEAL STREET TECHNOLOGIES LIMITED	Non current assets  (Last avail. yr)	12181287.4347587	-0.3023318350315094	4
NEAL STREET TECHNOLOGIES LIMITED	Other shareholders funds	-0.2525471765110459	-0.2639065384864807	5
WIREX LIMITED	Capital	108.3165171472738	0.7710767984390259	1
WIREX LIMITED	Operating revenue  Turnover   (Last avail. yr)	24107268.8985075	-0.5498154759407043	2
WIREX LIMITED	Solvency ratio  Asset based	1.589179600886918	-0.472904235124588	3
WIREX LIMITED	Intangible assets  (Last avail. yr)	17023099.9990197	-0.39728525280952454	4
WIREX LIMITED	Other current assets  (Last avail. yr)	52783243.0090092	-0.36159467697143555	5
LYDIA SOLUTIONS	Capital	0.0	-0.3383442461490631	1
LYDIA SOLUTIONS	Operating revenue  Turnover   (Last avail. yr)	13990000.0	-0.24103020131587982	2
LYDIA SOLUTIONS	Current assets  (Last avail. yr)	362620.634501137	0.15071138739585876	3
LYDIA SOLUTIONS	Current assets	-0.014479097142360734	0.1384982019662857	4
PITSTOP COFFEE LIMITED	Capital	0.2933656413835954	1.3510979413986206	1
PITSTOP COFFEE LIMITED	Debtors		-0.5865139961242676	2
PITSTOP COFFEE LIMITED	P/L before tax  (Last avail. yr)		-0.4303019642829895	3
PITSTOP COFFEE LIMITED	Current assets	171.9876545350562	0.38153618574142456	4
PITSTOP COFFEE LIMITED	Current liabilities  (Last avail. yr)	5321.70389456493	0.37050971388816833	5
LUMI INDUSTRIES S.R.L. IN LIQUIDAZIONE	P/L before tax	-3.37772427774962	-0.5161657333374023	1
LUMI INDUSTRIES S.R.L. IN LIQUIDAZIONE	Capital	0.0	-0.32258522510528564	2
LUMI INDUSTRIES S.R.L. IN LIQUIDAZIONE	Current assets	-0.3200344665008373	-0.2779039442539215	3
LUMI INDUSTRIES S.R.L. IN LIQUIDAZIONE	Current liabilities	0.1821776856331107	-0.24902577698230743	4
LUMI INDUSTRIES S.R.L. IN LIQUIDAZIONE	Current liabilities  (Last avail. yr)	30791.0	0.24822154641151428	5
EPITIRO TECHNOLOGIES LIMITED	Consolidation code NF	True	-0.3745284676551819	1
EPITIRO TECHNOLOGIES LIMITED	NACE na	True	0.3613632321357727	2
EPITIRO TECHNOLOGIES LIMITED	Capital	0.0	-0.35990434885025024	3
EPITIRO TECHNOLOGIES LIMITED	Operating revenue  Turnover   (Last avail. yr)	106690.3966795545	0.1762586236000061	4
CONCENTRA LIMITED	Capital  (Last avail. yr)	0.0	-0.710130512714386	1
CONCENTRA LIMITED	Capital	-1.0	0.5343077778816223	2
CONCENTRA LIMITED	Of which cash and cash equivalent  (Last avail. yr)	2303992.81745926	-0.46730566024780273	3
CONCENTRA LIMITED	Number of employees (Last avail. yr)	79.0	-0.39854249358177185	4
CONCENTRA LIMITED	Operating revenue  Turnover   (Last avail. yr)	57259183.5472879	-0.3958098888397217	5
ADSQUARE GMBH	Number of employees (Last avail. yr)	77.0	-0.6288918852806091	1
ADSQUARE GMBH	Operating revenue  Turnover   (Last avail. yr)	24196057.92	-0.51584792137146	2
ADSQUARE GMBH	Intangible assets  (Last avail. yr)	3424384.41	-0.2937900722026825	3
ADSQUARE GMBH	Of which cash and cash equivalent  (Last avail. yr)	1555101.24	-0.2855221927165985	4
ADSQUARE GMBH	Solvency ratio  Asset based	0.07488671224130679	-0.25907400250434875	5
OPAX AS	Capital	-0.06417453676845407	0.9358067512512207	1
OPAX AS	Other current liabilities  (Last avail. yr)	0.0	-0.8076037168502808	2
OPAX AS	Non current assets  (Last avail. yr)	0.0	0.4930559992790222	3
OPAX AS	P/L before tax	-1.334223379725551	-0.36113137006759644	4
OPAX AS	P/L for period   Net income	-1.334223379725551	0.3055572509765625	5
WESTINGHOUSE SOLAR LIMITED	Capital	0.1262923934679868	1.6287555694580078	1
WESTINGHOUSE SOLAR LIMITED	Number of employees (Last avail. yr)	300.0	-1.3567997217178345	2
WESTINGHOUSE SOLAR LIMITED	Number of employees	0.13206666409474946	-0.8526425957679749	3
WESTINGHOUSE SOLAR LIMITED	Of which provisions  (Last avail. yr)	12404845.4110643	0.5972950458526611	4
WESTINGHOUSE SOLAR LIMITED	Total assets  (Last avail. yr)	72917.5596318693	0.33635830879211426	5
NONWOTECC MEDICAL GMBH	Of which cash and cash equivalent  (Last avail. yr)	7184.88	0.4293981194496155	1
NONWOTECC MEDICAL GMBH	Tangible fixed assets  (Last avail. yr)	613086.32	0.2937329411506653	2
NONWOTECC MEDICAL GMBH	Of which provisions  (Last avail. yr)	146900.0	0.2925228774547577	3
NONWOTECC MEDICAL GMBH	Of which cash and cash equivalent	-0.9929061745697662	0.27008721232414246	4
NONWOTECC MEDICAL GMBH	Other shareholders funds	-1.000901678302155	0.25324708223342896	5
ITACONIX PLC	Quoted Yes	True	-2.95994234085083	1
ITACONIX PLC	Capital	0.4035700086374118	0.831689178943634	2
ITACONIX PLC	Of which cash and cash equivalent  (Last avail. yr)	7918548.48245024	-0.6027325391769409	3
ITACONIX PLC	Number of employees	0.2142857142857143	-0.49306294322013855	4
ITACONIX PLC	Tangible fixed assets  (Last avail. yr)	2328505.74232508	0.4692126214504242	5
HEALTH WORKS	Consolidation code LF	True	-0.7512269020080566	1
HEALTH WORKS	Non current assets	0.3136149336604062	-0.34772977232933044	2
HEALTH WORKS	Depreciation   Amortization  (Last avail. yr)	1546454.15	0.31155040860176086	3
HEALTH WORKS	Number of employees	0.09477124183006536	-0.28441381454467773	4
DREAMSOFT TECHNOLOGIES LIMITED	Capital  (Last avail. yr)	0.0	-1.0800220966339111	1
DREAMSOFT TECHNOLOGIES LIMITED	Tangible fixed assets  (Last avail. yr)	477.950350409472	-0.37549179792404175	2
DREAMSOFT TECHNOLOGIES LIMITED	Capital	0.0	-0.3234019875526428	3
DREAMSOFT TECHNOLOGIES LIMITED	Current liabilities	0.4608594008546411	-0.31860387325286865	4
DREAMSOFT TECHNOLOGIES LIMITED	Non current assets	0.742372681807862	-0.26858362555503845	5
MAMACROWD S.R.L.	Of which cash and cash equivalent  (Last avail. yr)	4778080.0	-0.96619713306427	1
MAMACROWD S.R.L.	Capital	0.09364111498257839	0.9517568945884705	2
MAMACROWD S.R.L.	Debtors  (Last avail. yr)	766971.0	-0.4263084828853607	3
MAMACROWD S.R.L.	Number of employees	0.3684210526315789	-0.32584497332572937	4
MAMACROWD S.R.L.	P/L for period   Net income   (Last avail. yr)	-1150058.0	0.2694195806980133	5
TAIL-F SYSTEMS AB	Capital	-0.1037139069555898	1.2339915037155151	1
TAIL-F SYSTEMS AB	Debtors  (Last avail. yr)	971830.229150192	-0.8012157082557678	2
TAIL-F SYSTEMS AB	Of which cash and cash equivalent  (Last avail. yr)	4314605.23647573	-0.6645612120628357	3
TAIL-F SYSTEMS AB	Solvency ratio  Asset based	0.03878188767570136	-0.32498401403427124	4
TAIL-F SYSTEMS AB	Tangible fixed assets  (Last avail. yr)	0.0	-0.29375070333480835	5
SHOTCLIP LIMITED	NACE na	True	1.8405672311782837	1
SHOTCLIP LIMITED	Current assets	-1.0	-0.2763364315032959	2
SHOTCLIP LIMITED	Current assets  (Last avail. yr)	0.0	0.2609125077724457	3
SHOTCLIP LIMITED	Capital	0.0	-0.2444850653409958	4
ASCENEURON SA	Capital	0.003782304982698357	-1.1111143827438354	1
ASCENEURON SA	Capital  (Last avail. yr)	1361483.46063724	-0.11922650039196014	2
ASCENEURON SA	Current assets  (Last avail. yr)	1958739.0	-0.11808231472969055	3
WINBOX TECHNOLOGIES AG	Number of employees	0.5	-0.7001283168792725	1
WINBOX TECHNOLOGIES AG	Debtors  (Last avail. yr)	325433.392122544	-0.38822656869888306	2
WINBOX TECHNOLOGIES AG	Capital	0.0	-0.27755528688430786	3
WINBOX TECHNOLOGIES AG	Stock  (Last avail. yr)	482110.0	-0.2346884161233902	4
WINBOX TECHNOLOGIES AG	Total assets  (Last avail. yr)	7009846.87133044	-0.2004881203174591	5
NEW NET TECHNOLOGIES LTD	Capital	0.02899392018300037	-1.1465356349945068	1
NEW NET TECHNOLOGIES LTD	Solvency ratio  Asset based	0.08906953880467788	-0.43213459849357605	2
NEW NET TECHNOLOGIES LTD	Tangible fixed assets  (Last avail. yr)	0.0	-0.4032411575317383	3
NEW NET TECHNOLOGIES LTD	Debtors  (Last avail. yr)	208351.443628461	-0.37450817227363586	4
NEW NET TECHNOLOGIES LTD	Number of employees	0.4705882352941176	-0.3286539614200592	5
FUTURA ACORP SL	Of which cash and cash equivalent  (Last avail. yr)	18934.0	0.4104091227054596	1
FUTURA ACORP SL	Debtors  (Last avail. yr)	314536.0	-0.3516179919242859	2
FUTURA ACORP SL	Debtors	5.979917005081774	-0.3421325087547302	3
FUTURA ACORP SL	Number of employees	0.09090909090909091	-0.27423667907714844	4
SERVOY B.V.	Number of employees (Last avail. yr)	50.0	-0.5015832781791687	1
SERVOY B.V.	Capital	0.0	-0.25721853971481323	2
SERVOY B.V.	Debtors  (Last avail. yr)	1519792.0	-0.25660374760627747	3
SERVOY B.V.	P/L for period   Net income   (Last avail. yr)	-26484.689202563102	-0.21657352149486542	4
SERVOY B.V.	Other non current assets  (Last avail. yr)	154176.0	-0.1992107778787613	5
NOVIOPONICS B.V.	Shareholders funds	-1.106819824084918	0.35080936551094055	1
NOVIOPONICS B.V.	Debtors	6.180819510051632	-0.30327704548835754	2
NOVIOPONICS B.V.	Total assets	0.2170419432861039	-0.24603118002414703	3
NOVIOPONICS B.V.	Current liabilities	0.2323407331696312	-0.21736747026443481	4
KOUBACHI AG	Capital	0.2765403991735009	1.2890294790267944	1
KOUBACHI AG	Number of employees (Last avail. yr)	15.0	0.41241613030433655	2
KOUBACHI AG	Capital  (Last avail. yr)	163704.412485189	0.17722536623477936	3
KOUBACHI AG	Current assets	-0.014479097142360734	0.16853639483451843	4
KOUBACHI AG	Consolidation code U1	False	0.1495971828699112	5
FAIR & SQUARE	NACE na	True	0.9275635480880737	1
FAIR & SQUARE	Consolidation code NF	True	-0.7330662608146667	2
FAIR & SQUARE	Capital	0.0	-0.39596909284591675	3
FAIR & SQUARE	Operating revenue  Turnover   (Last avail. yr)	106690.3966795545	0.20157626271247864	4
FAIR & SQUARE	Tangible fixed assets  (Last avail. yr)	2800.121461145825	-0.17260442674160004	5
ARLETTIE PARIS	Number of employees (Last avail. yr)	70.0	-1.0921471118927002	1
ARLETTIE PARIS	P/L before tax	-1.581816117861174	-0.626566469669342	2
ARLETTIE PARIS	Other non current assets  (Last avail. yr)	11900000.0	-0.33484920859336853	3
ARLETTIE PARIS	Operating revenue  Turnover   (Last avail. yr)	0.0	0.3174317181110382	4
ARLETTIE PARIS	Total assets  (Last avail. yr)	12078269.0	-0.28012192249298096	5
MONOLITH N.V.	Non current assets	-1.0	0.7763321399688721	1
MONOLITH N.V.	Non current assets  (Last avail. yr)	0.0	0.6362525820732117	2
MONOLITH N.V.	Tangible fixed assets  (Last avail. yr)	449.0318052574795	-0.4018141031265259	3
MONOLITH N.V.	Debtors  (Last avail. yr)	132395.0	-0.3784378468990326	4
MONOLITH N.V.	P/L for period   Net income   (Last avail. yr)	6866.60034651031	-0.37315699458122253	5
SOCIAL CAR SL	Solvency ratio  Asset based	0.2582493066175899	-0.43928834795951843	1
SOCIAL CAR SL	Of which cash and cash equivalent  (Last avail. yr)	26194.83	0.3438338339328766	2
SOCIAL CAR SL	Creditors	-1.0	0.28087520599365234	3
SOCIAL CAR SL	Tangible fixed assets  (Last avail. yr)	5384.88	-0.2541733682155609	4
SOCIAL CAR SL	Capital	0.0	-0.2493160367012024	5
WATCHFIT LIMITED	Consolidation code NF	True	0.46976611018180847	1
WATCHFIT LIMITED	Operating revenue  Turnover   (Last avail. yr)	338463.742979049	0.34837302565574646	2
WATCHFIT LIMITED	Non current assets	0.01611118980830259	-0.31166452169418335	3
WATCHFIT LIMITED	Other shareholders funds	-0.13877544497150876	-0.16535606980323792	4
ETHICAL FASHION GROUP LTD	Capital  (Last avail. yr)	0.0	-0.7379688024520874	1
ETHICAL FASHION GROUP LTD	Number of employees	-0.25	-0.45293301343917847	2
ETHICAL FASHION GROUP LTD	Capital	0.0	-0.30495208501815796	3
ETHICAL FASHION GROUP LTD	Solvency ratio  Asset based	0.1042668226365568	-0.2718951106071472	4
ETHICAL FASHION GROUP LTD	Other shareholders funds	0.2866074200808257	0.26660847663879395	5
MOPPICOM OY	P/L before tax  (Last avail. yr)	11000.0	-0.3305463492870331	1
MOPPICOM OY	Debtors  (Last avail. yr)	0.0	0.31388282775878906	2
MOPPICOM OY	Non current assets  (Last avail. yr)	0.0	0.30882927775382996	3
MOPPICOM OY	Creditors	-1.0	0.3055807650089264	4
MOPPICOM OY	P/L for period   Net income   (Last avail. yr)	11000.0	-0.2819083034992218	5
TNI MEDICAL AG	Of which provisions  (Last avail. yr)	1509117.0	0.506024181842804	1
TNI MEDICAL AG	Number of employees (Last avail. yr)	50.0	-0.3711802363395691	2
TNI MEDICAL AG	Solvency ratio  Asset based	0.1432211927856028	-0.33945581316947937	3
TNI MEDICAL AG	Tangible fixed assets  (Last avail. yr)	693356.0	0.325309157371521	4
TNI MEDICAL AG	Capital	0.0	-0.26164114475250244	5
GRIDSCALE GMBH	Number of employees (Last avail. yr)	54.0	-0.5073732733726501	1
GRIDSCALE GMBH	Non current assets	0.2578168261480749	-0.4851689040660858	2
GRIDSCALE GMBH	Of which provisions  (Last avail. yr)	237423.46	0.3588726818561554	3
GRIDSCALE GMBH	Tangible fixed assets	-0.4194253017034667	-0.3357187807559967	4
GRIDSCALE GMBH	Tangible fixed assets  (Last avail. yr)	353498.0	0.31231072545051575	5
WIREWAX LTD	Capital	-0.001024976426554929	-1.300089716911316	1
WIREWAX LTD	Other current liabilities  (Last avail. yr)	7812.56764494734	0.5405041575431824	2
WIREWAX LTD	Non current assets  (Last avail. yr)	68.2269820976751	0.3473968803882599	3
WIREWAX LTD	Debtors  (Last avail. yr)	0.0	0.2866806387901306	4
WIREWAX LTD	Loans   short term debt  (Last avail. yr)	318201.39338734	-0.263557106256485	5
ZOOMSQUARE GMBH	Capital	0.1475362782314819	1.4115837812423706	1
ZOOMSQUARE GMBH	Other current liabilities  (Last avail. yr)	458.0	-0.36921927332878113	2
ZOOMSQUARE GMBH	Current liabilities  (Last avail. yr)	458.0	0.34025347232818604	3
ZOOMSQUARE GMBH	Other current liabilities	-0.993135285829911	0.33306464552879333	4
ZOOMSQUARE GMBH	Of which provisions  (Last avail. yr)	214647.0	0.29829299449920654	5
GAMEON ENTERTAINMENT GMBH & CO. KG	Of which cash and cash equivalent  (Last avail. yr)	13954.0	0.3568757474422455	1
GAMEON ENTERTAINMENT GMBH & CO. KG	Solvency ratio  Asset based	0.242993735575338	-0.28082120418548584	2
GAMEON ENTERTAINMENT GMBH & CO. KG	Capital	0.0	-0.2763901650905609	3
GAMEON ENTERTAINMENT GMBH & CO. KG	Total assets	1.034837070200795	-0.2677253484725952	4
GAMEON ENTERTAINMENT GMBH & CO. KG	Total assets  (Last avail. yr)	111815.64	0.2578730583190918	5
SPHERE MEDICAL HOLDING LIMITED	Non current assets  (Last avail. yr)	0.0	0.5064738988876343	1
SPHERE MEDICAL HOLDING LIMITED	Number of employees (Last avail. yr)	1.0	-0.27103546261787415	2
SPHERE MEDICAL HOLDING LIMITED	Current assets	-0.05094196543823346	0.1957704871892929	3
SPHERE MEDICAL HOLDING LIMITED	P/L for period   Net income   (Last avail. yr)	-1637662.57676632	0.15948797762393951	4
SPHERE MEDICAL HOLDING LIMITED	Long term debt  (Last avail. yr)	5918647.82314055	0.14400941133499146	5
SENDINBLUE	Capital	0.0436265278373603	0.8388100266456604	1
SENDINBLUE	Other shareholders funds	1.208558813235334	0.4987436830997467	2
SENDINBLUE	Debtors  (Last avail. yr)	212794.0	-0.42225438356399536	3
SENDINBLUE	P/L for period   Net income   (Last avail. yr)	7579.0	-0.39167577028274536	4
SENDINBLUE	Of which cash and cash equivalent  (Last avail. yr)	1145890.0	-0.32618406414985657	5
FINANCIAL NETWORK ANALYTICS LTD	Capital	0.03420927373917067	-0.7742384672164917	1
FINANCIAL NETWORK ANALYTICS LTD	Current liabilities	2.923408208848124	0.38720375299453735	2
FINANCIAL NETWORK ANALYTICS LTD	Debtors  (Last avail. yr)	549607.267885264	-0.3728863298892975	3
FINANCIAL NETWORK ANALYTICS LTD	Shareholders funds	6.259569244234693	-0.35664239525794983	4
FINANCIAL NETWORK ANALYTICS LTD	Other current assets	-0.5162012716874951	0.289077490568161	5
MAGICAL ACCESSORIES LTD	Capital  (Last avail. yr)	0.0	-1.1068764925003052	1
MAGICAL ACCESSORIES LTD	Current liabilities  (Last avail. yr)	0.0	0.49878352880477905	2
MAGICAL ACCESSORIES LTD	Of which provisions  (Last avail. yr)	420952.55	0.4647374749183655	3
MAGICAL ACCESSORIES LTD	Operating revenue  Turnover   (Last avail. yr)	80587464.62044808	-0.3895256817340851	4
MAGICAL ACCESSORIES LTD	Debtors	0.3954269807550669	-0.3528327941894531	5
EOS SOLUTIONS UK PLC	Capital	0.02592878722966984	-1.355190634727478	1
EOS SOLUTIONS UK PLC	Number of employees	0.2222222222222222	-0.6851577758789062	2
EOS SOLUTIONS UK PLC	Non current assets	31.07768289482814	-0.4935187101364136	3
EOS SOLUTIONS UK PLC	Solvency ratio  Asset based	12.66666666666667	-0.45093804597854614	4
EOS SOLUTIONS UK PLC	Of which cash and cash equivalent  (Last avail. yr)	10710.7331499643	0.40541908144950867	5
UBER LIFE LIMITED	Capital	-0.0642009582145082	1.8427561521530151	1
UBER LIFE LIMITED	Capital  (Last avail. yr)	1.16976782511523	-0.9846126437187195	2
UBER LIFE LIMITED	Debtors  (Last avail. yr)	0.0	0.4629312753677368	3
UBER LIFE LIMITED	Tangible fixed assets  (Last avail. yr)	449.0318052574795	-0.412701815366745	4
UBER LIFE LIMITED	Of which cash and cash equivalent  (Last avail. yr)	1.16976782511523	0.3925531506538391	5
IMAGITIVE GMBH	Number of employees	0.3333333333333333	-0.7687674164772034	1
IMAGITIVE GMBH	Capital	0.0	-0.3449660539627075	2
IMAGITIVE GMBH	Tangible fixed assets  (Last avail. yr)	11466.1005151094	-0.18493540585041046	3
CONCENTRIX CATALYST LTD	Capital	-0.001024976426557865	-1.3977017402648926	1
CONCENTRIX CATALYST LTD	P/L before tax	-2.616065589829491	-0.4357930123806	2
CONCENTRIX CATALYST LTD	Number of employees (Last avail. yr)	33.0	-0.3486102223396301	3
CONCENTRIX CATALYST LTD	Loans   short term debt  (Last avail. yr)	14676895.8776897	-0.2961150109767914	4
CONCENTRIX CATALYST LTD	Capital  (Last avail. yr)	259031.25406575	0.2714635133743286	5
HEXA	Long term debt  (Last avail. yr)	10491260.0	0.35855716466903687	1
HEXA	Tangible fixed assets	-0.4515318334131163	-0.2896309196949005	2
HEXA	Other non current assets  (Last avail. yr)	43249357.0	-0.2714235186576843	3
HEXA	P/L for period   Net income   (Last avail. yr)	-2639005.0	0.2281409353017807	4
HEXA	Current liabilities  (Last avail. yr)	25029873.0	-0.2106401026248932	5
CATAWIKI B.V.	Number of employees (Last avail. yr)	770.0	-0.993344247341156	1
CATAWIKI B.V.	Of which cash and cash equivalent  (Last avail. yr)	35426200.0	-0.921204686164856	2
CATAWIKI B.V.	Number of employees	0.1613876319758673	-0.5903431177139282	3
CATAWIKI B.V.	Non current assets	4.656843052480778	-0.48834389448165894	4
CATAWIKI B.V.	Current liabilities  (Last avail. yr)	23877011.0	-0.44494959712028503	5
MELUDIA	Working capital  (Last avail. yr)	-18125.0	0.3325994610786438	1
MELUDIA	Capital	0.0	-0.29528483748435974	2
MELUDIA	Non current assets	0.04544051749075739	-0.2755296230316162	3
MELUDIA	Depreciation   Amortization  (Last avail. yr)	3288.0	-0.22446469962596893	4
MELUDIA	Debtors  (Last avail. yr)	0.0	0.2038051187992096	5
BRAGI GMBH	Of which cash and cash equivalent  (Last avail. yr)	7430000.0	-0.8103581070899963	1
BRAGI GMBH	Capital	0.05714285714285714	0.686409592628479	2
BRAGI GMBH	Number of employees	-0.2068965517241379	-0.503807008266449	3
BRAGI GMBH	Solvency ratio  Asset based	0.1398895060533407	-0.4239806830883026	4
BRAGI GMBH	Number of employees (Last avail. yr)	46.0	-0.35473552346229553	5
KNOMO LIMITED	Number of employees (Last avail. yr)	24.0	0.423515647649765	1
KNOMO LIMITED	Capital	0.0	-0.35980963706970215	2
KNOMO LIMITED	Debtors	0.1732240543755596	-0.1838611662387848	3
KNOMO LIMITED	Creditors  (Last avail. yr)	242991.343336262	0.18266773223876953	4
CYLANDE SAS	Of which cash and cash equivalent  (Last avail. yr)	4774292.0	-0.7801339626312256	1
CYLANDE SAS	Operating revenue  Turnover   (Last avail. yr)	29400191.0	-0.5886804461479187	2
CYLANDE SAS	Number of employees (Last avail. yr)	300.0	-0.4985066056251526	3
CYLANDE SAS	P/L before tax	-1.623499169555419	-0.45589905977249146	4
CYLANDE SAS	Current liabilities  (Last avail. yr)	14660853.0	-0.37223172187805176	5
NOVELDA AS	Of which cash and cash equivalent  (Last avail. yr)	10633791.0670221	-0.680581271648407	1
NOVELDA AS	Number of employees (Last avail. yr)	79.0	-0.4731289744377136	2
NOVELDA AS	Other current assets  (Last avail. yr)	11584328.3527179	-0.38869088888168335	3
NOVELDA AS	Tangible fixed assets  (Last avail. yr)	1526269.94235666	0.37254956364631653	4
NOVELDA AS	Debtors  (Last avail. yr)	306642.153764054	-0.3209651708602905	5
LINGOUT, S.R.O.	Non current assets  (Last avail. yr)	0.0	0.6009165644645691	1
LINGOUT, S.R.O.	Other shareholders funds  (Last avail. yr)	-61981.0	0.4814514219760895	2
LINGOUT, S.R.O.	Other current liabilities	-0.0619923752693519	-0.34630900621414185	3
LINGOUT, S.R.O.	Debtors  (Last avail. yr)	0.0	0.3421683609485626	4
LINGOUT, S.R.O.	Capital	0.0	-0.25849929451942444	5
DE CORRESPONDENT B.V.	P/L before tax		-0.613530695438385	1
DE CORRESPONDENT B.V.	Of which cash and cash equivalent  (Last avail. yr)	3957577.0	-0.5046403408050537	2
DE CORRESPONDENT B.V.	Number of employees (Last avail. yr)	45.0	-0.3936123847961426	3
DE CORRESPONDENT B.V.	Debtors  (Last avail. yr)	558222.0	-0.2771534025669098	4
DE CORRESPONDENT B.V.	Tangible fixed assets  (Last avail. yr)	109221.0	0.26699650287628174	5
STAMPLAY LIMITED	Capital	0.2002180736823842	0.9096632599830627	1
STAMPLAY LIMITED	Non current assets  (Last avail. yr)	0.0	0.57099449634552	2
STAMPLAY LIMITED	Non current assets	-1.0	0.5390110015869141	3
STAMPLAY LIMITED	Operating revenue  Turnover   (Last avail. yr)	338463.742979049	0.41110551357269287	4
STAMPLAY LIMITED	Number of employees (Last avail. yr)	1.0	-0.3694789707660675	5
FIRECOMMS LIMITED	Number of employees	0.16	-0.540877640247345	1
FIRECOMMS LIMITED	Debtors	9.616079494128275	-0.36665040254592896	2
FIRECOMMS LIMITED	Tangible fixed assets  (Last avail. yr)	387806.0	0.3094941973686218	3
FIRECOMMS LIMITED	Capital	0.0	-0.26628074049949646	4
RELINKLABS AS	Consolidation code NF	True	-1.0460712909698486	1
RELINKLABS AS	Capital	0.0	-0.3817235827445984	2
RELINKLABS AS	NACE na	True	0.373117595911026	3
RELINKLABS AS	Other shareholders funds	-0.04639479905437352	-0.16863684356212616	4
UAB ADDUPLEX	Capital  (Last avail. yr)	-6287.0	-0.5561909675598145	1
UAB ADDUPLEX	Capital	-1.773308733087331	0.4013991057872772	2
UAB ADDUPLEX	Non current assets	-0.9995478182229256	0.3775049149990082	3
UAB ADDUPLEX	Current liabilities	0.4063059033989266	-0.30972179770469666	4
UAB ADDUPLEX	Tangible fixed assets  (Last avail. yr)	0.0	-0.26228615641593933	5
CBTEC OY	Current assets  (Last avail. yr)	29000.0	0.3130473792552948	1
CBTEC OY	Other shareholders funds  (Last avail. yr)	-546000.0	0.2610086500644684	2
CBTEC OY	Other current assets	2.4	-0.2525523602962494	3
CBTEC OY	Capital	0.0	-0.24489519000053406	4
CBTEC OY	Debtors	1.0	-0.22532571852207184	5
FUZMO LIMITED	Capital	0.1241278651828748	1.4169429540634155	1
FUZMO LIMITED	Current liabilities  (Last avail. yr)	17961.550580611	0.5567295551300049	2
FUZMO LIMITED	Other current liabilities	8.358124279385665	0.5529614090919495	3
FUZMO LIMITED	Debtors  (Last avail. yr)	0.0	0.33344748616218567	4
FUZMO LIMITED	Current assets  (Last avail. yr)	6403.2885263685	0.29025083780288696	5
CLOWDY LIMITED	Capital	0.01863731197531447	-2.094742774963379	1
CLOWDY LIMITED	Other current assets	-0.5581118333030114	0.3203386962413788	2
CLOWDY LIMITED	Of which cash and cash equivalent	-0.9541684821357769	0.2681233286857605	3
CLOWDY LIMITED	Of which cash and cash equivalent  (Last avail. yr)	4978.94263888896	0.26515981554985046	4
CLOWDY LIMITED	Current assets  (Last avail. yr)	175293.356879439	0.230069100856781	5
ROCKETHOME GMBH	Of which provisions  (Last avail. yr)	206694.0	0.305694580078125	1
ROCKETHOME GMBH	Capital	0.0	-0.29854461550712585	2
ROCKETHOME GMBH	Current assets	-0.3208187466811135	-0.286771297454834	3
ROCKETHOME GMBH	Current assets  (Last avail. yr)	980679.49	-0.2242160439491272	4
REINFER LTD.	Capital	0.04282464770084923	0.9664884209632874	1
REINFER LTD.	Debtors  (Last avail. yr)	275766.926313246	-0.5569821000099182	2
REINFER LTD.	Solvency ratio  Asset based	76.5294825511432	-0.5261343121528625	3
REINFER LTD.	Current assets	-0.2886132036131202	-0.44640862941741943	4
REINFER LTD.	Current liabilities	0.8804145254078078	-0.3644999861717224	5
WHMSOFT	Other shareholders funds  (Last avail. yr)	-39563.0	0.4342203140258789	1
WHMSOFT	Of which cash and cash equivalent  (Last avail. yr)	466.0	0.41344568133354187	2
WHMSOFT	Non current assets  (Last avail. yr)	0.0	0.3386932611465454	3
WHMSOFT	Other shareholders funds	0.3116400888505785	0.2901948392391205	4
WHMSOFT	Current assets  (Last avail. yr)	466.0	0.2637990117073059	5
CONWEAVER GMBH	Number of employees	-0.1935483870967742	-0.3495403230190277	1
CONWEAVER GMBH	Tangible fixed assets	-0.515442052354804	-0.345988929271698	2
CONWEAVER GMBH	Capital	0.0	-0.2939286231994629	3
CONWEAVER GMBH	Total assets	0.1068714664019592	-0.2787541449069977	4
CONWEAVER GMBH	Of which cash and cash equivalent  (Last avail. yr)	1119323.76	-0.2629489302635193	5
TIPSTAR LIMITED	Capital	0.1362016830076895	1.4936972856521606	1
TIPSTAR LIMITED	Current liabilities  (Last avail. yr)	0.0	0.622119128704071	2
TIPSTAR LIMITED	Capital  (Last avail. yr)	1372.68761470185	0.3605726361274719	3
TIPSTAR LIMITED	Other shareholders funds  (Last avail. yr)	-207312.892385576	0.29964756965637207	4
TIPSTAR LIMITED	Current liabilities	-1.0	-0.23074457049369812	5
SAYDUCK OY	Non current assets	-1.0	0.5282105207443237	1
SAYDUCK OY	Other current assets	-0.5	0.3543793857097626	2
SAYDUCK OY	Total shareholders  funds and liabilities	-0.8461538461538461	0.34429287910461426	3
SAYDUCK OY	Of which cash and cash equivalent  (Last avail. yr)	4000.0	0.3371245265007019	4
SAYDUCK OY	Shareholders funds	-5.439393939393939	0.3254421055316925	5
MAVENHUT LIMITED	Capital	-0.03300043421623969	0.9982995986938477	1
MAVENHUT LIMITED	Number of employees (Last avail. yr)	19.0	0.40164878964424133	2
MAVENHUT LIMITED	Tangible fixed assets	-0.4090441932168551	-0.39776548743247986	3
MAVENHUT LIMITED	Other shareholders funds	-0.0825402990872014	-0.28722360730171204	4
TOPELL ENERGY B.V.	Capital		-1.0599079132080078	1
TOPELL ENERGY B.V.	P/L before tax		-0.3862611651420593	2
TOPELL ENERGY B.V.	P/L before tax  (Last avail. yr)		-0.3796180784702301	3
TOPELL ENERGY B.V.	Solvency ratio  Asset based		0.340035617351532	4
TOPELL ENERGY B.V.	Tangible fixed assets  (Last avail. yr)	341670.0	0.19516602158546448	5
LA BELLE ASSIETTE SAS	Consolidation code NF	True	-1.0182303190231323	1
LA BELLE ASSIETTE SAS	Capital	0.0	-0.3925921320915222	2
LA BELLE ASSIETTE SAS	NACE na	True	0.373117595911026	3
LA BELLE ASSIETTE SAS	Other current liabilities	0.0	-0.17583775520324707	4
MIRA REHAB LIMITED	Capital	0.01863731197531781	-1.9041532278060913	1
MIRA REHAB LIMITED	Shareholders funds	-1.128417951723384	0.4928698241710663	2
MIRA REHAB LIMITED	Current liabilities  (Last avail. yr)	24.203193383488	0.4692431092262268	3
MIRA REHAB LIMITED	Of which cash and cash equivalent  (Last avail. yr)	839.044037294251	0.42561519145965576	4
MIRA REHAB LIMITED	Other shareholders funds	6.771113581296018	0.34237125515937805	5
ADVANCED CYCLONE SYSTEMS, S.A.	Of which cash and cash equivalent  (Last avail. yr)	2162109.66	-0.5564220547676086	1
ADVANCED CYCLONE SYSTEMS, S.A.	Current liabilities  (Last avail. yr)	5226234.07	-0.4286879599094391	2
ADVANCED CYCLONE SYSTEMS, S.A.	Debtors  (Last avail. yr)	1027488.89	-0.4209578335285187	3
ADVANCED CYCLONE SYSTEMS, S.A.	Other current assets  (Last avail. yr)	7195006.4	-0.2817372679710388	4
FLIRTATIOUS LABS	Other current liabilities  (Last avail. yr)	0.0	-0.6138868927955627	1
FLIRTATIOUS LABS	Current liabilities  (Last avail. yr)	0.0	0.40691617131233215	2
FLIRTATIOUS LABS	Non current assets  (Last avail. yr)	0.0	0.40592944622039795	3
FLIRTATIOUS LABS	Of which cash and cash equivalent  (Last avail. yr)	1576.0	0.4021206498146057	4
FLIRTATIOUS LABS	Capital  (Last avail. yr)	25000.0	0.3126775622367859	5
RV EXIT GMBH	Non current assets  (Last avail. yr)	0.0	0.6808810234069824	1
RV EXIT GMBH	Non current assets	-1.0	0.633617103099823	2
RV EXIT GMBH	Current liabilities  (Last avail. yr)	0.0	0.5624422430992126	3
RV EXIT GMBH	Other shareholders funds  (Last avail. yr)	-86102.23	0.4671284854412079	4
RV EXIT GMBH	Total assets  (Last avail. yr)	29747.33	0.3948547840118408	5
EFW-SUHL GMBH	Current liabilities  (Last avail. yr)	0.0	0.6736112236976624	1
EFW-SUHL GMBH	P/L before tax  (Last avail. yr)		-0.5473330020904541	2
EFW-SUHL GMBH	P/L before tax		-0.46667999029159546	3
EFW-SUHL GMBH	Total assets  (Last avail. yr)	44171.0499999993	0.4234069883823395	4
EFW-SUHL GMBH	Of which provisions  (Last avail. yr)	441748.56	0.37379226088523865	5
BANDAPP LTD	Other current liabilities  (Last avail. yr)	4559.88874485657	0.7373707294464111	1
BANDAPP LTD	Current liabilities  (Last avail. yr)	4559.88874485657	0.5267821550369263	2
BANDAPP LTD	Other current assets	-0.5234464629068533	0.36654582619667053	3
BANDAPP LTD	Of which cash and cash equivalent  (Last avail. yr)	4183.86330496512	0.34124842286109924	4
BANDAPP LTD	Total assets  (Last avail. yr)	22851.6694798234	0.26959648728370667	5
ALEPHD	Other shareholders funds	0.9343280326523931	0.4555615782737732	1
ALEPHD	Number of employees	0.2222222222222222	-0.4476875960826874	2
ALEPHD	Debtors	1.86257547155384	-0.38265103101730347	3
ALEPHD	Other current liabilities	8.339879773365885	0.30696946382522583	4
ALEPHD	P/L before tax  (Last avail. yr)	1736812.0	-0.26748642325401306	5
LASER WIRE SOLUTIONS LIMITED	Capital	0.01863731197532081	-1.7656841278076172	1
LASER WIRE SOLUTIONS LIMITED	Number of employees	0.1372549019607843	-0.8818514347076416	2
LASER WIRE SOLUTIONS LIMITED	Solvency ratio  Asset based	0.237564117857569	-0.4818473756313324	3
LASER WIRE SOLUTIONS LIMITED	Tangible fixed assets  (Last avail. yr)	3221968.28933255	0.45359545946121216	4
LASER WIRE SOLUTIONS LIMITED	Number of employees (Last avail. yr)	58.0	-0.3623720407485962	5
SURPLEX GMBH	Number of employees (Last avail. yr)	181.0	-1.0847105979919434	1
SURPLEX GMBH	Debtors  (Last avail. yr)	281000.0	-0.27612096071243286	2
SURPLEX GMBH	Capital	3.279979008134348e-05	-0.26677826046943665	3
SURPLEX GMBH	Other current liabilities	-0.05250705571334797	-0.1960056871175766	4
SURPLEX GMBH	P/L before tax  (Last avail. yr)	0.0	-0.18859393894672394	5
SMAPPER TECHNOLOGIES GMBH IN LIQU.	Other current liabilities  (Last avail. yr)	4000.0	0.854158878326416	1
SMAPPER TECHNOLOGIES GMBH IN LIQU.	Other shareholders funds	5.559510797526194	0.4925934970378876	2
SMAPPER TECHNOLOGIES GMBH IN LIQU.	Total shareholders  funds and liabilities	-0.8673524204929614	0.38704416155815125	3
SMAPPER TECHNOLOGIES GMBH IN LIQU.	Current liabilities  (Last avail. yr)	4000.0	0.3130524158477783	4
SMAPPER TECHNOLOGIES GMBH IN LIQU.	Non current assets	-0.9639034900149951	0.2779187262058258	5
SHOPWAVE LIMITED	Capital	0.02004981095849273	-2.06107759475708	1
SHOPWAVE LIMITED	Total shareholders  funds and liabilities	-0.7393610768708916	0.33554908633232117	2
SHOPWAVE LIMITED	Of which cash and cash equivalent  (Last avail. yr)	11978.0142810412	0.2841022312641144	3
SHOPWAVE LIMITED	Current assets  (Last avail. yr)	12406.4622009934	0.24549037218093872	4
SHOPWAVE LIMITED	Working capital  (Last avail. yr)	-19284.7882672526	0.24265006184577942	5
FANPOINT S.C. MARCIN OLEJNICZAK SZYMON KOWALSKI	Capital	0.0	-0.3075191080570221	1
FANPOINT S.C. MARCIN OLEJNICZAK SZYMON KOWALSKI	Current assets	-0.014479097142360734	0.13793934881687164	2
FANPOINT S.C. MARCIN OLEJNICZAK SZYMON KOWALSKI	Tangible fixed assets  (Last avail. yr)	11466.1005151094	-0.12013065814971924	3
FIG LONDON LTD	Capital  (Last avail. yr)	0.0	-1.043976068496704	1
FIG LONDON LTD	Solvency ratio  Asset based	0.8786613240024829	-0.5042524933815002	2
FIG LONDON LTD	Other shareholders funds	1.701586001597289	0.45669642090797424	3
FIG LONDON LTD	Tangible fixed assets  (Last avail. yr)	611.31750168322	-0.393894225358963	4
FIG LONDON LTD	Number of employees (Last avail. yr)	2.0	-0.353105753660202	5
BLOCKS LIMITED	Number of employees (Last avail. yr)	79.0	-0.9215104579925537	1
BLOCKS LIMITED	Current liabilities  (Last avail. yr)	6829.60841033797	0.39481401443481445	2
BLOCKS LIMITED	Of which cash and cash equivalent  (Last avail. yr)	2163.09881430935	0.37548285722732544	3
BLOCKS LIMITED	Other shareholders funds	-0.2942415119294154	-0.2924569547176361	4
BLOCKS LIMITED	Total assets  (Last avail. yr)	2163.09881430935	0.2640525996685028	5
DR. REDDY'S NETHERLANDS B.V.	Tangible fixed assets  (Last avail. yr)	7635000.0	0.587790310382843	1
DR. REDDY'S NETHERLANDS B.V.	Number of employees (Last avail. yr)	88.0	-0.5151085257530212	2
DR. REDDY'S NETHERLANDS B.V.	P/L before tax	0.3025936599423631	0.28955480456352234	3
DR. REDDY'S NETHERLANDS B.V.	Current liabilities  (Last avail. yr)	14756000.0	-0.2424204796552658	4
DR. REDDY'S NETHERLANDS B.V.	Shareholders funds  (Last avail. yr)	-2500000.0	-0.23859834671020508	5
KEECKER	Working capital  (Last avail. yr)	-1358546.0	0.37435951828956604	1
KEECKER	Tangible fixed assets  (Last avail. yr)	1021572.0	0.27429458498954773	2
KEECKER	Number of employees (Last avail. yr)	20.0	0.25631457567214966	3
KEECKER	Capital	0.0	-0.20023809373378754	4
KEECKER	Current assets  (Last avail. yr)	833132.0	-0.19447804987430573	5
AGNITIO SL	Of which cash and cash equivalent  (Last avail. yr)	4001444.86	-0.5705348253250122	1
AGNITIO SL	Debtors  (Last avail. yr)	519486.9	-0.5690966844558716	2
AGNITIO SL	P/L for period   Net income	-7.500874836388438	0.5207565426826477	3
AGNITIO SL	Non current assets	-0.9997069088150283	0.4999714493751526	4
AGNITIO SL	Tangible fixed assets  (Last avail. yr)	0.0	-0.28134405612945557	5
OCAPO LIMITED	Capital	0.01863731197532359	-2.024627447128296	1
OCAPO LIMITED	Of which cash and cash equivalent  (Last avail. yr)	3147.5676728717	0.32703331112861633	2
OCAPO LIMITED	Solvency ratio  Asset based	0.05711397873283119	-0.30187034606933594	3
OCAPO LIMITED	Tangible fixed assets  (Last avail. yr)	3046.14476726471	-0.27292507886886597	4
OCAPO LIMITED	Other non current assets  (Last avail. yr)	5201243.20745121	-0.22904819250106812	5
MATRICORE B.V.	Non current assets	0.3136149336604062	-0.3178647458553314	1
MATRICORE B.V.	Capital	0.0	-0.31283533573150635	2
MATRICORE B.V.	Other shareholders funds  (Last avail. yr)	-113853.348555272	0.2928957939147949	3
MATRICORE B.V.	Number of employees	0.09477124183006536	-0.2845494747161865	4
SYNETRIX (HOLDINGS) LIMITED	Other current liabilities  (Last avail. yr)	0.0	-0.9012642502784729	1
SYNETRIX (HOLDINGS) LIMITED	Capital	-0.01583508516807118	0.8700153827667236	2
SYNETRIX (HOLDINGS) LIMITED	Capital  (Last avail. yr)	2.21755257517443	0.8122832775115967	3
SYNETRIX (HOLDINGS) LIMITED	Debtors  (Last avail. yr)	14880892.0995895	-0.5255959033966064	4
SYNETRIX (HOLDINGS) LIMITED	Current liabilities  (Last avail. yr)	2267.44750811585	0.4275415241718292	5
COMPACT MEDIA GROUP LIMITED	Capital	0.0251845407994069	-1.3629491329193115	1
COMPACT MEDIA GROUP LIMITED	Operating revenue  Turnover   (Last avail. yr)	338463.742979049	0.4178059995174408	2
COMPACT MEDIA GROUP LIMITED	Solvency ratio  Asset based  (Last avail. yr)	-41.502	0.3400924503803253	3
COMPACT MEDIA GROUP LIMITED	Net current assets  (Last avail. yr)	-45455874.3023972	0.305052787065506	4
COMPACT MEDIA GROUP LIMITED	Non current assets	0.02518454079941258	-0.2758982181549072	5
CLASSIC FINE FOODS GROUP LIMITED	Capital	0.02004981095849208	-1.8674964904785156	1
CLASSIC FINE FOODS GROUP LIMITED	Capital  (Last avail. yr)	28598961.1870443	0.27204322814941406	2
CLASSIC FINE FOODS GROUP LIMITED	Total assets	0.03364076245079545	-0.2587311267852783	3
CLASSIC FINE FOODS GROUP LIMITED	Non current assets	0.02004981095849413	-0.24112650752067566	4
CLASSIC FINE FOODS GROUP LIMITED	Of which cash and cash equivalent  (Last avail. yr)	18174.2975774306	0.23925922811031342	5
CHORUS INTELLIGENCE LIMITED	Capital	0.0251845407994097	-1.1181904077529907	1
CHORUS INTELLIGENCE LIMITED	Intangible assets	0.405732326968378	0.553826630115509	2
CHORUS INTELLIGENCE LIMITED	Debtors  (Last avail. yr)	349216.289472993	-0.379019170999527	3
CHORUS INTELLIGENCE LIMITED	Current assets	-0.448042352560465	-0.30696937441825867	4
CHORUS INTELLIGENCE LIMITED	Capital  (Last avail. yr)	4.66654581437573	-0.2861737012863159	5
OMNIDRONE SL.	Number of employees (Last avail. yr)	102.0	-0.5410553812980652	1
OMNIDRONE SL.	Of which cash and cash equivalent  (Last avail. yr)	2742652.24	-0.43225210905075073	2
OMNIDRONE SL.	Tangible fixed assets  (Last avail. yr)	576981.34	0.414890319108963	3
OMNIDRONE SL.	Current liabilities  (Last avail. yr)	6694527.81	-0.3353922963142395	4
OMNIDRONE SL.	P/L before tax  (Last avail. yr)	984698.0	-0.2974078059196472	5
ACTURIS LIMITED	Capital	0.02004981095849196	-1.6498764753341675	1
ACTURIS LIMITED	Number of employees (Last avail. yr)	481.0	-0.5972086787223816	2
ACTURIS LIMITED	Of which cash and cash equivalent  (Last avail. yr)	14765241.6954328	-0.4998127818107605	3
ACTURIS LIMITED	Tangible fixed assets  (Last avail. yr)	2928499.43124064	0.4326080083847046	4
ACTURIS LIMITED	Current liabilities  (Last avail. yr)	24223519.0202147	-0.4230683147907257	5
STREAMSTAR, A. S.	Other current liabilities  (Last avail. yr)	6206.0	0.43492722511291504	1
STREAMSTAR, A. S.	Shareholders funds	-1.351248572568551	0.3928062915802002	2
STREAMSTAR, A. S.	Working capital  (Last avail. yr)	-154591.0	0.32874777913093567	3
STREAMSTAR, A. S.	Operating revenue  Turnover   (Last avail. yr)	262268.0	0.31606969237327576	4
STREAMSTAR, A. S.	Tangible fixed assets  (Last avail. yr)	3929.0	-0.28648680448532104	5
SETTLED	Consolidation code LF	True	-0.8457189798355103	1
SETTLED	Working capital  (Last avail. yr)	-337000.0	0.334626704454422	2
SETTLED	Number of employees (Last avail. yr)	20.0	0.30455806851387024	3
SETTLED	Net current assets	0.3774298552891028	-0.2580570578575134	4
DARWIN TECHNOLOGIES LIMITED	Capital  (Last avail. yr)	0.0	-0.734046459197998	1
DARWIN TECHNOLOGIES LIMITED	Current liabilities	-1.0	0.568864643573761	2
DARWIN TECHNOLOGIES LIMITED	Current liabilities  (Last avail. yr)	0.0	0.44694721698760986	3
DARWIN TECHNOLOGIES LIMITED	Tangible fixed assets  (Last avail. yr)	449.0318052574795	-0.43273407220840454	4
DARWIN TECHNOLOGIES LIMITED	Number of employees (Last avail. yr)	19.5	0.4138253331184387	5
VON BISMARK LIMITED	NACE na	True	1.7456817626953125	1
VON BISMARK LIMITED	Other current liabilities	-0.9979252621778604	0.5795229077339172	2
VON BISMARK LIMITED	Capital  (Last avail. yr)	0.0	-0.4687376320362091	3
VON BISMARK LIMITED	Other shareholders funds	0.9099555976288684	0.4213080108165741	4
VON BISMARK LIMITED	Other shareholders funds  (Last avail. yr)	-423695.0	0.37225541472435	5
MOYAOKRUGA	Capital	-0.243010216172558	-1.4998254776000977	1
MOYAOKRUGA	Other current liabilities  (Last avail. yr)	0.0	-0.3856123387813568	2
MOYAOKRUGA	Current assets  (Last avail. yr)	7002.63012288203	0.37823280692100525	3
MOYAOKRUGA	Tangible fixed assets	-0.6903223611615023	-0.34840551018714905	4
MOYAOKRUGA	Current liabilities  (Last avail. yr)	13944.718774961	0.3433912694454193	5
GET LIVING IT LTD	Capital  (Last avail. yr)	0.0	-1.0819787979125977	1
GET LIVING IT LTD	Total assets	0.4680968051318357	-0.37857410311698914	2
GET LIVING IT LTD	Capital	0.0	-0.34034013748168945	3
GET LIVING IT LTD	Non current assets  (Last avail. yr)	0.0	0.2894425690174103	4
GET LIVING IT LTD	Current ratio	0.3230563002680965	-0.2338547706604004	5
APOMIO GMBH	Total assets  (Last avail. yr)	56665.74	0.4115264117717743	1
APOMIO GMBH	Of which cash and cash equivalent  (Last avail. yr)	4961.25	0.36541178822517395	2
APOMIO GMBH	Non current assets	-0.5697560975609756	0.3337308466434479	3
APOMIO GMBH	Other shareholders funds  (Last avail. yr)	-722689.0	0.30833563208580017	4
APOMIO GMBH	Number of employees (Last avail. yr)	24.0	0.2817419767379761	5
DISCOVERABLES LTD	Capital	0.07658307212929796	1.239296555519104	1
DISCOVERABLES LTD	Of which cash and cash equivalent  (Last avail. yr)	755.909778023991	0.36875709891319275	2
DISCOVERABLES LTD	Current assets	1025.701389787308	0.3122349977493286	3
DISCOVERABLES LTD	Operating revenue  Turnover   (Last avail. yr)	338463.742979049	0.3027072846889496	4
DISCOVERABLES LTD	Total assets  (Last avail. yr)	3677.98958320857	0.30166304111480713	5
KEY CAPITAL PARTNERS LIMITED	Consolidation code NF	True	-0.3745284676551819	1
KEY CAPITAL PARTNERS LIMITED	NACE na	True	0.3613632321357727	2
KEY CAPITAL PARTNERS LIMITED	Capital	0.0	-0.35990434885025024	3
KEY CAPITAL PARTNERS LIMITED	Operating revenue  Turnover   (Last avail. yr)	106690.3966795545	0.1762586236000061	4
AMVAC AG IN LIQUIDATION	Capital	0.06084783321313306	1.5668742656707764	1
AMVAC AG IN LIQUIDATION	Capital  (Last avail. yr)	873501.830973163	-0.40421849489212036	2
AMVAC AG IN LIQUIDATION	Total assets	-0.008401717857041175	0.13835367560386658	3
AMVAC AG IN LIQUIDATION	Consolidation code U1	False	0.1328027844429016	4
DIGITALGO ITALIA S.R.L.	Of which provisions  (Last avail. yr)	2851000.0	0.5480515360832214	1
DIGITALGO ITALIA S.R.L.	Of which cash and cash equivalent  (Last avail. yr)	33000.0	0.5429473519325256	2
DIGITALGO ITALIA S.R.L.	Solvency ratio  Asset based	0.08170614903262877	-0.3806861340999603	3
DIGITALGO ITALIA S.R.L.	Woco Yes	True	-0.34876927733421326	4
DIGITALGO ITALIA S.R.L.	Tangible fixed assets	-0.611764705882353	-0.3067004978656769	5
HERO CARD MANAGEMENT AS	Consolidation code NF	True	-1.0057299137115479	1
HERO CARD MANAGEMENT AS	NACE na	True	0.4436778426170349	2
HERO CARD MANAGEMENT AS	Capital	0.0	-0.39682963490486145	3
HERO CARD MANAGEMENT AS	Other shareholders funds	-0.04639479905437352	-0.16863684356212616	4
INTELLIGENT ENERGY LIMITED	Solvency ratio  Asset based	0.8154076158649195	-0.6035475730895996	1
INTELLIGENT ENERGY LIMITED	Capital	0.0515686004172638	0.4840174913406372	2
INTELLIGENT ENERGY LIMITED	Number of employees (Last avail. yr)	236.0	-0.46553418040275574	3
INTELLIGENT ENERGY LIMITED	Tangible fixed assets  (Last avail. yr)	5323550.0113491	0.38546639680862427	4
INTELLIGENT ENERGY LIMITED	Of which provisions  (Last avail. yr)	934704.277809942	0.3718978464603424	5
SALASO HEALTH SOLUTIONS LIMITED	Non current assets	1.515987460815047	-0.5826804041862488	1
SALASO HEALTH SOLUTIONS LIMITED	Current assets	-0.6082824484702126	-0.3044406473636627	2
SALASO HEALTH SOLUTIONS LIMITED	Other current liabilities	-0.01358167657639247	-0.2429083287715912	3
MINDFIELD GAMES OY	Number of employees	0.3	-0.56728196144104	1
MINDFIELD GAMES OY	Other shareholders funds	1.909836065573771	0.38337600231170654	2
MINDFIELD GAMES OY	Solvency ratio  Asset based	2.094261896266502	-0.34894564747810364	3
MINDFIELD GAMES OY	Non current liabilities	0.6666666666666666	0.3266286551952362	4
ITSWOLRD SICILIA	Consolidation code NF	True	-1.0460712909698486	1
ITSWOLRD SICILIA	Capital	0.0	-0.38287797570228577	2
ITSWOLRD SICILIA	NACE na	True	0.373117595911026	3
ITSWOLRD SICILIA	Other shareholders funds	-0.04639479905437352	-0.16863684356212616	4
REMOTO	Capital	0.07735558183377804	0.9610181450843811	1
REMOTO	Operating revenue  Turnover   (Last avail. yr)	204554.528719658	0.36059221625328064	2
REMOTO	Debtors	0.7492182753868177	-0.3530483841896057	3
REMOTO	Other shareholders funds	-0.2450339763247069	-0.31972357630729675	4
REMOTO	Of which cash and cash equivalent  (Last avail. yr)	13441.2719022736	0.2834518253803253	5
KHIPPFLOU	Capital	0.07735558183377803	1.693357229232788	1
KHIPPFLOU	Capital  (Last avail. yr)	118.844137066964	0.37258899211883545	2
KHIPPFLOU	Current assets	-0.014479097142360734	0.19393526017665863	3
KHIPPFLOU	Consolidation code U1	False	0.14094285666942596	4
BEAM	Non current assets	-1.0	0.6619022488594055	1
BEAM	Other current liabilities  (Last avail. yr)	0.0	-0.5894879698753357	2
BEAM	Debtors  (Last avail. yr)	0.0	0.4742684066295624	3
BEAM	Other current assets  (Last avail. yr)	23.7688274133927	-0.4220108687877655	4
BEAM	Non current assets  (Last avail. yr)	0.0	0.3466903567314148	5
CONTACTOFFICE GROUP	Solvency ratio  Asset based	0.05001798373342314	-0.4861627221107483	1
CONTACTOFFICE GROUP	Capital	0.0	-0.23959802091121674	2
CONTACTOFFICE GROUP	Number of employees	-0.5	-0.2331751435995102	3
CONTACTOFFICE GROUP	P/L for period   Net income   (Last avail. yr)	143911.0	0.22678519785404205	4
CONTACTOFFICE GROUP	NACE 61	True	0.22634273767471313	5
VERTICLY LTD	Capital  (Last avail. yr)	0.0	-1.1193195581436157	1
VERTICLY LTD	Non current liabilities  (Last avail. yr)	426171.374860349	-0.41054487228393555	2
VERTICLY LTD	Current assets	-0.3675220174713058	-0.39674368500709534	3
VERTICLY LTD	Number of employees (Last avail. yr)	2.0	-0.2647658586502075	4
VERTICLY LTD	Capital	0.0	-0.23939889669418335	5
TUNEPICS LIMITED	Capital	0.2702644876566446	1.597894549369812	1
TUNEPICS LIMITED	Capital  (Last avail. yr)	160.294994124865	0.3422718942165375	2
TUNEPICS LIMITED	Other shareholders funds	-2.140497653450054	0.28084835410118103	3
TUNEPICS LIMITED	Current assets	699.8235667505111	0.2622338533401489	4
TUNEPICS LIMITED	Shareholders funds	-2.141581994905629	0.20778697729110718	5
SELOGER.COM	Of which cash and cash equivalent  (Last avail. yr)	36268000.0	-0.6992312669754028	1
SELOGER.COM	Operating revenue  Turnover   (Last avail. yr)	82739000.0	-0.4580821394920349	2
SELOGER.COM	Number of employees (Last avail. yr)	277.0	-0.428316205739975	3
SELOGER.COM	Non current liabilities  (Last avail. yr)	25598000.0	-0.38776546716690063	4
ALBIREO AB	Of which cash and cash equivalent  (Last avail. yr)	19389647.7471584	-1.0185694694519043	1
ALBIREO AB	Capital	0.002323418675441233	-0.7142205834388733	2
ALBIREO AB	Other current assets  (Last avail. yr)	74861396.1507927	-0.369045615196228	3
ALBIREO AB	Operating revenue  Turnover   (Last avail. yr)	82294363.3201914	-0.3558475971221924	4
ALBIREO AB	Other current liabilities	4.830539049695892	0.3034570515155792	5
TRESORIT KORLATOLT FELELOSSEGU TARSASAG	Number of employees (Last avail. yr)	112.0	-1.0056161880493164	1
TRESORIT KORLATOLT FELELOSSEGU TARSASAG	Capital	0.04671622977130862	0.7403247356414795	2
TRESORIT KORLATOLT FELELOSSEGU TARSASAG	Intangible assets  (Last avail. yr)	10932732.7446921	-0.6035576462745667	3
TRESORIT KORLATOLT FELELOSSEGU TARSASAG	Of which provisions  (Last avail. yr)	1033163.77510493	0.4232458472251892	4
TRESORIT KORLATOLT FELELOSSEGU TARSASAG	P/L for period   Net income	-11.12575169694865	0.2860328257083893	5
NAVETAS ENERGY MANAGEMENT LTD.	Capital	-0.04482376259240086	1.1045472621917725	1
NAVETAS ENERGY MANAGEMENT LTD.	Of which cash and cash equivalent  (Last avail. yr)	2639712.69169457	-0.5194795727729797	2
NAVETAS ENERGY MANAGEMENT LTD.	Other current assets	-0.5537065110178633	0.3574054539203644	3
NAVETAS ENERGY MANAGEMENT LTD.	Tangible fixed assets	-0.5163649217834038	-0.2990149259567261	4
NAVETAS ENERGY MANAGEMENT LTD.	Number of employees (Last avail. yr)	19.0	0.27908921241760254	5
SABIEDRIBA AR IEROBEZOTU ATBILDIBU DATA VISUALIZATION SOFTWARE LAB	Debtors  (Last avail. yr)	263912.0	-0.4671441614627838	1
SABIEDRIBA AR IEROBEZOTU ATBILDIBU DATA VISUALIZATION SOFTWARE LAB	P/L before tax  (Last avail. yr)	25360.0	-0.42450517416000366	2
SABIEDRIBA AR IEROBEZOTU ATBILDIBU DATA VISUALIZATION SOFTWARE LAB	P/L for period   Net income   (Last avail. yr)	25360.0	-0.3813757598400116	3
SABIEDRIBA AR IEROBEZOTU ATBILDIBU DATA VISUALIZATION SOFTWARE LAB	Tangible fixed assets  (Last avail. yr)	7389.0	-0.3666417598724365	4
SABIEDRIBA AR IEROBEZOTU ATBILDIBU DATA VISUALIZATION SOFTWARE LAB	Number of employees (Last avail. yr)	30.0	-0.2867770493030548	5
NOSTROMO ICT S.R.O.	Capital	-0.02837872314907118	1.1915730237960815	1
NOSTROMO ICT S.R.O.	Number of employees (Last avail. yr)	13.0	0.21343697607517242	2
NOSTROMO ICT S.R.O.	Current assets	-0.014479097142360734	0.12259586155414581	3
VIRTUAGYM B.V.	Number of employees (Last avail. yr)	173.0	-0.8178507089614868	1
VIRTUAGYM B.V.	Number of employees	0.1233766233766234	-0.4026417136192322	2
VIRTUAGYM B.V.	P/L for period   Net income   (Last avail. yr)	-1688375.0	0.24656690657138824	3
VIRTUAGYM B.V.	Total shareholders  funds and liabilities	-0.5475107141267097	0.2148529440164566	4
MPORIUM LIMITED	Capital	-0.01583508516807249	1.1001091003417969	1
MPORIUM LIMITED	Number of employees	0.1666666666666667	-0.7687523365020752	2
MPORIUM LIMITED	Working capital  (Last avail. yr)	-131697.121110747	0.4501810669898987	3
MPORIUM LIMITED	P/L for period   Net income   (Last avail. yr)	-3788090.9442665	0.2647213935852051	4
MPORIUM LIMITED	Debtors	-0.2627855571454853	0.25429248809814453	5
CASEHUB LIMITED	Capital	0.01526272408299041	-1.3884410858154297	1
CASEHUB LIMITED	Of which provisions  (Last avail. yr)	408626.66031889804	0.6514882445335388	2
CASEHUB LIMITED	Capital  (Last avail. yr)	0.0	-0.5582589507102966	3
CASEHUB LIMITED	Current liabilities  (Last avail. yr)	0.0	0.5401774048805237	4
CASEHUB LIMITED	Current liabilities	-1.0	0.4377356171607971	5
HITMEUP LTD	Capital	0.04407816852182483	1.156895399093628	1
HITMEUP LTD	Total assets	0.5366028942201639	-0.3503160774707794	2
HITMEUP LTD	Debtors  (Last avail. yr)	0.0	0.32749143242836	3
HITMEUP LTD	Of which cash and cash equivalent  (Last avail. yr)	11130.5687919515	0.32558688521385193	4
HITMEUP LTD	Non current assets  (Last avail. yr)	0.0	0.30254408717155457	5
LEMON CURVE	Tangible fixed assets  (Last avail. yr)	2839.0	-0.3337516784667969	1
LEMON CURVE	Capital	0.0	-0.29989442229270935	2
LEMON CURVE	Stock  (Last avail. yr)	547553.0	-0.18595589697360992	3
LEMON CURVE	Other current liabilities	-0.05551252642535617	-0.1807996928691864	4
LEMON CURVE	Debtors	0.1732240543755596	-0.17984052002429962	5
ALISE DEVICES SL.	Of which cash and cash equivalent  (Last avail. yr)	1913.54	0.4435604512691498	1
ALISE DEVICES SL.	Of which cash and cash equivalent	-0.9695933700790079	0.31585580110549927	2
ALISE DEVICES SL.	Other shareholders funds	-0.2602160286712177	-0.2637355923652649	3
ALISE DEVICES SL.	Capital	0.0	-0.23043985664844513	4
MYFEELBACK	Of which cash and cash equivalent  (Last avail. yr)	36596.0	0.370865136384964	1
MYFEELBACK	Debtors  (Last avail. yr)	782160.0	-0.3516944348812103	2
MYFEELBACK	Current assets  (Last avail. yr)	3691769.0	-0.25534236431121826	3
MYFEELBACK	Solvency ratio  Asset based	0.2106748504102153	-0.24951687455177307	4
WRLD LTD	Capital	-0.01906928222792507	1.5183398723602295	1
WRLD LTD	Capital  (Last avail. yr)	1.10668145079579	-0.7252744436264038	2
WRLD LTD	Current liabilities  (Last avail. yr)	0.0	0.3906015157699585	3
WRLD LTD	Non current assets	0.01611118980830259	-0.3281155228614807	4
WRLD LTD	Of which cash and cash equivalent  (Last avail. yr)	1.10668145079579	0.3008183240890503	5
TRAVELLUTION	Capital	0.2349224583572659	1.277814507484436	1
TRAVELLUTION	Other shareholders funds	0.9155565232882678	0.288659006357193	2
TRAVELLUTION	Tangible fixed assets  (Last avail. yr)	0.0	-0.2706352472305298	3
TRAVELLUTION	Working capital  (Last avail. yr)	-20696.0	0.26629918813705444	4
TRAVELLUTION	Total assets	2.215892559072602	-0.23806330561637878	5
CELLERIX SA	Consolidation code NF	True	-1.0686148405075073	1
CELLERIX SA	Capital	0.0	-0.39644289016723633	2
CELLERIX SA	NACE na	True	0.36815547943115234	3
CELLERIX SA	Other shareholders funds	-0.04639479905437352	-0.16863684356212616	4
ADIKTEEV	Of which cash and cash equivalent  (Last avail. yr)	5777766.0	-0.6557705998420715	1
ADIKTEEV	Operating revenue  Turnover   (Last avail. yr)	35976751.0	-0.4693589210510254	2
ADIKTEEV	Of which cash and cash equivalent	20.07904414447282	0.4198824167251587	3
ADIKTEEV	P/L before tax	-1.528395501345928	-0.28957366943359375	4
ADIKTEEV	Debtors	2.533563162898138	-0.27769097685813904	5
ZOOMORAMA	Capital	4.390690522784456	1.1407899856567383	1
ZOOMORAMA	Intangible assets	0.6453105968331303	0.7406194806098938	2
ZOOMORAMA	Number of employees	1.25	0.48609843850135803	3
ZOOMORAMA	Non current liabilities	-1.0	-0.43067315220832825	4
ZOOMORAMA	P/L before tax	1.497313669393292	0.2504124045372009	5
OTBP LIMITED	Solvency ratio  Asset based	0.4076329407566024	-0.5239881873130798	1
OTBP LIMITED	Other shareholders funds	0.4487793095204893	0.3698543906211853	2
OTBP LIMITED	Working capital  (Last avail. yr)	-48210.0	0.359622597694397	3
OTBP LIMITED	Tangible fixed assets  (Last avail. yr)	1139723.0	0.3575250208377838	4
MIDAXO OY	Non current liabilities	5.370927318295739	0.3531111180782318	1
MIDAXO OY	P/L for period   Net income   (Last avail. yr)	-4185000.0	0.33685117959976196	2
MIDAXO OY	Woco Yes	True	-0.32100293040275574	3
MIDAXO OY	Number of employees (Last avail. yr)	15.0	0.3055509030818939	4
ABBYY LLC	Capital	-0.2430102161725607	-1.0368486642837524	1
ABBYY LLC	Of which cash and cash equivalent  (Last avail. yr)	37243.0947889879	0.32001054286956787	2
ABBYY LLC	Solvency ratio  Asset based	1.136129182156134	-0.3134637773036957	3
ABBYY LLC	Other shareholders funds	-0.2251725099872657	-0.2877567410469055	4
ABBYY LLC	Debtors  (Last avail. yr)	1544614.72508758	-0.26739776134490967	5
RESTOPOLITAN SOCIETE PAR ACTIONS SIMPLIFIEE	Consolidation code NF	True	-1.0182303190231323	1
RESTOPOLITAN SOCIETE PAR ACTIONS SIMPLIFIEE	Capital	0.0	-0.3925921320915222	2
RESTOPOLITAN SOCIETE PAR ACTIONS SIMPLIFIEE	NACE na	True	0.373117595911026	3
RESTOPOLITAN SOCIETE PAR ACTIONS SIMPLIFIEE	Other current liabilities	0.0	-0.17583775520324707	4
ALCHEMY PHARMATECH LIMITED	Capital  (Last avail. yr)	0.0	-0.8070889115333557	1
ALCHEMY PHARMATECH LIMITED	Current assets  (Last avail. yr)	7282.14474333333	0.28574034571647644	2
ALCHEMY PHARMATECH LIMITED	Current ratio	-0.6794871794871795	0.21954888105392456	3
ALCHEMY PHARMATECH LIMITED	Tangible fixed assets  (Last avail. yr)	475902.508605212	0.19030062854290009	4
ALCHEMY PHARMATECH LIMITED	Non current assets	0.0251845407994103	-0.17681634426116943	5
VERTILAS GMBH	Non current assets	1.826233461654456	-0.4521080553531647	1
VERTILAS GMBH	Of which cash and cash equivalent  (Last avail. yr)	2393523.52	-0.3917524814605713	2
VERTILAS GMBH	Other shareholders funds	0.7945507413867969	0.35156843066215515	3
VERTILAS GMBH	Tangible fixed assets	2.414060482894728	0.31033527851104736	4
VERTILAS GMBH	Of which provisions  (Last avail. yr)	658059.54	0.29283398389816284	5
CARRIOTS SL.	Of which cash and cash equivalent  (Last avail. yr)	31424.38	0.4764294922351837	1
CARRIOTS SL.	Other current liabilities	1.979598765159757	0.40064871311187744	2
CARRIOTS SL.	P/L for period   Net income   (Last avail. yr)	-471711.759	0.3207857310771942	3
CARRIOTS SL.	P/L before tax  (Last avail. yr)	-661533.21	0.26374074816703796	4
ROOMLR B.V.	Current liabilities  (Last avail. yr)	9805.0	0.4208991527557373	1
ROOMLR B.V.	Capital	0.0	-0.306179016828537	2
ROOMLR B.V.	Tangible fixed assets  (Last avail. yr)	402670.0	0.2411506175994873	3
ROOMLR B.V.	Current assets	-0.014479097142360734	0.14896973967552185	4
WINE IN BLACK GMBH	Number of employees	-0.2	-0.5467926263809204	1
WINE IN BLACK GMBH	Non current assets	1.4795523895593	-0.3732210695743561	2
WINE IN BLACK GMBH	Intangible assets	3.131754106280193	0.34194156527519226	3
WINE IN BLACK GMBH	Of which provisions  (Last avail. yr)	241569.33	0.29672396183013916	4
WINE IN BLACK GMBH	Capital	0.0	-0.2467370182275772	5
INBOTIQA LTD	Number of employees	-0.25	-0.7135846018791199	1
INBOTIQA LTD	Capital	0.03887771069404734	0.6894253492355347	2
INBOTIQA LTD	Debtors	79.984359340817	-0.44870325922966003	3
INBOTIQA LTD	Working capital  (Last avail. yr)	-128979.614106239	0.4025302827358246	4
INBOTIQA LTD	Of which cash and cash equivalent  (Last avail. yr)	11712.6305390374	0.3378947079181671	5
CLAVIS TECHNOLOGY LIMITED	Capital	0.0130718954248366	-0.8170468807220459	1
CLAVIS TECHNOLOGY LIMITED	Number of employees (Last avail. yr)	89.0	-0.6087347865104675	2
CLAVIS TECHNOLOGY LIMITED	Of which provisions  (Last avail. yr)	1030000.0	0.38615307211875916	3
CLAVIS TECHNOLOGY LIMITED	Other current assets  (Last avail. yr)	34118000.0	-0.34872809052467346	4
MEETIZER SOCIEDAD LIMITADA.	Capital	40.0	1.4000282287597656	1
MEETIZER SOCIEDAD LIMITADA.	Other shareholders funds  (Last avail. yr)	-60390.549	0.481941282749176	2
MEETIZER SOCIEDAD LIMITADA.	Current liabilities  (Last avail. yr)	4454.31	0.42631450295448303	3
MEETIZER SOCIEDAD LIMITADA.	Intangible assets	0.9920691969331474	0.4207477569580078	4
MEETIZER SOCIEDAD LIMITADA.	Other shareholders funds	0.635568816088066	0.4207189083099365	5
FANMILES GMBH	Capital	0.13132	0.8014970421791077	1
FANMILES GMBH	Of which cash and cash equivalent  (Last avail. yr)	1952.03	0.7324880957603455	2
FANMILES GMBH	Debtors  (Last avail. yr)	1216323.48	-0.4835907518863678	3
FANMILES GMBH	Debtors	212.5646827055101	-0.4101681113243103	4
FANMILES GMBH	Tangible fixed assets  (Last avail. yr)	9602.0	-0.34216633439064026	5
ECOSIA GMBH	Of which cash and cash equivalent  (Last avail. yr)	26572118.66	-0.7935186624526978	1
ECOSIA GMBH	Number of employees (Last avail. yr)	105.0	-0.5651268362998962	2
ECOSIA GMBH	Operating revenue  Turnover   (Last avail. yr)	39896525.86	-0.45362240076065063	3
ECOSIA GMBH	Total assets	0.2811151951501881	-0.43480488657951355	4
ECOSIA GMBH	Other non current assets  (Last avail. yr)	9389974.47	-0.33348751068115234	5
ILLUMINATE LABS AB	Capital	0.07938157431237224	1.1035250425338745	1
ILLUMINATE LABS AB	NACE na	True	1.0533548593521118	2
ILLUMINATE LABS AB	Non current assets  (Last avail. yr)	0.0	0.6757380962371826	3
ILLUMINATE LABS AB	Of which cash and cash equivalent  (Last avail. yr)	1408223.46072214	-0.4406149983406067	4
ILLUMINATE LABS AB	Total assets	0.4139047672522268	-0.4210610091686249	5
ERSTE ASG ABWICKLUNGS GMBH	Non current assets	-0.9447372643041769	0.4025799632072449	1
ERSTE ASG ABWICKLUNGS GMBH	Tangible fixed assets	-1.0	-0.35834944248199463	2
ERSTE ASG ABWICKLUNGS GMBH	Total shareholders  funds and liabilities	-0.9065318396634603	0.3479669988155365	3
ERSTE ASG ABWICKLUNGS GMBH	Shareholders funds	-1.031252565003236	0.32983067631721497	4
ERSTE ASG ABWICKLUNGS GMBH	Working capital  (Last avail. yr)	-301105.7	0.3233092129230499	5
SENSORLY	Total shareholders  funds and liabilities	-0.7513008272173927	0.4608761966228485	1
SENSORLY	P/L before tax  (Last avail. yr)	8752.0	-0.3611556887626648	2
SENSORLY	Capital	-0.7592912857798327	0.35573098063468933	3
SENSORLY	Solvency ratio  Asset based	3.774638297872341	-0.33366695046424866	4
SENSORLY	Debtors  (Last avail. yr)	0.0	0.29428964853286743	5
MARLEY SPOON SE	Capital		-1.0292052030563354	1
MARLEY SPOON SE	Number of employees (Last avail. yr)	195.0	-0.6803119778633118	2
MARLEY SPOON SE	Debtors		-0.3481059968471527	3
MARLEY SPOON SE	Non current assets  (Last avail. yr)		0.3398401439189911	4
MARLEY SPOON SE	Capital  (Last avail. yr)		-0.33598607778549194	5
SAFELLO AB	Capital	0.002323418675439208	-0.9751639366149902	1
SAFELLO AB	Solvency ratio  Asset based	0.2972972972972973	-0.4817879796028137	2
SAFELLO AB	Operating revenue  Turnover   (Last avail. yr)	50568167.4384203	-0.42756831645965576	3
SAFELLO AB	Of which cash and cash equivalent  (Last avail. yr)	1098867.16980066	-0.30778810381889343	4
SAFELLO AB	Stock  (Last avail. yr)	340033.28398736	-0.2169533371925354	5
CUMULOCITY GMBH	Number of employees (Last avail. yr)	40.0	-0.8714312314987183	1
CUMULOCITY GMBH	Capital	0.0	-0.329996258020401	2
CUMULOCITY GMBH	Current assets	-0.014479097142360734	0.11811459809541702	3
DREAM INDUSTRIES	Capital	-0.2328440071344832	0.9066458344459534	1
DREAM INDUSTRIES	Non current assets  (Last avail. yr)	0.0	0.5158607363700867	2
DREAM INDUSTRIES	Other current liabilities  (Last avail. yr)	0.0	-0.5000888705253601	3
DREAM INDUSTRIES	Of which cash and cash equivalent  (Last avail. yr)	110.310967957931	0.4197346866130829	4
DREAM INDUSTRIES	Non current assets	-1.0	0.3935847282409668	5
TOWERGATE	Consolidation code NF	True	-0.3745284676551819	1
TOWERGATE	NACE na	True	0.3613632321357727	2
TOWERGATE	Capital	0.0	-0.35990434885025024	3
TOWERGATE	Operating revenue  Turnover   (Last avail. yr)	106690.3966795545	0.1762586236000061	4
SENTEX CHEMNITZ GMBH	Capital	0.0	-0.34547293186187744	1
SENTEX CHEMNITZ GMBH	Current assets	-0.2720901544326465	-0.23004582524299622	2
SENTEX CHEMNITZ GMBH	Debtors	-0.1257257864589449	0.18794316053390503	3
COGBOOKS LIMITED	Capital	0.01611118980830135	-1.6191588640213013	1
COGBOOKS LIMITED	Current liabilities  (Last avail. yr)	0.0	0.5882745385169983	2
COGBOOKS LIMITED	Tangible fixed assets  (Last avail. yr)	0.0	-0.36095017194747925	3
COGBOOKS LIMITED	Of which cash and cash equivalent  (Last avail. yr)	21183.508696788	0.2802872359752655	4
COGBOOKS LIMITED	Solvency ratio  Asset based	0.2013022115973716	-0.23814529180526733	5
VIADEO SA	Of which cash and cash equivalent  (Last avail. yr)	9254000.0	-0.827345073223114	1
VIADEO SA	Operating revenue  Turnover   (Last avail. yr)	31585000.0	-0.45159652829170227	2
VIADEO SA	Current liabilities  (Last avail. yr)	18824000.0	-0.441855251789093	3
VIADEO SA	Other current assets  (Last avail. yr)	11156000.0	-0.40973833203315735	4
NEURENCE LIMITED	Capital	0.01580150913406839	-1.5885839462280273	1
NEURENCE LIMITED	Of which cash and cash equivalent  (Last avail. yr)	28377.5145400826	0.36672279238700867	2
NEURENCE LIMITED	Total shareholders  funds and liabilities	-0.6724076966562528	0.28377509117126465	3
NEURENCE LIMITED	Non current assets	0.8567605462445598	-0.2833581864833832	4
NEURENCE LIMITED	Total assets  (Last avail. yr)	46266.8642820203	0.23764009773731232	5
SAW INSTRUMENTS GMBH	Debtors  (Last avail. yr)	325433.392122544	-0.3550751805305481	1
SAW INSTRUMENTS GMBH	Capital	0.0	-0.2238931953907013	2
SAW INSTRUMENTS GMBH	Number of employees	-0.5	0.20672489702701569	3
SAW INSTRUMENTS GMBH	Total assets  (Last avail. yr)	7009846.87133044	-0.18927781283855438	4
LIBERSY	Consolidation code NF	True	-1.0460712909698486	1
LIBERSY	Capital	0.0	-0.3832980990409851	2
LIBERSY	NACE na	True	0.373117595911026	3
LIBERSY	Other current liabilities	0.0	-0.17395639419555664	4
STUDENTFUNDER LTD	Capital	-0.1772790609704202	1.8613070249557495	1
STUDENTFUNDER LTD	Capital  (Last avail. yr)	1.1670623724615	-0.9730148315429688	2
STUDENTFUNDER LTD	Number of employees (Last avail. yr)	19.5	0.43534237146377563	3
STUDENTFUNDER LTD	P/L before tax  (Last avail. yr)	6330.74611451501	-0.42954057455062866	4
STUDENTFUNDER LTD	Tangible fixed assets  (Last avail. yr)	449.0318052574795	-0.4145040512084961	5
LIMITED LIABILITY COMPANY FOODBYNET INC	Capital	0.1437780709540384	1.5589630603790283	1
LIMITED LIABILITY COMPANY FOODBYNET INC	Debtors  (Last avail. yr)	281000.0	-0.5484297275543213	2
LIMITED LIABILITY COMPANY FOODBYNET INC	Capital  (Last avail. yr)	143.792095719532	0.30947452783584595	3
LIMITED LIABILITY COMPANY FOODBYNET INC	Number of employees (Last avail. yr)	30.0	-0.2538096308708191	4
LIMITED LIABILITY COMPANY FOODBYNET INC	Other current liabilities	-0.05250705571334797	-0.19195660948753357	5
BE MY EYES APS	Capital	-0.002194032743974002	-1.7259939908981323	1
BE MY EYES APS	Non current assets	0.8327048378171851	-0.34967687726020813	2
BE MY EYES APS	Of which cash and cash equivalent  (Last avail. yr)	7379.68052679905	0.27432557940483093	3
BE MY EYES APS	Debtors  (Last avail. yr)	0.0	0.2680899500846863	4
BE MY EYES APS	Total assets  (Last avail. yr)	29116.1940784617	0.2407648116350174	5
STUCOMM B.V.	Current assets  (Last avail. yr)	29216.0	0.3244994878768921	1
STUCOMM B.V.	Other current assets  (Last avail. yr)	0.0	-0.29193177819252014	2
STUCOMM B.V.	Current assets	-0.3189584838807432	-0.25623807311058044	3
STUCOMM B.V.	Capital	0.0	-0.2227150797843933	4
AUXMONEY GMBH	Number of employees (Last avail. yr)	278.0	-1.7056756019592285	1
AUXMONEY GMBH	Capital	0.0045147513931828465	-0.41428467631340027	2
AUXMONEY GMBH	Operating revenue  Turnover   (Last avail. yr)	338463.742979049	0.3277139961719513	3
AUXMONEY GMBH	Non current assets	0.01611118980830259	-0.268523633480072	4
SOMA SL	Non current assets  (Last avail. yr)	6.01	0.5318588614463806	1
SOMA SL	Current liabilities  (Last avail. yr)	155.44	0.4038834571838379	2
SOMA SL	Of which cash and cash equivalent  (Last avail. yr)	21.55	0.3504233658313751	3
SOMA SL	Of which provisions  (Last avail. yr)	83946.745	0.31256142258644104	4
SOMA SL	Debtors  (Last avail. yr)	218.86	0.2941441237926483	5
LIMITED LIABILITY COMPANY CLINICIQ	Number of employees (Last avail. yr)	106.0	-1.4614770412445068	1
LIMITED LIABILITY COMPANY CLINICIQ	Number of employees	105.0	-0.6075486540794373	2
LIMITED LIABILITY COMPANY CLINICIQ	Non current assets	-1.0	0.5616955161094666	3
LIMITED LIABILITY COMPANY CLINICIQ	Other current liabilities  (Last avail. yr)	0.0	-0.45404186844825745	4
LIMITED LIABILITY COMPANY CLINICIQ	Of which cash and cash equivalent  (Last avail. yr)	2012.93665807469	0.3318287432193756	5
WHITEMATTER LABS GMBH	Number of employees	-0.25	-0.4014185070991516	1
WHITEMATTER LABS GMBH	Capital	0.008356460718575329	-0.3336451053619385	2
WHITEMATTER LABS GMBH	P/L for period   Net income   (Last avail. yr)	6866.60034651031	-0.30696743726730347	3
WHITEMATTER LABS GMBH	Debtors  (Last avail. yr)	0.0	0.29591867327690125	4
WHITEMATTER LABS GMBH	Consolidation code LF	True	0.2842070460319519	5
REMOTEMYAPP SP. Z O.O.	Capital	0.06583594702069	0.8842159509658813	1
REMOTEMYAPP SP. Z O.O.	Solvency ratio  Asset based	1.26552016985138	-0.656618595123291	2
REMOTEMYAPP SP. Z O.O.	Debtors  (Last avail. yr)	1599547.23200845	-0.5022991895675659	3
REMOTEMYAPP SP. Z O.O.	Tangible fixed assets  (Last avail. yr)	10407.7900415352	-0.3430136442184448	4
HITBOX ENTERTAINMENT GMBH IN LIQUIDATION	Current liabilities  (Last avail. yr)	0.0	0.7681013345718384	1
HITBOX ENTERTAINMENT GMBH IN LIQUIDATION	Non current liabilities  (Last avail. yr)	20828068.3	-0.35899779200553894	2
HITBOX ENTERTAINMENT GMBH IN LIQUIDATION	Total shareholders  funds and liabilities	-0.7981831387259298	0.3385177552700043	3
HITBOX ENTERTAINMENT GMBH IN LIQUIDATION	Of which provisions  (Last avail. yr)	485051.82	0.2824491262435913	4
HITBOX ENTERTAINMENT GMBH IN LIQUIDATION	Capital	0.0	-0.2754855751991272	5
MONEYTIS SAS	Other current liabilities  (Last avail. yr)	0.0	-0.4266785979270935	1
MONEYTIS SAS	Working capital  (Last avail. yr)	-44068.0	0.34339937567710876	2
MONEYTIS SAS	Capital	0.0	-0.26286497712135315	3
MONEYTIS SAS	Other shareholders funds  (Last avail. yr)	-183936.0	0.24330249428749084	4
MONEYTIS SAS	Total assets  (Last avail. yr)	205022.0	0.17401915788650513	5
MOVINGA GMBH	Of which cash and cash equivalent  (Last avail. yr)	3277403.1	-0.6519184112548828	1
MOVINGA GMBH	Number of employees (Last avail. yr)	133.0	-0.5603625178337097	2
MOVINGA GMBH	Number of employees	0.1565217391304348	-0.5385482311248779	3
MOVINGA GMBH	Of which provisions  (Last avail. yr)	396620.3	0.40675127506256104	4
MOVINGA GMBH	Non current liabilities	0.9581656134230688	0.3820248246192932	5
UAB HOSTEX	Capital	0.004294005660758811	-0.9284675717353821	1
UAB HOSTEX	Solvency ratio  Asset based	0.5600238455997416	-0.5109061598777771	2
UAB HOSTEX	Tangible fixed assets  (Last avail. yr)	819395.0	0.48243448138237	3
UAB HOSTEX	Current liabilities	0.9130796214418826	-0.35556212067604065	4
UAB HOSTEX	Other shareholders funds	0.462655621422017	0.31149882078170776	5
B D A	Consolidation code LF	True	-0.7178334593772888	1
B D A	Of which provisions  (Last avail. yr)	420952.55	0.5403962135314941	2
B D A	Debtors	0.3954269807550669	-0.32477006316185	3
B D A	Capital	0.0	-0.32254746556282043	4
ESBATECH LTD	Debtors  (Last avail. yr)	281000.0	-0.40468093752861023	1
ESBATECH LTD	Capital	3.279979008134348e-05	-0.27278265357017517	2
ESBATECH LTD	P/L before tax  (Last avail. yr)	0.0	-0.20348571240901947	3
ESBATECH LTD	Number of employees (Last avail. yr)	30.0	-0.18477793037891388	4
WOWCRACY LIMITED	Current liabilities  (Last avail. yr)	0.0	0.6804012656211853	1
WOWCRACY LIMITED	P/L before tax  (Last avail. yr)	0.0	-0.29256048798561096	2
WOWCRACY LIMITED	Debtors  (Last avail. yr)	0.0	0.2609398365020752	3
WOWCRACY LIMITED	Other shareholders funds  (Last avail. yr)	-19996.0498691591	0.24737215042114258	4
WOWCRACY LIMITED	Number of employees (Last avail. yr)	30.0	-0.2409164160490036	5
BABYBE GMBH	Non current assets	0.6165390702269296	-0.447801798582077	1
BABYBE GMBH	Shareholders funds	-1.139813024658365	0.4464629888534546	2
BABYBE GMBH	Capital	0.0	-0.3328048288822174	3
BABYBE GMBH	Number of employees (Last avail. yr)	19.0	0.30069273710250854	4
BABYBE GMBH	Total assets  (Last avail. yr)	317814.48	0.2842719554901123	5
ADREAL	Debtors  (Last avail. yr)	281000.0	-0.6884505152702332	1
ADREAL	Number of employees	23.0	-0.44505685567855835	2
ADREAL	Other current liabilities	-0.05250705571334797	-0.4073648750782013	3
ADREAL	P/L before tax  (Last avail. yr)	2885.81010827703	-0.38230472803115845	4
ADREAL	Other current liabilities  (Last avail. yr)	0.0	-0.33799874782562256	5
D-DRIVE	P/L before tax  (Last avail. yr)	9834.0	-0.4937921464443207	1
D-DRIVE	Capital	0.0	-0.343962699174881	2
D-DRIVE	P/L for period   Net income   (Last avail. yr)	9881.0	-0.28277796506881714	3
D-DRIVE	Creditors  (Last avail. yr)	3798.0	-0.2028631865978241	4
D-DRIVE	Other current liabilities	-0.01130138676405271	-0.20026765763759613	5
KEYNOIR LIMITED	Non current assets	-0.9356997893159636	0.35292214155197144	1
KEYNOIR LIMITED	Tangible fixed assets	-0.9319664527518081	-0.31406712532043457	2
KEYNOIR LIMITED	Tangible fixed assets  (Last avail. yr)	3010.32743262088	-0.2703385353088379	3
KEYNOIR LIMITED	Shareholders funds	-12.11142114769438	0.25272905826568604	4
KEYNOIR LIMITED	Operating revenue  Turnover   (Last avail. yr)	107940.032229427	0.25058698654174805	5
MENUSPRING LTD	Capital  (Last avail. yr)	0.0	-1.146936058998108	1
MENUSPRING LTD	Number of employees	-0.1683168316831683	-0.45943978428840637	2
MENUSPRING LTD	Capital	0.0	-0.32687318325042725	3
MENUSPRING LTD	Current assets  (Last avail. yr)	22955.000124711	0.2172991931438446	4
MENUSPRING LTD	Number of employees (Last avail. yr)	4.0	-0.21663816273212433	5
HATCH B.V.	Number of employees	-0.1627906976744186	-0.3854835629463196	1
HATCH B.V.	Number of employees (Last avail. yr)	36.0	-0.31245195865631104	2
HATCH B.V.	Total assets	0.1528859614190262	-0.29198235273361206	3
HATCH B.V.	Non current assets	-0.8691659933270671	0.2919275462627411	4
HATCH B.V.	Other shareholders funds	-0.2363818537146712	-0.25275182723999023	5
ALTECH SOFTWARE LIMITED	Capital  (Last avail. yr)	0.0	-0.818454384803772	1
ALTECH SOFTWARE LIMITED	Tangible fixed assets	1.091839179789992	0.46408432722091675	2
ALTECH SOFTWARE LIMITED	Capital	0.0	-0.3573840260505676	3
ALTECH SOFTWARE LIMITED	Total assets	0.5484639636107682	-0.2705772817134857	4
ALTECH SOFTWARE LIMITED	Non current assets	1.091839179789992	-0.25186121463775635	5
DDVTECH B.V.	Debtors  (Last avail. yr)	180484.0	-0.4344633221626282	1
DDVTECH B.V.	Debtors	1.40552319769689	-0.39471110701560974	2
DDVTECH B.V.	Shareholders funds	-1.663405563245967	0.3562489449977875	3
DDVTECH B.V.	Other current assets  (Last avail. yr)	0.0	-0.32849082350730896	4
DDVTECH B.V.	Total assets	0.5037477384337038	-0.28582853078842163	5
CERBIUM HOLDING S.A.	P/L for period   Net income   (Last avail. yr)	-2034000.0	0.27844664454460144	1
CERBIUM HOLDING S.A.	Working capital  (Last avail. yr)	-337000.0	0.2441728413105011	2
CERBIUM HOLDING S.A.	Other current liabilities	-0.19	-0.21932566165924072	3
CERBIUM HOLDING S.A.	Other shareholders funds  (Last avail. yr)	-743000.0	0.2149251103401184	4
INFLECTION BIOSCIENCES LIMITED	Capital	0.05498281786941581	1.015411138534546	1
INFLECTION BIOSCIENCES LIMITED	Operating revenue  Turnover   (Last avail. yr)	338463.742979049	0.5289520025253296	2
INFLECTION BIOSCIENCES LIMITED	Working capital  (Last avail. yr)	-10562.0	0.4068979322910309	3
INFLECTION BIOSCIENCES LIMITED	Non current liabilities	-0.8707324456309653	-0.31454557180404663	4
DOCTOR KINETIC B.V.	Total shareholders  funds and liabilities	-1.0	0.29232704639434814	1
DOCTOR KINETIC B.V.	Capital	0.0	-0.287814199924469	2
DOCTOR KINETIC B.V.	Current assets  (Last avail. yr)	362620.634501137	0.1690664291381836	3
DOCTOR KINETIC B.V.	Current assets	-0.014479097142360734	0.15213294327259064	4
VIEWSTER AG	Capital	0.03659756622709599	0.970944881439209	1
VIEWSTER AG	Capital  (Last avail. yr)	91939.1631430377	0.26617300510406494	2
VIEWSTER AG	Consolidation code LF	True	0.22203585505485535	3
VIEWSTER AG	Other shareholders funds	-0.23004085086562226	-0.1711864024400711	4
MTIVITY LIMITED	Capital	0.01863731197532136	-2.0094947814941406	1
MTIVITY LIMITED	Debtors  (Last avail. yr)	810672.131983712	-0.5058115124702454	2
MTIVITY LIMITED	Total assets	0.4430551486808684	-0.3729511797428131	3
MTIVITY LIMITED	Other shareholders funds  (Last avail. yr)	-815205.044344534	0.3468128442764282	4
MTIVITY LIMITED	Current liabilities	0.7237191223442082	-0.23685605823993683	5
BLANC	Number of employees (Last avail. yr)	55.0	-1.0225359201431274	1
BLANC	Consolidation code LF	True	-0.8585091829299927	2
BLANC	Debtors	4.682047414143084	-0.3738067150115967	3
BLANC	Capital	0.0	-0.36324214935302734	4
TXCOM	Quoted Yes	True	-2.5553174018859863	1
TXCOM	Of which cash and cash equivalent  (Last avail. yr)	8220000.0	-0.7049654126167297	2
TXCOM	Of which provisions  (Last avail. yr)	394000.0	0.46627193689346313	3
TXCOM	Debtors	1.531531531531531	-0.39640310406684875	4
EBUILDER AB	Capital	0.002323418675440472	-0.8772221803665161	1
EBUILDER AB	Number of employees (Last avail. yr)	71.0	-0.7925739884376526	2
EBUILDER AB	Number of employees	0.126984126984127	-0.6259541511535645	3
EBUILDER AB	Intangible assets	1.038199640420253	0.5217146873474121	4
EBUILDER AB	Non current assets	0.8287175792913583	-0.3829561769962311	5
BUDDY BOUNCE LTD	Capital	0.126292393467987	1.144112467765808	1
BUDDY BOUNCE LTD	Capital  (Last avail. yr)	2.80954628978247	0.638480544090271	2
BUDDY BOUNCE LTD	Total assets  (Last avail. yr)	24937.5328681092	0.3233034014701843	3
BUDDY BOUNCE LTD	Of which cash and cash equivalent  (Last avail. yr)	10486.6315266131	0.3048839867115021	4
BUDDY BOUNCE LTD	Other shareholders funds  (Last avail. yr)	-597103.039555453	0.30098122358322144	5
ECCENTRADE B.V.	Non current assets	99.54213169642857	-0.5764487385749817	1
ECCENTRADE B.V.	Debtors	8.52534799793779	-0.3955414593219757	2
ECCENTRADE B.V.	Capital	0.0	-0.3112354278564453	3
ECCENTRADE B.V.	Of which cash and cash equivalent	79242.0	0.28276941180229187	4
ECCENTRADE B.V.	Shareholders funds	-21.97325247712383	0.18778428435325623	5
BLAST LAB SP. Z O.O.	Capital	0.0797531460400766	1.221238374710083	1
BLAST LAB SP. Z O.O.	Capital  (Last avail. yr)	1609.87016334146	0.5507199764251709	2
BLAST LAB SP. Z O.O.	P/L before tax  (Last avail. yr)	-1839.85161524738	-0.3381800651550293	3
BLAST LAB SP. Z O.O.	Other shareholders funds  (Last avail. yr)	-186284.976043797	0.2501062750816345	4
ORBITAL MARINE POWER LIMITED	Capital	0.01863731197532278	-1.6585803031921387	1
ORBITAL MARINE POWER LIMITED	Operating revenue  Turnover   (Last avail. yr)	218227.516875711	0.45641809701919556	2
ORBITAL MARINE POWER LIMITED	Number of employees (Last avail. yr)	38.0	-0.38794034719467163	3
ORBITAL MARINE POWER LIMITED	Other non current assets  (Last avail. yr)	3515226.85823009	-0.370570570230484	4
ORBITAL MARINE POWER LIMITED	Tangible fixed assets  (Last avail. yr)	346142.546440463	0.30973485112190247	5
EUROMILLIONS LTD	Capital		-0.9517703652381897	1
EUROMILLIONS LTD	Consolidation code NF	True	0.620336651802063	2
EUROMILLIONS LTD	Non current assets		-0.3633235692977905	3
EUROMILLIONS LTD	P/L before tax		-0.3631197214126587	4
SPECTRASEIS AG	Number of employees (Last avail. yr)	75.0	-0.7824297547340393	1
SPECTRASEIS AG	Capital	0.008528779080827227	0.2389722615480423	2
SPECTRASEIS AG	Debtors	-0.1257257864589449	0.19601118564605713	3
SPECTRASEIS AG	Other current liabilities	-0.05162154598064415	-0.19227857887744904	4
SPECTRASEIS AG	Current assets	-0.2720901544326465	-0.18645305931568146	5
XELTIS AG	Capital	0.003782304982703929	-1.1327952146530151	1
XELTIS AG	Capital  (Last avail. yr)	11071008.7265471	-0.3924943506717682	2
XELTIS AG	Current assets  (Last avail. yr)	1958739.0	-0.11824503540992737	3
MOBEON AB	Capital	-0.131421331247728	1.6379728317260742	1
MOBEON AB	NACE na	True	1.0982403755187988	2
MOBEON AB	Non current assets  (Last avail. yr)	0.0	0.8698300123214722	3
MOBEON AB	Consolidation code NF	False	0.32660239934921265	4
MOBEON AB	Number of employees (Last avail. yr)	0.0	0.30551472306251526	5
COMMPROVE LIMITED	NACE na	True	1.1999133825302124	1
COMMPROVE LIMITED	Number of employees (Last avail. yr)	62.0	-0.7836520671844482	2
COMMPROVE LIMITED	Intangible assets	0.4250453553794925	0.500437319278717	3
COMMPROVE LIMITED	Other shareholders funds	0.2874791501036649	0.37057992815971375	4
COMMPROVE LIMITED	P/L for period   Net income   (Last avail. yr)	-858273.0	0.2914153039455414	5
DSWISS AG	Capital	0.003782304982698683	-1.1425420045852661	1
DSWISS AG	Number of employees (Last avail. yr)	35.0	-0.5827239155769348	2
DSWISS AG	Capital  (Last avail. yr)	1829767.54197822	-0.34570416808128357	3
DSWISS AG	Number of employees	-0.6111111111111112	0.29297763109207153	4
CAPERFLY LTD	Capital	311048.2592661216	1.4084056615829468	1
CAPERFLY LTD	Number of employees (Last avail. yr)	19.0	0.36147540807724	2
CAPERFLY LTD	Total assets  (Last avail. yr)	191193.279061287	0.3274606764316559	3
CAPERFLY LTD	Current assets	16234.79930475635	0.30171433091163635	4
CAPERFLY LTD	Shareholders funds	-14096.87760389893	0.287343829870224	5
6TRIBES LTD	Capital  (Last avail. yr)	0.0	-1.0550086498260498	1
6TRIBES LTD	Capital	-1.0	0.8104903697967529	2
6TRIBES LTD	Operating revenue  Turnover   (Last avail. yr)	338463.742979049	0.35045403242111206	3
6TRIBES LTD	Non current assets	0.01611118980830259	-0.3063366711139679	4
6TRIBES LTD	Tangible fixed assets  (Last avail. yr)	186.628232064651	-0.3007220923900604	5
AMTIVO (IRELAND) LIMITED	Number of employees	0.1466666666666667	-0.8100040555000305	1
AMTIVO (IRELAND) LIMITED	Number of employees (Last avail. yr)	86.0	-0.6577407121658325	2
AMTIVO (IRELAND) LIMITED	P/L before tax		-0.6381354331970215	3
AMTIVO (IRELAND) LIMITED	P/L for period   Net income   (Last avail. yr)	864449.0	-0.32835134863853455	4
INTERACTIVE INVESTOR	Consolidation code NF	True	-0.3745284676551819	1
INTERACTIVE INVESTOR	NACE na	True	0.3613632321357727	2
INTERACTIVE INVESTOR	Capital	0.0	-0.35990434885025024	3
INTERACTIVE INVESTOR	Operating revenue  Turnover   (Last avail. yr)	106690.3966795545	0.1762586236000061	4
ENTERTAINMENT LEARNING	Of which cash and cash equivalent	75.13813615333774	0.5089083313941956	1
ENTERTAINMENT LEARNING	Debtors  (Last avail. yr)	225972.0	-0.3721412122249603	2
ENTERTAINMENT LEARNING	Tangible fixed assets  (Last avail. yr)	6719.0	-0.3496722877025604	3
ENTERTAINMENT LEARNING	Tangible fixed assets	-0.4311235289137245	-0.29516398906707764	4
ENTERTAINMENT LEARNING	Number of employees (Last avail. yr)	19.0	0.2765137553215027	5
BILBUS LIMITED	Capital	-0.001577017138449638	-1.534741759300232	1
BILBUS LIMITED	Total assets	0.2829031409766579	-0.526055097579956	2
BILBUS LIMITED	Of which cash and cash equivalent  (Last avail. yr)	1902.22053667263	0.4607996344566345	3
BILBUS LIMITED	Other current liabilities	2.713139722496031	0.2924470007419586	4
BILBUS LIMITED	Other current assets	0.2862613583703978	-0.24849417805671692	5
ACTITO	Number of employees (Last avail. yr)	72.0	-0.5906982421875	1
ACTITO	Capital	489.0367523303988	0.5262156128883362	2
ACTITO	Operating revenue  Turnover   (Last avail. yr)	20343148.0	-0.4294929802417755	3
ACTITO	Of which cash and cash equivalent  (Last avail. yr)	1482357.0	-0.42679888010025024	4
ACTITO	Other current assets  (Last avail. yr)	10052493.0	-0.36153125762939453	5
KINAMU BUSINESS SOLUTIONS AG	Consolidation code NF	True	-1.0460712909698486	1
KINAMU BUSINESS SOLUTIONS AG	Capital	0.0	-0.39511367678642273	2
KINAMU BUSINESS SOLUTIONS AG	NACE na	True	0.373117595911026	3
KINAMU BUSINESS SOLUTIONS AG	Other shareholders funds	-0.04639479905437352	-0.16863684356212616	4
FRONTIER MEA LTD	Capital	0.02518454079941121	-1.2908345460891724	1
FRONTIER MEA LTD	Other current liabilities  (Last avail. yr)	8943.43505325108	0.4801884889602661	2
FRONTIER MEA LTD	Operating revenue  Turnover   (Last avail. yr)	338463.742979049	0.40681231021881104	3
FRONTIER MEA LTD	Number of employees (Last avail. yr)	1.0	-0.3792765438556671	4
FRONTIER MEA LTD	Tangible fixed assets  (Last avail. yr)	0.0	-0.3645932674407959	5
VOLTEA B.V.	Total shareholders  funds and liabilities	-0.9374030196540345	0.3703588545322418	1
VOLTEA B.V.	P/L before tax	-1.7601572449227676	-0.3616253137588501	2
VOLTEA B.V.	Tangible fixed assets  (Last avail. yr)	1671.0	-0.34478071331977844	3
VOLTEA B.V.	Non current assets	-0.9248885093462378	0.3357841670513153	4
VOLTEA B.V.	Capital	0.0	-0.24263599514961243	5
THERASOLVE	Working capital  (Last avail. yr)	-148020.0	0.24707771837711334	1
THERASOLVE	Non current assets	0.3920583995908309	-0.2318161278963089	2
THERASOLVE	Number of employees	1.0	0.21495302021503448	3
THERASOLVE	Capital	0.0	-0.21324701607227325	4
THERASOLVE	P/L for period   Net income   (Last avail. yr)	-1067550.0	0.20770731568336487	5
SIMPLELIFEFORMS LIMITED	NACE na	True	0.9275635480880737	1
SIMPLELIFEFORMS LIMITED	Consolidation code NF	True	-0.7330662608146667	2
SIMPLELIFEFORMS LIMITED	Capital	0.0	-0.39596909284591675	3
SIMPLELIFEFORMS LIMITED	Operating revenue  Turnover   (Last avail. yr)	106690.3966795545	0.20157626271247864	4
SIMPLELIFEFORMS LIMITED	Tangible fixed assets  (Last avail. yr)	2800.121461145825	-0.17260442674160004	5
BLUEPRINTER APS	Of which cash and cash equivalent  (Last avail. yr)	27300.2812592627	0.2983206510543823	1
BLUEPRINTER APS	Number of employees (Last avail. yr)	13.0	0.2244407683610916	2
BLUEPRINTER APS	Non current assets  (Last avail. yr)	3430959.48515423	-0.20293186604976654	3
BLUEPRINTER APS	Capital  (Last avail. yr)	256326.778719973	0.189614400267601	4
FIGHTME LIMITED	Capital	0.01580150913406831	-1.6554591655731201	1
FIGHTME LIMITED	Other current liabilities  (Last avail. yr)	8994.92253232848	0.5432190299034119	2
FIGHTME LIMITED	Current liabilities  (Last avail. yr)	8994.92253232848	0.48797607421875	3
FIGHTME LIMITED	Debtors  (Last avail. yr)	0.0	0.2531030476093292	4
FIGHTME LIMITED	Non current assets  (Last avail. yr)	0.0	0.22778594493865967	5
GREEN MAN GAMING LIMITED	Capital  (Last avail. yr)	0.0	-0.8141741752624512	1
GREEN MAN GAMING LIMITED	Number of employees (Last avail. yr)	70.0	-0.596307635307312	2
GREEN MAN GAMING LIMITED	Of which cash and cash equivalent  (Last avail. yr)	6213305.50144685	-0.5953120589256287	3
GREEN MAN GAMING LIMITED	Operating revenue  Turnover   (Last avail. yr)	49436751.2853017	-0.42091596126556396	4
GREEN MAN GAMING LIMITED	Debtors  (Last avail. yr)	663859.018518528	-0.36123624444007874	5
ECONTRATOS SL	Number of employees	0.3333333333333333	-0.6903238296508789	1
ECONTRATOS SL	Of which cash and cash equivalent  (Last avail. yr)	584.06	0.5435700416564941	2
ECONTRATOS SL	Other shareholders funds	1.500067958796848	0.47027772665023804	3
ECONTRATOS SL	Other current liabilities  (Last avail. yr)	359.65	-0.42282548546791077	4
ECONTRATOS SL	Other shareholders funds  (Last avail. yr)	-192585.16	0.3457705080509186	5
SOFTGAMES MOBILE ENTERTAINMENT SERVICES GMBH	Of which cash and cash equivalent  (Last avail. yr)	4877261.53	-0.7550948262214661	1
SOFTGAMES MOBILE ENTERTAINMENT SERVICES GMBH	Number of employees (Last avail. yr)	57.0	-0.6406872272491455	2
SOFTGAMES MOBILE ENTERTAINMENT SERVICES GMBH	P/L before tax  (Last avail. yr)	2844683.14	-0.35288408398628235	3
SOFTGAMES MOBILE ENTERTAINMENT SERVICES GMBH	Other current liabilities	6.171893213953591	0.3524687588214874	4
SOFTGAMES MOBILE ENTERTAINMENT SERVICES GMBH	Solvency ratio  Asset based	0.04305762141887096	-0.33560603857040405	5
AVOCADO STORE GMBH	Number of employees (Last avail. yr)	56.0	-0.6145468950271606	1
AVOCADO STORE GMBH	Number of employees	0.12	-0.4759041965007782	2
AVOCADO STORE GMBH	Of which cash and cash equivalent  (Last avail. yr)	3250612.29	-0.4594411551952362	3
AVOCADO STORE GMBH	Capital	0.0	-0.3101876676082611	4
AVOCADO STORE GMBH	Current liabilities	0.2742732646432969	-0.21566997468471527	5
ISN SOLUTIONS LIMITED	Capital	0.01863731197532099	-2.09415602684021	1
ISN SOLUTIONS LIMITED	Solvency ratio  Asset based	1.099867432611578	-0.6824229955673218	2
ISN SOLUTIONS LIMITED	Debtors  (Last avail. yr)	202566.898223575	-0.43858328461647034	3
ISN SOLUTIONS LIMITED	Tangible fixed assets  (Last avail. yr)	1644.66461705892	-0.3650344908237457	4
ISN SOLUTIONS LIMITED	Other shareholders funds  (Last avail. yr)	-67868.0593133369	0.3619014322757721	5
SKY LABS AS	Capital	-0.01367294238701813	0.6806967258453369	1
SKY LABS AS	P/L before tax  (Last avail. yr)	125735.740936915	-0.44954127073287964	2
SKY LABS AS	Total assets	0.12095652742581	-0.35152584314346313	3
SKY LABS AS	Debtors	-0.09677970266344176	0.3035513162612915	4
SKY LABS AS	Other shareholders funds  (Last avail. yr)	-134901.191267065	0.2641187906265259	5
THE CONSULTING CONSORTIUM LIMITED	Capital	-0.00161087592880754	-1.2651503086090088	1
THE CONSULTING CONSORTIUM LIMITED	Solvency ratio  Asset based	0.4504380997794599	-0.5945646166801453	2
THE CONSULTING CONSORTIUM LIMITED	P/L before tax	-2.516431810217904	-0.4595949351787567	3
THE CONSULTING CONSORTIUM LIMITED	Number of employees (Last avail. yr)	50.0	-0.40696245431900024	4
THE CONSULTING CONSORTIUM LIMITED	Other shareholders funds	0.5676350650807382	0.29975274205207825	5
SPONSORMYEVENT	Of which cash and cash equivalent  (Last avail. yr)	2478.0	0.4386504888534546	1
SPONSORMYEVENT	Non current assets  (Last avail. yr)	0.0	0.43188080191612244	2
SPONSORMYEVENT	Other shareholders funds  (Last avail. yr)	-161725.0	0.27795660495758057	3
SPONSORMYEVENT	Total shareholders  funds and liabilities	-0.7241224928366762	0.2648765742778778	4
SPONSORMYEVENT	Other current liabilities	-0.1568045507945341	-0.24674026668071747	5
RUMMBLE LABS LIMITED	Capital	-0.0158350851680711	1.3113855123519897	1
RUMMBLE LABS LIMITED	Capital  (Last avail. yr)	1.10877628758722	-0.6431563496589661	2
RUMMBLE LABS LIMITED	Debtors  (Last avail. yr)	0.0	0.46124279499053955	3
RUMMBLE LABS LIMITED	Current liabilities  (Last avail. yr)	0.0	0.4321731626987457	4
RUMMBLE LABS LIMITED	Tangible fixed assets  (Last avail. yr)	449.0318052574795	-0.3915836811065674	5
IDEAGEN LIMITED	Of which cash and cash equivalent  (Last avail. yr)	8643098.48904047	-1.009739875793457	1
IDEAGEN LIMITED	Capital	0.0438870270095415	0.5338281393051147	2
IDEAGEN LIMITED	Other current assets  (Last avail. yr)	100982794.27286	-0.38239195942878723	3
IDEAGEN LIMITED	Other non current assets  (Last avail. yr)	731687955.370033	-0.3398575186729431	4
IDEAGEN LIMITED	Current assets	-0.4242516317127428	-0.3363681733608246	5
MEDIAN TECHNOLOGIES	Quoted Yes	True	-2.7684664726257324	1
MEDIAN TECHNOLOGIES	Capital	0.1645569620253164	0.749128520488739	2
MEDIAN TECHNOLOGIES	Of which cash and cash equivalent  (Last avail. yr)	19630000.0	-0.5649562478065491	3
MEDIAN TECHNOLOGIES	Number of employees	0.2670157068062827	-0.5273571014404297	4
MEDIAN TECHNOLOGIES	Other current assets  (Last avail. yr)	25243000.0	-0.47983911633491516	5
ROQ.AD GMBH	Capital	0.0	-0.330894410610199	1
ROQ.AD GMBH	Current assets	-0.014479097142360734	0.13890519738197327	2
ROQ.AD GMBH	Capital  (Last avail. yr)	25000.0	0.13307571411132812	3
AUTOQUAKE LIMITED	Capital	16477327.46940739	0.9258700609207153	1
AUTOQUAKE LIMITED	Tangible fixed assets  (Last avail. yr)	430836.457656304	0.5748150944709778	2
AUTOQUAKE LIMITED	Number of employees (Last avail. yr)	97.0	-0.46027612686157227	3
AUTOQUAKE LIMITED	Of which provisions  (Last avail. yr)	454000.0	0.44282424449920654	4
AUTOQUAKE LIMITED	Shareholders funds	-1.111236951507043	0.4017394483089447	5
BEEBRITE SL.	Tangible fixed assets  (Last avail. yr)	3575.53	-0.2934383451938629	1
BEEBRITE SL.	Capital	0.0	-0.28961101174354553	2
BEEBRITE SL.	Of which cash and cash equivalent  (Last avail. yr)	11763.64	0.23764294385910034	3
BEEBRITE SL.	Debtors	0.5936135238930642	-0.21269656717777252	4
ARKIMEDIA S.R.L. IN LIQUIDAZIONE	Total assets  (Last avail. yr)	20006.0	0.3176947832107544	1
ARKIMEDIA S.R.L. IN LIQUIDAZIONE	Solvency ratio  Asset based  (Last avail. yr)		0.3138047456741333	2
ARKIMEDIA S.R.L. IN LIQUIDAZIONE	Non current assets	-0.6494917630564319	0.28273317217826843	3
ARKIMEDIA S.R.L. IN LIQUIDAZIONE	Other current liabilities	0.960468545821618	0.27599772810935974	4
ARKIMEDIA S.R.L. IN LIQUIDAZIONE	Other current assets  (Last avail. yr)	6.0	-0.2745073437690735	5
STICHTING ADMINISTRATIEKANTOOR SPEPHARM	Number of employees (Last avail. yr)	70.0	-0.8624629974365234	1
STICHTING ADMINISTRATIEKANTOOR SPEPHARM	Consolidation code NF	True	-0.4458464980125427	2
STICHTING ADMINISTRATIEKANTOOR SPEPHARM	Operating revenue  Turnover   (Last avail. yr)	29465451.42123215	-0.40334779024124146	3
STICHTING ADMINISTRATIEKANTOOR SPEPHARM	P/L before tax	-1.581816117861174	-0.38274505734443665	4
STICHTING ADMINISTRATIEKANTOOR SPEPHARM	Capital	0.0	-0.3475528061389923	5
APPLAYER LIMITED	Capital	-0.09665560556618646	1.9004420042037964	1
APPLAYER LIMITED	Debtors	4.994194008320698	-0.5107481479644775	2
APPLAYER LIMITED	Of which cash and cash equivalent  (Last avail. yr)	8980.1658975759	0.38038966059684753	3
APPLAYER LIMITED	Other shareholders funds  (Last avail. yr)	-804236.434676406	0.36797285079956055	4
APPLAYER LIMITED	Non current assets  (Last avail. yr)	0.0	0.3530735969543457	5
COGNITUM SP. Z O.O.	Capital	13.96359416663636	0.813046932220459	1
COGNITUM SP. Z O.O.	Solvency ratio  Asset based	2.940436030411358	-0.6318965554237366	2
COGNITUM SP. Z O.O.	Debtors	0.709536265111201	-0.4379091262817383	3
COGNITUM SP. Z O.O.	Of which cash and cash equivalent  (Last avail. yr)	6968.86978510376	0.42445531487464905	4
LONG ACCESS P.C.	NACE na	True	1.0007047653198242	1
LONG ACCESS P.C.	Other current liabilities  (Last avail. yr)	3043.0	0.744154691696167	2
LONG ACCESS P.C.	Of which cash and cash equivalent  (Last avail. yr)	544.0	0.4266963005065918	3
LONG ACCESS P.C.	Current liabilities  (Last avail. yr)	3535.0	0.3865875005722046	4
LONG ACCESS P.C.	Consolidation code NF	False	0.3419165313243866	5
MOPAPP LIMITED	Capital	-0.02023311668933851	0.8764661550521851	1
MOPAPP LIMITED	Number of employees (Last avail. yr)	19.0	0.43216589093208313	2
MOPAPP LIMITED	Tangible fixed assets	-0.5100675325735116	-0.32940807938575745	3
MOPAPP LIMITED	Shareholders funds	-1.000417892772468	0.2974209487438202	4
MOPAPP LIMITED	Debtors  (Last avail. yr)	0.0	0.27468252182006836	5
TWINLINX CORPORATION	Solvency ratio  Asset based	0.4789926521384162	-0.43050578236579895	1
TWINLINX CORPORATION	Of which cash and cash equivalent  (Last avail. yr)	18398.0	0.3331194221973419	2
TWINLINX CORPORATION	Operating revenue  Turnover   (Last avail. yr)	359106.0	0.31364932656288147	3
TWINLINX CORPORATION	Other current liabilities	-0.05549790522802425	-0.2984096109867096	4
TWINLINX CORPORATION	Other shareholders funds	-0.09860705059321916	-0.2904272675514221	5
AUDACY	P/L before tax  (Last avail. yr)	12453.0	-0.49470949172973633	1
AUDACY	Other shareholders funds	2.01100086281277	0.44622230529785156	2
AUDACY	Solvency ratio  Asset based	0.089429945375601	-0.33333778381347656	3
AUDACY	Total assets  (Last avail. yr)	45981.0	0.31155404448509216	4
AUDACY	Of which cash and cash equivalent  (Last avail. yr)	15776.0	0.2704196274280548	5
CELLARTIS AB	Consolidation code NF	True	-1.0460712909698486	1
CELLARTIS AB	Capital	0.0	-0.4113945960998535	2
CELLARTIS AB	NACE na	True	0.373117595911026	3
WINDCENTRALE B.V.	Intangible assets	1.8421302837061135	0.9498999714851379	1
WINDCENTRALE B.V.	Debtors  (Last avail. yr)	713829.0	-0.3990463614463806	2
WINDCENTRALE B.V.	Of which cash and cash equivalent  (Last avail. yr)	45561.5357513794	0.38935115933418274	3
WINDCENTRALE B.V.	Tangible fixed assets  (Last avail. yr)	4323.3574070652	-0.36736685037612915	4
WINDCENTRALE B.V.	Capital	0.03282458166467428	-0.3620659112930298	5
AGRIVI LTD	Capital	0.04755761420806071	0.8162209391593933	1
AGRIVI LTD	Debtors  (Last avail. yr)	518454.30040166	-0.4799032509326935	2
AGRIVI LTD	Tangible fixed assets	-0.4704853130438087	-0.39733654260635376	3
AGRIVI LTD	P/L before tax  (Last avail. yr)	1533.82861210993	-0.38537272810935974	4
AGRIVI LTD	P/L for period   Net income   (Last avail. yr)	1533.82861210993	-0.3332359492778778	5
VIROCLINICS BIOSCIENCES B.V.	Tangible fixed assets  (Last avail. yr)	12674000.0	0.9010328054428101	1
VIROCLINICS BIOSCIENCES B.V.	Number of employees (Last avail. yr)	290.0	-0.710349977016449	2
VIROCLINICS BIOSCIENCES B.V.	Of which cash and cash equivalent  (Last avail. yr)	3272000.0	-0.5237727761268616	3
VIROCLINICS BIOSCIENCES B.V.	Current liabilities  (Last avail. yr)	14887000.0	-0.42241594195365906	4
VIROCLINICS BIOSCIENCES B.V.	Other shareholders funds	-0.06011931766797736	-0.2786763608455658	5
RESOLUTION GAMES AB	Number of employees (Last avail. yr)	172.0	-0.8218310475349426	1
RESOLUTION GAMES AB	Capital	0.002323418675444376	-0.6595805883407593	2
RESOLUTION GAMES AB	Of which cash and cash equivalent  (Last avail. yr)	7744521.6519708	-0.5484876036643982	3
RESOLUTION GAMES AB	Debtors  (Last avail. yr)	690791.179900111	-0.3573763370513916	4
RESOLUTION GAMES AB	Current assets	-0.3659740327738611	-0.30269405245780945	5
IKOR METERING SA	Operating revenue  Turnover   (Last avail. yr)	158309.18	0.5724291205406189	1
IKOR METERING SA	Of which cash and cash equivalent  (Last avail. yr)	34607.51	0.24815453588962555	2
IKOR METERING SA	Debtors  (Last avail. yr)	156218.42	-0.21794800460338593	3
IKOR METERING SA	Other non current assets  (Last avail. yr)	2800165.3	-0.21345427632331848	4
BSAVE LTD	Capital	-0.0092887054570696	1.2936360836029053	1
BSAVE LTD	Other current liabilities  (Last avail. yr)	5039.07486506434	0.5789387226104736	2
BSAVE LTD	Current liabilities  (Last avail. yr)	5039.07486506434	0.4699608087539673	3
BSAVE LTD	Debtors  (Last avail. yr)	0.0	0.3386442959308624	4
BSAVE LTD	Non current assets  (Last avail. yr)	0.0	0.3323964774608612	5
MITRIONICS AB	Capital	0.0	-0.32036763429641724	1
MITRIONICS AB	Capital  (Last avail. yr)	25000.0	0.14252790808677673	2
MITRIONICS AB	Current assets	-0.014479097142360734	0.13196110725402832	3
REGIOHELDEN GMBH	Number of employees (Last avail. yr)	165.0	-1.6756737232208252	1
REGIOHELDEN GMBH	Capital	0.0	-0.35001111030578613	2
REGIOHELDEN GMBH	Current liabilities	0.1400517080517778	-0.28276053071022034	3
REGIOHELDEN GMBH	Tangible fixed assets  (Last avail. yr)	8345.4832950169	-0.15979063510894775	4
FREEPPIE - S.R.L.	Capital	0.2600126001260012	0.8848760724067688	1
FREEPPIE - S.R.L.	Non current assets	-1.0	0.47131863236427307	2
FREEPPIE - S.R.L.	Other current liabilities	2.158536585365854	0.43563583493232727	3
FREEPPIE - S.R.L.	Of which cash and cash equivalent  (Last avail. yr)	1955.0	0.3870466351509094	4
FREEPPIE - S.R.L.	Non current assets  (Last avail. yr)	0.0	0.354401558637619	5
99DRONES B.V.	Debtors	1.548124383020731	-0.43497434258461	1
99DRONES B.V.	Non current assets	-1.0	0.42708149552345276	2
99DRONES B.V.	Other current assets  (Last avail. yr)	0.0	-0.40651020407676697	3
99DRONES B.V.	Non current assets  (Last avail. yr)	0.0	0.3917306661605835	4
99DRONES B.V.	Solvency ratio  Asset based	1.056935988152049	-0.3679230213165283	5
BITPOSTER LIMITED	Of which cash and cash equivalent  (Last avail. yr)	1296095.04785519	-0.5588529109954834	1
BITPOSTER LIMITED	Capital	-0.03634335726571333	0.5507017970085144	2
BITPOSTER LIMITED	Solvency ratio  Asset based	13.52818289318092	-0.4910285174846649	3
BITPOSTER LIMITED	Total assets  (Last avail. yr)	6137190.02503768	-0.3810935616493225	4
BITPOSTER LIMITED	Working capital  (Last avail. yr)	-2562485.11484457	0.3681420683860779	5
BENSON GROUP LIMITED	Capital	0.00317732345427861	-0.9148404598236084	1
BENSON GROUP LIMITED	Of which cash and cash equivalent  (Last avail. yr)	5793783.57439916	-0.5724996328353882	2
BENSON GROUP LIMITED	Number of employees (Last avail. yr)	288.0	-0.5424187779426575	3
BENSON GROUP LIMITED	Operating revenue  Turnover   (Last avail. yr)	176847471.459837	-0.5090727210044861	4
BENSON GROUP LIMITED	Solvency ratio  Asset based	1.392006802721089	-0.49211061000823975	5
REFINED LABS GMBH	Number of employees	0.09523809523809523	-0.45151689648628235	1
REFINED LABS GMBH	Of which provisions  (Last avail. yr)	212274.79	0.39984339475631714	2
REFINED LABS GMBH	Capital	0.0	-0.3182508647441864	3
REFINED LABS GMBH	Number of employees (Last avail. yr)	23.0	0.2926214933395386	4
REFINED LABS GMBH	Other current assets	-0.4778822941505616	0.270173043012619	5
MIKESTAR GMBH	Capital	1.338645803148846	1.5250462293624878	1
MIKESTAR GMBH	Non current assets	21.37226482139517	-0.534652829170227	2
MIKESTAR GMBH	Total assets  (Last avail. yr)	301556.45	0.3484238088130951	3
MIKESTAR GMBH	Intangible assets	2506.9	-0.27955830097198486	4
MIKESTAR GMBH	Current liabilities	3.450708442652171	0.26334115862846375	5
JIVA TECHNOLOGY LIMITED	Capital	0.02592878722967283	-1.2970659732818604	1
JIVA TECHNOLOGY LIMITED	Other current liabilities  (Last avail. yr)	2383.7983445262	0.5045695304870605	2
JIVA TECHNOLOGY LIMITED	Current liabilities  (Last avail. yr)	2383.7983445262	0.4176349639892578	3
JIVA TECHNOLOGY LIMITED	Of which cash and cash equivalent  (Last avail. yr)	1527.26688053713	0.37288886308670044	4
JIVA TECHNOLOGY LIMITED	Non current assets  (Last avail. yr)	0.0	0.3183009624481201	5
ESCAPADA RURAL SERVICIOS PARA PROPIETARIOS SL	Intangible assets	0.9101602094194915	0.5109007954597473	1
ESCAPADA RURAL SERVICIOS PARA PROPIETARIOS SL	Number of employees (Last avail. yr)	47.0	-0.4851289689540863	2
ESCAPADA RURAL SERVICIOS PARA PROPIETARIOS SL	Of which cash and cash equivalent  (Last avail. yr)	1975431.61	-0.4402586817741394	3
ESCAPADA RURAL SERVICIOS PARA PROPIETARIOS SL	Solvency ratio  Asset based	0.6456681278628773	-0.43324220180511475	4
ESCAPADA RURAL SERVICIOS PARA PROPIETARIOS SL	Other shareholders funds	0.9496820189302504	0.370245099067688	5
THREAD AND CO LIMITED	Number of employees (Last avail. yr)	24.0	0.423515647649765	1
THREAD AND CO LIMITED	Capital	0.0	-0.35980963706970215	2
THREAD AND CO LIMITED	Debtors	0.1732240543755596	-0.1838611662387848	3
THREAD AND CO LIMITED	Creditors  (Last avail. yr)	242991.343336262	0.18266773223876953	4
99 FAHRENHEIT S.R.L.	Of which cash and cash equivalent  (Last avail. yr)	64.0	0.44099828600883484	1
99 FAHRENHEIT S.R.L.	Other shareholders funds  (Last avail. yr)	-81254.0	0.4352908134460449	2
99 FAHRENHEIT S.R.L.	Non current assets	2.437098410551235	-0.38133785128593445	3
99 FAHRENHEIT S.R.L.	Other current liabilities	2.042994139584443	0.3328152000904083	4
99 FAHRENHEIT S.R.L.	Other shareholders funds	1.636404931862427	0.33215153217315674	5
RESOURCEKRAFT LIMITED	Capital	-0.4915333085225158	0.8195000886917114	1
RESOURCEKRAFT LIMITED	Debtors  (Last avail. yr)	521608.0	-0.6168213486671448	2
RESOURCEKRAFT LIMITED	P/L for period   Net income   (Last avail. yr)	-74189.0	-0.27062976360321045	3
RESOURCEKRAFT LIMITED	Number of employees (Last avail. yr)	15.0	0.253388911485672	4
CORTEC GMBH	Number of employees (Last avail. yr)	66.0	-0.570186972618103	1
CORTEC GMBH	Of which cash and cash equivalent  (Last avail. yr)	2810734.89	-0.5007643699645996	2
CORTEC GMBH	Tangible fixed assets  (Last avail. yr)	577125.5	0.4713747501373291	3
CORTEC GMBH	Of which provisions  (Last avail. yr)	682561.09	0.45052751898765564	4
CORTEC GMBH	Capital	0.0	-0.3406970798969269	5
ARCHIMADES PHARMA LIMITED	Consolidation code NF	True	-0.3745284676551819	1
ARCHIMADES PHARMA LIMITED	NACE na	True	0.3613632321357727	2
ARCHIMADES PHARMA LIMITED	Capital	0.0	-0.35990434885025024	3
ARCHIMADES PHARMA LIMITED	Operating revenue  Turnover   (Last avail. yr)	106690.3966795545	0.1762586236000061	4
SCM WORLD LIMITED	Capital	-0.1426002084015084	1.7682620286941528	1
SCM WORLD LIMITED	Capital  (Last avail. yr)	1.1670623724615	-1.0963244438171387	2
SCM WORLD LIMITED	Tangible fixed assets  (Last avail. yr)	0.0	-0.47564175724983215	3
SCM WORLD LIMITED	Debtors  (Last avail. yr)	0.0	0.4525257647037506	4
SCM WORLD LIMITED	Current liabilities  (Last avail. yr)	0.0	0.38352587819099426	5
QMENTA IMAGING S.L.	P/L for period   Net income   (Last avail. yr)	74579.42	-0.4523268938064575	1
QMENTA IMAGING S.L.	Current liabilities	0.5343248459485479	-0.27950459718704224	2
QMENTA IMAGING S.L.	Capital	0.0	-0.2524908483028412	3
QMENTA IMAGING S.L.	Creditors  (Last avail. yr)	438603.85	0.22947444021701813	4
SOCIALANCE LIMITED	Capital	-0.02293600231502198	1.0367106199264526	1
SOCIALANCE LIMITED	Current liabilities  (Last avail. yr)	0.0	0.4328957498073578	2
SOCIALANCE LIMITED	Tangible fixed assets  (Last avail. yr)	0.0	-0.28969472646713257	3
SOCIALANCE LIMITED	Current assets  (Last avail. yr)	0.0	0.26923051476478577	4
SOCIALANCE LIMITED	Number of employees (Last avail. yr)	13.0	0.21434766054153442	5
GERGANA BAY LIMITED	Capital  (Last avail. yr)	0.0	-1.229923963546753	1
GERGANA BAY LIMITED	Current liabilities  (Last avail. yr)	0.0	0.6754306554794312	2
GERGANA BAY LIMITED	Intangible assets	0.5503490027699778	0.45703426003456116	3
GERGANA BAY LIMITED	Debtors	0.7114064329178847	-0.29506605863571167	4
GERGANA BAY LIMITED	Shareholders funds	-1.221045936503059	0.26720288395881653	5
CLINTEC INTERNATIONAL LTD.	Number of employees (Last avail. yr)	96.0	-0.6700206398963928	1
CLINTEC INTERNATIONAL LTD.	Capital	-0.04609491185225244	0.557120680809021	2
CLINTEC INTERNATIONAL LTD.	Other current assets  (Last avail. yr)	30288255.9401314	-0.4361145496368408	3
CLINTEC INTERNATIONAL LTD.	Operating revenue  Turnover   (Last avail. yr)	43418142.6071908	-0.42570632696151733	4
CLINTEC INTERNATIONAL LTD.	P/L before tax	-1.567986967775696	-0.36119499802589417	5
BEEM LIMITED	Number of employees (Last avail. yr)	79.0	-0.995074987411499	1
BEEM LIMITED	Capital	-0.01476055648553974	0.8264262080192566	2
BEEM LIMITED	Non current assets  (Last avail. yr)	0.0	0.4141834080219269	3
BEEM LIMITED	Shareholders funds	-1.456718690257635	0.3620486855506897	4
BEEM LIMITED	Debtors  (Last avail. yr)	0.0	0.30421677231788635	5
BLINK LTD	Capital	-0.1426002084015141	1.613480567932129	1
BLINK LTD	Solvency ratio  Asset based	7.483661310705903	-0.7607183456420898	2
BLINK LTD	Number of employees (Last avail. yr)	46.0	-0.6185499429702759	3
BLINK LTD	Debtors  (Last avail. yr)	267176.755989984	-0.4469401240348816	4
BLINK LTD	Other shareholders funds	3.586434548877181	0.4463656544685364	5
DEPAUL UK	Capital	-0.001610875928806384	-1.3632503747940063	1
DEPAUL UK	Capital  (Last avail. yr)	0.0	-0.6666035056114197	2
DEPAUL UK	Tangible fixed assets  (Last avail. yr)	5312024.68116649	0.6345491409301758	3
DEPAUL UK	Number of employees (Last avail. yr)	308.0	-0.5397614240646362	4
DEPAUL UK	Of which cash and cash equivalent  (Last avail. yr)	1952390.9329347	-0.3436145484447479	5
RIPSTONE LTD.	Capital	0.01863731197531973	-1.6520634889602661	1
RIPSTONE LTD.	Number of employees (Last avail. yr)	46.0	-0.3758188784122467	2
RIPSTONE LTD.	Debtors	3.573480939608029	-0.3735432028770447	3
RIPSTONE LTD.	Non current assets	0.3612373697360731	-0.3547223210334778	4
RIPSTONE LTD.	Debtors  (Last avail. yr)	2138484.67672827	-0.2685391306877136	5
FDM DIGITAL SOLUTIONS LTD	Capital  (Last avail. yr)	0.0	-0.6158474087715149	1
FDM DIGITAL SOLUTIONS LTD	Solvency ratio  Asset based	1.780509359685065	-0.3818463683128357	2
FDM DIGITAL SOLUTIONS LTD	Current assets	-0.547104900726087	-0.3156589865684509	3
FDM DIGITAL SOLUTIONS LTD	Non current assets	0.3162776034721795	-0.2894304096698761	4
FDM DIGITAL SOLUTIONS LTD	P/L before tax	-1.299563864981645	-0.27233386039733887	5
SMITHFIELD CAFE LIMITED	Capital  (Last avail. yr)	0.0	-0.8173376321792603	1
SMITHFIELD CAFE LIMITED	Capital	0.0	-0.3652836084365845	2
SMITHFIELD CAFE LIMITED	Number of employees	-0.3333333333333333	-0.2838118374347687	3
SMITHFIELD CAFE LIMITED	Shareholders funds  (Last avail. yr)	127821.054034269	-0.2179814726114273	4
SMITHFIELD CAFE LIMITED	Operating revenue  Turnover   (Last avail. yr)	576220.815196489	0.20479556918144226	5
WOOL AND THE GANG LTD	Capital	0.01863731197532214	-1.6398863792419434	1
WOOL AND THE GANG LTD	Number of employees	0.1304347826086956	-0.7364546656608582	2
WOOL AND THE GANG LTD	Non current assets	-0.7566096824785337	0.2417910248041153	3
WOOL AND THE GANG LTD	Other shareholders funds	-0.1871995520171593	-0.23653578758239746	4
WOOL AND THE GANG LTD	NACE 47	True	0.22642123699188232	5
WEESTEER AB	Capital	0.002323418675437412	-1.0017119646072388	1
WEESTEER AB	P/L before tax  (Last avail. yr)	90.1227892889903	-0.2796051800251007	2
WEESTEER AB	Current liabilities  (Last avail. yr)	3604.91157155961	0.2789744436740875	3
WEESTEER AB	Current assets  (Last avail. yr)	3785.15715013759	0.25738710165023804	4
WEESTEER AB	Debtors  (Last avail. yr)	0.0	0.21877823770046234	5
ZEUS CREATIVE TECHNOLOGIES SL.	Capital	0.07392200839241789	1.507764458656311	1
ZEUS CREATIVE TECHNOLOGIES SL.	Other shareholders funds  (Last avail. yr)	-29981.26	0.4272615611553192	2
ZEUS CREATIVE TECHNOLOGIES SL.	Total assets	0.4377646092250655	-0.3592461943626404	3
ZEUS CREATIVE TECHNOLOGIES SL.	Total assets  (Last avail. yr)	139876.28	0.2673674523830414	4
ZEUS CREATIVE TECHNOLOGIES SL.	Net current assets  (Last avail. yr)	2053286.08512934	-0.24460293352603912	5
SCANTRUST SA	Capital	0.003782304982702959	-1.0662660598754883	1
SCANTRUST SA	Current assets  (Last avail. yr)	362620.634501137	0.13916295766830444	2
SCANTRUST SA	Current assets	-0.014479097142360734	0.1337939202785492	3
SCLOBY S.R.L.	Other shareholders funds	0.5340123254666035	0.48083406686782837	1
SCLOBY S.R.L.	Of which cash and cash equivalent  (Last avail. yr)	1345668.0	-0.40549033880233765	2
SCLOBY S.R.L.	Number of employees	0.1176470588235294	-0.3002609610557556	3
SCLOBY S.R.L.	Debtors  (Last avail. yr)	463339.0	-0.2968882620334625	4
SCLOBY S.R.L.	Other shareholders funds  (Last avail. yr)	-941655.0	0.27089405059814453	5
CELTIC RENEWABLES LIMITED	Capital	0.01863731197532232	-1.9433974027633667	1
CELTIC RENEWABLES LIMITED	Number of employees	0.2051282051282051	-0.6514025330543518	2
CELTIC RENEWABLES LIMITED	Of which cash and cash equivalent  (Last avail. yr)	1723086.42122048	-0.39329952001571655	3
CELTIC RENEWABLES LIMITED	Non current assets	75.2215994582523	-0.37520456314086914	4
CELTIC RENEWABLES LIMITED	Current liabilities  (Last avail. yr)	5580919.854591	-0.37369608879089355	5
NCC GROUP ACCUMULI SECURITY LIMITED	Number of employees (Last avail. yr)	108.0	-0.5755603909492493	1
NCC GROUP ACCUMULI SECURITY LIMITED	Capital	-0.01511465298923893	0.5111385583877563	2
NCC GROUP ACCUMULI SECURITY LIMITED	Operating revenue  Turnover   (Last avail. yr)	19499080.8903863	-0.45221731066703796	3
NCC GROUP ACCUMULI SECURITY LIMITED	Current liabilities  (Last avail. yr)	18562782.4312029	-0.3791601061820984	4
NCC GROUP ACCUMULI SECURITY LIMITED	Tangible fixed assets  (Last avail. yr)	327530.857786047	0.3200654983520508	5
RIFTCAT SP. Z O.O.	Capital	-0.02057533200457791	1.26363205909729	1
RIFTCAT SP. Z O.O.	Operating revenue  Turnover   (Last avail. yr)	167200.661010575	0.43701171875	2
RIFTCAT SP. Z O.O.	Current liabilities  (Last avail. yr)	20234.474899369	0.3109535276889801	3
RIFTCAT SP. Z O.O.	Solvency ratio  Asset based	0.03414072838156607	-0.29891717433929443	4
TALKLIFE LTD	Consolidation code NF	True	-0.3745284676551819	1
TALKLIFE LTD	NACE na	True	0.3613632321357727	2
TALKLIFE LTD	Capital	0.0	-0.35990434885025024	3
TALKLIFE LTD	Operating revenue  Turnover   (Last avail. yr)	106690.3966795545	0.1762586236000061	4
HYPER GAMES AS	Capital	-0.06417453676845362	1.5287445783615112	1
HYPER GAMES AS	Non current assets	21.31987459969072	-0.44328370690345764	2
HYPER GAMES AS	P/L before tax	-1.483104703421479	-0.3397439420223236	3
HYPER GAMES AS	Of which cash and cash equivalent	9.348634943179313	0.33918866515159607	4
HYPER GAMES AS	Current assets	-0.4220341939081974	-0.3342914283275604	5
CAPSEO	Capital	0.3501960784313726	1.3181297779083252	1
CAPSEO	Non current assets	42.02250264737028	-0.49881407618522644	2
CAPSEO	Tangible fixed assets  (Last avail. yr)	2620.0	-0.2990473210811615	3
CAPSEO	Of which cash and cash equivalent  (Last avail. yr)	46950.0	0.28581294417381287	4
CAPSEO	Non current liabilities	5.246645351325495	0.256468266248703	5
OCTORATE S.R.L.	Number of employees	0.2272727272727273	-0.6748834252357483	1
OCTORATE S.R.L.	Debtors  (Last avail. yr)	381001.0	-0.3348872661590576	2
OCTORATE S.R.L.	Current liabilities	0.4142435839639176	-0.23470471799373627	3
OCTORATE S.R.L.	Debtors	0.91114934514464	-0.2285171002149582	4
OCTORATE S.R.L.	Non current assets	0.03739517341962536	-0.17140188813209534	5
NOW NATIVE LTD	Debtors  (Last avail. yr)	242293.5	-0.4864872097969055	1
NOW NATIVE LTD	Number of employees (Last avail. yr)	19.0	0.34894993901252747	2
NOW NATIVE LTD	Capital	0.0	-0.31745535135269165	3
NOW NATIVE LTD	Current assets  (Last avail. yr)	1971682.5	-0.2098427414894104	4
GREEN ENERGY OPTIONS LTD	Capital	-0.01553352094652396	0.6467217206954956	1
GREEN ENERGY OPTIONS LTD	Of which cash and cash equivalent  (Last avail. yr)	4198956.55906176	-0.6119896173477173	2
GREEN ENERGY OPTIONS LTD	Number of employees (Last avail. yr)	66.0	-0.5348924994468689	3
GREEN ENERGY OPTIONS LTD	Operating revenue  Turnover   (Last avail. yr)	29103579.1945615	-0.45829665660858154	4
GREEN ENERGY OPTIONS LTD	Current liabilities  (Last avail. yr)	17142641.8042055	-0.3915014863014221	5
DJENEE AB	Capital	-0.03483547878459003	0.7679928541183472	1
DJENEE AB	P/L before tax	-1.678223717610825	-0.3365999460220337	2
DJENEE AB	Debtors  (Last avail. yr)	0.0	0.2930702269077301	3
DJENEE AB	Total shareholders  funds and liabilities	-0.5578609912264616	0.28167924284935	4
DJENEE AB	Tangible fixed assets	-0.3461788727250464	-0.26322123408317566	5
FLAYR	Consolidation code NF	True	-0.49069297313690186	1
FLAYR	Working capital  (Last avail. yr)	-337000.0	0.33066368103027344	2
FLAYR	Net current assets	0.3774298552891028	-0.23737064003944397	3
CORSO12 S.R.L. - IN LIQUIDAZIONE	Capital	0.5	1.0072777271270752	1
CORSO12 S.R.L. - IN LIQUIDAZIONE	Other shareholders funds  (Last avail. yr)	-82493.0	0.5761780738830566	2
CORSO12 S.R.L. - IN LIQUIDAZIONE	Shareholders funds	-1.233856294771425	0.4780612587928772	3
CORSO12 S.R.L. - IN LIQUIDAZIONE	Of which cash and cash equivalent  (Last avail. yr)	2059.0	0.44678550958633423	4
CORSO12 S.R.L. - IN LIQUIDAZIONE	Tangible fixed assets  (Last avail. yr)	2271.0	-0.312682569026947	5
DEALFRONT GERMANY GMBH	Of which cash and cash equivalent  (Last avail. yr)	4941562.45	-0.7463032007217407	1
DEALFRONT GERMANY GMBH	Number of employees (Last avail. yr)	133.0	-0.7227141857147217	2
DEALFRONT GERMANY GMBH	Shareholders funds	-8.130578343916266	0.5411779880523682	3
DEALFRONT GERMANY GMBH	Number of employees	0.6024096385542169	0.45307397842407227	4
DEALFRONT GERMANY GMBH	Current liabilities  (Last avail. yr)	8046270.88	-0.35978806018829346	5
AMMADO AG IN LIQUIDATION	Capital	0.06084783321313796	1.6202839612960815	1
AMMADO AG IN LIQUIDATION	Capital  (Last avail. yr)	173122.568076348	0.20843642950057983	2
AMMADO AG IN LIQUIDATION	Consolidation code LF	True	0.19374454021453857	3
AMMADO AG IN LIQUIDATION	Current assets	-0.02155007272279522	0.16943690180778503	4
KOBOJO	Capital	1.028442179700499	0.682521402835846	1
KOBOJO	Non current assets	0.5815895366271386	-0.45974719524383545	2
KOBOJO	P/L for period   Net income   (Last avail. yr)	-5780709.0	0.40516963601112366	3
KOBOJO	Non current liabilities	-0.7425488664160205	-0.31860214471817017	4
KOBOJO	Debtors  (Last avail. yr)	395730.0	-0.2805000841617584	5
AQUATOOLS SAS	Consolidation code NF	True	-1.0182303190231323	1
AQUATOOLS SAS	Capital	0.0	-0.3925921320915222	2
AQUATOOLS SAS	NACE na	True	0.373117595911026	3
AQUATOOLS SAS	Other current liabilities	0.0	-0.17583775520324707	4
OPEN FINANCE S.L.	Other shareholders funds	-0.1382760849911867	-0.2994946837425232	1
OPEN FINANCE S.L.	P/L before tax	0.2652867240838581	0.28304800391197205	2
OPEN FINANCE S.L.	Long term debt  (Last avail. yr)	3061478.0	0.23031777143478394	3
OPEN FINANCE S.L.	Capital	0.0	-0.21540182828903198	4
TAP HOME, S. R. O.	Solvency ratio  Asset based	0.1390828797370854	-0.36127400398254395	1
TAP HOME, S. R. O.	Capital	0.0	-0.2349957674741745	2
TAP HOME, S. R. O.	P/L before tax  (Last avail. yr)	-1637.0	-0.2344357818365097	3
TAP HOME, S. R. O.	P/L for period   Net income   (Last avail. yr)	-1637.0	-0.17010104656219482	4
TAP HOME, S. R. O.	Capital  (Last avail. yr)	63622.0	0.16490884125232697	5
NAGI OU	Other current liabilities  (Last avail. yr)	6163.0	0.616582989692688	1
NAGI OU	Current liabilities  (Last avail. yr)	6163.0	0.5881367921829224	2
NAGI OU	Other shareholders funds	0.663135593220339	0.5074287056922913	3
NAGI OU	Of which cash and cash equivalent  (Last avail. yr)	1045.0	0.4787388741970062	4
NAGI OU	P/L before tax  (Last avail. yr)	-940.0	-0.28278017044067383	5
UPTEMPO GMBH	Number of employees (Last avail. yr)	99.0	-0.48869848251342773	1
UPTEMPO GMBH	Of which provisions  (Last avail. yr)	1366695.57	0.4066045582294464	2
UPTEMPO GMBH	Tangible fixed assets  (Last avail. yr)	350343.0	0.3682505786418915	3
UPTEMPO GMBH	Shareholders funds	-1.174489833775652	0.3592750132083893	4
UPTEMPO GMBH	Current liabilities  (Last avail. yr)	4930380.79	-0.34108874201774597	5
JOBIJOBA	Capital	0.15813	0.8674686551094055	1
JOBIJOBA	Tangible fixed assets	14.82411604714415	0.6354958415031433	2
JOBIJOBA	Solvency ratio  Asset based	0.5422093273157103	-0.5257553458213806	3
JOBIJOBA	Debtors	5.345541982438438	-0.4691552221775055	4
JOBIJOBA	Debtors  (Last avail. yr)	295569.0	-0.43469366431236267	5
OFFSET OPTIONS SL.	Capital	2.225806451612903	1.242043375968933	1
OFFSET OPTIONS SL.	Intangible assets	2.044282667966521	0.8492134213447571	2
OFFSET OPTIONS SL.	Other shareholders funds  (Last avail. yr)	-66460.09	0.55084627866745	3
OFFSET OPTIONS SL.	Of which cash and cash equivalent  (Last avail. yr)	15070.04	0.3398095369338989	4
APP IN THE AIR	Consolidation code NF	True	-0.5733680129051208	1
APP IN THE AIR	Debtors  (Last avail. yr)	242293.5	-0.4901416599750519	2
APP IN THE AIR	Capital	0.0	-0.3437786400318146	3
APP IN THE AIR	Number of employees (Last avail. yr)	19.0	0.27986273169517517	4
MY SUPPORT ASSISTANT LIMITED	P/L before tax		-0.5135595798492432	1
MY SUPPORT ASSISTANT LIMITED	P/L for period   Net income   (Last avail. yr)	864449.0	-0.4065324068069458	2
MY SUPPORT ASSISTANT LIMITED	Number of employees (Last avail. yr)	45.0	-0.354245662689209	3
MY SUPPORT ASSISTANT LIMITED	Debtors  (Last avail. yr)	328852.84670317493	-0.3379736542701721	4
SMARTSHARE SYSTEMS A/S	Capital	-0.002194032743974347	-1.8536584377288818	1
SMARTSHARE SYSTEMS A/S	Of which cash and cash equivalent  (Last avail. yr)	1878.4641340943	0.4967364966869354	2
SMARTSHARE SYSTEMS A/S	Debtors	0.8530682249040458	-0.27216312289237976	3
SMARTSHARE SYSTEMS A/S	Other current liabilities	-0.251984914342762	-0.2502310574054718	4
NORTAL AS	Of which cash and cash equivalent  (Last avail. yr)	8126000.0	-0.6775367856025696	1
NORTAL AS	Tangible fixed assets  (Last avail. yr)	2638000.0	0.4322236180305481	2
NORTAL AS	Current liabilities  (Last avail. yr)	61729000.0	-0.3966907262802124	3
NORTAL AS	Intangible assets	0.6290726817042607	0.3719277083873749	4
NORTAL AS	Operating revenue  Turnover   (Last avail. yr)	66244000.0	-0.2654454708099365	5
FLINQER B.V.	Non current assets	-1.0	0.5968780517578125	1
FLINQER B.V.	Other current assets  (Last avail. yr)	0.0	-0.3836577534675598	2
FLINQER B.V.	Non current assets  (Last avail. yr)	0.0	0.33948713541030884	3
FLINQER B.V.	Current ratio (Last avail. yr)	0.004	0.33930063247680664	4
FLINQER B.V.	Current assets	-0.3854842585916847	-0.26706457138061523	5
FLINC GMBH	Number of employees (Last avail. yr)	19.0	0.44977933168411255	1
FLINC GMBH	Capital	0.0	-0.3309911787509918	2
FLINC GMBH	Current assets  (Last avail. yr)	362620.634501137	0.17885348200798035	3
FLINC GMBH	Current assets	-0.014479097142360734	0.13704517483711243	4
XMS PENVISION AB	Capital	0.002323418675442262	-0.9608365893363953	1
XMS PENVISION AB	Current liabilities  (Last avail. yr)	1622.21020720183	0.4008693993091583	2
XMS PENVISION AB	Other current liabilities  (Last avail. yr)	450.613946444951	-0.3902374804019928	3
XMS PENVISION AB	Of which cash and cash equivalent  (Last avail. yr)	3695.0343608486	0.33157622814178467	4
XMS PENVISION AB	Current assets  (Last avail. yr)	3695.0343608486	0.30674296617507935	5
EKINOPS	Quoted Yes	True	-2.7020187377929688	1
EKINOPS	Capital	0.01399818401937046	-0.7122430801391602	2
EKINOPS	Tangible fixed assets  (Last avail. yr)	14032000.0	0.6334795355796814	3
EKINOPS	Of which cash and cash equivalent  (Last avail. yr)	47177000.0	-0.6120597720146179	4
EKINOPS	Number of employees (Last avail. yr)	551.0	-0.6025571823120117	5
ROOMLE GMBH	Capital	6.422135723061936	1.0118062496185303	1
ROOMLE GMBH	Debtors  (Last avail. yr)	329991.09	-0.5898880362510681	2
ROOMLE GMBH	Shareholders funds	-1.102217928272975	0.3420902490615845	3
ROOMLE GMBH	Non current liabilities	-0.7099806001181024	-0.29096290469169617	4
ROOMLE GMBH	Other current liabilities	1.81144807774205	0.2813800573348999	5
CRYO-INNOVATION KUTATAS-FEJLESZTESI ES SZOLGALTATO KORLATOLT FELELOSSEGU TARSASAG	NACE na	True	0.8573211431503296	1
CRYO-INNOVATION KUTATAS-FEJLESZTESI ES SZOLGALTATO KORLATOLT FELELOSSEGU TARSASAG	Capital	-0.01995578469724027	0.7125402688980103	2
CRYO-INNOVATION KUTATAS-FEJLESZTESI ES SZOLGALTATO KORLATOLT FELELOSSEGU TARSASAG	Number of employees	0.1333333333333333	-0.5916006565093994	3
CRYO-INNOVATION KUTATAS-FEJLESZTESI ES SZOLGALTATO KORLATOLT FELELOSSEGU TARSASAG	Of which cash and cash equivalent	14.02534045424289	0.40544822812080383	4
CRYO-INNOVATION KUTATAS-FEJLESZTESI ES SZOLGALTATO KORLATOLT FELELOSSEGU TARSASAG	Solvency ratio  Asset based  (Last avail. yr)	10.568	-0.3215646743774414	5
INTELIGENT DATA SENSOR DEVICES SP. Z O.O.	Consolidation code NF	True	-0.5488560795783997	1
INTELIGENT DATA SENSOR DEVICES SP. Z O.O.	Capital	0.0	-0.3423171639442444	2
INTELIGENT DATA SENSOR DEVICES SP. Z O.O.	Current assets	-0.014479097142360734	0.13815359771251678	3
CLAVISTER AB	Capital	0.002323418675442481	-0.8438856601715088	1
CLAVISTER AB	Number of employees (Last avail. yr)	82.0	-0.6594393849372864	2
CLAVISTER AB	Solvency ratio  Asset based	0.1972480843701079	-0.44899094104766846	3
CLAVISTER AB	Other shareholders funds	0.4485359077157121	0.3645831346511841	4
CLAVISTER AB	Other non current assets  (Last avail. yr)	34434025.2087481	-0.32582899928092957	5
DARK OASIS STUDIOS LIMITED	NACE na	True	0.9275635480880737	1
DARK OASIS STUDIOS LIMITED	Consolidation code NF	True	-0.7330662608146667	2
DARK OASIS STUDIOS LIMITED	Capital	0.0	-0.39596909284591675	3
DARK OASIS STUDIOS LIMITED	Operating revenue  Turnover   (Last avail. yr)	106690.3966795545	0.20157626271247864	4
DARK OASIS STUDIOS LIMITED	Tangible fixed assets  (Last avail. yr)	2800.121461145825	-0.17260442674160004	5
H2HCARE LIMITED	NACE na	True	1.656272530555725	1
H2HCARE LIMITED	Shareholders funds	-1.296650284690522	0.4588765799999237	2
H2HCARE LIMITED	Debtors	0.3156664374815834	-0.30185121297836304	3
H2HCARE LIMITED	Capital	-2.111798618883703e-05	-0.25829774141311646	4
JALOUSIER	Intangible assets	0.4927308400348803	0.756363034248352	1
JALOUSIER	Other shareholders funds	2.999852431460938	0.45132604241371155	2
JALOUSIER	Of which cash and cash equivalent  (Last avail. yr)	2556.38102018321	0.4420669674873352	3
JALOUSIER	Current liabilities  (Last avail. yr)	511.276204036642	0.41806477308273315	4
ALLECRA THERAPEUTICS	Tangible fixed assets  (Last avail. yr)	1192.0	-0.3693404495716095	1
ALLECRA THERAPEUTICS	Solvency ratio  Asset based	0.02824231856489928	-0.35647401213645935	2
ALLECRA THERAPEUTICS	Number of employees (Last avail. yr)	2.0	-0.2783459424972534	3
ALLECRA THERAPEUTICS	P/L before tax	3.605080557264182	0.25609758496284485	4
ALLECRA THERAPEUTICS	Debtors	-0.4051596627532303	0.23531976342201233	5
KOCHABO GMBH	Capital	0.1448378574847964	1.3226310014724731	1
KOCHABO GMBH	Current liabilities  (Last avail. yr)	0.0	0.5246293544769287	2
KOCHABO GMBH	Tangible fixed assets  (Last avail. yr)	5319.03	-0.2693144381046295	3
KOCHABO GMBH	Number of employees	5.0	-0.24045178294181824	4
KOCHABO GMBH	Capital  (Last avail. yr)	64570.0	0.23989222943782806	5
ZONEFOX LIMITED	Capital	-0.01583508516807118	1.2459604740142822	1
ZONEFOX LIMITED	Capital  (Last avail. yr)	2.21755257517443	0.9928014874458313	2
ZONEFOX LIMITED	Current liabilities  (Last avail. yr)	0.0	0.48066651821136475	3
ZONEFOX LIMITED	Debtors  (Last avail. yr)	0.0	0.4005621075630188	4
ZONEFOX LIMITED	Non current assets  (Last avail. yr)	0.0	0.38425981998443604	5
GEOSATIS SA	Capital	0.003782304982707995	-1.0538594722747803	1
GEOSATIS SA	Debtors  (Last avail. yr)	325433.392122544	-0.33837541937828064	2
GEOSATIS SA	Capital  (Last avail. yr)	1472512.80577765	-0.32121217250823975	3
GEOSATIS SA	Stock  (Last avail. yr)	482110.0	-0.22748056054115295	4
LOW CARBON TECHNOLOGY LIMITED	NACE na	True	1.719965934753418	1
LOW CARBON TECHNOLOGY LIMITED	Capital  (Last avail. yr)	2.0	0.6197113990783691	2
LOW CARBON TECHNOLOGY LIMITED	Current liabilities  (Last avail. yr)	0.0	0.4937289357185364	3
LOW CARBON TECHNOLOGY LIMITED	Of which cash and cash equivalent  (Last avail. yr)	2.0	0.4380657374858856	4
LOW CARBON TECHNOLOGY LIMITED	Non current assets  (Last avail. yr)	0.0	0.3472771942615509	5
CINETRAFIC	P/L before tax  (Last avail. yr)	8920.0	-0.4408438503742218	1
CINETRAFIC	Capital	0.0	-0.26828742027282715	2
CINETRAFIC	P/L for period   Net income   (Last avail. yr)	8550.0	-0.2619750201702118	3
CINETRAFIC	Debtors  (Last avail. yr)	86896.0	-0.16520945727825165	4
CINETRAFIC	Current assets	-0.014479097142360734	0.14832201600074768	5
CAILABS	Of which cash and cash equivalent  (Last avail. yr)	6599963.0	-0.8457655906677246	1
CAILABS	Capital	0.418468390556084	0.6372042894363403	2
CAILABS	Intangible assets	0.6622347926239375	0.46968990564346313	3
CAILABS	Tangible fixed assets  (Last avail. yr)	484516.0	0.46683287620544434	4
CAILABS	Solvency ratio  Asset based	0.4745669246420356	-0.44687801599502563	5
USPEAK SL.	Capital	209.8963333333333	0.963951826095581	1
USPEAK SL.	Non current assets	-1.0	0.5198814868927002	2
USPEAK SL.	Other current liabilities	5.302030026380655	0.4468919634819031	3
USPEAK SL.	Current liabilities	5.27275770485386	0.36694303154945374	4
HALLDIS S.P.A.	Non current assets	1.672012401796339	-0.5523366928100586	1
HALLDIS S.P.A.	Of which provisions  (Last avail. yr)	413917.0	0.5103050470352173	2
HALLDIS S.P.A.	Shareholders funds	-1.04092866162293	0.3468312919139862	3
HALLDIS S.P.A.	Tangible fixed assets	-0.3437732304047706	-0.30098503828048706	4
HALLDIS S.P.A.	Current liabilities  (Last avail. yr)	5361719.0	-0.2891855835914612	5
SABIEDRIBA AR IEROBEZOTU ATBILDIBU NANOOPTOMETRICS	Other current liabilities  (Last avail. yr)	8181.0	0.5204454064369202	1
SABIEDRIBA AR IEROBEZOTU ATBILDIBU NANOOPTOMETRICS	Current liabilities  (Last avail. yr)	17401.0	0.42940816283226013	2
SABIEDRIBA AR IEROBEZOTU ATBILDIBU NANOOPTOMETRICS	P/L before tax  (Last avail. yr)	-45.0	-0.3098698854446411	3
SABIEDRIBA AR IEROBEZOTU ATBILDIBU NANOOPTOMETRICS	Debtors  (Last avail. yr)	0.0	0.3075542151927948	4
SABIEDRIBA AR IEROBEZOTU ATBILDIBU NANOOPTOMETRICS	Other shareholders funds  (Last avail. yr)	-105195.0	0.2596684992313385	5
CLOUDPLAN GMBH	Capital	0.0	-0.3326032757759094	1
CLOUDPLAN GMBH	Current assets	-0.014479097142360734	0.13890519738197327	2
CLOUDPLAN GMBH	Current assets  (Last avail. yr)	362620.634501137	0.13292527198791504	3
VISUA LABS  LIMITED	Debtors	3.835999732244461	-0.3835138976573944	1
VISUA LABS  LIMITED	Debtors  (Last avail. yr)	1806125.0	-0.31272411346435547	2
VISUA LABS  LIMITED	Tangible fixed assets	-0.4717981760507534	-0.253766268491745	3
VISUA LABS  LIMITED	Current liabilities	2.059921336054384	0.21863485872745514	4
BUYERS EDGE LTD	Capital	0.01293061645444917	-1.327019214630127	1
BUYERS EDGE LTD	Capital  (Last avail. yr)	1.17231814022995	-0.817278265953064	2
BUYERS EDGE LTD	Other shareholders funds	1.747970132150165	0.3956924378871918	3
BUYERS EDGE LTD	Tangible fixed assets  (Last avail. yr)	0.0	-0.3138527572154999	4
BUYERS EDGE LTD	P/L for period   Net income   (Last avail. yr)	6866.60034651031	-0.278563916683197	5
SWOON EDITIONS LTD	Capital	0.01863731197532029	-1.5300918817520142	1
SWOON EDITIONS LTD	Debtors  (Last avail. yr)	695241.340072766	-0.5614524483680725	2
SWOON EDITIONS LTD	Of which cash and cash equivalent  (Last avail. yr)	2741865.67764655	-0.4529462158679962	3
SWOON EDITIONS LTD	Tangible fixed assets	-0.4160240518874083	-0.3577045202255249	4
SWOON EDITIONS LTD	Solvency ratio  Asset based	0.1249548071307395	-0.3295402228832245	5
DIGITAL ASSESS LIMITED	Capital	0.6323316126205862	1.3197373151779175	1
DIGITAL ASSESS LIMITED	Current liabilities  (Last avail. yr)	13182.2916519073	0.5570964217185974	2
DIGITAL ASSESS LIMITED	Number of employees (Last avail. yr)	19.0	0.369740754365921	3
DIGITAL ASSESS LIMITED	Debtors  (Last avail. yr)	0.0	0.2729078233242035	4
DIGITAL ASSESS LIMITED	Tangible fixed assets  (Last avail. yr)	0.0	-0.26362404227256775	5
QWIST GMBH	Number of employees (Last avail. yr)	90.0	-1.2184151411056519	1
QWIST GMBH	Operating revenue  Turnover   (Last avail. yr)	29465451.42123215	-0.3880026042461395	2
QWIST GMBH	P/L before tax	-1.581816117861174	-0.38319331407546997	3
QWIST GMBH	Of which cash and cash equivalent  (Last avail. yr)	1388521.9947157851	-0.35738083720207214	4
QWIST GMBH	Capital	0.0	-0.3140622079372406	5
SOFTEC INTERNET SL	Number of employees	0.25	-0.7259023189544678	1
SOFTEC INTERNET SL	Debtors  (Last avail. yr)	254955.04	-0.40154218673706055	2
SOFTEC INTERNET SL	Solvency ratio  Asset based	0.1808166373197543	-0.38478270173072815	3
SOFTEC INTERNET SL	Other shareholders funds  (Last avail. yr)	-182010.869	0.31949904561042786	4
SOFTEC INTERNET SL	Tangible fixed assets  (Last avail. yr)	5028.43	-0.30224505066871643	5
MARKOR TECHNOLOGY UK LIMITED	Capital  (Last avail. yr)	0.0	-0.6754837036132812	1
MARKOR TECHNOLOGY UK LIMITED	Other shareholders funds	1.363208449072532	0.4396803081035614	2
MARKOR TECHNOLOGY UK LIMITED	Capital	0.0	-0.29850366711616516	3
MARKOR TECHNOLOGY UK LIMITED	Other shareholders funds  (Last avail. yr)	-376244.403811413	0.264361172914505	4
MARKOR TECHNOLOGY UK LIMITED	Current ratio	0.05882352941176459	-0.2559329867362976	5
NOMAD GAMES LIMITED	Capital	-0.001610875928811222	-1.5303497314453125	1
NOMAD GAMES LIMITED	Number of employees (Last avail. yr)	16.0	0.41698363423347473	2
NOMAD GAMES LIMITED	Number of employees	0.06666666666666667	-0.37614476680755615	3
NOMAD GAMES LIMITED	Solvency ratio  Asset based	0.1358505254963021	-0.3235430419445038	4
NOMAD GAMES LIMITED	Current liabilities	0.1540025201927118	-0.28237539529800415	5
INFERMEDICA SP. Z O.O.	Of which cash and cash equivalent  (Last avail. yr)	6617256.31568911	-0.9778454303741455	1
INFERMEDICA SP. Z O.O.	Intangible assets	0.5893756223096251	0.4207841455936432	2
INFERMEDICA SP. Z O.O.	Capital	0.3956212305532952	0.4201975464820862	3
INFERMEDICA SP. Z O.O.	Number of employees (Last avail. yr)	40.0	-0.3928263485431671	4
IMPLANET	Quoted Yes	True	-3.0915980339050293	1
IMPLANET	Shareholders funds	-1.049138661395086	0.44177675247192383	2
IMPLANET	Capital	0.3141025641025641	0.38067761063575745	3
IMPLANET	Other shareholders funds  (Last avail. yr)	-584000.0	0.3414304256439209	4
IMPLANET	Intangible assets  (Last avail. yr)	3095000.0	-0.3112832307815552	5
GO VOCAL	Capital	0.2915051073631065	0.7936010956764221	1
GO VOCAL	Solvency ratio  Asset based	0.8166395774075579	-0.6616260409355164	2
GO VOCAL	Debtors  (Last avail. yr)	1012076.0	-0.2721538543701172	3
GO VOCAL	Capital  (Last avail. yr)	3101339.0	-0.2509188652038574	4
GO VOCAL	Non current liabilities	4.326217208814271	0.25006353855133057	5
STORYTOYS LIMITED	Of which cash and cash equivalent  (Last avail. yr)	4060295.0	-0.7101551294326782	1
STORYTOYS LIMITED	Number of employees	0.1875	-0.47193706035614014	2
STORYTOYS LIMITED	Tangible fixed assets  (Last avail. yr)	1096371.0	0.3306019604206085	3
STORYTOYS LIMITED	Current liabilities  (Last avail. yr)	11857329.0	-0.2762031555175781	4
BUYTECH LIMITED	Other current liabilities  (Last avail. yr)	0.0	-0.6274628639221191	1
BUYTECH LIMITED	Current liabilities  (Last avail. yr)	0.0	0.41778597235679626	2
BUYTECH LIMITED	Number of employees (Last avail. yr)	30.0	-0.41251426935195923	3
BUYTECH LIMITED	Non current assets  (Last avail. yr)	0.0	0.30747267603874207	4
BUYTECH LIMITED	Debtors  (Last avail. yr)	0.0	0.30096423625946045	5
SENIOR COTTAGE	Operating revenue  Turnover   (Last avail. yr)	180000.0	0.5393967628479004	1
SENIOR COTTAGE	Capital	0.0	-0.3267717659473419	2
SENIOR COTTAGE	Number of employees (Last avail. yr)	24.0	0.27128738164901733	3
SENIOR COTTAGE	Creditors  (Last avail. yr)	242991.343336262	0.18669980764389038	4
CRITICAL PHARMACEUTICALS LIMITED	Capital	-0.05863902056295784	1.6060951948165894	1
CRITICAL PHARMACEUTICALS LIMITED	Number of employees	0.4285714285714285	-0.660138726234436	2
CRITICAL PHARMACEUTICALS LIMITED	Working capital  (Last avail. yr)	-145707.737201818	0.43114566802978516	3
CRITICAL PHARMACEUTICALS LIMITED	P/L before tax  (Last avail. yr)	-900918.466671144	0.29119932651519775	4
CRITICAL PHARMACEUTICALS LIMITED	P/L for period   Net income   (Last avail. yr)	-783789.752846163	0.2847852110862732	5
CLOAPP AB	Capital	-0.01837670035232534	0.8508068323135376	1
CLOAPP AB	Other current liabilities  (Last avail. yr)	3350.29785347908	0.44270092248916626	2
CLOAPP AB	Current liabilities	-0.6814029641494374	0.3448605239391327	3
CLOAPP AB	Non current assets  (Last avail. yr)	0.0	0.33171793818473816	4
CLOAPP AB	Current assets  (Last avail. yr)	19527.4503459924	0.31298935413360596	5
FLOW TRADERS NV	Number of employees (Last avail. yr)	609.0	-1.518822193145752	1
FLOW TRADERS NV	Tangible fixed assets  (Last avail. yr)	449.0318052574795	-0.5560594797134399	2
FLOW TRADERS NV	Operating revenue  Turnover   (Last avail. yr)	476200000.0	-0.45059141516685486	3
FLOW TRADERS NV	Capital	0.008356460718575329	-0.3530905544757843	4
FLOW TRADERS NV	P/L before tax	3.353473373046088	0.26724642515182495	5
FRAGMENTUM LTD	Capital	-0.03465626166973119	1.3835269212722778	1
FRAGMENTUM LTD	Of which cash and cash equivalent  (Last avail. yr)	1434.18261800114	0.37774863839149475	2
FRAGMENTUM LTD	Current ratio	-0.9090909090909092	0.2727118730545044	3
FRAGMENTUM LTD	Debtors  (Last avail. yr)	0.0	0.2455170452594757	4
FRAGMENTUM LTD	Current assets  (Last avail. yr)	2023.40297087985	0.24007590115070343	5
KING.COM	Consolidation code NF	True	-0.3745284676551819	1
KING.COM	NACE na	True	0.3613632321357727	2
KING.COM	Capital	0.0	-0.35990434885025024	3
KING.COM	Operating revenue  Turnover   (Last avail. yr)	106690.3966795545	0.1762586236000061	4
WATER INNOVATE LIMITED	Capital	-0.02984612289101819	0.9974600076675415	1
WATER INNOVATE LIMITED	Current liabilities  (Last avail. yr)	0.0	0.5601451396942139	2
WATER INNOVATE LIMITED	Debtors		-0.4890209138393402	3
WATER INNOVATE LIMITED	P/L before tax		-0.4805569648742676	4
WATER INNOVATE LIMITED	Non current assets		-0.4293175935745239	5
FABULOUS & CIE	Of which cash and cash equivalent  (Last avail. yr)	1256.0	0.5667318105697632	1
FABULOUS & CIE	Current liabilities  (Last avail. yr)	1017.0	0.3839942514896393	2
FABULOUS & CIE	Operating revenue  Turnover   (Last avail. yr)	254177.0	0.31316936016082764	3
FABULOUS & CIE	Current liabilities	0.9709302325581395	-0.31183215975761414	4
FABULOUS & CIE	Other current liabilities	2.504950495049505	0.30730897188186646	5
VIBEWRITE UG (HAFTUNGSBESCHRAENKT)	Capital	0.0	-0.330894410610199	1
VIBEWRITE UG (HAFTUNGSBESCHRAENKT)	Current assets	-0.014479097142360734	0.13890519738197327	2
VIBEWRITE UG (HAFTUNGSBESCHRAENKT)	Capital  (Last avail. yr)	25000.0	0.13307571411132812	3
DELVER LTD	Capital	-0.07612236888508098	1.5479767322540283	1
DELVER LTD	Tangible fixed assets	-0.3759404515440676	-0.319536417722702	2
DELVER LTD	Number of employees (Last avail. yr)	1.0	-0.29931721091270447	3
DELVER LTD	Tangible fixed assets  (Last avail. yr)	877.369634178015	-0.28206199407577515	4
DELVER LTD	Of which cash and cash equivalent	12.4554155829648	0.2715896666049957	5
HEALTH-CONNECTED LIMITED	Capital  (Last avail. yr)	0.0	-0.6285603642463684	1
HEALTH-CONNECTED LIMITED	Tangible fixed assets	2033.802333802694	0.528150737285614	2
HEALTH-CONNECTED LIMITED	Capital	-1.0	0.41253894567489624	3
HEALTH-CONNECTED LIMITED	Solvency ratio  Asset based	2.26545842217484	-0.39609745144844055	4
HEALTH-CONNECTED LIMITED	Shareholders funds	3.26509940142068	-0.39245572686195374	5
APICA AB	Capital	0.4328902753220565	0.7173827290534973	1
APICA AB	Non current assets	2.176425239703512	-0.5449448227882385	2
APICA AB	Debtors  (Last avail. yr)	905193.295618619	-0.4409162700176239	3
APICA AB	Number of employees	-0.2340425531914894	-0.3927842378616333	4
APICA AB	Shareholders funds	-1.137722769004133	0.34023159742355347	5
TIKK LIMITED	Capital  (Last avail. yr)	0.0	-0.8914471864700317	1
TIKK LIMITED	Tangible fixed assets	6.360553055901489	0.530408501625061	2
TIKK LIMITED	Current liabilities  (Last avail. yr)	15409.3171744404	0.3610345721244812	3
TIKK LIMITED	Non current assets	6.360553055901489	-0.36012399196624756	4
TIKK LIMITED	Capital	-1.0	0.3299284875392914	5
TOPCOM EUROPE	Solvency ratio  Asset based	0.974550727934486	-0.6862289309501648	1
TOPCOM EUROPE	Tangible fixed assets  (Last avail. yr)	636000.0	0.46503889560699463	2
TOPCOM EUROPE	Number of employees (Last avail. yr)	59.0	-0.4126046597957611	3
TOPCOM EUROPE	Number of employees	-0.2027027027027027	-0.4072612226009369	4
TOPCOM EUROPE	Of which cash and cash equivalent  (Last avail. yr)	1352000.0	-0.33843791484832764	5
SCALEOGY LIMITED	Capital	0.08512035298198435	0.9180899858474731	1
SCALEOGY LIMITED	Other current liabilities  (Last avail. yr)	6204.0402680705	0.5639212727546692	2
SCALEOGY LIMITED	Current liabilities  (Last avail. yr)	6204.0402680705	0.5188392400741577	3
SCALEOGY LIMITED	Of which cash and cash equivalent  (Last avail. yr)	17.8901264166812	0.37806668877601624	4
SCALEOGY LIMITED	Other shareholders funds	0.9951091471927558	0.334066778421402	5
NANOTETHER DISCOVERY SERVICES LTD	Number of employees (Last avail. yr)	19.0	0.35496407747268677	1
NANOTETHER DISCOVERY SERVICES LTD	Current assets  (Last avail. yr)	1958739.0	-0.16858544945716858	2
NANOTETHER DISCOVERY SERVICES LTD	Tangible fixed assets	-0.08473263193953254	0.16752934455871582	3
NANOTETHER DISCOVERY SERVICES LTD	Total assets	-0.008401717857041175	0.12823690474033356	4
SHAKE-ON B.V.	Current liabilities  (Last avail. yr)	0.0	0.4510781168937683	1
SHAKE-ON B.V.	Capital	0.0045147513931828465	-0.3795575797557831	2
SHAKE-ON B.V.	Non current assets	0.01611118980830259	-0.2919533848762512	3
SHAKE-ON B.V.	Total shareholders  funds and liabilities	-1.0	0.2543436288833618	4
SHAKE-ON B.V.	Operating revenue  Turnover   (Last avail. yr)	338463.742979049	0.2461523860692978	5
TEACHNGO B.V.	Capital  (Last avail. yr)	1.0	-0.8658962249755859	1
TEACHNGO B.V.	Non current assets	-1.0	0.8324822187423706	2
TEACHNGO B.V.	Current liabilities  (Last avail. yr)	24802.0	0.3532502055168152	3
TEACHNGO B.V.	Of which cash and cash equivalent	544.8333333333334	0.3409702181816101	4
TEACHNGO B.V.	Other current assets	544.8333333333334	-0.30797991156578064	5
LETSBUILD DENMARK APS	Capital	-0.002194032743973991	-1.8974556922912598	1
LETSBUILD DENMARK APS	Tangible fixed assets  (Last avail. yr)	402.528028734494	-0.40305110812187195	2
LETSBUILD DENMARK APS	Current assets	-0.2796710906634527	-0.3967461884021759	3
LETSBUILD DENMARK APS	Debtors  (Last avail. yr)	222597.999890175	-0.30055075883865356	4
LETSBUILD DENMARK APS	P/L for period   Net income   (Last avail. yr)	-1416093.60508795	0.29302746057510376	5
TOLINGO GMBH	Number of employees (Last avail. yr)	41.0	-0.44936713576316833	1
TOLINGO GMBH	Intangible assets	1.020579459374897	0.3635435700416565	2
TOLINGO GMBH	Non current assets	0.9214689976856919	-0.32050806283950806	3
TOLINGO GMBH	Total assets	0.1220578760198673	-0.2922057807445526	4
TOLINGO GMBH	Of which cash and cash equivalent  (Last avail. yr)	1160503.15	-0.26826974749565125	5
SOAPBOX	Capital	0.0	-0.42305809259414673	1
SOAPBOX	Of which provisions  (Last avail. yr)	83946.745	0.29663336277008057	2
SOAPBOX	Tangible fixed assets	-0.1632578884018945	0.20599883794784546	3
SOAPBOX	Other current liabilities	-0.051558568972225924	-0.19345930218696594	4
THE GENTRONIX LIMITED PARTNERSHIP	Consolidation code NF	True	-0.3745284676551819	1
THE GENTRONIX LIMITED PARTNERSHIP	NACE na	True	0.3613632321357727	2
THE GENTRONIX LIMITED PARTNERSHIP	Capital	0.0	-0.35990434885025024	3
THE GENTRONIX LIMITED PARTNERSHIP	Operating revenue  Turnover   (Last avail. yr)	106690.3966795545	0.1762586236000061	4
SUGRU LIMITED	Consolidation code NF	True	-0.3745284676551819	1
SUGRU LIMITED	NACE na	True	0.3613632321357727	2
SUGRU LIMITED	Capital	0.0	-0.35990434885025024	3
SUGRU LIMITED	Operating revenue  Turnover   (Last avail. yr)	106690.3966795545	0.1762586236000061	4
KYMAB LIMITED	Capital	0.01863731197532201	-1.722980260848999	1
KYMAB LIMITED	Number of employees (Last avail. yr)	145.0	-0.7244108319282532	2
KYMAB LIMITED	Of which provisions  (Last avail. yr)	818298.442965547	0.6327282190322876	3
KYMAB LIMITED	Tangible fixed assets  (Last avail. yr)	7761157.34497182	0.6211579442024231	4
KYMAB LIMITED	Other current assets  (Last avail. yr)	14196901.7189431	-0.46862712502479553	5
LIMITED LIABILITY COMPANY TRENDS BRANDS	Capital	0.07735558183378093	1.124029278755188	1
LIMITED LIABILITY COMPANY TRENDS BRANDS	Capital  (Last avail. yr)	2464112.89993237	-0.7511301040649414	2
LIMITED LIABILITY COMPANY TRENDS BRANDS	Number of employees (Last avail. yr)	24.0	0.3363140821456909	3
LIMITED LIABILITY COMPANY TRENDS BRANDS	Other current liabilities	-0.05551252642535617	-0.19218268990516663	4
LIMITED LIABILITY COMPANY TRENDS BRANDS	Debtors	0.1732240543755596	-0.15276868641376495	5
SECUSTREAM TECHNOLOGIES AS	Capital	1.650851033183169	1.2629565000534058	1
SECUSTREAM TECHNOLOGIES AS	Other shareholders funds	1.801061803820403	0.33399415016174316	2
SECUSTREAM TECHNOLOGIES AS	Other shareholders funds  (Last avail. yr)	-859586.374462282	0.3214470446109772	3
SECUSTREAM TECHNOLOGIES AS	Solvency ratio  Asset based	-0.3830062620186381	0.26263228058815	4
SECUSTREAM TECHNOLOGIES AS	Non current assets	-0.8705431910278211	0.24521417915821075	5
STARHOME MACH GMBH	Capital	0.003782304982703156	-1.0027107000350952	1
STARHOME MACH GMBH	Capital  (Last avail. yr)	128284.707313266	0.30107876658439636	2
STARHOME MACH GMBH	Current assets  (Last avail. yr)	362620.634501137	0.14012682437896729	3
ALTERA DENMARK TECHNOLOGY CENTRE APS	Solvency ratio  Asset based	14.65377730039384	-0.6437490582466125	1
ALTERA DENMARK TECHNOLOGY CENTRE APS	Of which cash and cash equivalent  (Last avail. yr)	3292037.3642635	-0.38610324263572693	2
ALTERA DENMARK TECHNOLOGY CENTRE APS	Total assets	0.114952595679557	-0.26767534017562866	3
ALTERA DENMARK TECHNOLOGY CENTRE APS	Other shareholders funds	-0.1374687253160546	-0.2373407781124115	4
COPRIX MEDIA BG LTD OOD	Other current liabilities  (Last avail. yr)	0.0	-0.5549410581588745	1
COPRIX MEDIA BG LTD OOD	Debtors  (Last avail. yr)	0.0	0.3778870403766632	2
COPRIX MEDIA BG LTD OOD	Of which cash and cash equivalent  (Last avail. yr)	1022.57898942895	0.37135764956474304	3
COPRIX MEDIA BG LTD OOD	Non current assets	-1.0	0.3451876938343048	4
BIZIMPLY LIMITED	Intangible assets	0.4919677281165215	0.6164912581443787	1
BIZIMPLY LIMITED	Number of employees (Last avail. yr)	42.0	-0.5007858872413635	2
BIZIMPLY LIMITED	Debtors  (Last avail. yr)	314148.0	-0.40635907649993896	3
BIZIMPLY LIMITED	Number of employees	0.05	-0.2970242202281952	4
GET LENSES CO UK	Consolidation code NF	True	-0.3745284676551819	1
GET LENSES CO UK	NACE na	True	0.3613632321357727	2
GET LENSES CO UK	Capital	0.0	-0.35990434885025024	3
GET LENSES CO UK	Operating revenue  Turnover   (Last avail. yr)	106690.3966795545	0.1762586236000061	4
SOUPOLOGIE	Consolidation code LF	True	-0.5472086071968079	1
SOUPOLOGIE	Number of employees	-0.1683168316831683	-0.4703372120857239	2
SOUPOLOGIE	Capital	0.0	-0.3604277968406677	3
SOUPOLOGIE	Operating revenue  Turnover   (Last avail. yr)	142493.86724217	0.1791599988937378	4
SALESOAR S.R.L.	Solvency ratio  Asset based	0.4236661500996237	-0.5920945405960083	1
SALESOAR S.R.L.	Debtors  (Last avail. yr)	332676.0	-0.4088151752948761	2
SALESOAR S.R.L.	Tangible fixed assets  (Last avail. yr)	5382.0	-0.3938380181789398	3
SALESOAR S.R.L.	Number of employees	1.0	-0.28184667229652405	4
SALESOAR S.R.L.	P/L before tax	0.3522447845021133	0.1920289397239685	5
ISVWORLD B.V.	Other current assets  (Last avail. yr)	0.0	-0.4251871705055237	1
ISVWORLD B.V.	Debtors  (Last avail. yr)	170883.0	-0.41438087821006775	2
ISVWORLD B.V.	Debtors	1.712600800050797	-0.3258453607559204	3
ISVWORLD B.V.	Capital	0.0	-0.2700614035129547	4
ISVWORLD B.V.	Total assets	0.1744460986075838	-0.26446768641471863	5
INCREDIBLUE LIMITED	Capital	0.03921238944381073	0.8157724142074585	1
INCREDIBLUE LIMITED	Shareholders funds	-2.661157768092859	0.5595715045928955	2
INCREDIBLUE LIMITED	Other current liabilities  (Last avail. yr)	0.0	-0.49606990814208984	3
INCREDIBLUE LIMITED	Intangible assets	0.5503490027699778	0.415274053812027	4
INCREDIBLUE LIMITED	Debtors	0.7114064329178847	-0.38977310061454773	5
APEPTICO FORSCHUNG UND ENTWICKLUNG GMBH	Non current assets  (Last avail. yr)	0.0	0.482350617647171	1
APEPTICO FORSCHUNG UND ENTWICKLUNG GMBH	Of which cash and cash equivalent  (Last avail. yr)	1467441.68	-0.33130958676338196	2
APEPTICO FORSCHUNG UND ENTWICKLUNG GMBH	Capital	0.0	-0.3297616243362427	3
APEPTICO FORSCHUNG UND ENTWICKLUNG GMBH	Other current liabilities	-0.2683507612737474	-0.3276047110557556	4
APEPTICO FORSCHUNG UND ENTWICKLUNG GMBH	Current assets	-0.3509233530626612	-0.3043035566806793	5
WESUSTAIN GMBH	Other current liabilities	-0.1693316203326508	-0.37299680709838867	1
WESUSTAIN GMBH	Capital	0.0	-0.3416699767112732	2
WESUSTAIN GMBH	Number of employees	0.0625	-0.3401905298233032	3
WESUSTAIN GMBH	Number of employees (Last avail. yr)	17.0	0.29581233859062195	4
WESUSTAIN GMBH	Non current assets	0.02784314449197712	-0.2330700159072876	5
AJNS NEW MEDIA GMBH	Capital	0.2172794266237353	0.8372802734375	1
AJNS NEW MEDIA GMBH	Number of employees	-0.9264705882352942	-0.42425549030303955	2
AJNS NEW MEDIA GMBH	Tangible fixed assets  (Last avail. yr)	375689.0	0.38034072518348694	3
AJNS NEW MEDIA GMBH	Current liabilities  (Last avail. yr)	0.0	0.3748171031475067	4
AJNS NEW MEDIA GMBH	Current liabilities	-1.0	-0.361433207988739	5
RELEX SAATIO PAREMPAAN TULEVAISUUTEEN SR	Capital	0.0186373119753216	-1.206175684928894	1
RELEX SAATIO PAREMPAAN TULEVAISUUTEEN SR	Tangible fixed assets	-0.4029097292196832	-0.4328835606575012	2
RELEX SAATIO PAREMPAAN TULEVAISUUTEEN SR	Working capital  (Last avail. yr)	-616779.197255571	0.3196571171283722	3
RELEX SAATIO PAREMPAAN TULEVAISUUTEEN SR	Debtors		-0.31808170676231384	4
JAEGER	Number of employees (Last avail. yr)	130.0	-1.5862337350845337	1
JAEGER	Consolidation code LF	True	-0.816262423992157	2
JAEGER	Capital	0.0	-0.34186121821403503	3
JAEGER	Operating revenue  Turnover   (Last avail. yr)	15896519.2235248	-0.23427897691726685	4
THE KIMONO COMPANY LIMITED	Capital	-0.03746802812490976	1.0724194049835205	1
THE KIMONO COMPANY LIMITED	Capital  (Last avail. yr)	2.90381699225022	0.9001122117042542	2
THE KIMONO COMPANY LIMITED	Current liabilities  (Last avail. yr)	0.0	0.3808095157146454	3
THE KIMONO COMPANY LIMITED	Debtors	0.1732240543755596	-0.3458240032196045	4
THE KIMONO COMPANY LIMITED	Number of employees (Last avail. yr)	24.0	0.3411840498447418	5
LIMITED LIABILITY COMPANY BIGLION	Number of employees (Last avail. yr)	207.0	-0.640466034412384	1
LIMITED LIABILITY COMPANY BIGLION	Capital	-0.2430102161725593	-0.5718348026275635	2
LIMITED LIABILITY COMPANY BIGLION	P/L before tax  (Last avail. yr)	1408053.34744625	-0.333077073097229	3
LIMITED LIABILITY COMPANY BIGLION	Tangible fixed assets  (Last avail. yr)	357245.128963456	0.3100398778915405	4
LIMITED LIABILITY COMPANY BIGLION	Debtors  (Last avail. yr)	690858.903823468	-0.263672798871994	5
RELAVANCE HOLDING SA	Capital	0.003782304982701487	-1.1044087409973145	1
RELAVANCE HOLDING SA	Capital  (Last avail. yr)	106903.922761055	0.3248322606086731	2
RELAVANCE HOLDING SA	P/L for period   Net income   (Last avail. yr)	6866.60034651031	-0.3095265328884125	3
RELAVANCE HOLDING SA	Debtors  (Last avail. yr)	0.0	0.26954102516174316	4
STOPANGO SP. Z O.O. W LIKWIDACJI	Capital	-0.103851232630199	1.6168973445892334	1
STOPANGO SP. Z O.O. W LIKWIDACJI	Other shareholders funds  (Last avail. yr)	-41159.9556809327	0.4662158489227295	2
STOPANGO SP. Z O.O. W LIKWIDACJI	Tangible fixed assets	2.840637574441963	0.38709479570388794	3
STOPANGO SP. Z O.O. W LIKWIDACJI	Debtors	2.853439699690135	-0.3249818682670593	4
STOPANGO SP. Z O.O. W LIKWIDACJI	Capital  (Last avail. yr)	1130.76801321244	0.3191782236099243	5
HYPIOS SAS	Capital	0.3618906369655199	1.077915072441101	1
HYPIOS SAS	Tangible fixed assets	-0.6514572864321608	-0.33297815918922424	2
HYPIOS SAS	Other shareholders funds	-0.3382654355262166	-0.2916911542415619	3
HYPIOS SAS	Of which cash and cash equivalent  (Last avail. yr)	8002.0	0.27006033062934875	4
HYPIOS SAS	Other shareholders funds  (Last avail. yr)	-193069.0	0.25217071175575256	5
SIM4TEC GMBH	Current liabilities  (Last avail. yr)	0.0	0.7317023277282715	1
SIM4TEC GMBH	Solvency ratio  Asset based	0.9084879330159251	-0.4941987097263336	2
SIM4TEC GMBH	Tangible fixed assets	0.9826319970697567	0.31579989194869995	3
SIM4TEC GMBH	Capital	0.0	-0.25897035002708435	4
SIM4TEC GMBH	Non current assets	0.4801885528133441	-0.25249502062797546	5
DINNR LTD	Non current assets  (Last avail. yr)	0.0	0.44217926263809204	1
DINNR LTD	Number of employees	-0.1683168316831683	-0.39767616987228394	2
DINNR LTD	Current liabilities  (Last avail. yr)	15336.0700845564	0.283916711807251	3
DINNR LTD	Debtors  (Last avail. yr)	0.0	0.2717560827732086	4
DINNR LTD	Capital	0.0	-0.2587206959724426	5
NONOBA	Consolidation code NF	True	-0.5453734397888184	1
NONOBA	Capital	0.0	-0.3106144666671753	2
NONOBA	Current assets	-0.014479097142360734	0.14472241699695587	3
VRAPIT B.V.	Non current assets	-1.0	0.6590259671211243	1
VRAPIT B.V.	Other current assets  (Last avail. yr)	0.0	-0.43846315145492554	2
VRAPIT B.V.	Current assets	-0.2827027027027027	-0.3985211253166199	3
VRAPIT B.V.	Non current assets  (Last avail. yr)	0.0	0.34386685490608215	4
VRAPIT B.V.	Capital	0.0	-0.25827667117118835	5
CAMPING-CAR PARK	Of which cash and cash equivalent  (Last avail. yr)	4021071.0	-0.7092816233634949	1
CAMPING-CAR PARK	Operating revenue  Turnover   (Last avail. yr)	338463.742979049	0.5062901973724365	2
CAMPING-CAR PARK	Tangible fixed assets  (Last avail. yr)	1052252.0	0.3708224594593048	3
CAMPING-CAR PARK	Working capital  (Last avail. yr)	-913656.0	0.3212871551513672	4
CAMPING-CAR PARK	Debtors  (Last avail. yr)	613733.0	-0.2737329304218292	5
MIND CANDY LIMITED	Capital	0.01863731197532474	-2.001286745071411	1
MIND CANDY LIMITED	Number of employees	-0.2352941176470588	-0.36011937260627747	2
MIND CANDY LIMITED	Working capital  (Last avail. yr)	-15224.9611712322	0.2947019636631012	3
MIND CANDY LIMITED	P/L for period   Net income   (Last avail. yr)	-4387256.39050698	0.23481164872646332	4
MIND CANDY LIMITED	Current assets  (Last avail. yr)	1654124.60807281	-0.22119034826755524	5
LE CICOGNE S.R.L. IN LIQUIDAZIONE	Non current assets	-1.0	0.6263583302497864	1
LE CICOGNE S.R.L. IN LIQUIDAZIONE	Of which cash and cash equivalent  (Last avail. yr)	917.0	0.5042706727981567	2
LE CICOGNE S.R.L. IN LIQUIDAZIONE	Non current assets  (Last avail. yr)	0.0	0.4987127184867859	3
LE CICOGNE S.R.L. IN LIQUIDAZIONE	Other shareholders funds  (Last avail. yr)	-126242.0	0.3514571785926819	4
LE CICOGNE S.R.L. IN LIQUIDAZIONE	Debtors  (Last avail. yr)	0.0	0.34718915820121765	5
ETHICALBOX LTD	Number of employees (Last avail. yr)	24.0	0.423515647649765	1
ETHICALBOX LTD	Capital	0.0	-0.35980963706970215	2
ETHICALBOX LTD	Debtors	0.1732240543755596	-0.1838611662387848	3
ETHICALBOX LTD	Creditors  (Last avail. yr)	242991.343336262	0.18266773223876953	4
BASIC-FIT N.V.	Quoted Yes	True	-2.7873029708862305	1
BASIC-FIT N.V.	Tangible fixed assets  (Last avail. yr)	2716071000.0	0.844539999961853	2
BASIC-FIT N.V.	Of which cash and cash equivalent  (Last avail. yr)	70934000.0	-0.7883146405220032	3
BASIC-FIT N.V.	Number of employees (Last avail. yr)	8182.0	-0.6237522959709167	4
BASIC-FIT N.V.	Operating revenue  Turnover   (Last avail. yr)	1049273000.0	-0.4139847457408905	5
CELLCRYPT LIMITED	Capital  (Last avail. yr)	0.0	-0.8740949034690857	1
CELLCRYPT LIMITED	Non current assets  (Last avail. yr)	0.0	0.5181032419204712	2
CELLCRYPT LIMITED	Number of employees (Last avail. yr)	19.0	0.47855010628700256	3
CELLCRYPT LIMITED	Capital	0.0	-0.2241150587797165	4
AMAZON TRANSPORT NETHERLANDS B.V.	Tangible fixed assets  (Last avail. yr)	9009000.0	0.43502533435821533	1
AMAZON TRANSPORT NETHERLANDS B.V.	Of which cash and cash equivalent  (Last avail. yr)	15170.15	0.4307778775691986	2
AMAZON TRANSPORT NETHERLANDS B.V.	Solvency ratio  Asset based	0.1651623222942203	-0.40941113233566284	3
AMAZON TRANSPORT NETHERLANDS B.V.	P/L before tax  (Last avail. yr)	1400000.0	-0.32696837186813354	4
AMAZON TRANSPORT NETHERLANDS B.V.	P/L for period   Net income   (Last avail. yr)	1049000.0	-0.3237279951572418	5
RETIDOC	Other current liabilities  (Last avail. yr)	0.0	-0.4227176904678345	1
RETIDOC	P/L before tax  (Last avail. yr)	0.0	-0.37694835662841797	2
RETIDOC	Capital	0.0	-0.2888715863227844	3
RETIDOC	Total assets  (Last avail. yr)	32722.3307271999	0.19698160886764526	4
CLIMPACT	Other shareholders funds  (Last avail. yr)	-84800.0	0.3855005204677582	1
CLIMPACT	Capital	0.0	-0.2728478014469147	2
CLIMPACT	Working capital  (Last avail. yr)	-49911.0	0.24828951060771942	3
CLIMPACT	Operating revenue  Turnover   (Last avail. yr)	595897.0	0.18082326650619507	4
CLIMPACT	Current assets  (Last avail. yr)	168526.0	0.17362622916698456	5
OMNI3D SP. Z O.O.	Capital	0.1690560378178293	0.912794291973114	1
OMNI3D SP. Z O.O.	Tangible fixed assets	2.473510968108592	0.4363642930984497	2
OMNI3D SP. Z O.O.	Number of employees	-0.1481481481481481	-0.3360339105129242	3
OMNI3D SP. Z O.O.	Tangible fixed assets  (Last avail. yr)	218252.397858721	0.33281999826431274	4
FERMENTALG	Quoted Yes	True	-2.944326877593994	1
FERMENTALG	Tangible fixed assets  (Last avail. yr)	10815000.0	0.7667129039764404	2
FERMENTALG	Capital	0.2183976261127596	0.5302665829658508	3
FERMENTALG	Of which cash and cash equivalent  (Last avail. yr)	11162000.0	-0.5050004124641418	4
FERMENTALG	Intangible assets  (Last avail. yr)	14989000.0	-0.35354843735694885	5
IOMET PHARMA LTD.	Capital	0.01863731197532173	-1.6072512865066528	1
IOMET PHARMA LTD.	Non current assets  (Last avail. yr)	0.0	0.700697124004364	2
IOMET PHARMA LTD.	Of which cash and cash equivalent  (Last avail. yr)	9298016.32856862	-0.6190149784088135	3
IOMET PHARMA LTD.	P/L for period   Net income	-3.286712296596408	0.28736504912376404	4
IOMET PHARMA LTD.	Number of employees (Last avail. yr)	19.0	0.2853257358074188	5
A J TEAM PRODUCTS LIMITED	NACE na	True	1.6765127182006836	1
A J TEAM PRODUCTS LIMITED	Capital	0.0	-0.33016660809516907	2
A J TEAM PRODUCTS LIMITED	Non current assets	1.042374121779859	-0.2983643114566803	3
A J TEAM PRODUCTS LIMITED	Tangible fixed assets	1.042374121779859	0.27734798192977905	4
A J TEAM PRODUCTS LIMITED	Of which cash and cash equivalent  (Last avail. yr)	6259.0	0.2700096368789673	5
GALAPAGOS NV.	Quoted Yes	True	-2.545133590698242	1
GALAPAGOS NV.	Of which cash and cash equivalent  (Last avail. yr)	3117573000.0	-0.7842893600463867	2
GALAPAGOS NV.	Tangible fixed assets  (Last avail. yr)	122898000.0	0.7279201745986938	3
GALAPAGOS NV.	Operating revenue  Turnover   (Last avail. yr)	410122000.0	-0.43656352162361145	4
GALAPAGOS NV.	Non current assets	0.5375194055903547	-0.4128192663192749	5
INTYMNA.PL SP ZOO	Consolidation code NF	True	-1.0495538711547852	1
INTYMNA.PL SP ZOO	Capital  (Last avail. yr)	4674.0	0.38511231541633606	2
INTYMNA.PL SP ZOO	NACE na	True	0.373117595911026	3
INTYMNA.PL SP ZOO	Capital	0.0	-0.3450259268283844	4
TOCARIO GMBH	Capital	0.0	-0.33791035413742065	1
TOCARIO GMBH	Current assets	-0.014479097142360734	0.13789063692092896	2
TOCARIO GMBH	Current assets  (Last avail. yr)	362620.634501137	0.13354229927062988	3
SHOPITIZE LTD (FOREIGN CO)	Consolidation code NF	True	-0.3745284676551819	1
SHOPITIZE LTD (FOREIGN CO)	NACE na	True	0.3613632321357727	2
SHOPITIZE LTD (FOREIGN CO)	Capital	0.0	-0.35990434885025024	3
SHOPITIZE LTD (FOREIGN CO)	Operating revenue  Turnover   (Last avail. yr)	106690.3966795545	0.1762586236000061	4
WONDER SWAMP	Current assets  (Last avail. yr)	3067.65722421985	0.3410525321960449	1
WONDER SWAMP	Current liabilities  (Last avail. yr)	14315.733713026	0.3061369061470032	2
WONDER SWAMP	P/L before tax  (Last avail. yr)	-1022.55240807328	-0.27656352519989014	3
WONDER SWAMP	Of which cash and cash equivalent  (Last avail. yr)	1533.82861210993	0.27592733502388	4
HOLIDU GMBH	Capital	0.4939699065050646	0.9293413758277893	1
HOLIDU GMBH	Of which cash and cash equivalent  (Last avail. yr)	78977636.0	-0.8464390635490417	2
HOLIDU GMBH	Number of employees	0.6630434782608695	0.5440769791603088	3
HOLIDU GMBH	Number of employees (Last avail. yr)	459.0	-0.4646626114845276	4
HOLIDU GMBH	Creditors  (Last avail. yr)	3212436.0	-0.4243564009666443	5
TABFOUNDRY S.R.O.	Working capital  (Last avail. yr)	-337000.0	0.332967609167099	1
TABFOUNDRY S.R.O.	Depreciation   Amortization  (Last avail. yr)	600462.1533068474	0.23236407339572906	2
TABFOUNDRY S.R.O.	Net current assets	0.3774298552891028	-0.2203318476676941	3
TABFOUNDRY S.R.O.	Number of employees (Last avail. yr)	27.0	-0.20590637624263763	4
TAILS.COM	Consolidation code NF	True	-0.3745284676551819	1
TAILS.COM	NACE na	True	0.3613632321357727	2
TAILS.COM	Capital	0.0	-0.35990434885025024	3
TAILS.COM	Operating revenue  Turnover   (Last avail. yr)	106690.3966795545	0.1762586236000061	4
THE MEDIA FACTORY LIMITED	Capital	-0.001577017138448743	-1.439018726348877	1
THE MEDIA FACTORY LIMITED	Other shareholders funds	-0.1821102677992571	-0.24456636607646942	2
THE MEDIA FACTORY LIMITED	Tangible fixed assets  (Last avail. yr)	2273.58939223144	-0.23230516910552979	3
THE MEDIA FACTORY LIMITED	Debtors  (Last avail. yr)	0.0	0.20195287466049194	4
THE MEDIA FACTORY LIMITED	Current liabilities	0.2256300048018641	-0.19630290567874908	5
HUBLO	Debtors	4.682047414143084	-0.3948174715042114	1
HUBLO	Capital	0.0	-0.356954962015152	2
HUBLO	Non current assets	0.1129324538359461	-0.24995578825473785	3
HUBLO	Other current liabilities	-0.1009454957992435	-0.2364177256822586	4
OKKAM S.R.L.	Tangible fixed assets  (Last avail. yr)	1473.0	-0.49830690026283264	1
OKKAM S.R.L.	Debtors  (Last avail. yr)	166530.0	-0.47185951471328735	2
OKKAM S.R.L.	Solvency ratio  Asset based	1.111967598641233	-0.45281708240509033	3
OKKAM S.R.L.	Number of employees	-0.2222222222222222	-0.3684668242931366	4
OKKAM S.R.L.	P/L before tax  (Last avail. yr)	3940.0	-0.3239448070526123	5
MOBALOO SOCIEDAD LIMITADA	Shareholders funds	-4.287812170811828	0.2987619936466217	1
MOBALOO SOCIEDAD LIMITADA	P/L for period   Net income	-101.5329984745253	0.29538291692733765	2
MOBALOO SOCIEDAD LIMITADA	P/L before tax	-86.3033895865988	-0.2655309736728668	3
MOBALOO SOCIEDAD LIMITADA	P/L for period   Net income   (Last avail. yr)	-1096621.99	0.24980603158473969	4
CONFERENSUM	Debtors  (Last avail. yr)	242293.5	-0.4540029466152191	1
CONFERENSUM	Capital	0.0	-0.3173658847808838	2
CONFERENSUM	Operating revenue  Turnover   (Last avail. yr)	410000.0	0.2659570574760437	3
CONFERENSUM	Non current assets	0.04544051749075739	-0.2117568850517273	4
ALTERNATIVE VISION OF BUSINESS	Working capital  (Last avail. yr)	-167444.0	0.45768678188323975	1
ALTERNATIVE VISION OF BUSINESS	Other shareholders funds	0.7922325531291373	0.3944793939590454	2
ALTERNATIVE VISION OF BUSINESS	Tangible fixed assets  (Last avail. yr)	1745.0	-0.28336894512176514	3
ALTERNATIVE VISION OF BUSINESS	Operating revenue  Turnover   (Last avail. yr)	9085950.585212905	-0.2434399425983429	4
ALTERNATIVE VISION OF BUSINESS	Other current liabilities	0.8416489444147328	0.2322358936071396	5
SPOTIFY AB	Tangible fixed assets  (Last avail. yr)	84131246.0114796	1.155703067779541	1
SPOTIFY AB	Of which cash and cash equivalent  (Last avail. yr)	1256635133.37928	-0.9034453630447388	2
SPOTIFY AB	Capital	0.002323418675441177	-0.873302161693573	3
SPOTIFY AB	Number of employees (Last avail. yr)	1706.0	-0.7392387986183167	4
SPOTIFY AB	Working capital	-0.2993004720097336	0.3739435076713562	5
OMIXY LTD	Capital	0.0	-0.288943886756897	1
OMIXY LTD	Debtors  (Last avail. yr)	0.0	0.26188206672668457	2
OMIXY LTD	Current assets	-0.014479097142360734	0.18779759109020233	3
OMIXY LTD	Other shareholders funds  (Last avail. yr)	651178.576173553	-0.18135599792003632	4
WEAVEWORKS LTD	Capital	-0.0460949118522607	0.9813629984855652	1
WEAVEWORKS LTD	Number of employees (Last avail. yr)	42.0	-0.5765330791473389	2
WEAVEWORKS LTD	Working capital  (Last avail. yr)	-155132.548431173	0.4847080111503601	3
WEAVEWORKS LTD	Debtors	4.57927225332974	-0.41584312915802	4
WEAVEWORKS LTD	Number of employees	0.07692307692307693	-0.3461691737174988	5
IORGA GROUP SOCIETE PAR ACTIONS SIMPLIFIEE	Consolidation code NF	True	-1.0182303190231323	1
IORGA GROUP SOCIETE PAR ACTIONS SIMPLIFIEE	Capital	0.0	-0.3925921320915222	2
IORGA GROUP SOCIETE PAR ACTIONS SIMPLIFIEE	NACE na	True	0.373117595911026	3
IORGA GROUP SOCIETE PAR ACTIONS SIMPLIFIEE	Other current liabilities	0.0	-0.17583775520324707	4
CUREX.CO SP. Z O.O.	Capital	0.079753146040078	1.1342395544052124	1
CUREX.CO SP. Z O.O.	Debtors  (Last avail. yr)	917396.011652726	-0.6091296076774597	2
CUREX.CO SP. Z O.O.	Non current assets	0.2895337572707242	-0.44775184988975525	3
CUREX.CO SP. Z O.O.	Debtors	0.7812801073423791	-0.4113147258758545	4
NANOBIOTIX	Quoted Yes	True	-2.8076798915863037	1
NANOBIOTIX	Of which cash and cash equivalent  (Last avail. yr)	75283000.0	-1.0716460943222046	2
NANOBIOTIX	Capital	0.3518164435946463	0.9750446677207947	3
NANOBIOTIX	Tangible fixed assets  (Last avail. yr)	6251000.0	0.5219944715499878	4
NANOBIOTIX	Other current assets  (Last avail. yr)	86434000.0	-0.4061427116394043	5
SPARUS SOFTWARE SAS	Consolidation code NF	True	-1.0182303190231323	1
SPARUS SOFTWARE SAS	Capital	0.0	-0.3925921320915222	2
SPARUS SOFTWARE SAS	NACE na	True	0.373117595911026	3
SPARUS SOFTWARE SAS	Other current liabilities	0.0	-0.17583775520324707	4
FLATOUT TECHNOLOGIES GMBH	Non current assets	-1.0	0.7891709208488464	1
FLATOUT TECHNOLOGIES GMBH	Current liabilities  (Last avail. yr)	16216.67	0.53797447681427	2
FLATOUT TECHNOLOGIES GMBH	Of which cash and cash equivalent  (Last avail. yr)	2849.53	0.4229243993759155	3
FLATOUT TECHNOLOGIES GMBH	Other shareholders funds	1.186216661394525	0.3672725558280945	4
FLATOUT TECHNOLOGIES GMBH	Non current assets  (Last avail. yr)	0.0	0.3399210572242737	5
MINDEREST SL	Number of employees (Last avail. yr)	97.0	-0.7839502096176147	1
MINDEREST SL	Of which cash and cash equivalent  (Last avail. yr)	2098661.569	-0.43015047907829285	2
MINDEREST SL	Total assets	0.3485596860522845	-0.3988897204399109	3
MINDEREST SL	Other current liabilities	2.843756612047541	0.3347071707248688	4
MINDEREST SL	Non current assets	2.221482023104822	-0.28928592801094055	5
HOFFMEISTER GMBH	Number of employees (Last avail. yr)	43.0	-0.4212479591369629	1
HOFFMEISTER GMBH	Capital	0.0	-0.3486193120479584	2
HOFFMEISTER GMBH	Of which provisions  (Last avail. yr)	249506.0	0.32468461990356445	3
HOFFMEISTER GMBH	P/L for period   Net income   (Last avail. yr)	-2754635.245	0.230655238032341	4
HOFFMEISTER GMBH	Debtors	0.3750695193278877	-0.22385162115097046	5
FRIENDSCLEAR	Number of employees (Last avail. yr)	70.0	-0.7755408883094788	1
FRIENDSCLEAR	Non current assets  (Last avail. yr)	0.0	0.45674601197242737	2
FRIENDSCLEAR	Non current assets	-1.0	0.4261578917503357	3
FRIENDSCLEAR	Tangible fixed assets  (Last avail. yr)	0.0	-0.4248429238796234	4
FRIENDSCLEAR	Debtors	10.42857142857143	-0.3652081787586212	5
NOVA LIGNUM B.V.	Of which cash and cash equivalent  (Last avail. yr)	588.0	0.5171200633049011	1
NOVA LIGNUM B.V.	Other shareholders funds	0.7128255778591525	0.5008347034454346	2
NOVA LIGNUM B.V.	Intangible assets	0.4927308400348803	0.493530809879303	3
NOVA LIGNUM B.V.	Debtors  (Last avail. yr)	246809.0	-0.44980189204216003	4
NOVA LIGNUM B.V.	P/L before tax  (Last avail. yr)	1533.82861210993	-0.4101734459400177	5
ABTRAN UNLIMITED COMPANY	Number of employees (Last avail. yr)	1488.0	-0.8017807006835938	1
ABTRAN UNLIMITED COMPANY	Tangible fixed assets  (Last avail. yr)	5145575.0	0.5687465071678162	2
ABTRAN UNLIMITED COMPANY	P/L before tax	-1.68762072188999	-0.4573324918746948	3
ABTRAN UNLIMITED COMPANY	Other current assets  (Last avail. yr)	11804921.0	-0.36331266164779663	4
JOINT STOCK COMPANY ERUDITOR GROUP INC	Other current liabilities  (Last avail. yr)	0.0	-0.6589317321777344	1
JOINT STOCK COMPANY ERUDITOR GROUP INC	Current liabilities  (Last avail. yr)	3289.41991363046	0.43835511803627014	2
JOINT STOCK COMPANY ERUDITOR GROUP INC	Of which cash and cash equivalent  (Last avail. yr)	837.49034610837	0.3776739537715912	3
JOINT STOCK COMPANY ERUDITOR GROUP INC	Current assets  (Last avail. yr)	1210.82941606029	0.32380327582359314	4
JOINT STOCK COMPANY ERUDITOR GROUP INC	Capital	0.008356460718575329	-0.2673143148422241	5
EPTECA GMBH	Capital	0.003782304982702572	-1.2030194997787476	1
EPTECA GMBH	Capital  (Last avail. yr)	5986619.6746191	-0.5775018930435181	2
EPTECA GMBH	Other shareholders funds	-0.23004085086562226	-0.1700488030910492	3
IPERCAST NETWORK	Capital	0.1986862398810903	0.7099364399909973	1
IPERCAST NETWORK	Debtors  (Last avail. yr)	769693.0	-0.4806128442287445	2
IPERCAST NETWORK	Non current assets	-0.5666918580299747	0.40637511014938354	3
IPERCAST NETWORK	P/L for period   Net income   (Last avail. yr)	56316.0	-0.3300391137599945	4
IPERCAST NETWORK	Of which cash and cash equivalent  (Last avail. yr)	4072.0	0.31930187344551086	5
DATAMOLINO S. R. O.	Current liabilities	0.5272384815995363	-0.4099655747413635	1
DATAMOLINO S. R. O.	Capital	0.0	-0.30827292799949646	2
DATAMOLINO S. R. O.	Total assets	0.0959023539668701	-0.2721695005893707	3
DATAMOLINO S. R. O.	Working capital  (Last avail. yr)	-3949.0	0.2429216206073761	4
DATAMOLINO S. R. O.	Tangible fixed assets  (Last avail. yr)	0.0	-0.21791352331638336	5
MORNINGCROISSANT	Solvency ratio  Asset based	0.03938918224632521	-0.3186933994293213	1
MORNINGCROISSANT	Tangible fixed assets  (Last avail. yr)	3452.0	-0.2998073399066925	2
MORNINGCROISSANT	Other current liabilities	-0.1717263667723614	-0.24877047538757324	3
MORNINGCROISSANT	Current assets  (Last avail. yr)	1192454.0	-0.23564091324806213	4
MORNINGCROISSANT	Capital	0.0	-0.1950644701719284	5
BASECLICK GMBH	Capital	0.0	-0.3536566197872162	1
BASECLICK GMBH	Of which provisions  (Last avail. yr)	102041.86	0.26586079597473145	2
BASECLICK GMBH	P/L for period   Net income   (Last avail. yr)	-2378873.0521965846	0.21703921258449554	3
BASECLICK GMBH	Operating revenue  Turnover   (Last avail. yr)	6506301.348434435	-0.20420724153518677	4
BASECLICK GMBH	Of which cash and cash equivalent  (Last avail. yr)	60771.97	0.18402975797653198	5
INDIVIDLABS AB	Capital	-0.07959162054313751	1.2300211191177368	1
INDIVIDLABS AB	Other current liabilities	2.000531317029359	0.42956364154815674	2
INDIVIDLABS AB	Non current assets  (Last avail. yr)	0.0	0.39665287733078003	3
INDIVIDLABS AB	Debtors  (Last avail. yr)	0.0	0.37504205107688904	4
INDIVIDLABS AB	Current liabilities  (Last avail. yr)	14655.962716623	0.3215436041355133	5
TRIBER	Of which cash and cash equivalent  (Last avail. yr)	2343.0	0.40691229701042175	1
TRIBER	Solvency ratio  Asset based	2.567078972407232	-0.38465258479118347	2
TRIBER	Other current liabilities	-0.1202502908709101	-0.3038361668586731	3
TRIBER	Current assets	-0.267650283643991	-0.29507869482040405	4
TRIBER	P/L before tax  (Last avail. yr)	-1464.0	-0.29054057598114014	5
HOLLA@ME LIMITED	Capital	-0.1745687134839392	1.4234156608581543	1
HOLLA@ME LIMITED	Non current assets	-0.9998243950034005	0.7028874754905701	2
HOLLA@ME LIMITED	Other current assets  (Last avail. yr)	15.2210525855624	-0.39081424474716187	3
HOLLA@ME LIMITED	Debtors  (Last avail. yr)	0.0	0.3752955198287964	4
HOLLA@ME LIMITED	Other current liabilities  (Last avail. yr)	1735.19999475411	-0.3190833032131195	5
CHIBWE LIMITED	Consolidation code NF	True	-0.3745284676551819	1
CHIBWE LIMITED	NACE na	True	0.3613632321357727	2
CHIBWE LIMITED	Capital	0.0	-0.35990434885025024	3
CHIBWE LIMITED	Operating revenue  Turnover   (Last avail. yr)	106690.3966795545	0.1762586236000061	4
BINCODE ENTERTAINMENT LTD OOD	Non current assets	-1.0	0.4450511336326599	1
BINCODE ENTERTAINMENT LTD OOD	Debtors  (Last avail. yr)	0.0	0.4247506260871887	2
BINCODE ENTERTAINMENT LTD OOD	Other current liabilities  (Last avail. yr)	0.0	-0.3842170834541321	3
BINCODE ENTERTAINMENT LTD OOD	P/L before tax	46.66822515746912	-0.3008061945438385	4
CASENGO B.V.	Current liabilities  (Last avail. yr)	0.0	0.35930341482162476	1
CASENGO B.V.	Non current assets	-0.7058764212065445	0.3032606244087219	2
CASENGO B.V.	Total shareholders  funds and liabilities	-0.9916103045422103	0.2616625726222992	3
CASENGO B.V.	Current assets  (Last avail. yr)	16862.0	0.22580961883068085	4
CASENGO B.V.	Other current assets  (Last avail. yr)	0.0	-0.22125066816806793	5
LOPOLY	NACE na	True	0.9275635480880737	1
LOPOLY	Consolidation code NF	True	-0.7330662608146667	2
LOPOLY	Capital	0.0	-0.39596909284591675	3
LOPOLY	Operating revenue  Turnover   (Last avail. yr)	106690.3966795545	0.20157626271247864	4
LOPOLY	Tangible fixed assets  (Last avail. yr)	2800.121461145825	-0.17260442674160004	5
DIALECTICA S.R.L. IN LIQUIDAZIONE	Other current liabilities  (Last avail. yr)	6079.0	0.6702851057052612	1
DIALECTICA S.R.L. IN LIQUIDAZIONE	Non current assets  (Last avail. yr)	0.0	0.5074584484100342	2
DIALECTICA S.R.L. IN LIQUIDAZIONE	P/L before tax  (Last avail. yr)	1441.0	-0.3806549906730652	3
DIALECTICA S.R.L. IN LIQUIDAZIONE	Number of employees (Last avail. yr)	19.0	0.32345330715179443	4
DIALECTICA S.R.L. IN LIQUIDAZIONE	Debtors  (Last avail. yr)	0.0	0.311989426612854	5
APPSCO INC	Consolidation code NF	True	-1.0460712909698486	1
APPSCO INC	Capital	0.0	-0.3817235827445984	2
APPSCO INC	NACE na	True	0.373117595911026	3
APPSCO INC	Other shareholders funds	-0.04639479905437352	-0.16863684356212616	4
MAG INTERACTIVE AB	Quoted Yes	True	-2.5901715755462646	1
MAG INTERACTIVE AB	Capital	0.04477209127436627	0.66956627368927	2
MAG INTERACTIVE AB	Number of employees (Last avail. yr)	107.0	-0.5978204011917114	3
MAG INTERACTIVE AB	Of which cash and cash equivalent  (Last avail. yr)	10748128.1329123	-0.4698623716831207	4
MAG INTERACTIVE AB	Operating revenue  Turnover   (Last avail. yr)	25144806.2171603	-0.4338682293891907	5
GAPPLESS B.V.	Shareholders funds	-1.830122090023992	0.43871593475341797	1
GAPPLESS B.V.	Of which cash and cash equivalent  (Last avail. yr)	11890.0	0.36364784836769104	2
GAPPLESS B.V.	Debtors  (Last avail. yr)	164327.0	-0.35067227482795715	3
GAPPLESS B.V.	Tangible fixed assets	-0.3711173134059602	-0.3308071494102478	4
GAPPLESS B.V.	Number of employees	0.3333333333333333	-0.31234654784202576	5
STREAMIENCE AB	Capital	-0.03150777737939511	1.1575592756271362	1
STREAMIENCE AB	Number of employees	0.1666666666666667	-0.7109089493751526	2
STREAMIENCE AB	Working capital  (Last avail. yr)	-159570.957156034	0.33644768595695496	3
STREAMIENCE AB	Tangible fixed assets	-0.3756507139020347	-0.2755877673625946	4
STREAMIENCE AB	Other shareholders funds	-0.04618147946048296	-0.26990807056427	5
KITE LONDON LIMITED	Debtors  (Last avail. yr)	281000.0	-0.6074926257133484	1
KITE LONDON LIMITED	Other current liabilities  (Last avail. yr)	7349.81357588688	0.5952067375183105	2
KITE LONDON LIMITED	Current liabilities  (Last avail. yr)	7349.81357588688	0.5405031442642212	3
KITE LONDON LIMITED	Other shareholders funds	0.838919667901145	0.4767521619796753	4
KITE LONDON LIMITED	Current liabilities	0.8251237339070601	-0.3296719193458557	5
CROWDCUBE LIMITED	Consolidation code NF	True	-0.3745284676551819	1
CROWDCUBE LIMITED	NACE na	True	0.3613632321357727	2
CROWDCUBE LIMITED	Capital	0.0	-0.35990434885025024	3
CROWDCUBE LIMITED	Operating revenue  Turnover   (Last avail. yr)	106690.3966795545	0.1762586236000061	4
BANGO PLC	Quoted Yes	True	-3.1015639305114746	1
BANGO PLC	Capital	-0.1964654386305477	1.0059770345687866	2
BANGO PLC	Number of employees (Last avail. yr)	274.0	-0.7055680155754089	3
BANGO PLC	Number of employees	0.46524064171123	-0.4959436357021332	4
BANGO PLC	Of which cash and cash equivalent  (Last avail. yr)	3402713.40503005	-0.4942866265773773	5
TDX LTD	Consolidation code NF	True	-0.3745284676551819	1
TDX LTD	NACE na	True	0.3613632321357727	2
TDX LTD	Capital	0.0	-0.35990434885025024	3
TDX LTD	Operating revenue  Turnover   (Last avail. yr)	106690.3966795545	0.1762586236000061	4
HET SIERAAD B.V.	Debtors  (Last avail. yr)	618172.0	-0.42778459191322327	1
HET SIERAAD B.V.	P/L for period   Net income   (Last avail. yr)	-12710.3090720497	-0.35488200187683105	2
HET SIERAAD B.V.	Capital	0.0	-0.29865768551826477	3
HET SIERAAD B.V.	Tangible fixed assets  (Last avail. yr)	314069.0	0.26943299174308777	4
MUSIC KICKUP OY	Current assets	1.555555555555556	-0.318435400724411	1
MUSIC KICKUP OY	Working capital  (Last avail. yr)	-119815.027512412	0.31805434823036194	2
MUSIC KICKUP OY	Non current assets  (Last avail. yr)	0.0	0.3109518885612488	3
MUSIC KICKUP OY	Non current assets	-1.0	0.3081754148006439	4
MUSIC KICKUP OY	Solvency ratio  Asset based	0.1040811225764987	-0.3014390766620636	5
TALENT GARDEN BRESCIA S.R.L. IN LIQUIDAZIONE	Non current assets	-1.0	0.6997961401939392	1
TALENT GARDEN BRESCIA S.R.L. IN LIQUIDAZIONE	Other shareholders funds  (Last avail. yr)	-56200.0	0.4894993305206299	2
TALENT GARDEN BRESCIA S.R.L. IN LIQUIDAZIONE	Non current assets  (Last avail. yr)	0.0	0.402892529964447	3
TALENT GARDEN BRESCIA S.R.L. IN LIQUIDAZIONE	Shareholders funds	-5.44358949697028	0.39314788579940796	4
TALENT GARDEN BRESCIA S.R.L. IN LIQUIDAZIONE	Debtors  (Last avail. yr)	0.0	0.3520054817199707	5
FLOWLINE LTD	Consolidation code NF	True	-0.3745284676551819	1
FLOWLINE LTD	NACE na	True	0.3613632321357727	2
FLOWLINE LTD	Capital	0.0	-0.35990434885025024	3
FLOWLINE LTD	Operating revenue  Turnover   (Last avail. yr)	106690.3966795545	0.1762586236000061	4
DUALSYSTEMS BIOTECH AG	Capital	0.003782304982702912	-1.0647234916687012	1
DUALSYSTEMS BIOTECH AG	Capital  (Last avail. yr)	1892199.43287068	-0.39385855197906494	2
DUALSYSTEMS BIOTECH AG	Total assets	-0.008401717857041175	0.12571047246456146	3
ASSET2010 AG IN LIQUIDATION	Number of employees (Last avail. yr)	130.0	-1.1405619382858276	1
ASSET2010 AG IN LIQUIDATION	Capital	-0.002821158701179952	0.7608120441436768	2
ASSET2010 AG IN LIQUIDATION	Operating revenue  Turnover   (Last avail. yr)	31727027.2524643	-0.4310382604598999	3
ASSET2010 AG IN LIQUIDATION	P/L before tax	-1.581816117861174	-0.3933444321155548	4
SWIFTKEY LIMITED	Capital	-0.02690205697827688	1.0069537162780762	1
SWIFTKEY LIMITED	Current liabilities  (Last avail. yr)	12422.5059857626	0.40242570638656616	2
SWIFTKEY LIMITED	Number of employees (Last avail. yr)	19.0	0.3901230990886688	3
SWIFTKEY LIMITED	Of which cash and cash equivalent  (Last avail. yr)	246.804754684025	0.3550962209701538	4
SWIFTKEY LIMITED	Current ratio	-0.9720670391061452	0.3406822681427002	5
AQDOT LIMITED	Capital	0.06513360590938097	0.5692903995513916	1
AQDOT LIMITED	Non current assets	0.9003033848230075	-0.44532740116119385	2
AQDOT LIMITED	Debtors  (Last avail. yr)	226137.310255287	-0.42260977625846863	3
AQDOT LIMITED	Of which cash and cash equivalent  (Last avail. yr)	1338542.66830391	-0.39494070410728455	4
AQDOT LIMITED	Intangible assets  (Last avail. yr)	5544523.74352982	-0.3839344382286072	5
LEVICEPT LTD	Capital	0.08726239540149593	1.4194741249084473	1
LEVICEPT LTD	Total assets  (Last avail. yr)	6776568.52730317	-0.3932850658893585	2
LEVICEPT LTD	Non current liabilities  (Last avail. yr)	20609587.4486673	-0.3407398462295532	3
LEVICEPT LTD	Other current assets  (Last avail. yr)	6770998.7043438	-0.24349524080753326	4
LEVICEPT LTD	Current liabilities	2.876375197639123	0.24229677021503448	5
FUSE AS	Other current liabilities  (Last avail. yr)	0.0	-0.6326532959938049	1
FUSE AS	Of which cash and cash equivalent  (Last avail. yr)	1957.66900255635	0.37330299615859985	2
FUSE AS	Non current assets  (Last avail. yr)	0.0	0.36000367999076843	3
FUSE AS	Debtors  (Last avail. yr)	0.0	0.3441573679447174	4
FUSE AS	Current liabilities  (Last avail. yr)	0.0	0.2920866310596466	5
MOBILE PEOPLE A/S	Number of employees (Last avail. yr)	46.0	-0.5338103175163269	1
MOBILE PEOPLE A/S	Of which cash and cash equivalent  (Last avail. yr)	10333.1185617786	0.42998602986335754	2
MOBILE PEOPLE A/S	P/L for period   Net income   (Last avail. yr)	-2385726.7289938	0.3750958740711212	3
MOBILE PEOPLE A/S	Capital	0.0	-0.20039311051368713	4
COUNTRYWIDE HEALTHCARE SUPPLIES LIMITED	Capital	0.02004981095849646	-1.665473461151123	1
COUNTRYWIDE HEALTHCARE SUPPLIES LIMITED	Number of employees	0.2051282051282051	-0.8400468826293945	2
COUNTRYWIDE HEALTHCARE SUPPLIES LIMITED	Tangible fixed assets  (Last avail. yr)	8846427.06184119	0.6328587532043457	3
COUNTRYWIDE HEALTHCARE SUPPLIES LIMITED	Working capital	0.02657168819697067	-0.3870645761489868	4
COUNTRYWIDE HEALTHCARE SUPPLIES LIMITED	Number of employees (Last avail. yr)	141.0	-0.3805174231529236	5
APOGENIX GMBH	Capital	-0.2166636045064418	1.6024343967437744	1
APOGENIX GMBH	Number of employees	-0.1764705882352941	-0.44415178894996643	2
APOGENIX GMBH	Working capital  (Last avail. yr)	-666749.25	0.384082555770874	3
APOGENIX GMBH	Tangible fixed assets  (Last avail. yr)	550553.88	0.36654749512672424	4
APOGENIX GMBH	Of which cash and cash equivalent  (Last avail. yr)	1393187.74	-0.32360658049583435	5
CLOUDALIZE	Capital	0.6889735995722978	0.6784482002258301	1
CLOUDALIZE	Tangible fixed assets  (Last avail. yr)	500748.0	0.48709776997566223	2
CLOUDALIZE	Long term debt  (Last avail. yr)	8708003.0	0.3905322551727295	3
CLOUDALIZE	Of which cash and cash equivalent	9.803947211984307	0.3546919822692871	4
CLOUDALIZE	Other shareholders funds	1.311263898305244	0.312015175819397	5
CLARK GERMANY GMBH	Of which cash and cash equivalent  (Last avail. yr)	3331748.28	-0.8288347721099854	1
CLARK GERMANY GMBH	Number of employees (Last avail. yr)	226.0	-0.7332339286804199	2
CLARK GERMANY GMBH	Of which provisions  (Last avail. yr)	3522639.48	0.27750974893569946	3
CLARK GERMANY GMBH	Capital	0.0	-0.2692219913005829	4
CLARK GERMANY GMBH	Operating revenue  Turnover   (Last avail. yr)	27203875.59	-0.267882764339447	5
NEWVOICEMEDIA LIMITED	Consolidation code NF	True	-0.3745284676551819	1
NEWVOICEMEDIA LIMITED	NACE na	True	0.3613632321357727	2
NEWVOICEMEDIA LIMITED	Capital	0.0	-0.35990434885025024	3
NEWVOICEMEDIA LIMITED	Operating revenue  Turnover   (Last avail. yr)	106690.3966795545	0.1762586236000061	4
MICKSGARAGE	Capital	0.0	-0.3922233581542969	1
MICKSGARAGE	Number of employees (Last avail. yr)	24.0	0.29693466424942017	2
MICKSGARAGE	NACE na	False	-0.1712859570980072	3
MARIZCA LTD	Capital	0.5715052712116884	1.330819010734558	1
MARIZCA LTD	Current liabilities  (Last avail. yr)	398.331167686429	0.4469204843044281	2
MARIZCA LTD	Of which provisions  (Last avail. yr)	420952.55	0.41594845056533813	3
MARIZCA LTD	Tangible fixed assets  (Last avail. yr)	726.652614991608	-0.28748780488967896	4
MARIZCA LTD	Creditors	-0.5714285714285714	-0.274460107088089	5
COURTANET	Capital	0.6666666666666666	0.9019019603729248	1
COURTANET	P/L for period   Net income   (Last avail. yr)	-2355911.0	0.34242403507232666	2
COURTANET	Debtors  (Last avail. yr)	419837.0	-0.3421989977359772	3
COURTANET	Of which cash and cash equivalent  (Last avail. yr)	43727.0	0.3147342801094055	4
COURTANET	Working capital  (Last avail. yr)	-107491.0	0.2956000864505768	5
ANESCO LIMITED	Capital	0.02518454079940969	-0.8839101195335388	1
ANESCO LIMITED	Of which cash and cash equivalent  (Last avail. yr)	8587610.93490493	-0.8759615421295166	2
ANESCO LIMITED	Other current assets  (Last avail. yr)	72113299.1060017	-0.5356571674346924	3
ANESCO LIMITED	Operating revenue  Turnover   (Last avail. yr)	153982012.236956	-0.3466561734676361	4
ANESCO LIMITED	Number of employees (Last avail. yr)	237.0	-0.34301429986953735	5
ALSET WELLEN LTD.	Capital	0.1437780709540385	1.2224119901657104	1
ALSET WELLEN LTD.	Debtors  (Last avail. yr)	325433.392122544	-0.4479822516441345	2
ALSET WELLEN LTD.	Stock  (Last avail. yr)	482110.0	-0.2341914176940918	3
ALSET WELLEN LTD.	Total assets  (Last avail. yr)	7009846.87133044	-0.22656786441802979	4
ALSET WELLEN LTD.	Capital  (Last avail. yr)	14379.2095719532	0.22008992731571198	5
NORDIC TELECOM OY	Solvency ratio  Asset based	0.7382087099424817	-0.3792458772659302	1
NORDIC TELECOM OY	Of which cash and cash equivalent  (Last avail. yr)	27000.0	0.33255812525749207	2
NORDIC TELECOM OY	Other current assets	0.22	-0.3201195001602173	3
NORDIC TELECOM OY	Other shareholders funds	0.7727272727272727	0.3143496811389923	4
NORDIC TELECOM OY	Tangible fixed assets  (Last avail. yr)	1000.0	-0.29218900203704834	5
IZEOS	Debtors  (Last avail. yr)	421194.0	-0.4298790991306305	1
IZEOS	P/L before tax	-1.491141757994883	-0.42412707209587097	2
IZEOS	P/L before tax  (Last avail. yr)	282019.0	-0.3104689121246338	3
IZEOS	Non current liabilities  (Last avail. yr)	501755.0	-0.3101743161678314	4
IZEOS	Shareholders funds	-5.045273863954465	0.27687668800354004	5
SL REALISATIONS (2010) LIMITED	Capital	-0.230299674656347	1.7718055248260498	1
SL REALISATIONS (2010) LIMITED	Other current assets	-0.541342956815767	0.30771636962890625	2
SL REALISATIONS (2010) LIMITED	Other shareholders funds  (Last avail. yr)	-829702.136989671	0.2921518385410309	3
SL REALISATIONS (2010) LIMITED	Shareholders funds	-4.25844021369043	0.2904987037181854	4
SL REALISATIONS (2010) LIMITED	Debtors  (Last avail. yr)	0.0	0.25024548172950745	5
AVAST SOFTWARE S.R.O.	Tangible fixed assets  (Last avail. yr)	392544364.75471	1.1385083198547363	1
AVAST SOFTWARE S.R.O.	Of which cash and cash equivalent  (Last avail. yr)	14973260.2900599	-0.6480988264083862	2
AVAST SOFTWARE S.R.O.	Solvency ratio  Asset based	0.7276467868700879	-0.44945982098579407	3
AVAST SOFTWARE S.R.O.	Operating revenue  Turnover   (Last avail. yr)	474798528.142321	-0.4106138050556183	4
MOE DELO	Number of employees (Last avail. yr)	311.0	-0.6203176379203796	1
MOE DELO	Capital	-0.2430102161725608	-0.569974958896637	2
MOE DELO	P/L before tax	-1.96921714614151	-0.41149768233299255	3
MOE DELO	P/L before tax  (Last avail. yr)	400996.431863768	-0.40481245517730713	4
MOE DELO	P/L for period   Net income   (Last avail. yr)	776.948875305355	-0.30169904232025146	5
BABELVERSE LTD	Capital	0.0902634268380958	1.3091849088668823	1
BABELVERSE LTD	Capital  (Last avail. yr)	1.39321075240125	1.1816874742507935	2
BABELVERSE LTD	Current liabilities  (Last avail. yr)	0.0	0.6449419260025024	3
BABELVERSE LTD	Of which cash and cash equivalent  (Last avail. yr)	1.39321075240125	0.3208796977996826	4
BABELVERSE LTD	Debtors  (Last avail. yr)	0.0	0.30978506803512573	5
ICECAT COMMERCE B.V.	Non current liabilities	2.302135594725392	0.40408235788345337	1
ICECAT COMMERCE B.V.	Debtors  (Last avail. yr)	993580.0	-0.38917669653892517	2
ICECAT COMMERCE B.V.	Solvency ratio  Asset based	0.06367658132530117	-0.34531253576278687	3
ICECAT COMMERCE B.V.	Debtors	1.228097557475131	-0.3320424258708954	4
ICECAT COMMERCE B.V.	P/L for period   Net income   (Last avail. yr)	-3737.3680957894	-0.2707919180393219	5
TALENTBLOK LIMITED	Capital	0.0	-0.3581107258796692	1
TALENTBLOK LIMITED	Tangible fixed assets	-0.1732387036569349	0.1668114811182022	2
TALENTBLOK LIMITED	Current assets  (Last avail. yr)	362620.634501137	0.14832600951194763	3
TALENTBLOK LIMITED	Current assets	-0.014479097142360734	0.1381048858165741	4
BRITE:BILL LIMITED	P/L before tax	8.122281414615843	-0.41938677430152893	1
BRITE:BILL LIMITED	Number of employees	-0.2352941176470588	-0.4161033630371094	2
BRITE:BILL LIMITED	Operating revenue  Turnover   (Last avail. yr)	28977473.0	-0.40522152185440063	3
BRITE:BILL LIMITED	Other current assets  (Last avail. yr)	60841330.0	-0.30201658606529236	4
AXIOMATICS AB	Capital	0.1285152159906981	0.9284277558326721	1
AXIOMATICS AB	Number of employees	0.1333333333333333	-0.725670337677002	2
AXIOMATICS AB	Intangible assets	0.5654103640974848	0.6904780864715576	3
AXIOMATICS AB	Solvency ratio  Asset based	0.8745238989324607	-0.5098946690559387	4
AXIOMATICS AB	Debtors  (Last avail. yr)	620495.404254698	-0.3927783966064453	5
FIDESMO AB	Capital	0.1394834654415567	1.0859925746917725	1
FIDESMO AB	Tangible fixed assets  (Last avail. yr)	0.0	-0.5807871222496033	2
FIDESMO AB	Number of employees	-0.25	-0.5565131902694702	3
FIDESMO AB	Non current liabilities	4.70857634858033	0.2967902421951294	4
FIDESMO AB	Debtors	1.388924186363838	-0.23631565272808075	5
CHECK24 GMBH	Number of employees (Last avail. yr)	130.0	-1.2199937105178833	1
CHECK24 GMBH	Operating revenue  Turnover   (Last avail. yr)	29465451.42123215	-0.38769063353538513	2
CHECK24 GMBH	P/L before tax	-1.581816117861174	-0.38319331407546997	3
CHECK24 GMBH	Of which cash and cash equivalent  (Last avail. yr)	1388521.9947157851	-0.35738083720207214	4
CHECK24 GMBH	Capital	0.0	-0.3140185475349426	5
EZONO AG	Of which provisions  (Last avail. yr)	785058.36	0.47749724984169006	1
EZONO AG	Current liabilities  (Last avail. yr)	6980468.28	-0.30988138914108276	2
EZONO AG	Capital	0.006429901614467922	-0.27266767621040344	3
EZONO AG	Stock  (Last avail. yr)	492175.42	-0.25740742683410645	4
EZONO AG	Debtors	0.598055435688978	-0.2569953203201294	5
HEALTH AND HOME (ESSEX) LIMITED	Number of employees (Last avail. yr)	1857.5	-0.9574460983276367	1
HEALTH AND HOME (ESSEX) LIMITED	Non current assets  (Last avail. yr)	0.0	0.8212486505508423	2
HEALTH AND HOME (ESSEX) LIMITED	Capital	-0.001610875928806384	-0.8185651898384094	3
HEALTH AND HOME (ESSEX) LIMITED	Tangible fixed assets  (Last avail. yr)	18288940.818741944	0.7645844221115112	4
HEALTH AND HOME (ESSEX) LIMITED	Debtors  (Last avail. yr)	678214.099883601	-0.6122298240661621	5
ANTERYON B.V.	Number of employees	0.1830065359477124	-0.8631998896598816	1
ANTERYON B.V.	Of which cash and cash equivalent  (Last avail. yr)	4708638.0	-0.6495797634124756	2
ANTERYON B.V.	Number of employees (Last avail. yr)	181.0	-0.5516690015792847	3
ANTERYON B.V.	Tangible fixed assets  (Last avail. yr)	5363064.0	0.4035853147506714	4
ANTERYON B.V.	Solvency ratio  Asset based	0.1044750400634122	-0.3212592899799347	5
VITAL ENERGI	Consolidation code NF	True	-0.3745284676551819	1
VITAL ENERGI	NACE na	True	0.3613632321357727	2
VITAL ENERGI	Capital	0.0	-0.35990434885025024	3
VITAL ENERGI	Operating revenue  Turnover   (Last avail. yr)	106690.3966795545	0.1762586236000061	4
IMPORTADORA TIERRA NOBLE	Operating revenue  Turnover   (Last avail. yr)	180000.0	0.4625312387943268	1
IMPORTADORA TIERRA NOBLE	Debtors  (Last avail. yr)	281000.0	-0.40636715292930603	2
IMPORTADORA TIERRA NOBLE	Capital	3.279979008134348e-05	-0.2539939284324646	3
IMPORTADORA TIERRA NOBLE	P/L before tax  (Last avail. yr)	0.0	-0.18919068574905396	4
COUCHCOMMERCE GMBH	Other current liabilities  (Last avail. yr)	401.6	-0.3031017482280731	1
COUCHCOMMERCE GMBH	Other shareholders funds  (Last avail. yr)	-28785.45	0.2931566834449768	2
COUCHCOMMERCE GMBH	Capital	0.0	-0.25724688172340393	3
COUCHCOMMERCE GMBH	Number of employees (Last avail. yr)	13.0	0.16606472432613373	4
COUCHCOMMERCE GMBH	Debtors  (Last avail. yr)	0.0	0.1520797163248062	5
VEEBEAM LIMITED	Debtors	79.86882675409386	-0.41863664984703064	1
VEEBEAM LIMITED	Total assets	0.3298224495537729	-0.35164913535118103	2
VEEBEAM LIMITED	Debtors  (Last avail. yr)	156929.313901093	-0.31085702776908875	3
VEEBEAM LIMITED	Tangible fixed assets	-0.630106548496777	-0.2833264470100403	4
VEEBEAM LIMITED	Other shareholders funds	-1.113242647116726	0.2809589207172394	5
CRYOTHERAPEUTICS GMBH	Of which cash and cash equivalent  (Last avail. yr)	13132.82	0.39886894822120667	1
CRYOTHERAPEUTICS GMBH	Total assets	0.1701751671258241	-0.3952121138572693	2
CRYOTHERAPEUTICS GMBH	Woco Yes	True	-0.3800071179866791	3
CRYOTHERAPEUTICS GMBH	Current liabilities  (Last avail. yr)	12175.68	0.339743435382843	4
CRYOTHERAPEUTICS GMBH	Debtors	0.3954269807550669	-0.3382045328617096	5
NEOVACS	Quoted Yes	True	-2.9629383087158203	1
NEOVACS	Capital	1.900826446280992	0.7436338067054749	2
NEOVACS	Tangible fixed assets  (Last avail. yr)	526000.0	0.3379689157009125	3
NEOVACS	Debtors	94.5	-0.32462239265441895	4
NEOVACS	Total assets  (Last avail. yr)	52562000.0	-0.2901657819747925	5
AUTO1 GROUP SE	Quoted Yes	True	-2.6510815620422363	1
AUTO1 GROUP SE	Number of employees (Last avail. yr)	5356.0	-0.7704727649688721	2
AUTO1 GROUP SE	Tangible fixed assets  (Last avail. yr)	118999000.0	0.6930392384529114	3
AUTO1 GROUP SE	Capital	0.002835142734772164	-0.6827012896537781	4
AUTO1 GROUP SE	Of which cash and cash equivalent  (Last avail. yr)	551638000.0	-0.6747760772705078	5
IREX TECHNOLOGIES B.V.	Capital	0.5244728276798247	0.5859857201576233	1
IREX TECHNOLOGIES B.V.	Of which cash and cash equivalent  (Last avail. yr)	2189.0	0.44140905141830444	2
IREX TECHNOLOGIES B.V.	Intangible assets  (Last avail. yr)	2372188.0	-0.32863786816596985	3
IREX TECHNOLOGIES B.V.	Debtors  (Last avail. yr)	1399086.0	-0.2894291877746582	4
IREX TECHNOLOGIES B.V.	Tangible fixed assets	0.7575401959899297	0.27873092889785767	5
OTT FILM 1 LIMITED	Capital	0.07658307212930063	0.8563063144683838	1
OTT FILM 1 LIMITED	Tangible fixed assets  (Last avail. yr)	827856.190825203	0.5209391713142395	2
OTT FILM 1 LIMITED	Other shareholders funds	6.036229475873607	0.4739345610141754	3
OTT FILM 1 LIMITED	Number of employees (Last avail. yr)	99.0	-0.4362005293369293	4
OTT FILM 1 LIMITED	Shareholders funds	-1.381983416068344	0.318036288022995	5
FLUIT BIOSYSTEMS GMBH	Capital	2.260416666666667	1.6059173345565796	1
FLUIT BIOSYSTEMS GMBH	Current liabilities  (Last avail. yr)	0.0	0.47130584716796875	2
FLUIT BIOSYSTEMS GMBH	Of which cash and cash equivalent	9.79194607217206	0.26631906628608704	3
FLUIT BIOSYSTEMS GMBH	Number of employees	0.4	-0.24944627285003662	4
FLUIT BIOSYSTEMS GMBH	Non current assets	0.7412773849542135	-0.20960867404937744	5
20LINES S.R.L. IN LIQUIDAZIONE	Shareholders funds	-1.024182880851237	0.34439265727996826	1
20LINES S.R.L. IN LIQUIDAZIONE	Working capital  (Last avail. yr)	-8214.0	0.32980239391326904	2
20LINES S.R.L. IN LIQUIDAZIONE	Current liabilities  (Last avail. yr)	8665.0	0.3291248083114624	3
20LINES S.R.L. IN LIQUIDAZIONE	Of which cash and cash equivalent  (Last avail. yr)	5901.0	0.32423901557922363	4
20LINES S.R.L. IN LIQUIDAZIONE	Total shareholders  funds and liabilities	-0.8947294921714558	0.3027971088886261	5
VICIS NEW INVESTMENTS S.A.	Capital	0.07975314604007834	1.2826769351959229	1
VICIS NEW INVESTMENTS S.A.	Of which provisions  (Last avail. yr)	2535085.54435899	0.37347328662872314	2
VICIS NEW INVESTMENTS S.A.	Of which cash and cash equivalent	651.3868508374165	0.35248085856437683	3
VICIS NEW INVESTMENTS S.A.	Tangible fixed assets  (Last avail. yr)	0.0	-0.33883190155029297	4
ALLEGRO RETAIL A.S.	Tangible fixed assets  (Last avail. yr)	11404464.9057414	0.9196116328239441	1
ALLEGRO RETAIL A.S.	Of which cash and cash equivalent  (Last avail. yr)	22794127.2745903	-0.6847773194313049	2
ALLEGRO RETAIL A.S.	Capital	-0.02439900641331291	0.5629069209098816	3
ALLEGRO RETAIL A.S.	Number of employees (Last avail. yr)	706.0	-0.4845747649669647	4
ALLEGRO RETAIL A.S.	Other current assets  (Last avail. yr)	46516486.8557959	-0.4800253212451935	5
AKARI THERAPEUTICS PLC	Quoted Yes	True	-3.2986814975738525	1
AKARI THERAPEUTICS PLC	Capital	0.717726230581985	1.0047551393508911	2
AKARI THERAPEUTICS PLC	Number of employees	0.2	-0.7310634851455688	3
AKARI THERAPEUTICS PLC	Total assets  (Last avail. yr)	5042531.67362431	-0.39436012506484985	4
AKARI THERAPEUTICS PLC	Of which cash and cash equivalent  (Last avail. yr)	3479636.44743099	-0.2814156115055084	5
GLOBALREADER OU	P/L before tax  (Last avail. yr)	85994.0	-0.337248831987381	1
GLOBALREADER OU	Number of employees (Last avail. yr)	20.0	0.31384363770484924	2
GLOBALREADER OU	P/L for period   Net income   (Last avail. yr)	85994.0	-0.29263120889663696	3
GLOBALREADER OU	Capital	0.0	-0.2765469253063202	4
GLOBALREADER OU	Number of employees	0.05263157894736842	-0.24457457661628723	5
LOCALGUIDING UG (HAFTUNGSBESCHRAENKT)	Capital  (Last avail. yr)	0.0	-0.7789884209632874	1
LOCALGUIDING UG (HAFTUNGSBESCHRAENKT)	Debtors  (Last avail. yr)	281000.0	-0.4790284335613251	2
LOCALGUIDING UG (HAFTUNGSBESCHRAENKT)	Capital	3.279979008134348e-05	-0.30796292424201965	3
LOCALGUIDING UG (HAFTUNGSBESCHRAENKT)	Other current liabilities	-0.05250705571334797	-0.23191070556640625	4
SLICETHEPIE LIMITED	Number of employees	0.2857142857142857	-0.4750697612762451	1
SLICETHEPIE LIMITED	Capital	0.03568201312755939	0.433737576007843	2
SLICETHEPIE LIMITED	Working capital  (Last avail. yr)	-117769.284171658	0.42742979526519775	3
SLICETHEPIE LIMITED	Other shareholders funds	-0.1188754236351802	-0.27378520369529724	4
SLICETHEPIE LIMITED	Debtors	1.484288996683563	-0.26202312111854553	5
ARCTIC SILICON DEVICES AS	Consolidation code NF	True	-1.0460712909698486	1
ARCTIC SILICON DEVICES AS	Capital	0.0	-0.3817235827445984	2
ARCTIC SILICON DEVICES AS	NACE na	True	0.373117595911026	3
ARCTIC SILICON DEVICES AS	Other shareholders funds	-0.04639479905437352	-0.16863684356212616	4
MONEYSOFT LIMITED	Capital	0.02518454079940522	-1.2197492122650146	1
MONEYSOFT LIMITED	Of which cash and cash equivalent  (Last avail. yr)	20013320.5365604	-0.6677193641662598	2
MONEYSOFT LIMITED	Total assets	0.1441770264257949	-0.2799837291240692	3
MONEYSOFT LIMITED	Other current assets  (Last avail. yr)	24177148.7034451	-0.18779675662517548	4
MONEYSOFT LIMITED	Tangible fixed assets  (Last avail. yr)	258440.307018849	0.17145825922489166	5
COMPUTER ROCK GMBH	Total assets	0.08429550422655054	-0.4432333707809448	1
COMPUTER ROCK GMBH	Number of employees	-0.4615384615384616	-0.38630422949790955	2
COMPUTER ROCK GMBH	Other current liabilities	3.452776459420978	0.30245351791381836	3
COMPUTER ROCK GMBH	Capital	0.0	-0.28933918476104736	4
COMPUTER ROCK GMBH	Other current assets	0.2779914842245216	-0.2369215190410614	5
TRAXPAY GMBH	Number of employees (Last avail. yr)	41.0	-0.4569861590862274	1
TRAXPAY GMBH	Number of employees	0.05128205128205128	-0.35152676701545715	2
TRAXPAY GMBH	Capital	0.0	-0.30261602997779846	3
TRAXPAY GMBH	Tangible fixed assets	-0.442007722007722	-0.282638818025589	4
TRAXPAY GMBH	Other current liabilities	-0.3682799597442447	-0.2356165200471878	5
X5 GROUP AB	Capital	-0.05490352274857369	1.2639333009719849	1
X5 GROUP AB	Of which cash and cash equivalent  (Last avail. yr)	5109378.9636911	-0.9725927114486694	2
X5 GROUP AB	Operating revenue  Turnover   (Last avail. yr)	23732199.9071778	-0.48615485429763794	3
X5 GROUP AB	P/L before tax  (Last avail. yr)	3243437.65081912	-0.4268646538257599	4
X5 GROUP AB	Other shareholders funds	0.517219436074762	0.3671380877494812	5
VEAM VIDEO B.V.	Current liabilities  (Last avail. yr)	0.0	0.5871778726577759	1
VEAM VIDEO B.V.	Of which provisions  (Last avail. yr)	194294.17	0.341056764125824	2
VEAM VIDEO B.V.	Non current assets  (Last avail. yr)	0.0	0.33344411849975586	3
VEAM VIDEO B.V.	Number of employees (Last avail. yr)	31.0	-0.2786366045475006	4
VEAM VIDEO B.V.	Current assets  (Last avail. yr)	11836.0	0.24039320647716522	5
JAM	P/L before tax	-3.81277250577071	-0.5450456738471985	1
JAM	P/L before tax  (Last avail. yr)	21934.0	-0.5164984464645386	2
JAM	Number of employees	-0.1683168316831683	-0.3651919364929199	3
JAM	Other shareholders funds  (Last avail. yr)	-42503.0	0.3408963978290558	4
JAM	Capital	0.0	-0.25908219814300537	5
DICE	Consolidation code LF	True	-0.7811524868011475	1
DICE	Number of employees (Last avail. yr)	70.0	-0.646356463432312	2
DICE	P/L before tax		-0.5235897898674011	3
DICE	P/L for period   Net income   (Last avail. yr)	864449.0	-0.3934902846813202	4
MITODYS LIMITED	Of which cash and cash equivalent  (Last avail. yr)	5363793.0	-0.8002913594245911	1
MITODYS LIMITED	Capital	0.0	-0.30687421560287476	2
MITODYS LIMITED	Total assets  (Last avail. yr)	24956000.0	-0.27014705538749695	3
MITODYS LIMITED	Number of employees (Last avail. yr)	22.0	0.25579166412353516	4
CABEO SOCIETA' A RESPONSABILITA' LIMITATA	Other current liabilities  (Last avail. yr)	6955.0	0.6463776230812073	1
CABEO SOCIETA' A RESPONSABILITA' LIMITATA	Current liabilities  (Last avail. yr)	6955.0	0.4151867926120758	2
CABEO SOCIETA' A RESPONSABILITA' LIMITATA	Debtors  (Last avail. yr)	0.0	0.3103739321231842	3
CABEO SOCIETA' A RESPONSABILITA' LIMITATA	Current assets  (Last avail. yr)	517.0	0.2950904071331024	4
CABEO SOCIETA' A RESPONSABILITA' LIMITATA	P/L before tax  (Last avail. yr)	-310.0	-0.2738586664199829	5
SYNQ AS	Capital	0.08976192841215676	1.1672106981277466	1
SYNQ AS	Other shareholders funds	0.529040321902071	0.48552921414375305	2
SYNQ AS	Tangible fixed assets  (Last avail. yr)	912.459559670494	-0.3754979968070984	3
SYNQ AS	Other shareholders funds  (Last avail. yr)	-1372440.56213994	0.3236910402774811	4
SYNQ AS	Shareholders funds	-1.190236548670522	0.31571435928344727	5
CINT AB	Capital	0.002323418675441961	-0.8060964345932007	1
CINT AB	Of which cash and cash equivalent  (Last avail. yr)	4729283.49072906	-0.6176475286483765	2
CINT AB	Operating revenue  Turnover   (Last avail. yr)	128246621.736808	-0.46895915269851685	3
CINT AB	Number of employees (Last avail. yr)	52.0	-0.4398268461227417	4
CINT AB	P/L before tax	-1.489840269666564	-0.37403810024261475	5
MULTISENSE B.V.	Debtors	3.781811934486313	-0.4148086607456207	1
MULTISENSE B.V.	Other current assets  (Last avail. yr)	0.0	-0.31190499663352966	2
MULTISENSE B.V.	Total assets	2.866866050389705	-0.2750844955444336	3
MULTISENSE B.V.	Total assets  (Last avail. yr)	42667.0	0.27174094319343567	4
MULTISENSE B.V.	Capital	0.0	-0.233291894197464	5
MOVELLAS LTD	Capital  (Last avail. yr)	0.0	-1.175608515739441	1
MOVELLAS LTD	Non current assets	-1.0	0.8374667763710022	2
MOVELLAS LTD	Capital	-1.0	0.526695728302002	3
MOVELLAS LTD	Number of employees (Last avail. yr)	19.0	0.42368370294570923	4
MOVELLAS LTD	Current assets	-0.425081842261036	-0.3209015727043152	5
EWISE (SWITZERLAND) SARL EN LIQUIDATION	Operating revenue  Turnover   (Last avail. yr)	595897.0	0.21312879025936127	1
EWISE (SWITZERLAND) SARL EN LIQUIDATION	Capital  (Last avail. yr)	46239.7855766489	0.1957361102104187	2
EWISE (SWITZERLAND) SARL EN LIQUIDATION	Consolidation code LF	True	0.19051629304885864	3
EWISE (SWITZERLAND) SARL EN LIQUIDATION	Current assets  (Last avail. yr)	1192454.0	-0.17642220854759216	4
APPERIO LIMITED	Capital	0.1222967179215285	1.0015255212783813	1
APPERIO LIMITED	Other shareholders funds	3.042163755316948	0.5092347860336304	2
APPERIO LIMITED	P/L before tax		-0.4927036762237549	3
APPERIO LIMITED	Solvency ratio  Asset based		0.30865103006362915	4
APPERIO LIMITED	Shareholders funds	3.109879484577515	-0.2933398485183716	5
3D BY FLOW	Debtors  (Last avail. yr)	325433.392122544	-0.3744325339794159	1
3D BY FLOW	Capital	0.0	-0.24458251893520355	2
3D BY FLOW	Stock  (Last avail. yr)	482110.0	-0.18960829079151154	3
TELEFONICA SA	Quoted Yes	True	-2.9155142307281494	1
TELEFONICA SA	Of which cash and cash equivalent  (Last avail. yr)	7476000000.0	-0.8402428030967712	2
TELEFONICA SA	Number of employees (Last avail. yr)	104142.0	-0.7172667384147644	3
TELEFONICA SA	Tangible fixed assets  (Last avail. yr)	31392000000.0	0.6469446420669556	4
TELEFONICA SA	Capital	-0.004329004329004329	0.554590106010437	5
BONDORA AS	Of which cash and cash equivalent  (Last avail. yr)	9804739.0	-0.6131290793418884	1
BONDORA AS	Operating revenue  Turnover   (Last avail. yr)	43554216.0	-0.4171859622001648	2
BONDORA AS	Current liabilities  (Last avail. yr)	9201307.0	-0.3819822669029236	3
BONDORA AS	Number of employees (Last avail. yr)	36.0	-0.3490597903728485	4
BONDORA AS	P/L for period   Net income   (Last avail. yr)	57588.0	-0.3244915008544922	5
OPERA AS	Capital	-0.1113355772328385	0.9369776844978333	1
OPERA AS	Non current assets  (Last avail. yr)	0.0	0.6270822286605835	2
OPERA AS	Non current assets	-1.0	0.4431929290294647	3
OPERA AS	Current liabilities  (Last avail. yr)	0.0	0.40052399039268494	4
OPERA AS	Other current liabilities  (Last avail. yr)	0.0	-0.34702637791633606	5
VEARSA LIMITED	Capital	0.1665204678362573	0.5975139141082764	1
VEARSA LIMITED	Working capital  (Last avail. yr)	-219140.0	0.3990512788295746	2
VEARSA LIMITED	Debtors  (Last avail. yr)	239875.0	-0.3659719228744507	3
VEARSA LIMITED	Debtors	0.8014178538439009	-0.31671175360679626	4
YOOCHOOSE GMBH	Capital	0.0	-0.330894410610199	1
YOOCHOOSE GMBH	Current assets	-0.014479097142360734	0.13890519738197327	2
YOOCHOOSE GMBH	Capital  (Last avail. yr)	25000.0	0.13307571411132812	3
TOURIST EYE SL	Consolidation code NF	True	-0.6099609136581421	1
TOURIST EYE SL	Capital	0.0	-0.38970890641212463	2
TOURIST EYE SL	Current assets  (Last avail. yr)	362620.634501137	0.14511457085609436	3
STAMP IT LTD	Capital  (Last avail. yr)	0.0	-1.2615885734558105	1
STAMP IT LTD	Capital	0.0045147513931828465	-0.6041797995567322	2
STAMP IT LTD	Operating revenue  Turnover   (Last avail. yr)	338463.742979049	0.3629663288593292	3
STAMP IT LTD	Non current assets	0.01611118980830259	-0.29841774702072144	4
STAMP IT LTD	Other shareholders funds	-0.13877544497150876	-0.26054784655570984	5
THE KENDAL GROUP LIMITED	Operating revenue  Turnover   (Last avail. yr)	375857.002220045	0.36087316274642944	1
THE KENDAL GROUP LIMITED	Capital	0.0221053090834793	-0.30955326557159424	2
THE KENDAL GROUP LIMITED	Tangible fixed assets  (Last avail. yr)	0.0	-0.2914336323738098	3
THE KENDAL GROUP LIMITED	Total assets	0.1277194452402877	-0.24017351865768433	4
THE KENDAL GROUP LIMITED	Other current liabilities  (Last avail. yr)	0.0	-0.23846903443336487	5
CONTROLLED POWER TECHNOLOGIES LTD.	Consolidation code NF	True	-0.3745284676551819	1
CONTROLLED POWER TECHNOLOGIES LTD.	NACE na	True	0.3613632321357727	2
CONTROLLED POWER TECHNOLOGIES LTD.	Capital	0.0	-0.35990434885025024	3
CONTROLLED POWER TECHNOLOGIES LTD.	Operating revenue  Turnover   (Last avail. yr)	106690.3966795545	0.1762586236000061	4
NEXWAVE-SOLUTIONS	Of which cash and cash equivalent  (Last avail. yr)	1116605.0	-0.4745798707008362	1
NEXWAVE-SOLUTIONS	Number of employees	0.1724137931034483	-0.4279068112373352	2
NEXWAVE-SOLUTIONS	Current liabilities  (Last avail. yr)	8246518.0	-0.3112013339996338	3
NEXWAVE-SOLUTIONS	Working capital	-4.653489544743558	0.3091898560523987	4
CRYPTOSENSE	Operating revenue  Turnover   (Last avail. yr)	184182.0	0.5213932991027832	1
CRYPTOSENSE	Non current assets	6.071754332623898	-0.45489948987960815	2
CRYPTOSENSE	Other current liabilities	2.596153846153846	0.40207505226135254	3
CRYPTOSENSE	Debtors	1.085	-0.2737714350223541	4
CRYPTOSENSE	Capital	0.0	-0.2694110870361328	5
MIRACL LIMITED	Capital	-0.03844381994980732	0.8650190830230713	1
MIRACL LIMITED	Current liabilities  (Last avail. yr)	0.0	0.6583642959594727	2
MIRACL LIMITED	Solvency ratio  Asset based	0.3900086180534321	-0.5338811874389648	3
MIRACL LIMITED	Of which cash and cash equivalent  (Last avail. yr)	1382386.17236279	-0.48249849677085876	4
MIRACL LIMITED	Tangible fixed assets  (Last avail. yr)	0.0	-0.41312694549560547	5
TRACEWAVE GMBH	Debtors  (Last avail. yr)	325433.392122544	-0.3581797480583191	1
TRACEWAVE GMBH	Capital	0.0	-0.24374064803123474	2
TRACEWAVE GMBH	Stock  (Last avail. yr)	482110.0	-0.18698738515377045	3
TRACEWAVE GMBH	Total assets  (Last avail. yr)	7009846.87133044	-0.18577159941196442	4
TALENTSOFT	Of which cash and cash equivalent  (Last avail. yr)	22422000.0	-0.7044379711151123	1
TALENTSOFT	Number of employees (Last avail. yr)	587.0	-0.48409658670425415	2
TALENTSOFT	Other current assets  (Last avail. yr)	33412000.0	-0.46756789088249207	3
TALENTSOFT	Operating revenue  Turnover   (Last avail. yr)	92327000.0	-0.38441208004951477	4
INGE WATERTECHNOLOGIES AG	Of which provisions  (Last avail. yr)	203500.0	0.4281126856803894	1
INGE WATERTECHNOLOGIES AG	Other non current assets  (Last avail. yr)	8402671.97	-0.3335438668727875	2
INGE WATERTECHNOLOGIES AG	Total assets  (Last avail. yr)	10614678.43	-0.22807677090168	3
INGE WATERTECHNOLOGIES AG	Current assets  (Last avail. yr)	2202863.46	-0.22644639015197754	4
INGE WATERTECHNOLOGIES AG	Capital  (Last avail. yr)	6875697.0	0.1934300661087036	5
DEP-XPLORA APS	Capital	-0.001415601977285963	-1.4861042499542236	1
DEP-XPLORA APS	Other shareholders funds  (Last avail. yr)	-55474.2757136013	0.42524462938308716	2
DEP-XPLORA APS	Solvency ratio  Asset based	1.562481219145739	-0.40364235639572144	3
DEP-XPLORA APS	Other current liabilities	-0.07700565601088118	-0.35636407136917114	4
DEP-XPLORA APS	Other shareholders funds	0.8329571394816889	0.3532384932041168	5
LUXOFT	Consolidation code NF	True	-1.0614019632339478	1
LUXOFT	Capital	0.0	-0.39992380142211914	2
LUXOFT	NACE na	True	0.373117595911026	3
LUXOFT	Operating revenue  Turnover   (Last avail. yr)	106690.3966795545	0.17388854920864105	4
INTELLIGENT FLUIDS GMBH	Capital	0.9383576080669176	1.2799876928329468	1
INTELLIGENT FLUIDS GMBH	Of which cash and cash equivalent  (Last avail. yr)	6006289.41	-0.6402361989021301	2
INTELLIGENT FLUIDS GMBH	Number of employees	0.2380952380952381	-0.6019629836082458	3
INTELLIGENT FLUIDS GMBH	Solvency ratio  Asset based	0.4488779215941893	-0.46264997124671936	4
INTELLIGENT FLUIDS GMBH	Of which cash and cash equivalent	21.60418531362511	0.43935921788215637	5
YOUR ENERGY LTD	Consolidation code NF	True	0.46976611018180847	1
YOUR ENERGY LTD	Operating revenue  Turnover   (Last avail. yr)	338463.742979049	0.34837302565574646	2
YOUR ENERGY LTD	Non current assets	0.01611118980830259	-0.31166452169418335	3
YOUR ENERGY LTD	Other shareholders funds	-0.13877544497150876	-0.16535606980323792	4
MEN ROCK LIMITED	Capital	-0.04247244282220321	0.73719722032547	1
MEN ROCK LIMITED	Debtors	0.1732240543755596	-0.43115100264549255	2
MEN ROCK LIMITED	Solvency ratio  Asset based	0.3623277812050175	-0.4263914227485657	3
MEN ROCK LIMITED	Other shareholders funds	1.37997229624178	0.4149700999259949	4
MEN ROCK LIMITED	Of which cash and cash equivalent  (Last avail. yr)	23251.016998275	0.32940414547920227	5
BAUNAT GROUP	Of which cash and cash equivalent  (Last avail. yr)	2853531.0	-0.618276834487915	1
BAUNAT GROUP	Capital	0.128	0.6090382933616638	2
BAUNAT GROUP	Total assets  (Last avail. yr)	9669057.0	-0.3073650896549225	3
BAUNAT GROUP	Tangible fixed assets  (Last avail. yr)	453791.0	0.2799086272716522	4
BAUNAT GROUP	Total assets	0.157960220007552	-0.25728029012680054	5
TALENT CLUE	Consolidation code NF	True	-0.6412738561630249	1
TALENT CLUE	Debtors  (Last avail. yr)	242293.5	-0.48716026544570923	2
TALENT CLUE	Capital	0.0	-0.34595686197280884	3
TALENT CLUE	Number of employees (Last avail. yr)	19.0	0.2744307816028595	4
LYYN AB	Capital	0.1379033980131863	1.0060173273086548	1
LYYN AB	Current liabilities  (Last avail. yr)	13878.9095505045	0.5593698024749756	2
LYYN AB	Number of employees (Last avail. yr)	18.0	0.36399227380752563	3
LYYN AB	Solvency ratio  Asset based	1.091401520324093	-0.3585382401943207	4
LYYN AB	P/L before tax	-4.467634049457975	-0.3055734932422638	5
FRENZI LIMITED	P/L before tax  (Last avail. yr)	-1961.5	-0.3963289260864258	1
FRENZI LIMITED	Capital	0.0	-0.3703405261039734	2
FRENZI LIMITED	Other current assets	0.1570422325913157	-0.25926706194877625	3
FRENZI LIMITED	Number of employees (Last avail. yr)	7.0	-0.17165707051753998	4
JASCHA STOCKHOLM AB	Capital	0.09665849380441927	1.2260167598724365	1
JASCHA STOCKHOLM AB	Debtors	1.150843896483511	-0.4996725022792816	2
JASCHA STOCKHOLM AB	Of which cash and cash equivalent  (Last avail. yr)	22407.5849543619	0.44170746207237244	3
JASCHA STOCKHOLM AB	Debtors  (Last avail. yr)	457851.952314234	-0.41569414734840393	4
JASCHA STOCKHOLM AB	P/L before tax	2.912403275194144	0.340958833694458	5
AKELLA	Capital	-0.136392486878639	1.5892441272735596	1
AKELLA	Number of employees (Last avail. yr)	79.0	-1.0761477947235107	2
AKELLA	Non current assets  (Last avail. yr)	58.530947621264	0.313366174697876	3
AKELLA	Debtors  (Last avail. yr)	0.0	0.2548554837703705	4
AKELLA	Debtors	-0.28759991876400676	0.19035841524600983	5
ETORO	Number of employees (Last avail. yr)	70.0	-0.851442813873291	1
ETORO	Consolidation code NF	True	-0.4458464980125427	2
ETORO	Operating revenue  Turnover   (Last avail. yr)	29465451.42123215	-0.40334779024124146	3
ETORO	P/L before tax	-1.581816117861174	-0.38274505734443665	4
ETORO	Capital	0.0	-0.3470006585121155	5
CITEL TECHNOLOGIES LIMITED	Of which provisions  (Last avail. yr)	194294.17	0.42007818818092346	1
CITEL TECHNOLOGIES LIMITED	Capital	0.0	-0.30355414748191833	2
CITEL TECHNOLOGIES LIMITED	NACE 61	True	0.22245024144649506	3
CITEL TECHNOLOGIES LIMITED	Number of employees (Last avail. yr)	31.0	-0.20758448541164398	4
HADRIAN ELECTRICAL ENGINEERING LTD	Capital	0.08774134561770151	1.560775637626648	1
HADRIAN ELECTRICAL ENGINEERING LTD	Number of employees (Last avail. yr)	300.0	-1.0646306276321411	2
HADRIAN ELECTRICAL ENGINEERING LTD	Number of employees	0.13206666409474946	-0.4922649562358856	3
HADRIAN ELECTRICAL ENGINEERING LTD	Of which cash and cash equivalent  (Last avail. yr)	864.211645160469	0.436909943819046	4
HADRIAN ELECTRICAL ENGINEERING LTD	Non current liabilities	-0.6071912560581983	-0.3588361442089081	5
FYBER GMBH	Number of employees (Last avail. yr)	200.0	-1.734123945236206	1
FYBER GMBH	Number of employees	0.5267175572519084	-0.45989400148391724	2
FYBER GMBH	Capital	0.0	-0.354917973279953	3
FYBER GMBH	Tangible fixed assets  (Last avail. yr)	11466.1005151094	-0.21413962543010712	4
ITSCOLLECTED LIMITED	Capital	0.01863731197532162	-1.7815767526626587	1
ITSCOLLECTED LIMITED	Number of employees (Last avail. yr)	77.0	-0.8903711438179016	2
ITSCOLLECTED LIMITED	Intangible assets	8.587363128119925	0.6638593673706055	3
ITSCOLLECTED LIMITED	Of which provisions  (Last avail. yr)	781417.386381184	0.369804322719574	4
ITSCOLLECTED LIMITED	Total assets  (Last avail. yr)	19891.6162246445	0.36439117789268494	5
MARVIN TECHNOLOGIES LTD	Capital		-0.8355335593223572	1
MARVIN TECHNOLOGIES LTD	Consolidation code NF	True	0.6308997869491577	2
MARVIN TECHNOLOGIES LTD	Number of employees (Last avail. yr)		0.4342581033706665	3
MARVIN TECHNOLOGIES LTD	P/L before tax		-0.32508933544158936	4
SOFTWAREONE AG	Capital	0.003782304982704851	-0.8994278907775879	1
SOFTWAREONE AG	Number of employees (Last avail. yr)	75.0	-0.7648801803588867	2
SOFTWAREONE AG	Debtors  (Last avail. yr)	281000.0	-0.27382567524909973	3
SOFTWAREONE AG	Operating revenue  Turnover   (Last avail. yr)	542928.5011100225	0.222797691822052	4
FEELIGO	Capital	0.0	-0.31606924533843994	1
FEELIGO	Creditors  (Last avail. yr)	2349.0	-0.30237334966659546	2
FEELIGO	Tangible fixed assets  (Last avail. yr)	3544.0	-0.2103954702615738	3
FEELIGO	Depreciation   Amortization  (Last avail. yr)	2210.0	-0.20177102088928223	4
FEELIGO	Debtors  (Last avail. yr)	0.0	0.18745069205760956	5
FLISOM AG IN LIQUIDATION	Capital  (Last avail. yr)	0.0	-0.7563426494598389	1
FLISOM AG IN LIQUIDATION	P/L for period   Net income   (Last avail. yr)	-16034770.2675392	0.40442654490470886	2
FLISOM AG IN LIQUIDATION	Tangible fixed assets  (Last avail. yr)	5123997.60253289	0.3986916244029999	3
FLISOM AG IN LIQUIDATION	Of which cash and cash equivalent  (Last avail. yr)	241523.117405487	0.3451650142669678	4
FLISOM AG IN LIQUIDATION	Other shareholders funds	0.34517635836038296	0.32463565468788147	5
LETSDECCO SL.	Non current assets	3.228692677340562	-0.5354484915733337	1
LETSDECCO SL.	Other shareholders funds  (Last avail. yr)	-24576.52	0.43822935223579407	2
LETSDECCO SL.	Debtors	5.876409289477564	-0.3515361249446869	3
LETSDECCO SL.	Depreciation   Amortization  (Last avail. yr)	2278.96	-0.3286343812942505	4
TRILLION FUND LIMITED	Capital  (Last avail. yr)	0.0	-1.0689005851745605	1
TRILLION FUND LIMITED	Current liabilities  (Last avail. yr)	0.0	0.45827993750572205	2
TRILLION FUND LIMITED	Capital	0.008356460718575329	-0.3977905213832855	3
TRILLION FUND LIMITED	Number of employees (Last avail. yr)	19.5	0.3836035132408142	4
TRILLION FUND LIMITED	Tangible fixed assets  (Last avail. yr)	449.0318052574795	-0.35326310992240906	5
NATURALPAD	Capital	-0.8895259415873805	0.5702476501464844	1
NATURALPAD	Debtors  (Last avail. yr)	175330.0	-0.4797423779964447	2
NATURALPAD	Of which cash and cash equivalent  (Last avail. yr)	7500.0	0.4533163905143738	3
NATURALPAD	P/L before tax  (Last avail. yr)	325813.0	-0.4139137864112854	4
NATURALPAD	Current liabilities	0.8961154074955384	-0.37234121561050415	5
INFOHUBBLE B.V.	Other shareholders funds	4.79130482951398	0.47525477409362793	1
INFOHUBBLE B.V.	Non current assets	1.164161970361094	-0.38339781761169434	2
INFOHUBBLE B.V.	Debtors	1.816565134453265	-0.33774057030677795	3
INFOHUBBLE B.V.	Tangible fixed assets	1.164161970361094	0.25177863240242004	4
INFOHUBBLE B.V.	Capital	0.0	-0.2229386568069458	5
MYLEARNADFRIEND LIMITED	Capital  (Last avail. yr)	0.0	-0.9204357862472534	1
MYLEARNADFRIEND LIMITED	Non current liabilities  (Last avail. yr)	88081.2365102259	-0.3515576720237732	2
MYLEARNADFRIEND LIMITED	Other current assets  (Last avail. yr)	62.9694822359174	-0.2857939302921295	3
MYLEARNADFRIEND LIMITED	Current assets	-0.6303351855991195	-0.24612542986869812	4
MYLEARNADFRIEND LIMITED	Non current assets	0.01459665304964318	-0.24461422860622406	5
I-DRILLS APPS LIMITED	Capital	0.0452764791903166	1.370505690574646	1
I-DRILLS APPS LIMITED	Other current liabilities  (Last avail. yr)	8384.01862474245	0.5614016056060791	2
I-DRILLS APPS LIMITED	Current liabilities  (Last avail. yr)	8384.01862474245	0.5413109064102173	3
I-DRILLS APPS LIMITED	Of which cash and cash equivalent  (Last avail. yr)	347.426783273662	0.487389475107193	4
I-DRILLS APPS LIMITED	Current assets  (Last avail. yr)	12132.9414145265	0.43290188908576965	5
TAGEOS	Tangible fixed assets	7.145359305942053	0.3899528980255127	1
TAGEOS	P/L before tax	7.086064110801742	-0.3229398727416992	2
TAGEOS	Number of employees (Last avail. yr)	24.0	0.27227577567100525	3
TAGEOS	Capital	0.0	-0.25682204961776733	4
TAGEOS	Non current assets	0.2128482299577693	-0.18469402194023132	5
CHAMELIC LIMITED	Capital	0.09395651787913771	1.5302473306655884	1
CHAMELIC LIMITED	Other current liabilities  (Last avail. yr)	6478.60746981301	0.5223608016967773	2
CHAMELIC LIMITED	Debtors  (Last avail. yr)	0.0	0.3254178464412689	3
CHAMELIC LIMITED	Current liabilities  (Last avail. yr)	6478.60746981301	0.3236837387084961	4
CHAMELIC LIMITED	Of which provisions  (Last avail. yr)	83946.745	0.3085225224494934	5
ROAMLER B.V.	Number of employees (Last avail. yr)	177.0	-0.7196320295333862	1
ROAMLER B.V.	Of which cash and cash equivalent  (Last avail. yr)	1553350.0	-0.44715285301208496	2
ROAMLER B.V.	Intangible assets  (Last avail. yr)	1943906.0	-0.32742372155189514	3
ROAMLER B.V.	Tangible fixed assets	-0.5228096559917202	-0.29229477047920227	4
ROAMLER B.V.	Shareholders funds	-1.673255556537849	0.269188791513443	5
BELLCO S.R.L.	Number of employees (Last avail. yr)	508.0	-0.6402373909950256	1
BELLCO S.R.L.	Tangible fixed assets  (Last avail. yr)	22105340.0	0.6288974285125732	2
BELLCO S.R.L.	Of which cash and cash equivalent  (Last avail. yr)	8866710.0	-0.4661876857280731	3
BELLCO S.R.L.	Other current assets  (Last avail. yr)	74334498.0	-0.34231802821159363	4
BELLCO S.R.L.	Other shareholders funds  (Last avail. yr)	126915162.0	-0.3418920040130615	5
COGNITO HRM LIMITED	Capital	3.161467889908257	1.1392080783843994	1
COGNITO HRM LIMITED	Non current liabilities	-1.0	-0.31962478160858154	2
COGNITO HRM LIMITED	Other shareholders funds  (Last avail. yr)	-90397.0	0.28772228956222534	3
COGNITO HRM LIMITED	Other current assets	1.844277292132547	-0.26963359117507935	4
URTURN SA EN LIQUIDATION	Capital	0.1118117685104931	1.474427342414856	1
URTURN SA EN LIQUIDATION	Number of employees (Last avail. yr)	35.0	-0.5277552604675293	2
URTURN SA EN LIQUIDATION	Capital  (Last avail. yr)	268393.873576389	0.2198779284954071	3
URTURN SA EN LIQUIDATION	Current assets	-0.014479097142360734	0.16758932173252106	4
URTURN SA EN LIQUIDATION	Tangible fixed assets  (Last avail. yr)	11466.1005151094	-0.13485801219940186	5
DEALMARKET AG	Capital	-0.08439231066892984	1.8817176818847656	1
DEALMARKET AG	Capital  (Last avail. yr)	1410645.99072766	-0.2221274971961975	2
DEALMARKET AG	Other shareholders funds	-0.23004085086562226	-0.18061023950576782	3
INEWIT	Other shareholders funds	1.337105834510804	0.6558579802513123	1
INEWIT	Non current liabilities	4.63013698630137	0.40256640315055847	2
INEWIT	Current liabilities	2.519461271178623	0.37195077538490295	3
INEWIT	Of which cash and cash equivalent  (Last avail. yr)	23955.0	0.35189875960350037	4
INEWIT	P/L for period   Net income   (Last avail. yr)	-1939940.0	0.2965196669101715	5
"""CLOUDO S. R. O. """"V LIKVIDACII"""""""	Other current liabilities	-1.0	0.5084339380264282	1
"""CLOUDO S. R. O. """"V LIKVIDACII"""""""	Non current assets  (Last avail. yr)	0.0	0.490541934967041	2
"""CLOUDO S. R. O. """"V LIKVIDACII"""""""	Current liabilities  (Last avail. yr)	0.0	0.4294930696487427	3
"""CLOUDO S. R. O. """"V LIKVIDACII"""""""	P/L before tax  (Last avail. yr)	11367.0	-0.30802881717681885	4
"""CLOUDO S. R. O. """"V LIKVIDACII"""""""	Capital	0.0	-0.26437658071517944	5
SPORTID MTU	Consolidation code NF	True	-1.0057299137115479	1
SPORTID MTU	NACE na	True	0.4436778426170349	2
SPORTID MTU	Capital	0.0	-0.39682963490486145	3
SPORTID MTU	Other shareholders funds	-0.04639479905437352	-0.16863684356212616	4
SOL DE ESPANA, SA OFICINA DE REPRESENTACION EN	Consolidation code NF	True	-0.7393155097961426	1
SOL DE ESPANA, SA OFICINA DE REPRESENTACION EN	Capital	0.0	-0.3824983835220337	2
SOL DE ESPANA, SA OFICINA DE REPRESENTACION EN	Current liabilities	0.1400517080517778	-0.22224058210849762	3
OH BIBI	Of which cash and cash equivalent  (Last avail. yr)	5044131.0	-0.9733653664588928	1
OH BIBI	Other current liabilities	6.87588569762356	0.37971991300582886	2
OH BIBI	Non current assets	3.955636827369871	-0.35019323229789734	3
OH BIBI	Tangible fixed assets  (Last avail. yr)	603766.0	0.3099867105484009	4
OH BIBI	Debtors	2.765814839676575	-0.29906320571899414	5
KRIYA FINANCE LIMITED	Capital	0.09525667756874968	1.0574183464050293	1
KRIYA FINANCE LIMITED	Of which cash and cash equivalent  (Last avail. yr)	28671259.6265704	-0.758243203163147	2
KRIYA FINANCE LIMITED	Number of employees (Last avail. yr)	90.0	-0.4728791415691376	3
KRIYA FINANCE LIMITED	Other current liabilities	3.72226957514892	0.41910696029663086	4
KRIYA FINANCE LIMITED	Other current assets  (Last avail. yr)	57428990.3479019	-0.33418411016464233	5
REVOLUT LTD	Number of employees (Last avail. yr)	4534.0	-1.3899112939834595	1
REVOLUT LTD	Tangible fixed assets  (Last avail. yr)	449.0318052574795	-0.5244326591491699	2
REVOLUT LTD	Operating revenue  Turnover   (Last avail. yr)	1364405468.07435	-0.4646880030632019	3
REVOLUT LTD	Capital	0.008356460718575329	-0.44780054688453674	4
REVOLUT LTD	Solvency ratio  Asset based	0.1106371392267198	-0.3407161831855774	5
CAMPANJA AB	Capital	-0.00955375760638066	0.9148057699203491	1
CAMPANJA AB	Non current assets  (Last avail. yr)	0.0	0.5629636645317078	2
CAMPANJA AB	Total shareholders  funds and liabilities	-0.6509856098232006	0.34392648935317993	3
CAMPANJA AB	Number of employees (Last avail. yr)	13.0	0.3154733180999756	4
CAMPANJA AB	Current liabilities	-0.7467275485157713	0.31354397535324097	5
FUELUP B.V.	Non current assets  (Last avail. yr)	0.0	0.3146405816078186	1
FUELUP B.V.	Current ratio (Last avail. yr)	0.004	0.27312734723091125	2
FUELUP B.V.	Current assets  (Last avail. yr)	1263.0	0.2244795262813568	3
FUELUP B.V.	Other current assets  (Last avail. yr)	0.0	-0.20961150527000427	4
